Copyright 1986-2022 Xilinx, Inc. All Rights Reserved. Copyright 2022-2025 Advanced Micro Devices, Inc. All Rights Reserved.
------------------------------------------------------------------------------------------------------------------------------------------------------------------------------------------------------------------------------------------------
| Tool Version : Vivado v.2025.2 (lin64) Build 6299465 Fri Nov 14 12:34:56 MST 2025
| Date         : Sat Sep 19 17:46:38 2026
| Host         : johan2-Yoga-7-15ITL5 running 64-bit Ubuntu 22.04.5 LTS
| Command      : report_timing_summary -max_paths 10 -routable_nets -report_unconstrained -file bd_0_wrapper_timing_summary_routed.rpt -pb bd_0_wrapper_timing_summary_routed.pb -rpx bd_0_wrapper_timing_summary_routed.rpx -warn_on_violation
| Design       : bd_0_wrapper
| Device       : 7z020-clg484
| Speed File   : -1  PRODUCTION 1.12 2019-11-22
| Design State : Routed
------------------------------------------------------------------------------------------------------------------------------------------------------------------------------------------------------------------------------------------------

Timing Summary Report

------------------------------------------------------------------------------------------------
| Timer Settings
| --------------
------------------------------------------------------------------------------------------------

  Enable Multi Corner Analysis               :  Yes
  Enable Pessimism Removal                   :  Yes
  Pessimism Removal Resolution               :  Nearest Common Node
  Enable Input Delay Default Clock           :  No
  Enable Preset / Clear Arcs                 :  No
  Disable Flight Delays                      :  No
  Ignore I/O Paths                           :  No
  Timing Early Launch at Borrowing Latches   :  No
  Borrow Time for Max Delay Exceptions       :  Yes
  Merge Timing Exceptions                    :  Yes
  Inter-SLR Compensation                     :  Conservative

  Corner  Analyze    Analyze    
  Name    Max Paths  Min Paths  
  ------  ---------  ---------  
  Slow    Yes        Yes        
  Fast    Yes        Yes        


------------------------------------------------------------------------------------------------
| Report Methodology
| ------------------
------------------------------------------------------------------------------------------------

Rule       Severity  Description                    Violations  
---------  --------  -----------------------------  ----------  
TIMING-16  Warning   Large setup violation          128         
TIMING-18  Warning   Missing input or output delay  400         

Note: This report is based on the most recent report_methodology run and may not be up-to-date. Run report_methodology on the current design for the latest report.



check_timing report

Table of Contents
-----------------
1. checking no_clock (0)
2. checking constant_clock (0)
3. checking pulse_width_clock (0)
4. checking unconstrained_internal_endpoints (0)
5. checking no_input_delay (173)
6. checking no_output_delay (211)
7. checking multiple_clock (0)
8. checking generated_clocks (0)
9. checking loops (0)
10. checking partial_input_delay (0)
11. checking partial_output_delay (0)
12. checking latch_loops (0)

1. checking no_clock (0)
------------------------
 There are 0 register/latch pins with no clock.


2. checking constant_clock (0)
------------------------------
 There are 0 register/latch pins with constant_clock.


3. checking pulse_width_clock (0)
---------------------------------
 There are 0 register/latch pins which need pulse_width check


4. checking unconstrained_internal_endpoints (0)
------------------------------------------------
 There are 0 pins that are not constrained for maximum delay.

 There are 0 pins that are not constrained for maximum delay due to constant clock.


5. checking no_input_delay (173)
--------------------------------
 There are 173 input ports with no input delay specified. (HIGH)

 There are 0 input ports with no input delay but user has a false path constraint.


6. checking no_output_delay (211)
---------------------------------
 There are 211 ports with no output delay specified. (HIGH)

 There are 0 ports with no output delay but user has a false path constraint

 There are 0 ports with no output delay but with a timing clock defined on it or propagating through it


7. checking multiple_clock (0)
------------------------------
 There are 0 register/latch pins with multiple clocks.


8. checking generated_clocks (0)
--------------------------------
 There are 0 generated clocks that are not connected to a clock source.


9. checking loops (0)
---------------------
 There are 0 combinational loops in the design.


10. checking partial_input_delay (0)
------------------------------------
 There are 0 input ports with partial input delay specified.


11. checking partial_output_delay (0)
-------------------------------------
 There are 0 ports with partial output delay specified.


12. checking latch_loops (0)
----------------------------
 There are 0 combinational latch loops in the design through latch input



------------------------------------------------------------------------------------------------
| Design Timing Summary
| ---------------------
------------------------------------------------------------------------------------------------

    WNS(ns)      TNS(ns)  TNS Failing Endpoints  TNS Total Endpoints      WHS(ns)      THS(ns)  THS Failing Endpoints  THS Total Endpoints     WPWS(ns)     TPWS(ns)  TPWS Failing Endpoints  TPWS Total Endpoints  
    -------      -------  ---------------------  -------------------      -------      -------  ---------------------  -------------------     --------     --------  ----------------------  --------------------  
     -9.557    -1138.766                    128                 7007        0.070        0.000                      0                 7007        4.020        0.000                       0                  3323  


Timing constraints are not met.


------------------------------------------------------------------------------------------------
| Clock Summary
| -------------
------------------------------------------------------------------------------------------------

Clock   Waveform(ns)       Period(ns)      Frequency(MHz)
-----   ------------       ----------      --------------
ap_clk  {0.000 5.000}      10.000          100.000         


------------------------------------------------------------------------------------------------
| Intra Clock Table
| -----------------
------------------------------------------------------------------------------------------------

Clock             WNS(ns)      TNS(ns)  TNS Failing Endpoints  TNS Total Endpoints      WHS(ns)      THS(ns)  THS Failing Endpoints  THS Total Endpoints     WPWS(ns)     TPWS(ns)  TPWS Failing Endpoints  TPWS Total Endpoints  
-----             -------      -------  ---------------------  -------------------      -------      -------  ---------------------  -------------------     --------     --------  ----------------------  --------------------  
ap_clk             -9.557    -1138.766                    128                 7007        0.070        0.000                      0                 7007        4.020        0.000                       0                  3323  


------------------------------------------------------------------------------------------------
| Inter Clock Table
| -----------------
------------------------------------------------------------------------------------------------

From Clock    To Clock          WNS(ns)      TNS(ns)  TNS Failing Endpoints  TNS Total Endpoints      WHS(ns)      THS(ns)  THS Failing Endpoints  THS Total Endpoints  
----------    --------          -------      -------  ---------------------  -------------------      -------      -------  ---------------------  -------------------  


------------------------------------------------------------------------------------------------
| Other Path Groups Table
| -----------------------
------------------------------------------------------------------------------------------------

Path Group    From Clock    To Clock          WNS(ns)      TNS(ns)  TNS Failing Endpoints  TNS Total Endpoints      WHS(ns)      THS(ns)  THS Failing Endpoints  THS Total Endpoints  
----------    ----------    --------          -------      -------  ---------------------  -------------------      -------      -------  ---------------------  -------------------  


------------------------------------------------------------------------------------------------
| User Ignored Path Table
| -----------------------
------------------------------------------------------------------------------------------------

Path Group    From Clock    To Clock    
----------    ----------    --------    


------------------------------------------------------------------------------------------------
| Unconstrained Path Table
| ------------------------
------------------------------------------------------------------------------------------------

Path Group    From Clock    To Clock    
----------    ----------    --------    
(none)        ap_clk                      
(none)                      ap_clk        


------------------------------------------------------------------------------------------------
| Timing Details
| --------------
------------------------------------------------------------------------------------------------


---------------------------------------------------------------------------------------------------
From Clock:  ap_clk
  To Clock:  ap_clk

Setup :          128  Failing Endpoints,  Worst Slack       -9.557ns,  Total Violation    -1138.765ns
Hold  :            0  Failing Endpoints,  Worst Slack        0.070ns,  Total Violation        0.000ns
PW    :            0  Failing Endpoints,  Worst Slack        4.020ns,  Total Violation        0.000ns
---------------------------------------------------------------------------------------------------


Max Delay Paths
--------------------------------------------------------------------------------------
Slack (VIOLATED) :        -9.557ns  (required time - arrival time)
  Source:                 bd_0_i/hls_inst/inst/fadd_32ns_32ns_32_2_full_dsp_1_U2/din0_buf1_reg[24]/C
                            (rising edge-triggered cell FDRE clocked by ap_clk  {rise@0.000ns fall@5.000ns period=10.000ns})
  Destination:            bd_0_i/hls_inst/inst/acc_I_fu_98_reg[16]/D
                            (rising edge-triggered cell FDRE clocked by ap_clk  {rise@0.000ns fall@5.000ns period=10.000ns})
  Path Group:             ap_clk
  Path Type:              Setup (Max at Slow Process Corner)
  Requirement:            10.000ns  (ap_clk rise@10.000ns - ap_clk rise@0.000ns)
  Data Path Delay:        19.433ns  (logic 12.484ns (64.240%)  route 6.949ns (35.760%))
  Logic Levels:           10  (CARRY4=2 DSP48E1=2 LUT2=1 LUT3=1 LUT5=2 LUT6=2)
  Clock Path Skew:        -0.049ns (DCD - SCD + CPR)
    Destination Clock Delay (DCD):    0.924ns = ( 10.924 - 10.000 ) 
    Source Clock Delay      (SCD):    0.973ns
    Clock Pessimism Removal (CPR):    0.000ns
  Clock Uncertainty:      0.035ns  ((TSJ^2 + TIJ^2)^1/2 + DJ) / 2 + PE
    Total System Jitter     (TSJ):    0.071ns
    Total Input Jitter      (TIJ):    0.000ns
    Discrete Jitter          (DJ):    0.000ns
    Phase Error              (PE):    0.000ns

    Location             Delay type                Incr(ns)  Path(ns)    Netlist Resource(s)
  -------------------------------------------------------------------    -------------------
                         (clock ap_clk rise edge)     0.000     0.000 r  
                                                      0.000     0.000 r  ap_clk (IN)
                         net (fo=3327, unset)         0.973     0.973    bd_0_i/hls_inst/inst/fadd_32ns_32ns_32_2_full_dsp_1_U2/ap_clk
    SLICE_X34Y28         FDRE                                         r  bd_0_i/hls_inst/inst/fadd_32ns_32ns_32_2_full_dsp_1_U2/din0_buf1_reg[24]/C
  -------------------------------------------------------------------    -------------------
    SLICE_X34Y28         FDRE (Prop_fdre_C_Q)         0.518     1.491 r  bd_0_i/hls_inst/inst/fadd_32ns_32ns_32_2_full_dsp_1_U2/din0_buf1_reg[24]/Q
                         net (fo=6, routed)           0.598     2.089    bd_0_wrapper/bd_0/bd_0_hls_inst_0/bd_0_hls_inst_0_gnss_correlator/bd_0_hls_inst_0_gnss_correlator_fadd_32ns_32ns_32_2_full_dsp_1/bd_0_hls_inst_0_gnss_correlator_fadd_32ns_32ns_32_2_full_dsp_1_ip/<hidden>/<hidden>/<hidden>/<hidden>/<hidden>
    SLICE_X35Y28         LUT2 (Prop_lut2_I1_O)        0.150     2.239 r  bd_0_wrapper/bd_0/bd_0_hls_inst_0/bd_0_hls_inst_0_gnss_correlator/bd_0_hls_inst_0_gnss_correlator_fadd_32ns_32ns_32_2_full_dsp_1/bd_0_hls_inst_0_gnss_correlator_fadd_32ns_32ns_32_2_full_dsp_1_ip/<hidden>/<hidden>/<hidden>/<hidden>/<hidden>
                         net (fo=1, routed)           0.307     2.545    bd_0_wrapper/bd_0/bd_0_hls_inst_0/bd_0_hls_inst_0_gnss_correlator/bd_0_hls_inst_0_gnss_correlator_fadd_32ns_32ns_32_2_full_dsp_1/bd_0_hls_inst_0_gnss_correlator_fadd_32ns_32ns_32_2_full_dsp_1_ip/<hidden>/<hidden>/<hidden>/<hidden>/<hidden>/<hidden>
    SLICE_X34Y29         CARRY4 (Prop_carry4_S[1]_O[3])
                                                      0.975     3.520 r  bd_0_wrapper/bd_0/bd_0_hls_inst_0/bd_0_hls_inst_0_gnss_correlator/bd_0_hls_inst_0_gnss_correlator_fadd_32ns_32ns_32_2_full_dsp_1/bd_0_hls_inst_0_gnss_correlator_fadd_32ns_32ns_32_2_full_dsp_1_ip/<hidden>/<hidden>/<hidden>/<hidden>/<hidden>/<hidden>
                         net (fo=20, routed)          1.061     4.582    bd_0_wrapper/bd_0/bd_0_hls_inst_0/bd_0_hls_inst_0_gnss_correlator/bd_0_hls_inst_0_gnss_correlator_fadd_32ns_32ns_32_2_full_dsp_1/bd_0_hls_inst_0_gnss_correlator_fadd_32ns_32ns_32_2_full_dsp_1_ip/<hidden>/<hidden>/<hidden>/<hidden>/<hidden>/<hidden>
    SLICE_X37Y29         LUT6 (Prop_lut6_I1_O)        0.307     4.889 r  bd_0_wrapper/bd_0/bd_0_hls_inst_0/bd_0_hls_inst_0_gnss_correlator/bd_0_hls_inst_0_gnss_correlator_fadd_32ns_32ns_32_2_full_dsp_1/bd_0_hls_inst_0_gnss_correlator_fadd_32ns_32ns_32_2_full_dsp_1_ip/<hidden>/<hidden>/<hidden>/<hidden>/<hidden>/<hidden>
                         net (fo=2, routed)           0.723     5.612    bd_0_wrapper/bd_0/bd_0_hls_inst_0/bd_0_hls_inst_0_gnss_correlator/bd_0_hls_inst_0_gnss_correlator_fadd_32ns_32ns_32_2_full_dsp_1/bd_0_hls_inst_0_gnss_correlator_fadd_32ns_32ns_32_2_full_dsp_1_ip/<hidden>/<hidden>/<hidden>/<hidden>/<hidden>/<hidden>
    DSP48_X2Y12          DSP48E1 (Prop_dsp48e1_INMODE[2]_PATTERNDETECT)
                                                      5.849    11.461 r  bd_0_wrapper/bd_0/bd_0_hls_inst_0/bd_0_hls_inst_0_gnss_correlator/bd_0_hls_inst_0_gnss_correlator_fadd_32ns_32ns_32_2_full_dsp_1/bd_0_hls_inst_0_gnss_correlator_fadd_32ns_32ns_32_2_full_dsp_1_ip/<hidden>/<hidden>/<hidden>/<hidden>/<hidden>/<hidden>
                         net (fo=54, routed)          0.875    12.336    bd_0_wrapper/bd_0/bd_0_hls_inst_0/bd_0_hls_inst_0_gnss_correlator/bd_0_hls_inst_0_gnss_correlator_fadd_32ns_32ns_32_2_full_dsp_1/bd_0_hls_inst_0_gnss_correlator_fadd_32ns_32ns_32_2_full_dsp_1_ip/<hidden>/<hidden>/<hidden>/<hidden>/<hidden>/<hidden>
    SLICE_X36Y31         LUT5 (Prop_lut5_I3_O)        0.124    12.460 r  bd_0_wrapper/bd_0/bd_0_hls_inst_0/bd_0_hls_inst_0_gnss_correlator/bd_0_hls_inst_0_gnss_correlator_fadd_32ns_32ns_32_2_full_dsp_1/bd_0_hls_inst_0_gnss_correlator_fadd_32ns_32ns_32_2_full_dsp_1_ip/<hidden>/<hidden>/<hidden>/<hidden>/<hidden>/<hidden>
                         net (fo=1, routed)           0.000    12.460    bd_0_wrapper/bd_0/bd_0_hls_inst_0/bd_0_hls_inst_0_gnss_correlator/bd_0_hls_inst_0_gnss_correlator_fadd_32ns_32ns_32_2_full_dsp_1/bd_0_hls_inst_0_gnss_correlator_fadd_32ns_32ns_32_2_full_dsp_1_ip/<hidden>/<hidden>/<hidden>/<hidden>/<hidden>/<hidden>
    SLICE_X36Y31         CARRY4 (Prop_carry4_S[1]_CO[3])
                                                      0.533    12.993 f  bd_0_wrapper/bd_0/bd_0_hls_inst_0/bd_0_hls_inst_0_gnss_correlator/bd_0_hls_inst_0_gnss_correlator_fadd_32ns_32ns_32_2_full_dsp_1/bd_0_hls_inst_0_gnss_correlator_fadd_32ns_32ns_32_2_full_dsp_1_ip/<hidden>/<hidden>/<hidden>/<hidden>/<hidden>/<hidden>
                         net (fo=12, routed)          1.222    14.215    bd_0_wrapper/bd_0/bd_0_hls_inst_0/bd_0_hls_inst_0_gnss_correlator/bd_0_hls_inst_0_gnss_correlator_fadd_32ns_32ns_32_2_full_dsp_1/bd_0_hls_inst_0_gnss_correlator_fadd_32ns_32ns_32_2_full_dsp_1_ip/<hidden>/<hidden>/<hidden>/<hidden>/<hidden>/<hidden>
    SLICE_X35Y31         LUT5 (Prop_lut5_I0_O)        0.124    14.339 r  bd_0_wrapper/bd_0/bd_0_hls_inst_0/bd_0_hls_inst_0_gnss_correlator/bd_0_hls_inst_0_gnss_correlator_fadd_32ns_32ns_32_2_full_dsp_1/bd_0_hls_inst_0_gnss_correlator_fadd_32ns_32ns_32_2_full_dsp_1_ip/<hidden>/<hidden>/<hidden>/<hidden>/<hidden>/<hidden>
                         net (fo=1, routed)           0.567    14.905    bd_0_wrapper/bd_0/bd_0_hls_inst_0/bd_0_hls_inst_0_gnss_correlator/bd_0_hls_inst_0_gnss_correlator_fadd_32ns_32ns_32_2_full_dsp_1/bd_0_hls_inst_0_gnss_correlator_fadd_32ns_32ns_32_2_full_dsp_1_ip/<hidden>/<hidden>/<hidden>/<hidden>/<hidden>/<hidden>
    DSP48_X2Y13          DSP48E1 (Prop_dsp48e1_B[6]_P[18])
                                                      3.656    18.561 r  bd_0_wrapper/bd_0/bd_0_hls_inst_0/bd_0_hls_inst_0_gnss_correlator/bd_0_hls_inst_0_gnss_correlator_fadd_32ns_32ns_32_2_full_dsp_1/bd_0_hls_inst_0_gnss_correlator_fadd_32ns_32ns_32_2_full_dsp_1_ip/<hidden>/<hidden>/<hidden>/<hidden>/<hidden>/<hidden>
                         net (fo=1, routed)           0.815    19.377    bd_0_wrapper/bd_0/bd_0_hls_inst_0/bd_0_hls_inst_0_gnss_correlator/bd_0_hls_inst_0_gnss_correlator_fadd_32ns_32ns_32_2_full_dsp_1/bd_0_hls_inst_0_gnss_correlator_fadd_32ns_32ns_32_2_full_dsp_1_ip/<hidden>/<hidden>/<hidden>/<hidden>/<hidden>/<hidden>
    SLICE_X36Y34         LUT6 (Prop_lut6_I0_O)        0.124    19.501 r  bd_0_wrapper/bd_0/bd_0_hls_inst_0/bd_0_hls_inst_0_gnss_correlator/bd_0_hls_inst_0_gnss_correlator_fadd_32ns_32ns_32_2_full_dsp_1/bd_0_hls_inst_0_gnss_correlator_fadd_32ns_32ns_32_2_full_dsp_1_ip/<hidden>/<hidden>/<hidden>/<hidden>/<hidden>/<hidden>
                         net (fo=3, routed)           0.450    19.951    bd_0_i/hls_inst/inst/fadd_32ns_32ns_32_2_full_dsp_1_U2/r_tdata[16]
    SLICE_X40Y34         LUT3 (Prop_lut3_I0_O)        0.124    20.075 r  bd_0_i/hls_inst/inst/fadd_32ns_32ns_32_2_full_dsp_1_U2/acc_I_fu_98[16]_i_1/O
                         net (fo=2, routed)           0.331    20.406    bd_0_i/hls_inst/inst/grp_fu_182_p2[16]
    SLICE_X41Y35         FDRE                                         r  bd_0_i/hls_inst/inst/acc_I_fu_98_reg[16]/D
  -------------------------------------------------------------------    -------------------

                         (clock ap_clk rise edge)    10.000    10.000 r  
                                                      0.000    10.000 r  ap_clk (IN)
                         net (fo=3327, unset)         0.924    10.924    bd_0_i/hls_inst/inst/ap_clk
    SLICE_X41Y35         FDRE                                         r  bd_0_i/hls_inst/inst/acc_I_fu_98_reg[16]/C
                         clock pessimism              0.000    10.924    
                         clock uncertainty           -0.035    10.889    
    SLICE_X41Y35         FDRE (Setup_fdre_C_D)       -0.040    10.849    bd_0_i/hls_inst/inst/acc_I_fu_98_reg[16]
  -------------------------------------------------------------------
                         required time                         10.849    
                         arrival time                         -20.406    
  -------------------------------------------------------------------
                         slack                                 -9.557    

Slack (VIOLATED) :        -9.514ns  (required time - arrival time)
  Source:                 bd_0_i/hls_inst/inst/fadd_32ns_32ns_32_2_full_dsp_1_U2/din0_buf1_reg[24]/C
                            (rising edge-triggered cell FDRE clocked by ap_clk  {rise@0.000ns fall@5.000ns period=10.000ns})
  Destination:            bd_0_i/hls_inst/inst/acc_Q_fu_102_reg[25]/D
                            (rising edge-triggered cell FDRE clocked by ap_clk  {rise@0.000ns fall@5.000ns period=10.000ns})
  Path Group:             ap_clk
  Path Type:              Setup (Max at Slow Process Corner)
  Requirement:            10.000ns  (ap_clk rise@10.000ns - ap_clk rise@0.000ns)
  Data Path Delay:        19.390ns  (logic 12.484ns (64.384%)  route 6.906ns (35.616%))
  Logic Levels:           10  (CARRY4=2 DSP48E1=2 LUT2=1 LUT3=1 LUT5=2 LUT6=2)
  Clock Path Skew:        -0.049ns (DCD - SCD + CPR)
    Destination Clock Delay (DCD):    0.924ns = ( 10.924 - 10.000 ) 
    Source Clock Delay      (SCD):    0.973ns
    Clock Pessimism Removal (CPR):    0.000ns
  Clock Uncertainty:      0.035ns  ((TSJ^2 + TIJ^2)^1/2 + DJ) / 2 + PE
    Total System Jitter     (TSJ):    0.071ns
    Total Input Jitter      (TIJ):    0.000ns
    Discrete Jitter          (DJ):    0.000ns
    Phase Error              (PE):    0.000ns

    Location             Delay type                Incr(ns)  Path(ns)    Netlist Resource(s)
  -------------------------------------------------------------------    -------------------
                         (clock ap_clk rise edge)     0.000     0.000 r  
                                                      0.000     0.000 r  ap_clk (IN)
                         net (fo=3327, unset)         0.973     0.973    bd_0_i/hls_inst/inst/fadd_32ns_32ns_32_2_full_dsp_1_U2/ap_clk
    SLICE_X34Y28         FDRE                                         r  bd_0_i/hls_inst/inst/fadd_32ns_32ns_32_2_full_dsp_1_U2/din0_buf1_reg[24]/C
  -------------------------------------------------------------------    -------------------
    SLICE_X34Y28         FDRE (Prop_fdre_C_Q)         0.518     1.491 r  bd_0_i/hls_inst/inst/fadd_32ns_32ns_32_2_full_dsp_1_U2/din0_buf1_reg[24]/Q
                         net (fo=6, routed)           0.598     2.089    bd_0_wrapper/bd_0/bd_0_hls_inst_0/bd_0_hls_inst_0_gnss_correlator/bd_0_hls_inst_0_gnss_correlator_fadd_32ns_32ns_32_2_full_dsp_1/bd_0_hls_inst_0_gnss_correlator_fadd_32ns_32ns_32_2_full_dsp_1_ip/<hidden>/<hidden>/<hidden>/<hidden>/<hidden>
    SLICE_X35Y28         LUT2 (Prop_lut2_I1_O)        0.150     2.239 r  bd_0_wrapper/bd_0/bd_0_hls_inst_0/bd_0_hls_inst_0_gnss_correlator/bd_0_hls_inst_0_gnss_correlator_fadd_32ns_32ns_32_2_full_dsp_1/bd_0_hls_inst_0_gnss_correlator_fadd_32ns_32ns_32_2_full_dsp_1_ip/<hidden>/<hidden>/<hidden>/<hidden>/<hidden>
                         net (fo=1, routed)           0.307     2.545    bd_0_wrapper/bd_0/bd_0_hls_inst_0/bd_0_hls_inst_0_gnss_correlator/bd_0_hls_inst_0_gnss_correlator_fadd_32ns_32ns_32_2_full_dsp_1/bd_0_hls_inst_0_gnss_correlator_fadd_32ns_32ns_32_2_full_dsp_1_ip/<hidden>/<hidden>/<hidden>/<hidden>/<hidden>/<hidden>
    SLICE_X34Y29         CARRY4 (Prop_carry4_S[1]_O[3])
                                                      0.975     3.520 r  bd_0_wrapper/bd_0/bd_0_hls_inst_0/bd_0_hls_inst_0_gnss_correlator/bd_0_hls_inst_0_gnss_correlator_fadd_32ns_32ns_32_2_full_dsp_1/bd_0_hls_inst_0_gnss_correlator_fadd_32ns_32ns_32_2_full_dsp_1_ip/<hidden>/<hidden>/<hidden>/<hidden>/<hidden>/<hidden>
                         net (fo=20, routed)          1.061     4.582    bd_0_wrapper/bd_0/bd_0_hls_inst_0/bd_0_hls_inst_0_gnss_correlator/bd_0_hls_inst_0_gnss_correlator_fadd_32ns_32ns_32_2_full_dsp_1/bd_0_hls_inst_0_gnss_correlator_fadd_32ns_32ns_32_2_full_dsp_1_ip/<hidden>/<hidden>/<hidden>/<hidden>/<hidden>/<hidden>
    SLICE_X37Y29         LUT6 (Prop_lut6_I1_O)        0.307     4.889 r  bd_0_wrapper/bd_0/bd_0_hls_inst_0/bd_0_hls_inst_0_gnss_correlator/bd_0_hls_inst_0_gnss_correlator_fadd_32ns_32ns_32_2_full_dsp_1/bd_0_hls_inst_0_gnss_correlator_fadd_32ns_32ns_32_2_full_dsp_1_ip/<hidden>/<hidden>/<hidden>/<hidden>/<hidden>/<hidden>
                         net (fo=2, routed)           0.723     5.612    bd_0_wrapper/bd_0/bd_0_hls_inst_0/bd_0_hls_inst_0_gnss_correlator/bd_0_hls_inst_0_gnss_correlator_fadd_32ns_32ns_32_2_full_dsp_1/bd_0_hls_inst_0_gnss_correlator_fadd_32ns_32ns_32_2_full_dsp_1_ip/<hidden>/<hidden>/<hidden>/<hidden>/<hidden>/<hidden>
    DSP48_X2Y12          DSP48E1 (Prop_dsp48e1_INMODE[2]_PATTERNDETECT)
                                                      5.849    11.461 r  bd_0_wrapper/bd_0/bd_0_hls_inst_0/bd_0_hls_inst_0_gnss_correlator/bd_0_hls_inst_0_gnss_correlator_fadd_32ns_32ns_32_2_full_dsp_1/bd_0_hls_inst_0_gnss_correlator_fadd_32ns_32ns_32_2_full_dsp_1_ip/<hidden>/<hidden>/<hidden>/<hidden>/<hidden>/<hidden>
                         net (fo=54, routed)          0.875    12.336    bd_0_wrapper/bd_0/bd_0_hls_inst_0/bd_0_hls_inst_0_gnss_correlator/bd_0_hls_inst_0_gnss_correlator_fadd_32ns_32ns_32_2_full_dsp_1/bd_0_hls_inst_0_gnss_correlator_fadd_32ns_32ns_32_2_full_dsp_1_ip/<hidden>/<hidden>/<hidden>/<hidden>/<hidden>/<hidden>
    SLICE_X36Y31         LUT5 (Prop_lut5_I3_O)        0.124    12.460 r  bd_0_wrapper/bd_0/bd_0_hls_inst_0/bd_0_hls_inst_0_gnss_correlator/bd_0_hls_inst_0_gnss_correlator_fadd_32ns_32ns_32_2_full_dsp_1/bd_0_hls_inst_0_gnss_correlator_fadd_32ns_32ns_32_2_full_dsp_1_ip/<hidden>/<hidden>/<hidden>/<hidden>/<hidden>/<hidden>
                         net (fo=1, routed)           0.000    12.460    bd_0_wrapper/bd_0/bd_0_hls_inst_0/bd_0_hls_inst_0_gnss_correlator/bd_0_hls_inst_0_gnss_correlator_fadd_32ns_32ns_32_2_full_dsp_1/bd_0_hls_inst_0_gnss_correlator_fadd_32ns_32ns_32_2_full_dsp_1_ip/<hidden>/<hidden>/<hidden>/<hidden>/<hidden>/<hidden>
    SLICE_X36Y31         CARRY4 (Prop_carry4_S[1]_CO[3])
                                                      0.533    12.993 f  bd_0_wrapper/bd_0/bd_0_hls_inst_0/bd_0_hls_inst_0_gnss_correlator/bd_0_hls_inst_0_gnss_correlator_fadd_32ns_32ns_32_2_full_dsp_1/bd_0_hls_inst_0_gnss_correlator_fadd_32ns_32ns_32_2_full_dsp_1_ip/<hidden>/<hidden>/<hidden>/<hidden>/<hidden>/<hidden>
                         net (fo=12, routed)          1.222    14.215    bd_0_wrapper/bd_0/bd_0_hls_inst_0/bd_0_hls_inst_0_gnss_correlator/bd_0_hls_inst_0_gnss_correlator_fadd_32ns_32ns_32_2_full_dsp_1/bd_0_hls_inst_0_gnss_correlator_fadd_32ns_32ns_32_2_full_dsp_1_ip/<hidden>/<hidden>/<hidden>/<hidden>/<hidden>/<hidden>
    SLICE_X35Y31         LUT5 (Prop_lut5_I0_O)        0.124    14.339 r  bd_0_wrapper/bd_0/bd_0_hls_inst_0/bd_0_hls_inst_0_gnss_correlator/bd_0_hls_inst_0_gnss_correlator_fadd_32ns_32ns_32_2_full_dsp_1/bd_0_hls_inst_0_gnss_correlator_fadd_32ns_32ns_32_2_full_dsp_1_ip/<hidden>/<hidden>/<hidden>/<hidden>/<hidden>/<hidden>
                         net (fo=1, routed)           0.567    14.905    bd_0_wrapper/bd_0/bd_0_hls_inst_0/bd_0_hls_inst_0_gnss_correlator/bd_0_hls_inst_0_gnss_correlator_fadd_32ns_32ns_32_2_full_dsp_1/bd_0_hls_inst_0_gnss_correlator_fadd_32ns_32ns_32_2_full_dsp_1_ip/<hidden>/<hidden>/<hidden>/<hidden>/<hidden>/<hidden>
    DSP48_X2Y13          DSP48E1 (Prop_dsp48e1_B[6]_P[29])
                                                      3.656    18.561 r  bd_0_wrapper/bd_0/bd_0_hls_inst_0/bd_0_hls_inst_0_gnss_correlator/bd_0_hls_inst_0_gnss_correlator_fadd_32ns_32ns_32_2_full_dsp_1/bd_0_hls_inst_0_gnss_correlator_fadd_32ns_32ns_32_2_full_dsp_1_ip/<hidden>/<hidden>/<hidden>/<hidden>/<hidden>/<hidden>
                         net (fo=1, routed)           0.648    19.210    bd_0_wrapper/bd_0/bd_0_hls_inst_0/bd_0_hls_inst_0_gnss_correlator/bd_0_hls_inst_0_gnss_correlator_fadd_32ns_32ns_32_2_full_dsp_1/bd_0_hls_inst_0_gnss_correlator_fadd_32ns_32ns_32_2_full_dsp_1_ip/<hidden>/<hidden>/<hidden>/<hidden>/<hidden>/<hidden>
    SLICE_X39Y31         LUT6 (Prop_lut6_I0_O)        0.124    19.334 r  bd_0_wrapper/bd_0/bd_0_hls_inst_0/bd_0_hls_inst_0_gnss_correlator/bd_0_hls_inst_0_gnss_correlator_fadd_32ns_32ns_32_2_full_dsp_1/bd_0_hls_inst_0_gnss_correlator_fadd_32ns_32ns_32_2_full_dsp_1_ip/<hidden>/<hidden>/<hidden>/<hidden>/<hidden>/<hidden>
                         net (fo=3, routed)           0.431    19.765    bd_0_i/hls_inst/inst/fadd_32ns_32ns_32_2_full_dsp_1_U2/r_tdata[25]
    SLICE_X41Y31         LUT3 (Prop_lut3_I0_O)        0.124    19.889 r  bd_0_i/hls_inst/inst/fadd_32ns_32ns_32_2_full_dsp_1_U2/acc_I_fu_98[25]_i_1/O
                         net (fo=2, routed)           0.474    20.363    bd_0_i/hls_inst/inst/grp_fu_182_p2[25]
    SLICE_X43Y31         FDRE                                         r  bd_0_i/hls_inst/inst/acc_Q_fu_102_reg[25]/D
  -------------------------------------------------------------------    -------------------

                         (clock ap_clk rise edge)    10.000    10.000 r  
                                                      0.000    10.000 r  ap_clk (IN)
                         net (fo=3327, unset)         0.924    10.924    bd_0_i/hls_inst/inst/ap_clk
    SLICE_X43Y31         FDRE                                         r  bd_0_i/hls_inst/inst/acc_Q_fu_102_reg[25]/C
                         clock pessimism              0.000    10.924    
                         clock uncertainty           -0.035    10.889    
    SLICE_X43Y31         FDRE (Setup_fdre_C_D)       -0.040    10.849    bd_0_i/hls_inst/inst/acc_Q_fu_102_reg[25]
  -------------------------------------------------------------------
                         required time                         10.849    
                         arrival time                         -20.363    
  -------------------------------------------------------------------
                         slack                                 -9.514    

Slack (VIOLATED) :        -9.467ns  (required time - arrival time)
  Source:                 bd_0_i/hls_inst/inst/fadd_32ns_32ns_32_2_full_dsp_1_U2/din0_buf1_reg[24]/C
                            (rising edge-triggered cell FDRE clocked by ap_clk  {rise@0.000ns fall@5.000ns period=10.000ns})
  Destination:            bd_0_i/hls_inst/inst/acc_Q_fu_102_reg[2]/D
                            (rising edge-triggered cell FDRE clocked by ap_clk  {rise@0.000ns fall@5.000ns period=10.000ns})
  Path Group:             ap_clk
  Path Type:              Setup (Max at Slow Process Corner)
  Requirement:            10.000ns  (ap_clk rise@10.000ns - ap_clk rise@0.000ns)
  Data Path Delay:        19.367ns  (logic 12.484ns (64.459%)  route 6.883ns (35.541%))
  Logic Levels:           10  (CARRY4=2 DSP48E1=2 LUT2=1 LUT3=1 LUT5=2 LUT6=2)
  Clock Path Skew:        -0.049ns (DCD - SCD + CPR)
    Destination Clock Delay (DCD):    0.924ns = ( 10.924 - 10.000 ) 
    Source Clock Delay      (SCD):    0.973ns
    Clock Pessimism Removal (CPR):    0.000ns
  Clock Uncertainty:      0.035ns  ((TSJ^2 + TIJ^2)^1/2 + DJ) / 2 + PE
    Total System Jitter     (TSJ):    0.071ns
    Total Input Jitter      (TIJ):    0.000ns
    Discrete Jitter          (DJ):    0.000ns
    Phase Error              (PE):    0.000ns

    Location             Delay type                Incr(ns)  Path(ns)    Netlist Resource(s)
  -------------------------------------------------------------------    -------------------
                         (clock ap_clk rise edge)     0.000     0.000 r  
                                                      0.000     0.000 r  ap_clk (IN)
                         net (fo=3327, unset)         0.973     0.973    bd_0_i/hls_inst/inst/fadd_32ns_32ns_32_2_full_dsp_1_U2/ap_clk
    SLICE_X34Y28         FDRE                                         r  bd_0_i/hls_inst/inst/fadd_32ns_32ns_32_2_full_dsp_1_U2/din0_buf1_reg[24]/C
  -------------------------------------------------------------------    -------------------
    SLICE_X34Y28         FDRE (Prop_fdre_C_Q)         0.518     1.491 r  bd_0_i/hls_inst/inst/fadd_32ns_32ns_32_2_full_dsp_1_U2/din0_buf1_reg[24]/Q
                         net (fo=6, routed)           0.598     2.089    bd_0_wrapper/bd_0/bd_0_hls_inst_0/bd_0_hls_inst_0_gnss_correlator/bd_0_hls_inst_0_gnss_correlator_fadd_32ns_32ns_32_2_full_dsp_1/bd_0_hls_inst_0_gnss_correlator_fadd_32ns_32ns_32_2_full_dsp_1_ip/<hidden>/<hidden>/<hidden>/<hidden>/<hidden>
    SLICE_X35Y28         LUT2 (Prop_lut2_I1_O)        0.150     2.239 r  bd_0_wrapper/bd_0/bd_0_hls_inst_0/bd_0_hls_inst_0_gnss_correlator/bd_0_hls_inst_0_gnss_correlator_fadd_32ns_32ns_32_2_full_dsp_1/bd_0_hls_inst_0_gnss_correlator_fadd_32ns_32ns_32_2_full_dsp_1_ip/<hidden>/<hidden>/<hidden>/<hidden>/<hidden>
                         net (fo=1, routed)           0.307     2.545    bd_0_wrapper/bd_0/bd_0_hls_inst_0/bd_0_hls_inst_0_gnss_correlator/bd_0_hls_inst_0_gnss_correlator_fadd_32ns_32ns_32_2_full_dsp_1/bd_0_hls_inst_0_gnss_correlator_fadd_32ns_32ns_32_2_full_dsp_1_ip/<hidden>/<hidden>/<hidden>/<hidden>/<hidden>/<hidden>
    SLICE_X34Y29         CARRY4 (Prop_carry4_S[1]_O[3])
                                                      0.975     3.520 r  bd_0_wrapper/bd_0/bd_0_hls_inst_0/bd_0_hls_inst_0_gnss_correlator/bd_0_hls_inst_0_gnss_correlator_fadd_32ns_32ns_32_2_full_dsp_1/bd_0_hls_inst_0_gnss_correlator_fadd_32ns_32ns_32_2_full_dsp_1_ip/<hidden>/<hidden>/<hidden>/<hidden>/<hidden>/<hidden>
                         net (fo=20, routed)          1.061     4.582    bd_0_wrapper/bd_0/bd_0_hls_inst_0/bd_0_hls_inst_0_gnss_correlator/bd_0_hls_inst_0_gnss_correlator_fadd_32ns_32ns_32_2_full_dsp_1/bd_0_hls_inst_0_gnss_correlator_fadd_32ns_32ns_32_2_full_dsp_1_ip/<hidden>/<hidden>/<hidden>/<hidden>/<hidden>/<hidden>
    SLICE_X37Y29         LUT6 (Prop_lut6_I1_O)        0.307     4.889 r  bd_0_wrapper/bd_0/bd_0_hls_inst_0/bd_0_hls_inst_0_gnss_correlator/bd_0_hls_inst_0_gnss_correlator_fadd_32ns_32ns_32_2_full_dsp_1/bd_0_hls_inst_0_gnss_correlator_fadd_32ns_32ns_32_2_full_dsp_1_ip/<hidden>/<hidden>/<hidden>/<hidden>/<hidden>/<hidden>
                         net (fo=2, routed)           0.723     5.612    bd_0_wrapper/bd_0/bd_0_hls_inst_0/bd_0_hls_inst_0_gnss_correlator/bd_0_hls_inst_0_gnss_correlator_fadd_32ns_32ns_32_2_full_dsp_1/bd_0_hls_inst_0_gnss_correlator_fadd_32ns_32ns_32_2_full_dsp_1_ip/<hidden>/<hidden>/<hidden>/<hidden>/<hidden>/<hidden>
    DSP48_X2Y12          DSP48E1 (Prop_dsp48e1_INMODE[2]_PATTERNDETECT)
                                                      5.849    11.461 r  bd_0_wrapper/bd_0/bd_0_hls_inst_0/bd_0_hls_inst_0_gnss_correlator/bd_0_hls_inst_0_gnss_correlator_fadd_32ns_32ns_32_2_full_dsp_1/bd_0_hls_inst_0_gnss_correlator_fadd_32ns_32ns_32_2_full_dsp_1_ip/<hidden>/<hidden>/<hidden>/<hidden>/<hidden>/<hidden>
                         net (fo=54, routed)          0.875    12.336    bd_0_wrapper/bd_0/bd_0_hls_inst_0/bd_0_hls_inst_0_gnss_correlator/bd_0_hls_inst_0_gnss_correlator_fadd_32ns_32ns_32_2_full_dsp_1/bd_0_hls_inst_0_gnss_correlator_fadd_32ns_32ns_32_2_full_dsp_1_ip/<hidden>/<hidden>/<hidden>/<hidden>/<hidden>/<hidden>
    SLICE_X36Y31         LUT5 (Prop_lut5_I3_O)        0.124    12.460 r  bd_0_wrapper/bd_0/bd_0_hls_inst_0/bd_0_hls_inst_0_gnss_correlator/bd_0_hls_inst_0_gnss_correlator_fadd_32ns_32ns_32_2_full_dsp_1/bd_0_hls_inst_0_gnss_correlator_fadd_32ns_32ns_32_2_full_dsp_1_ip/<hidden>/<hidden>/<hidden>/<hidden>/<hidden>/<hidden>
                         net (fo=1, routed)           0.000    12.460    bd_0_wrapper/bd_0/bd_0_hls_inst_0/bd_0_hls_inst_0_gnss_correlator/bd_0_hls_inst_0_gnss_correlator_fadd_32ns_32ns_32_2_full_dsp_1/bd_0_hls_inst_0_gnss_correlator_fadd_32ns_32ns_32_2_full_dsp_1_ip/<hidden>/<hidden>/<hidden>/<hidden>/<hidden>/<hidden>
    SLICE_X36Y31         CARRY4 (Prop_carry4_S[1]_CO[3])
                                                      0.533    12.993 f  bd_0_wrapper/bd_0/bd_0_hls_inst_0/bd_0_hls_inst_0_gnss_correlator/bd_0_hls_inst_0_gnss_correlator_fadd_32ns_32ns_32_2_full_dsp_1/bd_0_hls_inst_0_gnss_correlator_fadd_32ns_32ns_32_2_full_dsp_1_ip/<hidden>/<hidden>/<hidden>/<hidden>/<hidden>/<hidden>
                         net (fo=12, routed)          1.222    14.215    bd_0_wrapper/bd_0/bd_0_hls_inst_0/bd_0_hls_inst_0_gnss_correlator/bd_0_hls_inst_0_gnss_correlator_fadd_32ns_32ns_32_2_full_dsp_1/bd_0_hls_inst_0_gnss_correlator_fadd_32ns_32ns_32_2_full_dsp_1_ip/<hidden>/<hidden>/<hidden>/<hidden>/<hidden>/<hidden>
    SLICE_X35Y31         LUT5 (Prop_lut5_I0_O)        0.124    14.339 r  bd_0_wrapper/bd_0/bd_0_hls_inst_0/bd_0_hls_inst_0_gnss_correlator/bd_0_hls_inst_0_gnss_correlator_fadd_32ns_32ns_32_2_full_dsp_1/bd_0_hls_inst_0_gnss_correlator_fadd_32ns_32ns_32_2_full_dsp_1_ip/<hidden>/<hidden>/<hidden>/<hidden>/<hidden>/<hidden>
                         net (fo=1, routed)           0.567    14.905    bd_0_wrapper/bd_0/bd_0_hls_inst_0/bd_0_hls_inst_0_gnss_correlator/bd_0_hls_inst_0_gnss_correlator_fadd_32ns_32ns_32_2_full_dsp_1/bd_0_hls_inst_0_gnss_correlator_fadd_32ns_32ns_32_2_full_dsp_1_ip/<hidden>/<hidden>/<hidden>/<hidden>/<hidden>/<hidden>
    DSP48_X2Y13          DSP48E1 (Prop_dsp48e1_B[6]_P[4])
                                                      3.656    18.561 r  bd_0_wrapper/bd_0/bd_0_hls_inst_0/bd_0_hls_inst_0_gnss_correlator/bd_0_hls_inst_0_gnss_correlator_fadd_32ns_32ns_32_2_full_dsp_1/bd_0_hls_inst_0_gnss_correlator_fadd_32ns_32ns_32_2_full_dsp_1_ip/<hidden>/<hidden>/<hidden>/<hidden>/<hidden>/<hidden>
                         net (fo=1, routed)           0.755    19.316    bd_0_wrapper/bd_0/bd_0_hls_inst_0/bd_0_hls_inst_0_gnss_correlator/bd_0_hls_inst_0_gnss_correlator_fadd_32ns_32ns_32_2_full_dsp_1/bd_0_hls_inst_0_gnss_correlator_fadd_32ns_32ns_32_2_full_dsp_1_ip/<hidden>/<hidden>/<hidden>/<hidden>/<hidden>/<hidden>
    SLICE_X37Y30         LUT6 (Prop_lut6_I0_O)        0.124    19.440 r  bd_0_wrapper/bd_0/bd_0_hls_inst_0/bd_0_hls_inst_0_gnss_correlator/bd_0_hls_inst_0_gnss_correlator_fadd_32ns_32ns_32_2_full_dsp_1/bd_0_hls_inst_0_gnss_correlator_fadd_32ns_32ns_32_2_full_dsp_1_ip/<hidden>/<hidden>/<hidden>/<hidden>/<hidden>/<hidden>
                         net (fo=3, routed)           0.445    19.885    bd_0_i/hls_inst/inst/fadd_32ns_32ns_32_2_full_dsp_1_U2/r_tdata[2]
    SLICE_X38Y29         LUT3 (Prop_lut3_I0_O)        0.124    20.009 r  bd_0_i/hls_inst/inst/fadd_32ns_32ns_32_2_full_dsp_1_U2/acc_I_fu_98[2]_i_1/O
                         net (fo=2, routed)           0.331    20.340    bd_0_i/hls_inst/inst/grp_fu_182_p2[2]
    SLICE_X38Y28         FDRE                                         r  bd_0_i/hls_inst/inst/acc_Q_fu_102_reg[2]/D
  -------------------------------------------------------------------    -------------------

                         (clock ap_clk rise edge)    10.000    10.000 r  
                                                      0.000    10.000 r  ap_clk (IN)
                         net (fo=3327, unset)         0.924    10.924    bd_0_i/hls_inst/inst/ap_clk
    SLICE_X38Y28         FDRE                                         r  bd_0_i/hls_inst/inst/acc_Q_fu_102_reg[2]/C
                         clock pessimism              0.000    10.924    
                         clock uncertainty           -0.035    10.889    
    SLICE_X38Y28         FDRE (Setup_fdre_C_D)       -0.016    10.873    bd_0_i/hls_inst/inst/acc_Q_fu_102_reg[2]
  -------------------------------------------------------------------
                         required time                         10.873    
                         arrival time                         -20.340    
  -------------------------------------------------------------------
                         slack                                 -9.467    

Slack (VIOLATED) :        -9.460ns  (required time - arrival time)
  Source:                 bd_0_i/hls_inst/inst/fadd_32ns_32ns_32_2_full_dsp_1_U2/din0_buf1_reg[24]/C
                            (rising edge-triggered cell FDRE clocked by ap_clk  {rise@0.000ns fall@5.000ns period=10.000ns})
  Destination:            bd_0_i/hls_inst/inst/control_s_axi_U/int_corr_Q_reg[1]/D
                            (rising edge-triggered cell FDRE clocked by ap_clk  {rise@0.000ns fall@5.000ns period=10.000ns})
  Path Group:             ap_clk
  Path Type:              Setup (Max at Slow Process Corner)
  Requirement:            10.000ns  (ap_clk rise@10.000ns - ap_clk rise@0.000ns)
  Data Path Delay:        19.407ns  (logic 12.484ns (64.326%)  route 6.923ns (35.674%))
  Logic Levels:           10  (CARRY4=2 DSP48E1=2 LUT2=1 LUT5=2 LUT6=3)
  Clock Path Skew:        -0.049ns (DCD - SCD + CPR)
    Destination Clock Delay (DCD):    0.924ns = ( 10.924 - 10.000 ) 
    Source Clock Delay      (SCD):    0.973ns
    Clock Pessimism Removal (CPR):    0.000ns
  Clock Uncertainty:      0.035ns  ((TSJ^2 + TIJ^2)^1/2 + DJ) / 2 + PE
    Total System Jitter     (TSJ):    0.071ns
    Total Input Jitter      (TIJ):    0.000ns
    Discrete Jitter          (DJ):    0.000ns
    Phase Error              (PE):    0.000ns

    Location             Delay type                Incr(ns)  Path(ns)    Netlist Resource(s)
  -------------------------------------------------------------------    -------------------
                         (clock ap_clk rise edge)     0.000     0.000 r  
                                                      0.000     0.000 r  ap_clk (IN)
                         net (fo=3327, unset)         0.973     0.973    bd_0_i/hls_inst/inst/fadd_32ns_32ns_32_2_full_dsp_1_U2/ap_clk
    SLICE_X34Y28         FDRE                                         r  bd_0_i/hls_inst/inst/fadd_32ns_32ns_32_2_full_dsp_1_U2/din0_buf1_reg[24]/C
  -------------------------------------------------------------------    -------------------
    SLICE_X34Y28         FDRE (Prop_fdre_C_Q)         0.518     1.491 r  bd_0_i/hls_inst/inst/fadd_32ns_32ns_32_2_full_dsp_1_U2/din0_buf1_reg[24]/Q
                         net (fo=6, routed)           0.598     2.089    bd_0_wrapper/bd_0/bd_0_hls_inst_0/bd_0_hls_inst_0_gnss_correlator/bd_0_hls_inst_0_gnss_correlator_fadd_32ns_32ns_32_2_full_dsp_1/bd_0_hls_inst_0_gnss_correlator_fadd_32ns_32ns_32_2_full_dsp_1_ip/<hidden>/<hidden>/<hidden>/<hidden>/<hidden>
    SLICE_X35Y28         LUT2 (Prop_lut2_I1_O)        0.150     2.239 r  bd_0_wrapper/bd_0/bd_0_hls_inst_0/bd_0_hls_inst_0_gnss_correlator/bd_0_hls_inst_0_gnss_correlator_fadd_32ns_32ns_32_2_full_dsp_1/bd_0_hls_inst_0_gnss_correlator_fadd_32ns_32ns_32_2_full_dsp_1_ip/<hidden>/<hidden>/<hidden>/<hidden>/<hidden>
                         net (fo=1, routed)           0.307     2.545    bd_0_wrapper/bd_0/bd_0_hls_inst_0/bd_0_hls_inst_0_gnss_correlator/bd_0_hls_inst_0_gnss_correlator_fadd_32ns_32ns_32_2_full_dsp_1/bd_0_hls_inst_0_gnss_correlator_fadd_32ns_32ns_32_2_full_dsp_1_ip/<hidden>/<hidden>/<hidden>/<hidden>/<hidden>/<hidden>
    SLICE_X34Y29         CARRY4 (Prop_carry4_S[1]_O[3])
                                                      0.975     3.520 r  bd_0_wrapper/bd_0/bd_0_hls_inst_0/bd_0_hls_inst_0_gnss_correlator/bd_0_hls_inst_0_gnss_correlator_fadd_32ns_32ns_32_2_full_dsp_1/bd_0_hls_inst_0_gnss_correlator_fadd_32ns_32ns_32_2_full_dsp_1_ip/<hidden>/<hidden>/<hidden>/<hidden>/<hidden>/<hidden>
                         net (fo=20, routed)          1.061     4.582    bd_0_wrapper/bd_0/bd_0_hls_inst_0/bd_0_hls_inst_0_gnss_correlator/bd_0_hls_inst_0_gnss_correlator_fadd_32ns_32ns_32_2_full_dsp_1/bd_0_hls_inst_0_gnss_correlator_fadd_32ns_32ns_32_2_full_dsp_1_ip/<hidden>/<hidden>/<hidden>/<hidden>/<hidden>/<hidden>
    SLICE_X37Y29         LUT6 (Prop_lut6_I1_O)        0.307     4.889 r  bd_0_wrapper/bd_0/bd_0_hls_inst_0/bd_0_hls_inst_0_gnss_correlator/bd_0_hls_inst_0_gnss_correlator_fadd_32ns_32ns_32_2_full_dsp_1/bd_0_hls_inst_0_gnss_correlator_fadd_32ns_32ns_32_2_full_dsp_1_ip/<hidden>/<hidden>/<hidden>/<hidden>/<hidden>/<hidden>
                         net (fo=2, routed)           0.723     5.612    bd_0_wrapper/bd_0/bd_0_hls_inst_0/bd_0_hls_inst_0_gnss_correlator/bd_0_hls_inst_0_gnss_correlator_fadd_32ns_32ns_32_2_full_dsp_1/bd_0_hls_inst_0_gnss_correlator_fadd_32ns_32ns_32_2_full_dsp_1_ip/<hidden>/<hidden>/<hidden>/<hidden>/<hidden>/<hidden>
    DSP48_X2Y12          DSP48E1 (Prop_dsp48e1_INMODE[2]_PATTERNDETECT)
                                                      5.849    11.461 r  bd_0_wrapper/bd_0/bd_0_hls_inst_0/bd_0_hls_inst_0_gnss_correlator/bd_0_hls_inst_0_gnss_correlator_fadd_32ns_32ns_32_2_full_dsp_1/bd_0_hls_inst_0_gnss_correlator_fadd_32ns_32ns_32_2_full_dsp_1_ip/<hidden>/<hidden>/<hidden>/<hidden>/<hidden>/<hidden>
                         net (fo=54, routed)          0.875    12.336    bd_0_wrapper/bd_0/bd_0_hls_inst_0/bd_0_hls_inst_0_gnss_correlator/bd_0_hls_inst_0_gnss_correlator_fadd_32ns_32ns_32_2_full_dsp_1/bd_0_hls_inst_0_gnss_correlator_fadd_32ns_32ns_32_2_full_dsp_1_ip/<hidden>/<hidden>/<hidden>/<hidden>/<hidden>/<hidden>
    SLICE_X36Y31         LUT5 (Prop_lut5_I3_O)        0.124    12.460 r  bd_0_wrapper/bd_0/bd_0_hls_inst_0/bd_0_hls_inst_0_gnss_correlator/bd_0_hls_inst_0_gnss_correlator_fadd_32ns_32ns_32_2_full_dsp_1/bd_0_hls_inst_0_gnss_correlator_fadd_32ns_32ns_32_2_full_dsp_1_ip/<hidden>/<hidden>/<hidden>/<hidden>/<hidden>/<hidden>
                         net (fo=1, routed)           0.000    12.460    bd_0_wrapper/bd_0/bd_0_hls_inst_0/bd_0_hls_inst_0_gnss_correlator/bd_0_hls_inst_0_gnss_correlator_fadd_32ns_32ns_32_2_full_dsp_1/bd_0_hls_inst_0_gnss_correlator_fadd_32ns_32ns_32_2_full_dsp_1_ip/<hidden>/<hidden>/<hidden>/<hidden>/<hidden>/<hidden>
    SLICE_X36Y31         CARRY4 (Prop_carry4_S[1]_CO[3])
                                                      0.533    12.993 f  bd_0_wrapper/bd_0/bd_0_hls_inst_0/bd_0_hls_inst_0_gnss_correlator/bd_0_hls_inst_0_gnss_correlator_fadd_32ns_32ns_32_2_full_dsp_1/bd_0_hls_inst_0_gnss_correlator_fadd_32ns_32ns_32_2_full_dsp_1_ip/<hidden>/<hidden>/<hidden>/<hidden>/<hidden>/<hidden>
                         net (fo=12, routed)          1.222    14.215    bd_0_wrapper/bd_0/bd_0_hls_inst_0/bd_0_hls_inst_0_gnss_correlator/bd_0_hls_inst_0_gnss_correlator_fadd_32ns_32ns_32_2_full_dsp_1/bd_0_hls_inst_0_gnss_correlator_fadd_32ns_32ns_32_2_full_dsp_1_ip/<hidden>/<hidden>/<hidden>/<hidden>/<hidden>/<hidden>
    SLICE_X35Y31         LUT5 (Prop_lut5_I0_O)        0.124    14.339 r  bd_0_wrapper/bd_0/bd_0_hls_inst_0/bd_0_hls_inst_0_gnss_correlator/bd_0_hls_inst_0_gnss_correlator_fadd_32ns_32ns_32_2_full_dsp_1/bd_0_hls_inst_0_gnss_correlator_fadd_32ns_32ns_32_2_full_dsp_1_ip/<hidden>/<hidden>/<hidden>/<hidden>/<hidden>/<hidden>
                         net (fo=1, routed)           0.567    14.905    bd_0_wrapper/bd_0/bd_0_hls_inst_0/bd_0_hls_inst_0_gnss_correlator/bd_0_hls_inst_0_gnss_correlator_fadd_32ns_32ns_32_2_full_dsp_1/bd_0_hls_inst_0_gnss_correlator_fadd_32ns_32ns_32_2_full_dsp_1_ip/<hidden>/<hidden>/<hidden>/<hidden>/<hidden>/<hidden>
    DSP48_X2Y13          DSP48E1 (Prop_dsp48e1_B[6]_P[3])
                                                      3.656    18.561 r  bd_0_wrapper/bd_0/bd_0_hls_inst_0/bd_0_hls_inst_0_gnss_correlator/bd_0_hls_inst_0_gnss_correlator_fadd_32ns_32ns_32_2_full_dsp_1/bd_0_hls_inst_0_gnss_correlator_fadd_32ns_32ns_32_2_full_dsp_1_ip/<hidden>/<hidden>/<hidden>/<hidden>/<hidden>/<hidden>
                         net (fo=2, routed)           0.953    19.514    bd_0_wrapper/bd_0/bd_0_hls_inst_0/bd_0_hls_inst_0_gnss_correlator/bd_0_hls_inst_0_gnss_correlator_fadd_32ns_32ns_32_2_full_dsp_1/bd_0_hls_inst_0_gnss_correlator_fadd_32ns_32ns_32_2_full_dsp_1_ip/<hidden>/<hidden>/<hidden>/<hidden>/<hidden>/<hidden>
    SLICE_X36Y29         LUT6 (Prop_lut6_I0_O)        0.124    19.638 r  bd_0_wrapper/bd_0/bd_0_hls_inst_0/bd_0_hls_inst_0_gnss_correlator/bd_0_hls_inst_0_gnss_correlator_fadd_32ns_32ns_32_2_full_dsp_1/bd_0_hls_inst_0_gnss_correlator_fadd_32ns_32ns_32_2_full_dsp_1_ip/<hidden>/<hidden>/<hidden>/<hidden>/<hidden>/<hidden>
                         net (fo=2, routed)           0.618    20.256    bd_0_i/hls_inst/inst/fadd_32ns_32ns_32_2_full_dsp_1_U2/r_tdata[1]
    SLICE_X39Y30         LUT6 (Prop_lut6_I0_O)        0.124    20.380 r  bd_0_i/hls_inst/inst/fadd_32ns_32ns_32_2_full_dsp_1_U2/int_corr_Q[1]_i_1/O
                         net (fo=1, routed)           0.000    20.380    bd_0_i/hls_inst/inst/control_s_axi_U/corr_Q[1]
    SLICE_X39Y30         FDRE                                         r  bd_0_i/hls_inst/inst/control_s_axi_U/int_corr_Q_reg[1]/D
  -------------------------------------------------------------------    -------------------

                         (clock ap_clk rise edge)    10.000    10.000 r  
                                                      0.000    10.000 r  ap_clk (IN)
                         net (fo=3327, unset)         0.924    10.924    bd_0_i/hls_inst/inst/control_s_axi_U/ap_clk
    SLICE_X39Y30         FDRE                                         r  bd_0_i/hls_inst/inst/control_s_axi_U/int_corr_Q_reg[1]/C
                         clock pessimism              0.000    10.924    
                         clock uncertainty           -0.035    10.889    
    SLICE_X39Y30         FDRE (Setup_fdre_C_D)        0.031    10.920    bd_0_i/hls_inst/inst/control_s_axi_U/int_corr_Q_reg[1]
  -------------------------------------------------------------------
                         required time                         10.920    
                         arrival time                         -20.380    
  -------------------------------------------------------------------
                         slack                                 -9.460    

Slack (VIOLATED) :        -9.438ns  (required time - arrival time)
  Source:                 bd_0_i/hls_inst/inst/fadd_32ns_32ns_32_2_full_dsp_1_U2/din0_buf1_reg[24]/C
                            (rising edge-triggered cell FDRE clocked by ap_clk  {rise@0.000ns fall@5.000ns period=10.000ns})
  Destination:            bd_0_i/hls_inst/inst/acc_I_fu_98_reg[28]/D
                            (rising edge-triggered cell FDRE clocked by ap_clk  {rise@0.000ns fall@5.000ns period=10.000ns})
  Path Group:             ap_clk
  Path Type:              Setup (Max at Slow Process Corner)
  Requirement:            10.000ns  (ap_clk rise@10.000ns - ap_clk rise@0.000ns)
  Data Path Delay:        19.307ns  (logic 12.484ns (64.661%)  route 6.823ns (35.339%))
  Logic Levels:           10  (CARRY4=2 DSP48E1=2 LUT2=1 LUT3=1 LUT5=2 LUT6=2)
  Clock Path Skew:        -0.049ns (DCD - SCD + CPR)
    Destination Clock Delay (DCD):    0.924ns = ( 10.924 - 10.000 ) 
    Source Clock Delay      (SCD):    0.973ns
    Clock Pessimism Removal (CPR):    0.000ns
  Clock Uncertainty:      0.035ns  ((TSJ^2 + TIJ^2)^1/2 + DJ) / 2 + PE
    Total System Jitter     (TSJ):    0.071ns
    Total Input Jitter      (TIJ):    0.000ns
    Discrete Jitter          (DJ):    0.000ns
    Phase Error              (PE):    0.000ns

    Location             Delay type                Incr(ns)  Path(ns)    Netlist Resource(s)
  -------------------------------------------------------------------    -------------------
                         (clock ap_clk rise edge)     0.000     0.000 r  
                                                      0.000     0.000 r  ap_clk (IN)
                         net (fo=3327, unset)         0.973     0.973    bd_0_i/hls_inst/inst/fadd_32ns_32ns_32_2_full_dsp_1_U2/ap_clk
    SLICE_X34Y28         FDRE                                         r  bd_0_i/hls_inst/inst/fadd_32ns_32ns_32_2_full_dsp_1_U2/din0_buf1_reg[24]/C
  -------------------------------------------------------------------    -------------------
    SLICE_X34Y28         FDRE (Prop_fdre_C_Q)         0.518     1.491 r  bd_0_i/hls_inst/inst/fadd_32ns_32ns_32_2_full_dsp_1_U2/din0_buf1_reg[24]/Q
                         net (fo=6, routed)           0.598     2.089    bd_0_wrapper/bd_0/bd_0_hls_inst_0/bd_0_hls_inst_0_gnss_correlator/bd_0_hls_inst_0_gnss_correlator_fadd_32ns_32ns_32_2_full_dsp_1/bd_0_hls_inst_0_gnss_correlator_fadd_32ns_32ns_32_2_full_dsp_1_ip/<hidden>/<hidden>/<hidden>/<hidden>/<hidden>
    SLICE_X35Y28         LUT2 (Prop_lut2_I1_O)        0.150     2.239 r  bd_0_wrapper/bd_0/bd_0_hls_inst_0/bd_0_hls_inst_0_gnss_correlator/bd_0_hls_inst_0_gnss_correlator_fadd_32ns_32ns_32_2_full_dsp_1/bd_0_hls_inst_0_gnss_correlator_fadd_32ns_32ns_32_2_full_dsp_1_ip/<hidden>/<hidden>/<hidden>/<hidden>/<hidden>
                         net (fo=1, routed)           0.307     2.545    bd_0_wrapper/bd_0/bd_0_hls_inst_0/bd_0_hls_inst_0_gnss_correlator/bd_0_hls_inst_0_gnss_correlator_fadd_32ns_32ns_32_2_full_dsp_1/bd_0_hls_inst_0_gnss_correlator_fadd_32ns_32ns_32_2_full_dsp_1_ip/<hidden>/<hidden>/<hidden>/<hidden>/<hidden>/<hidden>
    SLICE_X34Y29         CARRY4 (Prop_carry4_S[1]_O[3])
                                                      0.975     3.520 r  bd_0_wrapper/bd_0/bd_0_hls_inst_0/bd_0_hls_inst_0_gnss_correlator/bd_0_hls_inst_0_gnss_correlator_fadd_32ns_32ns_32_2_full_dsp_1/bd_0_hls_inst_0_gnss_correlator_fadd_32ns_32ns_32_2_full_dsp_1_ip/<hidden>/<hidden>/<hidden>/<hidden>/<hidden>/<hidden>
                         net (fo=20, routed)          1.061     4.582    bd_0_wrapper/bd_0/bd_0_hls_inst_0/bd_0_hls_inst_0_gnss_correlator/bd_0_hls_inst_0_gnss_correlator_fadd_32ns_32ns_32_2_full_dsp_1/bd_0_hls_inst_0_gnss_correlator_fadd_32ns_32ns_32_2_full_dsp_1_ip/<hidden>/<hidden>/<hidden>/<hidden>/<hidden>/<hidden>
    SLICE_X37Y29         LUT6 (Prop_lut6_I1_O)        0.307     4.889 r  bd_0_wrapper/bd_0/bd_0_hls_inst_0/bd_0_hls_inst_0_gnss_correlator/bd_0_hls_inst_0_gnss_correlator_fadd_32ns_32ns_32_2_full_dsp_1/bd_0_hls_inst_0_gnss_correlator_fadd_32ns_32ns_32_2_full_dsp_1_ip/<hidden>/<hidden>/<hidden>/<hidden>/<hidden>/<hidden>
                         net (fo=2, routed)           0.723     5.612    bd_0_wrapper/bd_0/bd_0_hls_inst_0/bd_0_hls_inst_0_gnss_correlator/bd_0_hls_inst_0_gnss_correlator_fadd_32ns_32ns_32_2_full_dsp_1/bd_0_hls_inst_0_gnss_correlator_fadd_32ns_32ns_32_2_full_dsp_1_ip/<hidden>/<hidden>/<hidden>/<hidden>/<hidden>/<hidden>
    DSP48_X2Y12          DSP48E1 (Prop_dsp48e1_INMODE[2]_PATTERNDETECT)
                                                      5.849    11.461 r  bd_0_wrapper/bd_0/bd_0_hls_inst_0/bd_0_hls_inst_0_gnss_correlator/bd_0_hls_inst_0_gnss_correlator_fadd_32ns_32ns_32_2_full_dsp_1/bd_0_hls_inst_0_gnss_correlator_fadd_32ns_32ns_32_2_full_dsp_1_ip/<hidden>/<hidden>/<hidden>/<hidden>/<hidden>/<hidden>
                         net (fo=54, routed)          0.875    12.336    bd_0_wrapper/bd_0/bd_0_hls_inst_0/bd_0_hls_inst_0_gnss_correlator/bd_0_hls_inst_0_gnss_correlator_fadd_32ns_32ns_32_2_full_dsp_1/bd_0_hls_inst_0_gnss_correlator_fadd_32ns_32ns_32_2_full_dsp_1_ip/<hidden>/<hidden>/<hidden>/<hidden>/<hidden>/<hidden>
    SLICE_X36Y31         LUT5 (Prop_lut5_I3_O)        0.124    12.460 r  bd_0_wrapper/bd_0/bd_0_hls_inst_0/bd_0_hls_inst_0_gnss_correlator/bd_0_hls_inst_0_gnss_correlator_fadd_32ns_32ns_32_2_full_dsp_1/bd_0_hls_inst_0_gnss_correlator_fadd_32ns_32ns_32_2_full_dsp_1_ip/<hidden>/<hidden>/<hidden>/<hidden>/<hidden>/<hidden>
                         net (fo=1, routed)           0.000    12.460    bd_0_wrapper/bd_0/bd_0_hls_inst_0/bd_0_hls_inst_0_gnss_correlator/bd_0_hls_inst_0_gnss_correlator_fadd_32ns_32ns_32_2_full_dsp_1/bd_0_hls_inst_0_gnss_correlator_fadd_32ns_32ns_32_2_full_dsp_1_ip/<hidden>/<hidden>/<hidden>/<hidden>/<hidden>/<hidden>
    SLICE_X36Y31         CARRY4 (Prop_carry4_S[1]_CO[3])
                                                      0.533    12.993 f  bd_0_wrapper/bd_0/bd_0_hls_inst_0/bd_0_hls_inst_0_gnss_correlator/bd_0_hls_inst_0_gnss_correlator_fadd_32ns_32ns_32_2_full_dsp_1/bd_0_hls_inst_0_gnss_correlator_fadd_32ns_32ns_32_2_full_dsp_1_ip/<hidden>/<hidden>/<hidden>/<hidden>/<hidden>/<hidden>
                         net (fo=12, routed)          1.222    14.215    bd_0_wrapper/bd_0/bd_0_hls_inst_0/bd_0_hls_inst_0_gnss_correlator/bd_0_hls_inst_0_gnss_correlator_fadd_32ns_32ns_32_2_full_dsp_1/bd_0_hls_inst_0_gnss_correlator_fadd_32ns_32ns_32_2_full_dsp_1_ip/<hidden>/<hidden>/<hidden>/<hidden>/<hidden>/<hidden>
    SLICE_X35Y31         LUT5 (Prop_lut5_I0_O)        0.124    14.339 r  bd_0_wrapper/bd_0/bd_0_hls_inst_0/bd_0_hls_inst_0_gnss_correlator/bd_0_hls_inst_0_gnss_correlator_fadd_32ns_32ns_32_2_full_dsp_1/bd_0_hls_inst_0_gnss_correlator_fadd_32ns_32ns_32_2_full_dsp_1_ip/<hidden>/<hidden>/<hidden>/<hidden>/<hidden>/<hidden>
                         net (fo=1, routed)           0.567    14.905    bd_0_wrapper/bd_0/bd_0_hls_inst_0/bd_0_hls_inst_0_gnss_correlator/bd_0_hls_inst_0_gnss_correlator_fadd_32ns_32ns_32_2_full_dsp_1/bd_0_hls_inst_0_gnss_correlator_fadd_32ns_32ns_32_2_full_dsp_1_ip/<hidden>/<hidden>/<hidden>/<hidden>/<hidden>/<hidden>
    DSP48_X2Y13          DSP48E1 (Prop_dsp48e1_B[6]_P[32])
                                                      3.656    18.561 r  bd_0_wrapper/bd_0/bd_0_hls_inst_0/bd_0_hls_inst_0_gnss_correlator/bd_0_hls_inst_0_gnss_correlator_fadd_32ns_32ns_32_2_full_dsp_1/bd_0_hls_inst_0_gnss_correlator_fadd_32ns_32ns_32_2_full_dsp_1_ip/<hidden>/<hidden>/<hidden>/<hidden>/<hidden>/<hidden>
                         net (fo=1, routed)           0.792    19.354    bd_0_wrapper/bd_0/bd_0_hls_inst_0/bd_0_hls_inst_0_gnss_correlator/bd_0_hls_inst_0_gnss_correlator_fadd_32ns_32ns_32_2_full_dsp_1/bd_0_hls_inst_0_gnss_correlator_fadd_32ns_32ns_32_2_full_dsp_1_ip/<hidden>/<hidden>/<hidden>/<hidden>/<hidden>/<hidden>
    SLICE_X38Y33         LUT6 (Prop_lut6_I0_O)        0.124    19.478 r  bd_0_wrapper/bd_0/bd_0_hls_inst_0/bd_0_hls_inst_0_gnss_correlator/bd_0_hls_inst_0_gnss_correlator_fadd_32ns_32ns_32_2_full_dsp_1/bd_0_hls_inst_0_gnss_correlator_fadd_32ns_32ns_32_2_full_dsp_1_ip/<hidden>/<hidden>/<hidden>/<hidden>/<hidden>/<hidden>
                         net (fo=3, routed)           0.336    19.813    bd_0_i/hls_inst/inst/fadd_32ns_32ns_32_2_full_dsp_1_U2/r_tdata[28]
    SLICE_X40Y33         LUT3 (Prop_lut3_I0_O)        0.124    19.937 r  bd_0_i/hls_inst/inst/fadd_32ns_32ns_32_2_full_dsp_1_U2/acc_I_fu_98[28]_i_1/O
                         net (fo=2, routed)           0.343    20.280    bd_0_i/hls_inst/inst/grp_fu_182_p2[28]
    SLICE_X41Y35         FDRE                                         r  bd_0_i/hls_inst/inst/acc_I_fu_98_reg[28]/D
  -------------------------------------------------------------------    -------------------

                         (clock ap_clk rise edge)    10.000    10.000 r  
                                                      0.000    10.000 r  ap_clk (IN)
                         net (fo=3327, unset)         0.924    10.924    bd_0_i/hls_inst/inst/ap_clk
    SLICE_X41Y35         FDRE                                         r  bd_0_i/hls_inst/inst/acc_I_fu_98_reg[28]/C
                         clock pessimism              0.000    10.924    
                         clock uncertainty           -0.035    10.889    
    SLICE_X41Y35         FDRE (Setup_fdre_C_D)       -0.047    10.842    bd_0_i/hls_inst/inst/acc_I_fu_98_reg[28]
  -------------------------------------------------------------------
                         required time                         10.842    
                         arrival time                         -20.280    
  -------------------------------------------------------------------
                         slack                                 -9.438    

Slack (VIOLATED) :        -9.418ns  (required time - arrival time)
  Source:                 bd_0_i/hls_inst/inst/fadd_32ns_32ns_32_2_full_dsp_1_U2/din0_buf1_reg[24]/C
                            (rising edge-triggered cell FDRE clocked by ap_clk  {rise@0.000ns fall@5.000ns period=10.000ns})
  Destination:            bd_0_i/hls_inst/inst/acc_Q_fu_102_reg[28]/D
                            (rising edge-triggered cell FDRE clocked by ap_clk  {rise@0.000ns fall@5.000ns period=10.000ns})
  Path Group:             ap_clk
  Path Type:              Setup (Max at Slow Process Corner)
  Requirement:            10.000ns  (ap_clk rise@10.000ns - ap_clk rise@0.000ns)
  Data Path Delay:        19.318ns  (logic 12.484ns (64.624%)  route 6.834ns (35.376%))
  Logic Levels:           10  (CARRY4=2 DSP48E1=2 LUT2=1 LUT3=1 LUT5=2 LUT6=2)
  Clock Path Skew:        -0.049ns (DCD - SCD + CPR)
    Destination Clock Delay (DCD):    0.924ns = ( 10.924 - 10.000 ) 
    Source Clock Delay      (SCD):    0.973ns
    Clock Pessimism Removal (CPR):    0.000ns
  Clock Uncertainty:      0.035ns  ((TSJ^2 + TIJ^2)^1/2 + DJ) / 2 + PE
    Total System Jitter     (TSJ):    0.071ns
    Total Input Jitter      (TIJ):    0.000ns
    Discrete Jitter          (DJ):    0.000ns
    Phase Error              (PE):    0.000ns

    Location             Delay type                Incr(ns)  Path(ns)    Netlist Resource(s)
  -------------------------------------------------------------------    -------------------
                         (clock ap_clk rise edge)     0.000     0.000 r  
                                                      0.000     0.000 r  ap_clk (IN)
                         net (fo=3327, unset)         0.973     0.973    bd_0_i/hls_inst/inst/fadd_32ns_32ns_32_2_full_dsp_1_U2/ap_clk
    SLICE_X34Y28         FDRE                                         r  bd_0_i/hls_inst/inst/fadd_32ns_32ns_32_2_full_dsp_1_U2/din0_buf1_reg[24]/C
  -------------------------------------------------------------------    -------------------
    SLICE_X34Y28         FDRE (Prop_fdre_C_Q)         0.518     1.491 r  bd_0_i/hls_inst/inst/fadd_32ns_32ns_32_2_full_dsp_1_U2/din0_buf1_reg[24]/Q
                         net (fo=6, routed)           0.598     2.089    bd_0_wrapper/bd_0/bd_0_hls_inst_0/bd_0_hls_inst_0_gnss_correlator/bd_0_hls_inst_0_gnss_correlator_fadd_32ns_32ns_32_2_full_dsp_1/bd_0_hls_inst_0_gnss_correlator_fadd_32ns_32ns_32_2_full_dsp_1_ip/<hidden>/<hidden>/<hidden>/<hidden>/<hidden>
    SLICE_X35Y28         LUT2 (Prop_lut2_I1_O)        0.150     2.239 r  bd_0_wrapper/bd_0/bd_0_hls_inst_0/bd_0_hls_inst_0_gnss_correlator/bd_0_hls_inst_0_gnss_correlator_fadd_32ns_32ns_32_2_full_dsp_1/bd_0_hls_inst_0_gnss_correlator_fadd_32ns_32ns_32_2_full_dsp_1_ip/<hidden>/<hidden>/<hidden>/<hidden>/<hidden>
                         net (fo=1, routed)           0.307     2.545    bd_0_wrapper/bd_0/bd_0_hls_inst_0/bd_0_hls_inst_0_gnss_correlator/bd_0_hls_inst_0_gnss_correlator_fadd_32ns_32ns_32_2_full_dsp_1/bd_0_hls_inst_0_gnss_correlator_fadd_32ns_32ns_32_2_full_dsp_1_ip/<hidden>/<hidden>/<hidden>/<hidden>/<hidden>/<hidden>
    SLICE_X34Y29         CARRY4 (Prop_carry4_S[1]_O[3])
                                                      0.975     3.520 r  bd_0_wrapper/bd_0/bd_0_hls_inst_0/bd_0_hls_inst_0_gnss_correlator/bd_0_hls_inst_0_gnss_correlator_fadd_32ns_32ns_32_2_full_dsp_1/bd_0_hls_inst_0_gnss_correlator_fadd_32ns_32ns_32_2_full_dsp_1_ip/<hidden>/<hidden>/<hidden>/<hidden>/<hidden>/<hidden>
                         net (fo=20, routed)          1.061     4.582    bd_0_wrapper/bd_0/bd_0_hls_inst_0/bd_0_hls_inst_0_gnss_correlator/bd_0_hls_inst_0_gnss_correlator_fadd_32ns_32ns_32_2_full_dsp_1/bd_0_hls_inst_0_gnss_correlator_fadd_32ns_32ns_32_2_full_dsp_1_ip/<hidden>/<hidden>/<hidden>/<hidden>/<hidden>/<hidden>
    SLICE_X37Y29         LUT6 (Prop_lut6_I1_O)        0.307     4.889 r  bd_0_wrapper/bd_0/bd_0_hls_inst_0/bd_0_hls_inst_0_gnss_correlator/bd_0_hls_inst_0_gnss_correlator_fadd_32ns_32ns_32_2_full_dsp_1/bd_0_hls_inst_0_gnss_correlator_fadd_32ns_32ns_32_2_full_dsp_1_ip/<hidden>/<hidden>/<hidden>/<hidden>/<hidden>/<hidden>
                         net (fo=2, routed)           0.723     5.612    bd_0_wrapper/bd_0/bd_0_hls_inst_0/bd_0_hls_inst_0_gnss_correlator/bd_0_hls_inst_0_gnss_correlator_fadd_32ns_32ns_32_2_full_dsp_1/bd_0_hls_inst_0_gnss_correlator_fadd_32ns_32ns_32_2_full_dsp_1_ip/<hidden>/<hidden>/<hidden>/<hidden>/<hidden>/<hidden>
    DSP48_X2Y12          DSP48E1 (Prop_dsp48e1_INMODE[2]_PATTERNDETECT)
                                                      5.849    11.461 r  bd_0_wrapper/bd_0/bd_0_hls_inst_0/bd_0_hls_inst_0_gnss_correlator/bd_0_hls_inst_0_gnss_correlator_fadd_32ns_32ns_32_2_full_dsp_1/bd_0_hls_inst_0_gnss_correlator_fadd_32ns_32ns_32_2_full_dsp_1_ip/<hidden>/<hidden>/<hidden>/<hidden>/<hidden>/<hidden>
                         net (fo=54, routed)          0.875    12.336    bd_0_wrapper/bd_0/bd_0_hls_inst_0/bd_0_hls_inst_0_gnss_correlator/bd_0_hls_inst_0_gnss_correlator_fadd_32ns_32ns_32_2_full_dsp_1/bd_0_hls_inst_0_gnss_correlator_fadd_32ns_32ns_32_2_full_dsp_1_ip/<hidden>/<hidden>/<hidden>/<hidden>/<hidden>/<hidden>
    SLICE_X36Y31         LUT5 (Prop_lut5_I3_O)        0.124    12.460 r  bd_0_wrapper/bd_0/bd_0_hls_inst_0/bd_0_hls_inst_0_gnss_correlator/bd_0_hls_inst_0_gnss_correlator_fadd_32ns_32ns_32_2_full_dsp_1/bd_0_hls_inst_0_gnss_correlator_fadd_32ns_32ns_32_2_full_dsp_1_ip/<hidden>/<hidden>/<hidden>/<hidden>/<hidden>/<hidden>
                         net (fo=1, routed)           0.000    12.460    bd_0_wrapper/bd_0/bd_0_hls_inst_0/bd_0_hls_inst_0_gnss_correlator/bd_0_hls_inst_0_gnss_correlator_fadd_32ns_32ns_32_2_full_dsp_1/bd_0_hls_inst_0_gnss_correlator_fadd_32ns_32ns_32_2_full_dsp_1_ip/<hidden>/<hidden>/<hidden>/<hidden>/<hidden>/<hidden>
    SLICE_X36Y31         CARRY4 (Prop_carry4_S[1]_CO[3])
                                                      0.533    12.993 f  bd_0_wrapper/bd_0/bd_0_hls_inst_0/bd_0_hls_inst_0_gnss_correlator/bd_0_hls_inst_0_gnss_correlator_fadd_32ns_32ns_32_2_full_dsp_1/bd_0_hls_inst_0_gnss_correlator_fadd_32ns_32ns_32_2_full_dsp_1_ip/<hidden>/<hidden>/<hidden>/<hidden>/<hidden>/<hidden>
                         net (fo=12, routed)          1.222    14.215    bd_0_wrapper/bd_0/bd_0_hls_inst_0/bd_0_hls_inst_0_gnss_correlator/bd_0_hls_inst_0_gnss_correlator_fadd_32ns_32ns_32_2_full_dsp_1/bd_0_hls_inst_0_gnss_correlator_fadd_32ns_32ns_32_2_full_dsp_1_ip/<hidden>/<hidden>/<hidden>/<hidden>/<hidden>/<hidden>
    SLICE_X35Y31         LUT5 (Prop_lut5_I0_O)        0.124    14.339 r  bd_0_wrapper/bd_0/bd_0_hls_inst_0/bd_0_hls_inst_0_gnss_correlator/bd_0_hls_inst_0_gnss_correlator_fadd_32ns_32ns_32_2_full_dsp_1/bd_0_hls_inst_0_gnss_correlator_fadd_32ns_32ns_32_2_full_dsp_1_ip/<hidden>/<hidden>/<hidden>/<hidden>/<hidden>/<hidden>
                         net (fo=1, routed)           0.567    14.905    bd_0_wrapper/bd_0/bd_0_hls_inst_0/bd_0_hls_inst_0_gnss_correlator/bd_0_hls_inst_0_gnss_correlator_fadd_32ns_32ns_32_2_full_dsp_1/bd_0_hls_inst_0_gnss_correlator_fadd_32ns_32ns_32_2_full_dsp_1_ip/<hidden>/<hidden>/<hidden>/<hidden>/<hidden>/<hidden>
    DSP48_X2Y13          DSP48E1 (Prop_dsp48e1_B[6]_P[32])
                                                      3.656    18.561 r  bd_0_wrapper/bd_0/bd_0_hls_inst_0/bd_0_hls_inst_0_gnss_correlator/bd_0_hls_inst_0_gnss_correlator_fadd_32ns_32ns_32_2_full_dsp_1/bd_0_hls_inst_0_gnss_correlator_fadd_32ns_32ns_32_2_full_dsp_1_ip/<hidden>/<hidden>/<hidden>/<hidden>/<hidden>/<hidden>
                         net (fo=1, routed)           0.792    19.354    bd_0_wrapper/bd_0/bd_0_hls_inst_0/bd_0_hls_inst_0_gnss_correlator/bd_0_hls_inst_0_gnss_correlator_fadd_32ns_32ns_32_2_full_dsp_1/bd_0_hls_inst_0_gnss_correlator_fadd_32ns_32ns_32_2_full_dsp_1_ip/<hidden>/<hidden>/<hidden>/<hidden>/<hidden>/<hidden>
    SLICE_X38Y33         LUT6 (Prop_lut6_I0_O)        0.124    19.478 r  bd_0_wrapper/bd_0/bd_0_hls_inst_0/bd_0_hls_inst_0_gnss_correlator/bd_0_hls_inst_0_gnss_correlator_fadd_32ns_32ns_32_2_full_dsp_1/bd_0_hls_inst_0_gnss_correlator_fadd_32ns_32ns_32_2_full_dsp_1_ip/<hidden>/<hidden>/<hidden>/<hidden>/<hidden>/<hidden>
                         net (fo=3, routed)           0.336    19.813    bd_0_i/hls_inst/inst/fadd_32ns_32ns_32_2_full_dsp_1_U2/r_tdata[28]
    SLICE_X40Y33         LUT3 (Prop_lut3_I0_O)        0.124    19.937 r  bd_0_i/hls_inst/inst/fadd_32ns_32ns_32_2_full_dsp_1_U2/acc_I_fu_98[28]_i_1/O
                         net (fo=2, routed)           0.354    20.291    bd_0_i/hls_inst/inst/grp_fu_182_p2[28]
    SLICE_X36Y33         FDRE                                         r  bd_0_i/hls_inst/inst/acc_Q_fu_102_reg[28]/D
  -------------------------------------------------------------------    -------------------

                         (clock ap_clk rise edge)    10.000    10.000 r  
                                                      0.000    10.000 r  ap_clk (IN)
                         net (fo=3327, unset)         0.924    10.924    bd_0_i/hls_inst/inst/ap_clk
    SLICE_X36Y33         FDRE                                         r  bd_0_i/hls_inst/inst/acc_Q_fu_102_reg[28]/C
                         clock pessimism              0.000    10.924    
                         clock uncertainty           -0.035    10.889    
    SLICE_X36Y33         FDRE (Setup_fdre_C_D)       -0.016    10.873    bd_0_i/hls_inst/inst/acc_Q_fu_102_reg[28]
  -------------------------------------------------------------------
                         required time                         10.873    
                         arrival time                         -20.291    
  -------------------------------------------------------------------
                         slack                                 -9.418    

Slack (VIOLATED) :        -9.407ns  (required time - arrival time)
  Source:                 bd_0_i/hls_inst/inst/fadd_32ns_32ns_32_2_full_dsp_1_U2/din0_buf1_reg[24]/C
                            (rising edge-triggered cell FDRE clocked by ap_clk  {rise@0.000ns fall@5.000ns period=10.000ns})
  Destination:            bd_0_i/hls_inst/inst/fadd_32ns_32ns_32_2_full_dsp_1_U2/dout_r_reg[7]/D
                            (rising edge-triggered cell FDRE clocked by ap_clk  {rise@0.000ns fall@5.000ns period=10.000ns})
  Path Group:             ap_clk
  Path Type:              Setup (Max at Slow Process Corner)
  Requirement:            10.000ns  (ap_clk rise@10.000ns - ap_clk rise@0.000ns)
  Data Path Delay:        19.262ns  (logic 12.360ns (64.168%)  route 6.902ns (35.832%))
  Logic Levels:           9  (CARRY4=2 DSP48E1=2 LUT2=1 LUT5=2 LUT6=2)
  Clock Path Skew:        -0.049ns (DCD - SCD + CPR)
    Destination Clock Delay (DCD):    0.924ns = ( 10.924 - 10.000 ) 
    Source Clock Delay      (SCD):    0.973ns
    Clock Pessimism Removal (CPR):    0.000ns
  Clock Uncertainty:      0.035ns  ((TSJ^2 + TIJ^2)^1/2 + DJ) / 2 + PE
    Total System Jitter     (TSJ):    0.071ns
    Total Input Jitter      (TIJ):    0.000ns
    Discrete Jitter          (DJ):    0.000ns
    Phase Error              (PE):    0.000ns

    Location             Delay type                Incr(ns)  Path(ns)    Netlist Resource(s)
  -------------------------------------------------------------------    -------------------
                         (clock ap_clk rise edge)     0.000     0.000 r  
                                                      0.000     0.000 r  ap_clk (IN)
                         net (fo=3327, unset)         0.973     0.973    bd_0_i/hls_inst/inst/fadd_32ns_32ns_32_2_full_dsp_1_U2/ap_clk
    SLICE_X34Y28         FDRE                                         r  bd_0_i/hls_inst/inst/fadd_32ns_32ns_32_2_full_dsp_1_U2/din0_buf1_reg[24]/C
  -------------------------------------------------------------------    -------------------
    SLICE_X34Y28         FDRE (Prop_fdre_C_Q)         0.518     1.491 r  bd_0_i/hls_inst/inst/fadd_32ns_32ns_32_2_full_dsp_1_U2/din0_buf1_reg[24]/Q
                         net (fo=6, routed)           0.598     2.089    bd_0_wrapper/bd_0/bd_0_hls_inst_0/bd_0_hls_inst_0_gnss_correlator/bd_0_hls_inst_0_gnss_correlator_fadd_32ns_32ns_32_2_full_dsp_1/bd_0_hls_inst_0_gnss_correlator_fadd_32ns_32ns_32_2_full_dsp_1_ip/<hidden>/<hidden>/<hidden>/<hidden>/<hidden>
    SLICE_X35Y28         LUT2 (Prop_lut2_I1_O)        0.150     2.239 r  bd_0_wrapper/bd_0/bd_0_hls_inst_0/bd_0_hls_inst_0_gnss_correlator/bd_0_hls_inst_0_gnss_correlator_fadd_32ns_32ns_32_2_full_dsp_1/bd_0_hls_inst_0_gnss_correlator_fadd_32ns_32ns_32_2_full_dsp_1_ip/<hidden>/<hidden>/<hidden>/<hidden>/<hidden>
                         net (fo=1, routed)           0.307     2.545    bd_0_wrapper/bd_0/bd_0_hls_inst_0/bd_0_hls_inst_0_gnss_correlator/bd_0_hls_inst_0_gnss_correlator_fadd_32ns_32ns_32_2_full_dsp_1/bd_0_hls_inst_0_gnss_correlator_fadd_32ns_32ns_32_2_full_dsp_1_ip/<hidden>/<hidden>/<hidden>/<hidden>/<hidden>/<hidden>
    SLICE_X34Y29         CARRY4 (Prop_carry4_S[1]_O[3])
                                                      0.975     3.520 r  bd_0_wrapper/bd_0/bd_0_hls_inst_0/bd_0_hls_inst_0_gnss_correlator/bd_0_hls_inst_0_gnss_correlator_fadd_32ns_32ns_32_2_full_dsp_1/bd_0_hls_inst_0_gnss_correlator_fadd_32ns_32ns_32_2_full_dsp_1_ip/<hidden>/<hidden>/<hidden>/<hidden>/<hidden>/<hidden>
                         net (fo=20, routed)          1.061     4.582    bd_0_wrapper/bd_0/bd_0_hls_inst_0/bd_0_hls_inst_0_gnss_correlator/bd_0_hls_inst_0_gnss_correlator_fadd_32ns_32ns_32_2_full_dsp_1/bd_0_hls_inst_0_gnss_correlator_fadd_32ns_32ns_32_2_full_dsp_1_ip/<hidden>/<hidden>/<hidden>/<hidden>/<hidden>/<hidden>
    SLICE_X37Y29         LUT6 (Prop_lut6_I1_O)        0.307     4.889 r  bd_0_wrapper/bd_0/bd_0_hls_inst_0/bd_0_hls_inst_0_gnss_correlator/bd_0_hls_inst_0_gnss_correlator_fadd_32ns_32ns_32_2_full_dsp_1/bd_0_hls_inst_0_gnss_correlator_fadd_32ns_32ns_32_2_full_dsp_1_ip/<hidden>/<hidden>/<hidden>/<hidden>/<hidden>/<hidden>
                         net (fo=2, routed)           0.723     5.612    bd_0_wrapper/bd_0/bd_0_hls_inst_0/bd_0_hls_inst_0_gnss_correlator/bd_0_hls_inst_0_gnss_correlator_fadd_32ns_32ns_32_2_full_dsp_1/bd_0_hls_inst_0_gnss_correlator_fadd_32ns_32ns_32_2_full_dsp_1_ip/<hidden>/<hidden>/<hidden>/<hidden>/<hidden>/<hidden>
    DSP48_X2Y12          DSP48E1 (Prop_dsp48e1_INMODE[2]_PATTERNDETECT)
                                                      5.849    11.461 r  bd_0_wrapper/bd_0/bd_0_hls_inst_0/bd_0_hls_inst_0_gnss_correlator/bd_0_hls_inst_0_gnss_correlator_fadd_32ns_32ns_32_2_full_dsp_1/bd_0_hls_inst_0_gnss_correlator_fadd_32ns_32ns_32_2_full_dsp_1_ip/<hidden>/<hidden>/<hidden>/<hidden>/<hidden>/<hidden>
                         net (fo=54, routed)          0.875    12.336    bd_0_wrapper/bd_0/bd_0_hls_inst_0/bd_0_hls_inst_0_gnss_correlator/bd_0_hls_inst_0_gnss_correlator_fadd_32ns_32ns_32_2_full_dsp_1/bd_0_hls_inst_0_gnss_correlator_fadd_32ns_32ns_32_2_full_dsp_1_ip/<hidden>/<hidden>/<hidden>/<hidden>/<hidden>/<hidden>
    SLICE_X36Y31         LUT5 (Prop_lut5_I3_O)        0.124    12.460 r  bd_0_wrapper/bd_0/bd_0_hls_inst_0/bd_0_hls_inst_0_gnss_correlator/bd_0_hls_inst_0_gnss_correlator_fadd_32ns_32ns_32_2_full_dsp_1/bd_0_hls_inst_0_gnss_correlator_fadd_32ns_32ns_32_2_full_dsp_1_ip/<hidden>/<hidden>/<hidden>/<hidden>/<hidden>/<hidden>
                         net (fo=1, routed)           0.000    12.460    bd_0_wrapper/bd_0/bd_0_hls_inst_0/bd_0_hls_inst_0_gnss_correlator/bd_0_hls_inst_0_gnss_correlator_fadd_32ns_32ns_32_2_full_dsp_1/bd_0_hls_inst_0_gnss_correlator_fadd_32ns_32ns_32_2_full_dsp_1_ip/<hidden>/<hidden>/<hidden>/<hidden>/<hidden>/<hidden>
    SLICE_X36Y31         CARRY4 (Prop_carry4_S[1]_CO[3])
                                                      0.533    12.993 f  bd_0_wrapper/bd_0/bd_0_hls_inst_0/bd_0_hls_inst_0_gnss_correlator/bd_0_hls_inst_0_gnss_correlator_fadd_32ns_32ns_32_2_full_dsp_1/bd_0_hls_inst_0_gnss_correlator_fadd_32ns_32ns_32_2_full_dsp_1_ip/<hidden>/<hidden>/<hidden>/<hidden>/<hidden>/<hidden>
                         net (fo=12, routed)          1.222    14.215    bd_0_wrapper/bd_0/bd_0_hls_inst_0/bd_0_hls_inst_0_gnss_correlator/bd_0_hls_inst_0_gnss_correlator_fadd_32ns_32ns_32_2_full_dsp_1/bd_0_hls_inst_0_gnss_correlator_fadd_32ns_32ns_32_2_full_dsp_1_ip/<hidden>/<hidden>/<hidden>/<hidden>/<hidden>/<hidden>
    SLICE_X35Y31         LUT5 (Prop_lut5_I0_O)        0.124    14.339 r  bd_0_wrapper/bd_0/bd_0_hls_inst_0/bd_0_hls_inst_0_gnss_correlator/bd_0_hls_inst_0_gnss_correlator_fadd_32ns_32ns_32_2_full_dsp_1/bd_0_hls_inst_0_gnss_correlator_fadd_32ns_32ns_32_2_full_dsp_1_ip/<hidden>/<hidden>/<hidden>/<hidden>/<hidden>/<hidden>
                         net (fo=1, routed)           0.567    14.905    bd_0_wrapper/bd_0/bd_0_hls_inst_0/bd_0_hls_inst_0_gnss_correlator/bd_0_hls_inst_0_gnss_correlator_fadd_32ns_32ns_32_2_full_dsp_1/bd_0_hls_inst_0_gnss_correlator_fadd_32ns_32ns_32_2_full_dsp_1_ip/<hidden>/<hidden>/<hidden>/<hidden>/<hidden>/<hidden>
    DSP48_X2Y13          DSP48E1 (Prop_dsp48e1_B[6]_P[9])
                                                      3.656    18.561 r  bd_0_wrapper/bd_0/bd_0_hls_inst_0/bd_0_hls_inst_0_gnss_correlator/bd_0_hls_inst_0_gnss_correlator_fadd_32ns_32ns_32_2_full_dsp_1/bd_0_hls_inst_0_gnss_correlator_fadd_32ns_32ns_32_2_full_dsp_1_ip/<hidden>/<hidden>/<hidden>/<hidden>/<hidden>/<hidden>
                         net (fo=2, routed)           1.039    19.600    bd_0_wrapper/bd_0/bd_0_hls_inst_0/bd_0_hls_inst_0_gnss_correlator/bd_0_hls_inst_0_gnss_correlator_fadd_32ns_32ns_32_2_full_dsp_1/bd_0_hls_inst_0_gnss_correlator_fadd_32ns_32ns_32_2_full_dsp_1_ip/<hidden>/<hidden>/<hidden>/<hidden>/<hidden>/<hidden>
    SLICE_X37Y33         LUT6 (Prop_lut6_I0_O)        0.124    19.724 r  bd_0_wrapper/bd_0/bd_0_hls_inst_0/bd_0_hls_inst_0_gnss_correlator/bd_0_hls_inst_0_gnss_correlator_fadd_32ns_32ns_32_2_full_dsp_1/bd_0_hls_inst_0_gnss_correlator_fadd_32ns_32ns_32_2_full_dsp_1_ip/<hidden>/<hidden>/<hidden>/<hidden>/<hidden>/<hidden>
                         net (fo=2, routed)           0.510    20.235    bd_0_i/hls_inst/inst/fadd_32ns_32ns_32_2_full_dsp_1_U2/r_tdata[7]
    SLICE_X41Y31         FDRE                                         r  bd_0_i/hls_inst/inst/fadd_32ns_32ns_32_2_full_dsp_1_U2/dout_r_reg[7]/D
  -------------------------------------------------------------------    -------------------

                         (clock ap_clk rise edge)    10.000    10.000 r  
                                                      0.000    10.000 r  ap_clk (IN)
                         net (fo=3327, unset)         0.924    10.924    bd_0_i/hls_inst/inst/fadd_32ns_32ns_32_2_full_dsp_1_U2/ap_clk
    SLICE_X41Y31         FDRE                                         r  bd_0_i/hls_inst/inst/fadd_32ns_32ns_32_2_full_dsp_1_U2/dout_r_reg[7]/C
                         clock pessimism              0.000    10.924    
                         clock uncertainty           -0.035    10.889    
    SLICE_X41Y31         FDRE (Setup_fdre_C_D)       -0.061    10.828    bd_0_i/hls_inst/inst/fadd_32ns_32ns_32_2_full_dsp_1_U2/dout_r_reg[7]
  -------------------------------------------------------------------
                         required time                         10.828    
                         arrival time                         -20.235    
  -------------------------------------------------------------------
                         slack                                 -9.407    

Slack (VIOLATED) :        -9.405ns  (required time - arrival time)
  Source:                 bd_0_i/hls_inst/inst/fadd_32ns_32ns_32_2_full_dsp_1_U2/din0_buf1_reg[24]/C
                            (rising edge-triggered cell FDRE clocked by ap_clk  {rise@0.000ns fall@5.000ns period=10.000ns})
  Destination:            bd_0_i/hls_inst/inst/acc_Q_fu_102_reg[13]/D
                            (rising edge-triggered cell FDRE clocked by ap_clk  {rise@0.000ns fall@5.000ns period=10.000ns})
  Path Group:             ap_clk
  Path Type:              Setup (Max at Slow Process Corner)
  Requirement:            10.000ns  (ap_clk rise@10.000ns - ap_clk rise@0.000ns)
  Data Path Delay:        19.274ns  (logic 12.484ns (64.772%)  route 6.790ns (35.228%))
  Logic Levels:           10  (CARRY4=2 DSP48E1=2 LUT2=1 LUT3=1 LUT5=2 LUT6=2)
  Clock Path Skew:        -0.049ns (DCD - SCD + CPR)
    Destination Clock Delay (DCD):    0.924ns = ( 10.924 - 10.000 ) 
    Source Clock Delay      (SCD):    0.973ns
    Clock Pessimism Removal (CPR):    0.000ns
  Clock Uncertainty:      0.035ns  ((TSJ^2 + TIJ^2)^1/2 + DJ) / 2 + PE
    Total System Jitter     (TSJ):    0.071ns
    Total Input Jitter      (TIJ):    0.000ns
    Discrete Jitter          (DJ):    0.000ns
    Phase Error              (PE):    0.000ns

    Location             Delay type                Incr(ns)  Path(ns)    Netlist Resource(s)
  -------------------------------------------------------------------    -------------------
                         (clock ap_clk rise edge)     0.000     0.000 r  
                                                      0.000     0.000 r  ap_clk (IN)
                         net (fo=3327, unset)         0.973     0.973    bd_0_i/hls_inst/inst/fadd_32ns_32ns_32_2_full_dsp_1_U2/ap_clk
    SLICE_X34Y28         FDRE                                         r  bd_0_i/hls_inst/inst/fadd_32ns_32ns_32_2_full_dsp_1_U2/din0_buf1_reg[24]/C
  -------------------------------------------------------------------    -------------------
    SLICE_X34Y28         FDRE (Prop_fdre_C_Q)         0.518     1.491 r  bd_0_i/hls_inst/inst/fadd_32ns_32ns_32_2_full_dsp_1_U2/din0_buf1_reg[24]/Q
                         net (fo=6, routed)           0.598     2.089    bd_0_wrapper/bd_0/bd_0_hls_inst_0/bd_0_hls_inst_0_gnss_correlator/bd_0_hls_inst_0_gnss_correlator_fadd_32ns_32ns_32_2_full_dsp_1/bd_0_hls_inst_0_gnss_correlator_fadd_32ns_32ns_32_2_full_dsp_1_ip/<hidden>/<hidden>/<hidden>/<hidden>/<hidden>
    SLICE_X35Y28         LUT2 (Prop_lut2_I1_O)        0.150     2.239 r  bd_0_wrapper/bd_0/bd_0_hls_inst_0/bd_0_hls_inst_0_gnss_correlator/bd_0_hls_inst_0_gnss_correlator_fadd_32ns_32ns_32_2_full_dsp_1/bd_0_hls_inst_0_gnss_correlator_fadd_32ns_32ns_32_2_full_dsp_1_ip/<hidden>/<hidden>/<hidden>/<hidden>/<hidden>
                         net (fo=1, routed)           0.307     2.545    bd_0_wrapper/bd_0/bd_0_hls_inst_0/bd_0_hls_inst_0_gnss_correlator/bd_0_hls_inst_0_gnss_correlator_fadd_32ns_32ns_32_2_full_dsp_1/bd_0_hls_inst_0_gnss_correlator_fadd_32ns_32ns_32_2_full_dsp_1_ip/<hidden>/<hidden>/<hidden>/<hidden>/<hidden>/<hidden>
    SLICE_X34Y29         CARRY4 (Prop_carry4_S[1]_O[3])
                                                      0.975     3.520 r  bd_0_wrapper/bd_0/bd_0_hls_inst_0/bd_0_hls_inst_0_gnss_correlator/bd_0_hls_inst_0_gnss_correlator_fadd_32ns_32ns_32_2_full_dsp_1/bd_0_hls_inst_0_gnss_correlator_fadd_32ns_32ns_32_2_full_dsp_1_ip/<hidden>/<hidden>/<hidden>/<hidden>/<hidden>/<hidden>
                         net (fo=20, routed)          1.061     4.582    bd_0_wrapper/bd_0/bd_0_hls_inst_0/bd_0_hls_inst_0_gnss_correlator/bd_0_hls_inst_0_gnss_correlator_fadd_32ns_32ns_32_2_full_dsp_1/bd_0_hls_inst_0_gnss_correlator_fadd_32ns_32ns_32_2_full_dsp_1_ip/<hidden>/<hidden>/<hidden>/<hidden>/<hidden>/<hidden>
    SLICE_X37Y29         LUT6 (Prop_lut6_I1_O)        0.307     4.889 r  bd_0_wrapper/bd_0/bd_0_hls_inst_0/bd_0_hls_inst_0_gnss_correlator/bd_0_hls_inst_0_gnss_correlator_fadd_32ns_32ns_32_2_full_dsp_1/bd_0_hls_inst_0_gnss_correlator_fadd_32ns_32ns_32_2_full_dsp_1_ip/<hidden>/<hidden>/<hidden>/<hidden>/<hidden>/<hidden>
                         net (fo=2, routed)           0.723     5.612    bd_0_wrapper/bd_0/bd_0_hls_inst_0/bd_0_hls_inst_0_gnss_correlator/bd_0_hls_inst_0_gnss_correlator_fadd_32ns_32ns_32_2_full_dsp_1/bd_0_hls_inst_0_gnss_correlator_fadd_32ns_32ns_32_2_full_dsp_1_ip/<hidden>/<hidden>/<hidden>/<hidden>/<hidden>/<hidden>
    DSP48_X2Y12          DSP48E1 (Prop_dsp48e1_INMODE[2]_PATTERNDETECT)
                                                      5.849    11.461 r  bd_0_wrapper/bd_0/bd_0_hls_inst_0/bd_0_hls_inst_0_gnss_correlator/bd_0_hls_inst_0_gnss_correlator_fadd_32ns_32ns_32_2_full_dsp_1/bd_0_hls_inst_0_gnss_correlator_fadd_32ns_32ns_32_2_full_dsp_1_ip/<hidden>/<hidden>/<hidden>/<hidden>/<hidden>/<hidden>
                         net (fo=54, routed)          0.875    12.336    bd_0_wrapper/bd_0/bd_0_hls_inst_0/bd_0_hls_inst_0_gnss_correlator/bd_0_hls_inst_0_gnss_correlator_fadd_32ns_32ns_32_2_full_dsp_1/bd_0_hls_inst_0_gnss_correlator_fadd_32ns_32ns_32_2_full_dsp_1_ip/<hidden>/<hidden>/<hidden>/<hidden>/<hidden>/<hidden>
    SLICE_X36Y31         LUT5 (Prop_lut5_I3_O)        0.124    12.460 r  bd_0_wrapper/bd_0/bd_0_hls_inst_0/bd_0_hls_inst_0_gnss_correlator/bd_0_hls_inst_0_gnss_correlator_fadd_32ns_32ns_32_2_full_dsp_1/bd_0_hls_inst_0_gnss_correlator_fadd_32ns_32ns_32_2_full_dsp_1_ip/<hidden>/<hidden>/<hidden>/<hidden>/<hidden>/<hidden>
                         net (fo=1, routed)           0.000    12.460    bd_0_wrapper/bd_0/bd_0_hls_inst_0/bd_0_hls_inst_0_gnss_correlator/bd_0_hls_inst_0_gnss_correlator_fadd_32ns_32ns_32_2_full_dsp_1/bd_0_hls_inst_0_gnss_correlator_fadd_32ns_32ns_32_2_full_dsp_1_ip/<hidden>/<hidden>/<hidden>/<hidden>/<hidden>/<hidden>
    SLICE_X36Y31         CARRY4 (Prop_carry4_S[1]_CO[3])
                                                      0.533    12.993 f  bd_0_wrapper/bd_0/bd_0_hls_inst_0/bd_0_hls_inst_0_gnss_correlator/bd_0_hls_inst_0_gnss_correlator_fadd_32ns_32ns_32_2_full_dsp_1/bd_0_hls_inst_0_gnss_correlator_fadd_32ns_32ns_32_2_full_dsp_1_ip/<hidden>/<hidden>/<hidden>/<hidden>/<hidden>/<hidden>
                         net (fo=12, routed)          1.222    14.215    bd_0_wrapper/bd_0/bd_0_hls_inst_0/bd_0_hls_inst_0_gnss_correlator/bd_0_hls_inst_0_gnss_correlator_fadd_32ns_32ns_32_2_full_dsp_1/bd_0_hls_inst_0_gnss_correlator_fadd_32ns_32ns_32_2_full_dsp_1_ip/<hidden>/<hidden>/<hidden>/<hidden>/<hidden>/<hidden>
    SLICE_X35Y31         LUT5 (Prop_lut5_I0_O)        0.124    14.339 r  bd_0_wrapper/bd_0/bd_0_hls_inst_0/bd_0_hls_inst_0_gnss_correlator/bd_0_hls_inst_0_gnss_correlator_fadd_32ns_32ns_32_2_full_dsp_1/bd_0_hls_inst_0_gnss_correlator_fadd_32ns_32ns_32_2_full_dsp_1_ip/<hidden>/<hidden>/<hidden>/<hidden>/<hidden>/<hidden>
                         net (fo=1, routed)           0.567    14.905    bd_0_wrapper/bd_0/bd_0_hls_inst_0/bd_0_hls_inst_0_gnss_correlator/bd_0_hls_inst_0_gnss_correlator_fadd_32ns_32ns_32_2_full_dsp_1/bd_0_hls_inst_0_gnss_correlator_fadd_32ns_32ns_32_2_full_dsp_1_ip/<hidden>/<hidden>/<hidden>/<hidden>/<hidden>/<hidden>
    DSP48_X2Y13          DSP48E1 (Prop_dsp48e1_B[6]_P[15])
                                                      3.656    18.561 r  bd_0_wrapper/bd_0/bd_0_hls_inst_0/bd_0_hls_inst_0_gnss_correlator/bd_0_hls_inst_0_gnss_correlator_fadd_32ns_32ns_32_2_full_dsp_1/bd_0_hls_inst_0_gnss_correlator_fadd_32ns_32ns_32_2_full_dsp_1_ip/<hidden>/<hidden>/<hidden>/<hidden>/<hidden>/<hidden>
                         net (fo=1, routed)           0.758    19.320    bd_0_wrapper/bd_0/bd_0_hls_inst_0/bd_0_hls_inst_0_gnss_correlator/bd_0_hls_inst_0_gnss_correlator_fadd_32ns_32ns_32_2_full_dsp_1/bd_0_hls_inst_0_gnss_correlator_fadd_32ns_32ns_32_2_full_dsp_1_ip/<hidden>/<hidden>/<hidden>/<hidden>/<hidden>/<hidden>
    SLICE_X39Y33         LUT6 (Prop_lut6_I0_O)        0.124    19.444 r  bd_0_wrapper/bd_0/bd_0_hls_inst_0/bd_0_hls_inst_0_gnss_correlator/bd_0_hls_inst_0_gnss_correlator_fadd_32ns_32ns_32_2_full_dsp_1/bd_0_hls_inst_0_gnss_correlator_fadd_32ns_32ns_32_2_full_dsp_1_ip/<hidden>/<hidden>/<hidden>/<hidden>/<hidden>/<hidden>
                         net (fo=3, routed)           0.346    19.790    bd_0_i/hls_inst/inst/fadd_32ns_32ns_32_2_full_dsp_1_U2/r_tdata[13]
    SLICE_X40Y32         LUT3 (Prop_lut3_I0_O)        0.124    19.914 r  bd_0_i/hls_inst/inst/fadd_32ns_32ns_32_2_full_dsp_1_U2/acc_I_fu_98[13]_i_1/O
                         net (fo=2, routed)           0.333    20.247    bd_0_i/hls_inst/inst/grp_fu_182_p2[13]
    SLICE_X43Y33         FDRE                                         r  bd_0_i/hls_inst/inst/acc_Q_fu_102_reg[13]/D
  -------------------------------------------------------------------    -------------------

                         (clock ap_clk rise edge)    10.000    10.000 r  
                                                      0.000    10.000 r  ap_clk (IN)
                         net (fo=3327, unset)         0.924    10.924    bd_0_i/hls_inst/inst/ap_clk
    SLICE_X43Y33         FDRE                                         r  bd_0_i/hls_inst/inst/acc_Q_fu_102_reg[13]/C
                         clock pessimism              0.000    10.924    
                         clock uncertainty           -0.035    10.889    
    SLICE_X43Y33         FDRE (Setup_fdre_C_D)       -0.047    10.842    bd_0_i/hls_inst/inst/acc_Q_fu_102_reg[13]
  -------------------------------------------------------------------
                         required time                         10.842    
                         arrival time                         -20.247    
  -------------------------------------------------------------------
                         slack                                 -9.405    

Slack (VIOLATED) :        -9.399ns  (required time - arrival time)
  Source:                 bd_0_i/hls_inst/inst/fadd_32ns_32ns_32_2_full_dsp_1_U2/din0_buf1_reg[24]/C
                            (rising edge-triggered cell FDRE clocked by ap_clk  {rise@0.000ns fall@5.000ns period=10.000ns})
  Destination:            bd_0_i/hls_inst/inst/control_s_axi_U/int_corr_Q_reg[22]/D
                            (rising edge-triggered cell FDRE clocked by ap_clk  {rise@0.000ns fall@5.000ns period=10.000ns})
  Path Group:             ap_clk
  Path Type:              Setup (Max at Slow Process Corner)
  Requirement:            10.000ns  (ap_clk rise@10.000ns - ap_clk rise@0.000ns)
  Data Path Delay:        19.396ns  (logic 12.484ns (64.364%)  route 6.912ns (35.636%))
  Logic Levels:           10  (CARRY4=2 DSP48E1=2 LUT2=1 LUT5=2 LUT6=3)
  Clock Path Skew:        -0.049ns (DCD - SCD + CPR)
    Destination Clock Delay (DCD):    0.924ns = ( 10.924 - 10.000 ) 
    Source Clock Delay      (SCD):    0.973ns
    Clock Pessimism Removal (CPR):    0.000ns
  Clock Uncertainty:      0.035ns  ((TSJ^2 + TIJ^2)^1/2 + DJ) / 2 + PE
    Total System Jitter     (TSJ):    0.071ns
    Total Input Jitter      (TIJ):    0.000ns
    Discrete Jitter          (DJ):    0.000ns
    Phase Error              (PE):    0.000ns

    Location             Delay type                Incr(ns)  Path(ns)    Netlist Resource(s)
  -------------------------------------------------------------------    -------------------
                         (clock ap_clk rise edge)     0.000     0.000 r  
                                                      0.000     0.000 r  ap_clk (IN)
                         net (fo=3327, unset)         0.973     0.973    bd_0_i/hls_inst/inst/fadd_32ns_32ns_32_2_full_dsp_1_U2/ap_clk
    SLICE_X34Y28         FDRE                                         r  bd_0_i/hls_inst/inst/fadd_32ns_32ns_32_2_full_dsp_1_U2/din0_buf1_reg[24]/C
  -------------------------------------------------------------------    -------------------
    SLICE_X34Y28         FDRE (Prop_fdre_C_Q)         0.518     1.491 r  bd_0_i/hls_inst/inst/fadd_32ns_32ns_32_2_full_dsp_1_U2/din0_buf1_reg[24]/Q
                         net (fo=6, routed)           0.598     2.089    bd_0_wrapper/bd_0/bd_0_hls_inst_0/bd_0_hls_inst_0_gnss_correlator/bd_0_hls_inst_0_gnss_correlator_fadd_32ns_32ns_32_2_full_dsp_1/bd_0_hls_inst_0_gnss_correlator_fadd_32ns_32ns_32_2_full_dsp_1_ip/<hidden>/<hidden>/<hidden>/<hidden>/<hidden>
    SLICE_X35Y28         LUT2 (Prop_lut2_I1_O)        0.150     2.239 r  bd_0_wrapper/bd_0/bd_0_hls_inst_0/bd_0_hls_inst_0_gnss_correlator/bd_0_hls_inst_0_gnss_correlator_fadd_32ns_32ns_32_2_full_dsp_1/bd_0_hls_inst_0_gnss_correlator_fadd_32ns_32ns_32_2_full_dsp_1_ip/<hidden>/<hidden>/<hidden>/<hidden>/<hidden>
                         net (fo=1, routed)           0.307     2.545    bd_0_wrapper/bd_0/bd_0_hls_inst_0/bd_0_hls_inst_0_gnss_correlator/bd_0_hls_inst_0_gnss_correlator_fadd_32ns_32ns_32_2_full_dsp_1/bd_0_hls_inst_0_gnss_correlator_fadd_32ns_32ns_32_2_full_dsp_1_ip/<hidden>/<hidden>/<hidden>/<hidden>/<hidden>/<hidden>
    SLICE_X34Y29         CARRY4 (Prop_carry4_S[1]_O[3])
                                                      0.975     3.520 r  bd_0_wrapper/bd_0/bd_0_hls_inst_0/bd_0_hls_inst_0_gnss_correlator/bd_0_hls_inst_0_gnss_correlator_fadd_32ns_32ns_32_2_full_dsp_1/bd_0_hls_inst_0_gnss_correlator_fadd_32ns_32ns_32_2_full_dsp_1_ip/<hidden>/<hidden>/<hidden>/<hidden>/<hidden>/<hidden>
                         net (fo=20, routed)          1.061     4.582    bd_0_wrapper/bd_0/bd_0_hls_inst_0/bd_0_hls_inst_0_gnss_correlator/bd_0_hls_inst_0_gnss_correlator_fadd_32ns_32ns_32_2_full_dsp_1/bd_0_hls_inst_0_gnss_correlator_fadd_32ns_32ns_32_2_full_dsp_1_ip/<hidden>/<hidden>/<hidden>/<hidden>/<hidden>/<hidden>
    SLICE_X37Y29         LUT6 (Prop_lut6_I1_O)        0.307     4.889 r  bd_0_wrapper/bd_0/bd_0_hls_inst_0/bd_0_hls_inst_0_gnss_correlator/bd_0_hls_inst_0_gnss_correlator_fadd_32ns_32ns_32_2_full_dsp_1/bd_0_hls_inst_0_gnss_correlator_fadd_32ns_32ns_32_2_full_dsp_1_ip/<hidden>/<hidden>/<hidden>/<hidden>/<hidden>/<hidden>
                         net (fo=2, routed)           0.723     5.612    bd_0_wrapper/bd_0/bd_0_hls_inst_0/bd_0_hls_inst_0_gnss_correlator/bd_0_hls_inst_0_gnss_correlator_fadd_32ns_32ns_32_2_full_dsp_1/bd_0_hls_inst_0_gnss_correlator_fadd_32ns_32ns_32_2_full_dsp_1_ip/<hidden>/<hidden>/<hidden>/<hidden>/<hidden>/<hidden>
    DSP48_X2Y12          DSP48E1 (Prop_dsp48e1_INMODE[2]_PATTERNDETECT)
                                                      5.849    11.461 r  bd_0_wrapper/bd_0/bd_0_hls_inst_0/bd_0_hls_inst_0_gnss_correlator/bd_0_hls_inst_0_gnss_correlator_fadd_32ns_32ns_32_2_full_dsp_1/bd_0_hls_inst_0_gnss_correlator_fadd_32ns_32ns_32_2_full_dsp_1_ip/<hidden>/<hidden>/<hidden>/<hidden>/<hidden>/<hidden>
                         net (fo=54, routed)          0.875    12.336    bd_0_wrapper/bd_0/bd_0_hls_inst_0/bd_0_hls_inst_0_gnss_correlator/bd_0_hls_inst_0_gnss_correlator_fadd_32ns_32ns_32_2_full_dsp_1/bd_0_hls_inst_0_gnss_correlator_fadd_32ns_32ns_32_2_full_dsp_1_ip/<hidden>/<hidden>/<hidden>/<hidden>/<hidden>/<hidden>
    SLICE_X36Y31         LUT5 (Prop_lut5_I3_O)        0.124    12.460 r  bd_0_wrapper/bd_0/bd_0_hls_inst_0/bd_0_hls_inst_0_gnss_correlator/bd_0_hls_inst_0_gnss_correlator_fadd_32ns_32ns_32_2_full_dsp_1/bd_0_hls_inst_0_gnss_correlator_fadd_32ns_32ns_32_2_full_dsp_1_ip/<hidden>/<hidden>/<hidden>/<hidden>/<hidden>/<hidden>
                         net (fo=1, routed)           0.000    12.460    bd_0_wrapper/bd_0/bd_0_hls_inst_0/bd_0_hls_inst_0_gnss_correlator/bd_0_hls_inst_0_gnss_correlator_fadd_32ns_32ns_32_2_full_dsp_1/bd_0_hls_inst_0_gnss_correlator_fadd_32ns_32ns_32_2_full_dsp_1_ip/<hidden>/<hidden>/<hidden>/<hidden>/<hidden>/<hidden>
    SLICE_X36Y31         CARRY4 (Prop_carry4_S[1]_CO[3])
                                                      0.533    12.993 f  bd_0_wrapper/bd_0/bd_0_hls_inst_0/bd_0_hls_inst_0_gnss_correlator/bd_0_hls_inst_0_gnss_correlator_fadd_32ns_32ns_32_2_full_dsp_1/bd_0_hls_inst_0_gnss_correlator_fadd_32ns_32ns_32_2_full_dsp_1_ip/<hidden>/<hidden>/<hidden>/<hidden>/<hidden>/<hidden>
                         net (fo=12, routed)          1.222    14.215    bd_0_wrapper/bd_0/bd_0_hls_inst_0/bd_0_hls_inst_0_gnss_correlator/bd_0_hls_inst_0_gnss_correlator_fadd_32ns_32ns_32_2_full_dsp_1/bd_0_hls_inst_0_gnss_correlator_fadd_32ns_32ns_32_2_full_dsp_1_ip/<hidden>/<hidden>/<hidden>/<hidden>/<hidden>/<hidden>
    SLICE_X35Y31         LUT5 (Prop_lut5_I0_O)        0.124    14.339 r  bd_0_wrapper/bd_0/bd_0_hls_inst_0/bd_0_hls_inst_0_gnss_correlator/bd_0_hls_inst_0_gnss_correlator_fadd_32ns_32ns_32_2_full_dsp_1/bd_0_hls_inst_0_gnss_correlator_fadd_32ns_32ns_32_2_full_dsp_1_ip/<hidden>/<hidden>/<hidden>/<hidden>/<hidden>/<hidden>
                         net (fo=1, routed)           0.567    14.905    bd_0_wrapper/bd_0/bd_0_hls_inst_0/bd_0_hls_inst_0_gnss_correlator/bd_0_hls_inst_0_gnss_correlator_fadd_32ns_32ns_32_2_full_dsp_1/bd_0_hls_inst_0_gnss_correlator_fadd_32ns_32ns_32_2_full_dsp_1_ip/<hidden>/<hidden>/<hidden>/<hidden>/<hidden>/<hidden>
    DSP48_X2Y13          DSP48E1 (Prop_dsp48e1_B[6]_P[24])
                                                      3.656    18.561 r  bd_0_wrapper/bd_0/bd_0_hls_inst_0/bd_0_hls_inst_0_gnss_correlator/bd_0_hls_inst_0_gnss_correlator_fadd_32ns_32ns_32_2_full_dsp_1/bd_0_hls_inst_0_gnss_correlator_fadd_32ns_32ns_32_2_full_dsp_1_ip/<hidden>/<hidden>/<hidden>/<hidden>/<hidden>/<hidden>
                         net (fo=2, routed)           1.030    19.591    bd_0_wrapper/bd_0/bd_0_hls_inst_0/bd_0_hls_inst_0_gnss_correlator/bd_0_hls_inst_0_gnss_correlator_fadd_32ns_32ns_32_2_full_dsp_1/bd_0_hls_inst_0_gnss_correlator_fadd_32ns_32ns_32_2_full_dsp_1_ip/<hidden>/<hidden>/<hidden>/<hidden>/<hidden>/<hidden>
    SLICE_X39Y31         LUT6 (Prop_lut6_I0_O)        0.124    19.715 r  bd_0_wrapper/bd_0/bd_0_hls_inst_0/bd_0_hls_inst_0_gnss_correlator/bd_0_hls_inst_0_gnss_correlator_fadd_32ns_32ns_32_2_full_dsp_1/bd_0_hls_inst_0_gnss_correlator_fadd_32ns_32ns_32_2_full_dsp_1_ip/<hidden>/<hidden>/<hidden>/<hidden>/<hidden>/<hidden>
                         net (fo=2, routed)           0.530    20.245    bd_0_i/hls_inst/inst/fadd_32ns_32ns_32_2_full_dsp_1_U2/r_tdata[22]
    SLICE_X38Y31         LUT6 (Prop_lut6_I0_O)        0.124    20.369 r  bd_0_i/hls_inst/inst/fadd_32ns_32ns_32_2_full_dsp_1_U2/int_corr_Q[22]_i_1/O
                         net (fo=1, routed)           0.000    20.369    bd_0_i/hls_inst/inst/control_s_axi_U/corr_Q[22]
    SLICE_X38Y31         FDRE                                         r  bd_0_i/hls_inst/inst/control_s_axi_U/int_corr_Q_reg[22]/D
  -------------------------------------------------------------------    -------------------

                         (clock ap_clk rise edge)    10.000    10.000 r  
                                                      0.000    10.000 r  ap_clk (IN)
                         net (fo=3327, unset)         0.924    10.924    bd_0_i/hls_inst/inst/control_s_axi_U/ap_clk
    SLICE_X38Y31         FDRE                                         r  bd_0_i/hls_inst/inst/control_s_axi_U/int_corr_Q_reg[22]/C
                         clock pessimism              0.000    10.924    
                         clock uncertainty           -0.035    10.889    
    SLICE_X38Y31         FDRE (Setup_fdre_C_D)        0.081    10.970    bd_0_i/hls_inst/inst/control_s_axi_U/int_corr_Q_reg[22]
  -------------------------------------------------------------------
                         required time                         10.970    
                         arrival time                         -20.369    
  -------------------------------------------------------------------
                         slack                                 -9.399    

Slack (VIOLATED) :        -9.394ns  (required time - arrival time)
  Source:                 bd_0_i/hls_inst/inst/fadd_32ns_32ns_32_2_full_dsp_1_U2/din0_buf1_reg[24]/C
                            (rising edge-triggered cell FDRE clocked by ap_clk  {rise@0.000ns fall@5.000ns period=10.000ns})
  Destination:            bd_0_i/hls_inst/inst/fadd_32ns_32ns_32_2_full_dsp_1_U2/dout_r_reg[6]/D
                            (rising edge-triggered cell FDRE clocked by ap_clk  {rise@0.000ns fall@5.000ns period=10.000ns})
  Path Group:             ap_clk
  Path Type:              Setup (Max at Slow Process Corner)
  Requirement:            10.000ns  (ap_clk rise@10.000ns - ap_clk rise@0.000ns)
  Data Path Delay:        19.252ns  (logic 12.360ns (64.201%)  route 6.892ns (35.799%))
  Logic Levels:           9  (CARRY4=2 DSP48E1=2 LUT2=1 LUT5=2 LUT6=2)
  Clock Path Skew:        -0.049ns (DCD - SCD + CPR)
    Destination Clock Delay (DCD):    0.924ns = ( 10.924 - 10.000 ) 
    Source Clock Delay      (SCD):    0.973ns
    Clock Pessimism Removal (CPR):    0.000ns
  Clock Uncertainty:      0.035ns  ((TSJ^2 + TIJ^2)^1/2 + DJ) / 2 + PE
    Total System Jitter     (TSJ):    0.071ns
    Total Input Jitter      (TIJ):    0.000ns
    Discrete Jitter          (DJ):    0.000ns
    Phase Error              (PE):    0.000ns

    Location             Delay type                Incr(ns)  Path(ns)    Netlist Resource(s)
  -------------------------------------------------------------------    -------------------
                         (clock ap_clk rise edge)     0.000     0.000 r  
                                                      0.000     0.000 r  ap_clk (IN)
                         net (fo=3327, unset)         0.973     0.973    bd_0_i/hls_inst/inst/fadd_32ns_32ns_32_2_full_dsp_1_U2/ap_clk
    SLICE_X34Y28         FDRE                                         r  bd_0_i/hls_inst/inst/fadd_32ns_32ns_32_2_full_dsp_1_U2/din0_buf1_reg[24]/C
  -------------------------------------------------------------------    -------------------
    SLICE_X34Y28         FDRE (Prop_fdre_C_Q)         0.518     1.491 r  bd_0_i/hls_inst/inst/fadd_32ns_32ns_32_2_full_dsp_1_U2/din0_buf1_reg[24]/Q
                         net (fo=6, routed)           0.598     2.089    bd_0_wrapper/bd_0/bd_0_hls_inst_0/bd_0_hls_inst_0_gnss_correlator/bd_0_hls_inst_0_gnss_correlator_fadd_32ns_32ns_32_2_full_dsp_1/bd_0_hls_inst_0_gnss_correlator_fadd_32ns_32ns_32_2_full_dsp_1_ip/<hidden>/<hidden>/<hidden>/<hidden>/<hidden>
    SLICE_X35Y28         LUT2 (Prop_lut2_I1_O)        0.150     2.239 r  bd_0_wrapper/bd_0/bd_0_hls_inst_0/bd_0_hls_inst_0_gnss_correlator/bd_0_hls_inst_0_gnss_correlator_fadd_32ns_32ns_32_2_full_dsp_1/bd_0_hls_inst_0_gnss_correlator_fadd_32ns_32ns_32_2_full_dsp_1_ip/<hidden>/<hidden>/<hidden>/<hidden>/<hidden>
                         net (fo=1, routed)           0.307     2.545    bd_0_wrapper/bd_0/bd_0_hls_inst_0/bd_0_hls_inst_0_gnss_correlator/bd_0_hls_inst_0_gnss_correlator_fadd_32ns_32ns_32_2_full_dsp_1/bd_0_hls_inst_0_gnss_correlator_fadd_32ns_32ns_32_2_full_dsp_1_ip/<hidden>/<hidden>/<hidden>/<hidden>/<hidden>/<hidden>
    SLICE_X34Y29         CARRY4 (Prop_carry4_S[1]_O[3])
                                                      0.975     3.520 r  bd_0_wrapper/bd_0/bd_0_hls_inst_0/bd_0_hls_inst_0_gnss_correlator/bd_0_hls_inst_0_gnss_correlator_fadd_32ns_32ns_32_2_full_dsp_1/bd_0_hls_inst_0_gnss_correlator_fadd_32ns_32ns_32_2_full_dsp_1_ip/<hidden>/<hidden>/<hidden>/<hidden>/<hidden>/<hidden>
                         net (fo=20, routed)          1.061     4.582    bd_0_wrapper/bd_0/bd_0_hls_inst_0/bd_0_hls_inst_0_gnss_correlator/bd_0_hls_inst_0_gnss_correlator_fadd_32ns_32ns_32_2_full_dsp_1/bd_0_hls_inst_0_gnss_correlator_fadd_32ns_32ns_32_2_full_dsp_1_ip/<hidden>/<hidden>/<hidden>/<hidden>/<hidden>/<hidden>
    SLICE_X37Y29         LUT6 (Prop_lut6_I1_O)        0.307     4.889 r  bd_0_wrapper/bd_0/bd_0_hls_inst_0/bd_0_hls_inst_0_gnss_correlator/bd_0_hls_inst_0_gnss_correlator_fadd_32ns_32ns_32_2_full_dsp_1/bd_0_hls_inst_0_gnss_correlator_fadd_32ns_32ns_32_2_full_dsp_1_ip/<hidden>/<hidden>/<hidden>/<hidden>/<hidden>/<hidden>
                         net (fo=2, routed)           0.723     5.612    bd_0_wrapper/bd_0/bd_0_hls_inst_0/bd_0_hls_inst_0_gnss_correlator/bd_0_hls_inst_0_gnss_correlator_fadd_32ns_32ns_32_2_full_dsp_1/bd_0_hls_inst_0_gnss_correlator_fadd_32ns_32ns_32_2_full_dsp_1_ip/<hidden>/<hidden>/<hidden>/<hidden>/<hidden>/<hidden>
    DSP48_X2Y12          DSP48E1 (Prop_dsp48e1_INMODE[2]_PATTERNDETECT)
                                                      5.849    11.461 r  bd_0_wrapper/bd_0/bd_0_hls_inst_0/bd_0_hls_inst_0_gnss_correlator/bd_0_hls_inst_0_gnss_correlator_fadd_32ns_32ns_32_2_full_dsp_1/bd_0_hls_inst_0_gnss_correlator_fadd_32ns_32ns_32_2_full_dsp_1_ip/<hidden>/<hidden>/<hidden>/<hidden>/<hidden>/<hidden>
                         net (fo=54, routed)          0.875    12.336    bd_0_wrapper/bd_0/bd_0_hls_inst_0/bd_0_hls_inst_0_gnss_correlator/bd_0_hls_inst_0_gnss_correlator_fadd_32ns_32ns_32_2_full_dsp_1/bd_0_hls_inst_0_gnss_correlator_fadd_32ns_32ns_32_2_full_dsp_1_ip/<hidden>/<hidden>/<hidden>/<hidden>/<hidden>/<hidden>
    SLICE_X36Y31         LUT5 (Prop_lut5_I3_O)        0.124    12.460 r  bd_0_wrapper/bd_0/bd_0_hls_inst_0/bd_0_hls_inst_0_gnss_correlator/bd_0_hls_inst_0_gnss_correlator_fadd_32ns_32ns_32_2_full_dsp_1/bd_0_hls_inst_0_gnss_correlator_fadd_32ns_32ns_32_2_full_dsp_1_ip/<hidden>/<hidden>/<hidden>/<hidden>/<hidden>/<hidden>
                         net (fo=1, routed)           0.000    12.460    bd_0_wrapper/bd_0/bd_0_hls_inst_0/bd_0_hls_inst_0_gnss_correlator/bd_0_hls_inst_0_gnss_correlator_fadd_32ns_32ns_32_2_full_dsp_1/bd_0_hls_inst_0_gnss_correlator_fadd_32ns_32ns_32_2_full_dsp_1_ip/<hidden>/<hidden>/<hidden>/<hidden>/<hidden>/<hidden>
    SLICE_X36Y31         CARRY4 (Prop_carry4_S[1]_CO[3])
                                                      0.533    12.993 f  bd_0_wrapper/bd_0/bd_0_hls_inst_0/bd_0_hls_inst_0_gnss_correlator/bd_0_hls_inst_0_gnss_correlator_fadd_32ns_32ns_32_2_full_dsp_1/bd_0_hls_inst_0_gnss_correlator_fadd_32ns_32ns_32_2_full_dsp_1_ip/<hidden>/<hidden>/<hidden>/<hidden>/<hidden>/<hidden>
                         net (fo=12, routed)          1.222    14.215    bd_0_wrapper/bd_0/bd_0_hls_inst_0/bd_0_hls_inst_0_gnss_correlator/bd_0_hls_inst_0_gnss_correlator_fadd_32ns_32ns_32_2_full_dsp_1/bd_0_hls_inst_0_gnss_correlator_fadd_32ns_32ns_32_2_full_dsp_1_ip/<hidden>/<hidden>/<hidden>/<hidden>/<hidden>/<hidden>
    SLICE_X35Y31         LUT5 (Prop_lut5_I0_O)        0.124    14.339 r  bd_0_wrapper/bd_0/bd_0_hls_inst_0/bd_0_hls_inst_0_gnss_correlator/bd_0_hls_inst_0_gnss_correlator_fadd_32ns_32ns_32_2_full_dsp_1/bd_0_hls_inst_0_gnss_correlator_fadd_32ns_32ns_32_2_full_dsp_1_ip/<hidden>/<hidden>/<hidden>/<hidden>/<hidden>/<hidden>
                         net (fo=1, routed)           0.567    14.905    bd_0_wrapper/bd_0/bd_0_hls_inst_0/bd_0_hls_inst_0_gnss_correlator/bd_0_hls_inst_0_gnss_correlator_fadd_32ns_32ns_32_2_full_dsp_1/bd_0_hls_inst_0_gnss_correlator_fadd_32ns_32ns_32_2_full_dsp_1_ip/<hidden>/<hidden>/<hidden>/<hidden>/<hidden>/<hidden>
    DSP48_X2Y13          DSP48E1 (Prop_dsp48e1_B[6]_P[8])
                                                      3.656    18.561 r  bd_0_wrapper/bd_0/bd_0_hls_inst_0/bd_0_hls_inst_0_gnss_correlator/bd_0_hls_inst_0_gnss_correlator_fadd_32ns_32ns_32_2_full_dsp_1/bd_0_hls_inst_0_gnss_correlator_fadd_32ns_32ns_32_2_full_dsp_1_ip/<hidden>/<hidden>/<hidden>/<hidden>/<hidden>/<hidden>
                         net (fo=2, routed)           0.924    19.485    bd_0_wrapper/bd_0/bd_0_hls_inst_0/bd_0_hls_inst_0_gnss_correlator/bd_0_hls_inst_0_gnss_correlator_fadd_32ns_32ns_32_2_full_dsp_1/bd_0_hls_inst_0_gnss_correlator_fadd_32ns_32ns_32_2_full_dsp_1_ip/<hidden>/<hidden>/<hidden>/<hidden>/<hidden>/<hidden>
    SLICE_X37Y31         LUT6 (Prop_lut6_I0_O)        0.124    19.609 r  bd_0_wrapper/bd_0/bd_0_hls_inst_0/bd_0_hls_inst_0_gnss_correlator/bd_0_hls_inst_0_gnss_correlator_fadd_32ns_32ns_32_2_full_dsp_1/bd_0_hls_inst_0_gnss_correlator_fadd_32ns_32ns_32_2_full_dsp_1_ip/<hidden>/<hidden>/<hidden>/<hidden>/<hidden>/<hidden>
                         net (fo=2, routed)           0.615    20.225    bd_0_i/hls_inst/inst/fadd_32ns_32ns_32_2_full_dsp_1_U2/r_tdata[6]
    SLICE_X39Y32         FDRE                                         r  bd_0_i/hls_inst/inst/fadd_32ns_32ns_32_2_full_dsp_1_U2/dout_r_reg[6]/D
  -------------------------------------------------------------------    -------------------

                         (clock ap_clk rise edge)    10.000    10.000 r  
                                                      0.000    10.000 r  ap_clk (IN)
                         net (fo=3327, unset)         0.924    10.924    bd_0_i/hls_inst/inst/fadd_32ns_32ns_32_2_full_dsp_1_U2/ap_clk
    SLICE_X39Y32         FDRE                                         r  bd_0_i/hls_inst/inst/fadd_32ns_32ns_32_2_full_dsp_1_U2/dout_r_reg[6]/C
                         clock pessimism              0.000    10.924    
                         clock uncertainty           -0.035    10.889    
    SLICE_X39Y32         FDRE (Setup_fdre_C_D)       -0.058    10.831    bd_0_i/hls_inst/inst/fadd_32ns_32ns_32_2_full_dsp_1_U2/dout_r_reg[6]
  -------------------------------------------------------------------
                         required time                         10.831    
                         arrival time                         -20.225    
  -------------------------------------------------------------------
                         slack                                 -9.394    





Min Delay Paths
--------------------------------------------------------------------------------------
Slack (MET) :             0.070ns  (arrival time - required time)
  Source:                 bd_0_i/hls_inst/inst/gmem1_m_axi_U/bus_read/rs_rdata/data_p1_reg[8]/C
                            (rising edge-triggered cell FDRE clocked by ap_clk  {rise@0.000ns fall@5.000ns period=10.000ns})
  Destination:            bd_0_i/hls_inst/inst/gmem1_m_axi_U/load_unit_0/buff_rdata/U_fifo_mem/mem_reg/DIADI[8]
                            (rising edge-triggered cell RAMB18E1 clocked by ap_clk  {rise@0.000ns fall@5.000ns period=10.000ns})
  Path Group:             ap_clk
  Path Type:              Hold (Min at Fast Process Corner)
  Requirement:            0.000ns  (ap_clk rise@0.000ns - ap_clk rise@0.000ns)
  Data Path Delay:        0.247ns  (logic 0.141ns (57.072%)  route 0.106ns (42.928%))
  Logic Levels:           0  
  Clock Path Skew:        0.022ns (DCD - SCD - CPR)
    Destination Clock Delay (DCD):    0.432ns
    Source Clock Delay      (SCD):    0.410ns
    Clock Pessimism Removal (CPR):    -0.000ns

    Location             Delay type                Incr(ns)  Path(ns)    Netlist Resource(s)
  -------------------------------------------------------------------    -------------------
                         (clock ap_clk rise edge)     0.000     0.000 r  
                                                      0.000     0.000 r  ap_clk (IN)
                         net (fo=3327, unset)         0.410     0.410    bd_0_i/hls_inst/inst/gmem1_m_axi_U/bus_read/rs_rdata/ap_clk
    SLICE_X23Y9          FDRE                                         r  bd_0_i/hls_inst/inst/gmem1_m_axi_U/bus_read/rs_rdata/data_p1_reg[8]/C
  -------------------------------------------------------------------    -------------------
    SLICE_X23Y9          FDRE (Prop_fdre_C_Q)         0.141     0.551 r  bd_0_i/hls_inst/inst/gmem1_m_axi_U/bus_read/rs_rdata/data_p1_reg[8]/Q
                         net (fo=1, routed)           0.106     0.657    bd_0_i/hls_inst/inst/gmem1_m_axi_U/load_unit_0/buff_rdata/U_fifo_mem/mem_reg_1[8]
    RAMB18_X1Y4          RAMB18E1                                     r  bd_0_i/hls_inst/inst/gmem1_m_axi_U/load_unit_0/buff_rdata/U_fifo_mem/mem_reg/DIADI[8]
  -------------------------------------------------------------------    -------------------

                         (clock ap_clk rise edge)     0.000     0.000 r  
                                                      0.000     0.000 r  ap_clk (IN)
                         net (fo=3327, unset)         0.432     0.432    bd_0_i/hls_inst/inst/gmem1_m_axi_U/load_unit_0/buff_rdata/U_fifo_mem/ap_clk
    RAMB18_X1Y4          RAMB18E1                                     r  bd_0_i/hls_inst/inst/gmem1_m_axi_U/load_unit_0/buff_rdata/U_fifo_mem/mem_reg/CLKBWRCLK
                         clock pessimism              0.000     0.432    
    RAMB18_X1Y4          RAMB18E1 (Hold_ramb18e1_CLKBWRCLK_DIADI[8])
                                                      0.155     0.587    bd_0_i/hls_inst/inst/gmem1_m_axi_U/load_unit_0/buff_rdata/U_fifo_mem/mem_reg
  -------------------------------------------------------------------
                         required time                         -0.587    
                         arrival time                           0.657    
  -------------------------------------------------------------------
                         slack                                  0.070    

Slack (MET) :             0.098ns  (arrival time - required time)
  Source:                 bd_0_i/hls_inst/inst/mul8_reg_525_reg[21]/C
                            (rising edge-triggered cell FDRE clocked by ap_clk  {rise@0.000ns fall@5.000ns period=10.000ns})
  Destination:            bd_0_i/hls_inst/inst/faddfsub_32ns_32ns_32_5_full_dsp_1_U1/din0_buf1_reg[21]/D
                            (rising edge-triggered cell FDRE clocked by ap_clk  {rise@0.000ns fall@5.000ns period=10.000ns})
  Path Group:             ap_clk
  Path Type:              Hold (Min at Fast Process Corner)
  Requirement:            0.000ns  (ap_clk rise@0.000ns - ap_clk rise@0.000ns)
  Data Path Delay:        0.240ns  (logic 0.186ns (77.466%)  route 0.054ns (22.534%))
  Logic Levels:           1  (LUT4=1)
  Clock Path Skew:        0.022ns (DCD - SCD - CPR)
    Destination Clock Delay (DCD):    0.432ns
    Source Clock Delay      (SCD):    0.410ns
    Clock Pessimism Removal (CPR):    -0.000ns

    Location             Delay type                Incr(ns)  Path(ns)    Netlist Resource(s)
  -------------------------------------------------------------------    -------------------
                         (clock ap_clk rise edge)     0.000     0.000 r  
                                                      0.000     0.000 r  ap_clk (IN)
                         net (fo=3327, unset)         0.410     0.410    bd_0_i/hls_inst/inst/ap_clk
    SLICE_X35Y23         FDRE                                         r  bd_0_i/hls_inst/inst/mul8_reg_525_reg[21]/C
  -------------------------------------------------------------------    -------------------
    SLICE_X35Y23         FDRE (Prop_fdre_C_Q)         0.141     0.551 r  bd_0_i/hls_inst/inst/mul8_reg_525_reg[21]/Q
                         net (fo=1, routed)           0.054     0.605    bd_0_i/hls_inst/inst/faddfsub_32ns_32ns_32_5_full_dsp_1_U1/din0_buf1_reg[31]_0[21]
    SLICE_X34Y23         LUT4 (Prop_lut4_I3_O)        0.045     0.650 r  bd_0_i/hls_inst/inst/faddfsub_32ns_32ns_32_5_full_dsp_1_U1/din0_buf1[21]_i_1__0/O
                         net (fo=1, routed)           0.000     0.650    bd_0_i/hls_inst/inst/faddfsub_32ns_32ns_32_5_full_dsp_1_U1/grp_fu_178_p0[21]
    SLICE_X34Y23         FDRE                                         r  bd_0_i/hls_inst/inst/faddfsub_32ns_32ns_32_5_full_dsp_1_U1/din0_buf1_reg[21]/D
  -------------------------------------------------------------------    -------------------

                         (clock ap_clk rise edge)     0.000     0.000 r  
                                                      0.000     0.000 r  ap_clk (IN)
                         net (fo=3327, unset)         0.432     0.432    bd_0_i/hls_inst/inst/faddfsub_32ns_32ns_32_5_full_dsp_1_U1/ap_clk
    SLICE_X34Y23         FDRE                                         r  bd_0_i/hls_inst/inst/faddfsub_32ns_32ns_32_5_full_dsp_1_U1/din0_buf1_reg[21]/C
                         clock pessimism              0.000     0.432    
    SLICE_X34Y23         FDRE (Hold_fdre_C_D)         0.121     0.553    bd_0_i/hls_inst/inst/faddfsub_32ns_32ns_32_5_full_dsp_1_U1/din0_buf1_reg[21]
  -------------------------------------------------------------------
                         required time                         -0.553    
                         arrival time                           0.650    
  -------------------------------------------------------------------
                         slack                                  0.098    

Slack (MET) :             0.098ns  (arrival time - required time)
  Source:                 bd_0_i/hls_inst/inst/mul8_reg_525_reg[26]/C
                            (rising edge-triggered cell FDRE clocked by ap_clk  {rise@0.000ns fall@5.000ns period=10.000ns})
  Destination:            bd_0_i/hls_inst/inst/faddfsub_32ns_32ns_32_5_full_dsp_1_U1/din0_buf1_reg[26]/D
                            (rising edge-triggered cell FDRE clocked by ap_clk  {rise@0.000ns fall@5.000ns period=10.000ns})
  Path Group:             ap_clk
  Path Type:              Hold (Min at Fast Process Corner)
  Requirement:            0.000ns  (ap_clk rise@0.000ns - ap_clk rise@0.000ns)
  Data Path Delay:        0.240ns  (logic 0.186ns (77.466%)  route 0.054ns (22.534%))
  Logic Levels:           1  (LUT4=1)
  Clock Path Skew:        0.022ns (DCD - SCD - CPR)
    Destination Clock Delay (DCD):    0.432ns
    Source Clock Delay      (SCD):    0.410ns
    Clock Pessimism Removal (CPR):    -0.000ns

    Location             Delay type                Incr(ns)  Path(ns)    Netlist Resource(s)
  -------------------------------------------------------------------    -------------------
                         (clock ap_clk rise edge)     0.000     0.000 r  
                                                      0.000     0.000 r  ap_clk (IN)
                         net (fo=3327, unset)         0.410     0.410    bd_0_i/hls_inst/inst/ap_clk
    SLICE_X31Y23         FDRE                                         r  bd_0_i/hls_inst/inst/mul8_reg_525_reg[26]/C
  -------------------------------------------------------------------    -------------------
    SLICE_X31Y23         FDRE (Prop_fdre_C_Q)         0.141     0.551 r  bd_0_i/hls_inst/inst/mul8_reg_525_reg[26]/Q
                         net (fo=1, routed)           0.054     0.605    bd_0_i/hls_inst/inst/faddfsub_32ns_32ns_32_5_full_dsp_1_U1/din0_buf1_reg[31]_0[26]
    SLICE_X30Y23         LUT4 (Prop_lut4_I3_O)        0.045     0.650 r  bd_0_i/hls_inst/inst/faddfsub_32ns_32ns_32_5_full_dsp_1_U1/din0_buf1[26]_i_1__0/O
                         net (fo=1, routed)           0.000     0.650    bd_0_i/hls_inst/inst/faddfsub_32ns_32ns_32_5_full_dsp_1_U1/grp_fu_178_p0[26]
    SLICE_X30Y23         FDRE                                         r  bd_0_i/hls_inst/inst/faddfsub_32ns_32ns_32_5_full_dsp_1_U1/din0_buf1_reg[26]/D
  -------------------------------------------------------------------    -------------------

                         (clock ap_clk rise edge)     0.000     0.000 r  
                                                      0.000     0.000 r  ap_clk (IN)
                         net (fo=3327, unset)         0.432     0.432    bd_0_i/hls_inst/inst/faddfsub_32ns_32ns_32_5_full_dsp_1_U1/ap_clk
    SLICE_X30Y23         FDRE                                         r  bd_0_i/hls_inst/inst/faddfsub_32ns_32ns_32_5_full_dsp_1_U1/din0_buf1_reg[26]/C
                         clock pessimism              0.000     0.432    
    SLICE_X30Y23         FDRE (Hold_fdre_C_D)         0.121     0.553    bd_0_i/hls_inst/inst/faddfsub_32ns_32ns_32_5_full_dsp_1_U1/din0_buf1_reg[26]
  -------------------------------------------------------------------
                         required time                         -0.553    
                         arrival time                           0.650    
  -------------------------------------------------------------------
                         slack                                  0.098    

Slack (MET) :             0.098ns  (arrival time - required time)
  Source:                 bd_0_i/hls_inst/inst/gmem0_m_axi_U/bus_read/rreq_burst_conv/burst_sequential/start_addr_reg[19]/C
                            (rising edge-triggered cell FDRE clocked by ap_clk  {rise@0.000ns fall@5.000ns period=10.000ns})
  Destination:            bd_0_i/hls_inst/inst/gmem0_m_axi_U/bus_read/rreq_burst_conv/burst_sequential/sect_addr_buf_reg[19]/D
                            (rising edge-triggered cell FDRE clocked by ap_clk  {rise@0.000ns fall@5.000ns period=10.000ns})
  Path Group:             ap_clk
  Path Type:              Hold (Min at Fast Process Corner)
  Requirement:            0.000ns  (ap_clk rise@0.000ns - ap_clk rise@0.000ns)
  Data Path Delay:        0.240ns  (logic 0.186ns (77.466%)  route 0.054ns (22.534%))
  Logic Levels:           1  (LUT3=1)
  Clock Path Skew:        0.022ns (DCD - SCD - CPR)
    Destination Clock Delay (DCD):    0.432ns
    Source Clock Delay      (SCD):    0.410ns
    Clock Pessimism Removal (CPR):    -0.000ns

    Location             Delay type                Incr(ns)  Path(ns)    Netlist Resource(s)
  -------------------------------------------------------------------    -------------------
                         (clock ap_clk rise edge)     0.000     0.000 r  
                                                      0.000     0.000 r  ap_clk (IN)
                         net (fo=3327, unset)         0.410     0.410    bd_0_i/hls_inst/inst/gmem0_m_axi_U/bus_read/rreq_burst_conv/burst_sequential/ap_clk
    SLICE_X51Y46         FDRE                                         r  bd_0_i/hls_inst/inst/gmem0_m_axi_U/bus_read/rreq_burst_conv/burst_sequential/start_addr_reg[19]/C
  -------------------------------------------------------------------    -------------------
    SLICE_X51Y46         FDRE (Prop_fdre_C_Q)         0.141     0.551 r  bd_0_i/hls_inst/inst/gmem0_m_axi_U/bus_read/rreq_burst_conv/burst_sequential/start_addr_reg[19]/Q
                         net (fo=1, routed)           0.054     0.605    bd_0_i/hls_inst/inst/gmem0_m_axi_U/bus_read/rreq_burst_conv/burst_sequential/start_addr_reg_n_0_[19]
    SLICE_X50Y46         LUT3 (Prop_lut3_I0_O)        0.045     0.650 r  bd_0_i/hls_inst/inst/gmem0_m_axi_U/bus_read/rreq_burst_conv/burst_sequential/sect_addr_buf[19]_i_1/O
                         net (fo=1, routed)           0.000     0.650    bd_0_i/hls_inst/inst/gmem0_m_axi_U/bus_read/rreq_burst_conv/burst_sequential/sect_addr[19]
    SLICE_X50Y46         FDRE                                         r  bd_0_i/hls_inst/inst/gmem0_m_axi_U/bus_read/rreq_burst_conv/burst_sequential/sect_addr_buf_reg[19]/D
  -------------------------------------------------------------------    -------------------

                         (clock ap_clk rise edge)     0.000     0.000 r  
                                                      0.000     0.000 r  ap_clk (IN)
                         net (fo=3327, unset)         0.432     0.432    bd_0_i/hls_inst/inst/gmem0_m_axi_U/bus_read/rreq_burst_conv/burst_sequential/ap_clk
    SLICE_X50Y46         FDRE                                         r  bd_0_i/hls_inst/inst/gmem0_m_axi_U/bus_read/rreq_burst_conv/burst_sequential/sect_addr_buf_reg[19]/C
                         clock pessimism              0.000     0.432    
    SLICE_X50Y46         FDRE (Hold_fdre_C_D)         0.121     0.553    bd_0_i/hls_inst/inst/gmem0_m_axi_U/bus_read/rreq_burst_conv/burst_sequential/sect_addr_buf_reg[19]
  -------------------------------------------------------------------
                         required time                         -0.553    
                         arrival time                           0.650    
  -------------------------------------------------------------------
                         slack                                  0.098    

Slack (MET) :             0.098ns  (arrival time - required time)
  Source:                 bd_0_i/hls_inst/inst/gmem0_m_axi_U/bus_read/rreq_burst_conv/burst_sequential/start_addr_reg[28]/C
                            (rising edge-triggered cell FDRE clocked by ap_clk  {rise@0.000ns fall@5.000ns period=10.000ns})
  Destination:            bd_0_i/hls_inst/inst/gmem0_m_axi_U/bus_read/rreq_burst_conv/burst_sequential/sect_addr_buf_reg[28]/D
                            (rising edge-triggered cell FDRE clocked by ap_clk  {rise@0.000ns fall@5.000ns period=10.000ns})
  Path Group:             ap_clk
  Path Type:              Hold (Min at Fast Process Corner)
  Requirement:            0.000ns  (ap_clk rise@0.000ns - ap_clk rise@0.000ns)
  Data Path Delay:        0.240ns  (logic 0.186ns (77.466%)  route 0.054ns (22.534%))
  Logic Levels:           1  (LUT3=1)
  Clock Path Skew:        0.022ns (DCD - SCD - CPR)
    Destination Clock Delay (DCD):    0.432ns
    Source Clock Delay      (SCD):    0.410ns
    Clock Pessimism Removal (CPR):    -0.000ns

    Location             Delay type                Incr(ns)  Path(ns)    Netlist Resource(s)
  -------------------------------------------------------------------    -------------------
                         (clock ap_clk rise edge)     0.000     0.000 r  
                                                      0.000     0.000 r  ap_clk (IN)
                         net (fo=3327, unset)         0.410     0.410    bd_0_i/hls_inst/inst/gmem0_m_axi_U/bus_read/rreq_burst_conv/burst_sequential/ap_clk
    SLICE_X51Y51         FDRE                                         r  bd_0_i/hls_inst/inst/gmem0_m_axi_U/bus_read/rreq_burst_conv/burst_sequential/start_addr_reg[28]/C
  -------------------------------------------------------------------    -------------------
    SLICE_X51Y51         FDRE (Prop_fdre_C_Q)         0.141     0.551 r  bd_0_i/hls_inst/inst/gmem0_m_axi_U/bus_read/rreq_burst_conv/burst_sequential/start_addr_reg[28]/Q
                         net (fo=1, routed)           0.054     0.605    bd_0_i/hls_inst/inst/gmem0_m_axi_U/bus_read/rreq_burst_conv/burst_sequential/start_addr_reg_n_0_[28]
    SLICE_X50Y51         LUT3 (Prop_lut3_I0_O)        0.045     0.650 r  bd_0_i/hls_inst/inst/gmem0_m_axi_U/bus_read/rreq_burst_conv/burst_sequential/sect_addr_buf[28]_i_1/O
                         net (fo=1, routed)           0.000     0.650    bd_0_i/hls_inst/inst/gmem0_m_axi_U/bus_read/rreq_burst_conv/burst_sequential/sect_addr[28]
    SLICE_X50Y51         FDRE                                         r  bd_0_i/hls_inst/inst/gmem0_m_axi_U/bus_read/rreq_burst_conv/burst_sequential/sect_addr_buf_reg[28]/D
  -------------------------------------------------------------------    -------------------

                         (clock ap_clk rise edge)     0.000     0.000 r  
                                                      0.000     0.000 r  ap_clk (IN)
                         net (fo=3327, unset)         0.432     0.432    bd_0_i/hls_inst/inst/gmem0_m_axi_U/bus_read/rreq_burst_conv/burst_sequential/ap_clk
    SLICE_X50Y51         FDRE                                         r  bd_0_i/hls_inst/inst/gmem0_m_axi_U/bus_read/rreq_burst_conv/burst_sequential/sect_addr_buf_reg[28]/C
                         clock pessimism              0.000     0.432    
    SLICE_X50Y51         FDRE (Hold_fdre_C_D)         0.121     0.553    bd_0_i/hls_inst/inst/gmem0_m_axi_U/bus_read/rreq_burst_conv/burst_sequential/sect_addr_buf_reg[28]
  -------------------------------------------------------------------
                         required time                         -0.553    
                         arrival time                           0.650    
  -------------------------------------------------------------------
                         slack                                  0.098    

Slack (MET) :             0.098ns  (arrival time - required time)
  Source:                 bd_0_i/hls_inst/inst/gmem0_m_axi_U/bus_read/rreq_burst_conv/burst_sequential/end_from_4k_reg[2]/C
                            (rising edge-triggered cell FDRE clocked by ap_clk  {rise@0.000ns fall@5.000ns period=10.000ns})
  Destination:            bd_0_i/hls_inst/inst/gmem0_m_axi_U/bus_read/rreq_burst_conv/burst_sequential/sect_len_buf_reg[2]/D
                            (rising edge-triggered cell FDRE clocked by ap_clk  {rise@0.000ns fall@5.000ns period=10.000ns})
  Path Group:             ap_clk
  Path Type:              Hold (Min at Fast Process Corner)
  Requirement:            0.000ns  (ap_clk rise@0.000ns - ap_clk rise@0.000ns)
  Data Path Delay:        0.240ns  (logic 0.186ns (77.466%)  route 0.054ns (22.534%))
  Logic Levels:           1  (LUT6=1)
  Clock Path Skew:        0.022ns (DCD - SCD - CPR)
    Destination Clock Delay (DCD):    0.432ns
    Source Clock Delay      (SCD):    0.410ns
    Clock Pessimism Removal (CPR):    -0.000ns

    Location             Delay type                Incr(ns)  Path(ns)    Netlist Resource(s)
  -------------------------------------------------------------------    -------------------
                         (clock ap_clk rise edge)     0.000     0.000 r  
                                                      0.000     0.000 r  ap_clk (IN)
                         net (fo=3327, unset)         0.410     0.410    bd_0_i/hls_inst/inst/gmem0_m_axi_U/bus_read/rreq_burst_conv/burst_sequential/ap_clk
    SLICE_X47Y37         FDRE                                         r  bd_0_i/hls_inst/inst/gmem0_m_axi_U/bus_read/rreq_burst_conv/burst_sequential/end_from_4k_reg[2]/C
  -------------------------------------------------------------------    -------------------
    SLICE_X47Y37         FDRE (Prop_fdre_C_Q)         0.141     0.551 r  bd_0_i/hls_inst/inst/gmem0_m_axi_U/bus_read/rreq_burst_conv/burst_sequential/end_from_4k_reg[2]/Q
                         net (fo=1, routed)           0.054     0.605    bd_0_i/hls_inst/inst/gmem0_m_axi_U/bus_read/rreq_burst_conv/burst_sequential/end_from_4k[2]
    SLICE_X46Y37         LUT6 (Prop_lut6_I5_O)        0.045     0.650 r  bd_0_i/hls_inst/inst/gmem0_m_axi_U/bus_read/rreq_burst_conv/burst_sequential/sect_len_buf[2]_i_1/O
                         net (fo=1, routed)           0.000     0.650    bd_0_i/hls_inst/inst/gmem0_m_axi_U/bus_read/rreq_burst_conv/burst_sequential/sect_len_buf[2]_i_1_n_0
    SLICE_X46Y37         FDRE                                         r  bd_0_i/hls_inst/inst/gmem0_m_axi_U/bus_read/rreq_burst_conv/burst_sequential/sect_len_buf_reg[2]/D
  -------------------------------------------------------------------    -------------------

                         (clock ap_clk rise edge)     0.000     0.000 r  
                                                      0.000     0.000 r  ap_clk (IN)
                         net (fo=3327, unset)         0.432     0.432    bd_0_i/hls_inst/inst/gmem0_m_axi_U/bus_read/rreq_burst_conv/burst_sequential/ap_clk
    SLICE_X46Y37         FDRE                                         r  bd_0_i/hls_inst/inst/gmem0_m_axi_U/bus_read/rreq_burst_conv/burst_sequential/sect_len_buf_reg[2]/C
                         clock pessimism              0.000     0.432    
    SLICE_X46Y37         FDRE (Hold_fdre_C_D)         0.121     0.553    bd_0_i/hls_inst/inst/gmem0_m_axi_U/bus_read/rreq_burst_conv/burst_sequential/sect_len_buf_reg[2]
  -------------------------------------------------------------------
                         required time                         -0.553    
                         arrival time                           0.650    
  -------------------------------------------------------------------
                         slack                                  0.098    

Slack (MET) :             0.098ns  (arrival time - required time)
  Source:                 bd_0_i/hls_inst/inst/gmem1_m_axi_U/bus_read/rreq_burst_conv/burst_sequential/rs_req/data_p2_reg[41]/C
                            (rising edge-triggered cell FDRE clocked by ap_clk  {rise@0.000ns fall@5.000ns period=10.000ns})
  Destination:            bd_0_i/hls_inst/inst/gmem1_m_axi_U/bus_read/rreq_burst_conv/burst_sequential/rs_req/data_p1_reg[41]/D
                            (rising edge-triggered cell FDRE clocked by ap_clk  {rise@0.000ns fall@5.000ns period=10.000ns})
  Path Group:             ap_clk
  Path Type:              Hold (Min at Fast Process Corner)
  Requirement:            0.000ns  (ap_clk rise@0.000ns - ap_clk rise@0.000ns)
  Data Path Delay:        0.240ns  (logic 0.186ns (77.466%)  route 0.054ns (22.534%))
  Logic Levels:           1  (LUT4=1)
  Clock Path Skew:        0.022ns (DCD - SCD - CPR)
    Destination Clock Delay (DCD):    0.432ns
    Source Clock Delay      (SCD):    0.410ns
    Clock Pessimism Removal (CPR):    -0.000ns

    Location             Delay type                Incr(ns)  Path(ns)    Netlist Resource(s)
  -------------------------------------------------------------------    -------------------
                         (clock ap_clk rise edge)     0.000     0.000 r  
                                                      0.000     0.000 r  ap_clk (IN)
                         net (fo=3327, unset)         0.410     0.410    bd_0_i/hls_inst/inst/gmem1_m_axi_U/bus_read/rreq_burst_conv/burst_sequential/rs_req/ap_clk
    SLICE_X31Y50         FDRE                                         r  bd_0_i/hls_inst/inst/gmem1_m_axi_U/bus_read/rreq_burst_conv/burst_sequential/rs_req/data_p2_reg[41]/C
  -------------------------------------------------------------------    -------------------
    SLICE_X31Y50         FDRE (Prop_fdre_C_Q)         0.141     0.551 r  bd_0_i/hls_inst/inst/gmem1_m_axi_U/bus_read/rreq_burst_conv/burst_sequential/rs_req/data_p2_reg[41]/Q
                         net (fo=1, routed)           0.054     0.605    bd_0_i/hls_inst/inst/gmem1_m_axi_U/bus_read/rreq_burst_conv/burst_sequential/rs_req/data_p2[41]
    SLICE_X30Y50         LUT4 (Prop_lut4_I2_O)        0.045     0.650 r  bd_0_i/hls_inst/inst/gmem1_m_axi_U/bus_read/rreq_burst_conv/burst_sequential/rs_req/data_p1[41]_i_1__0/O
                         net (fo=1, routed)           0.000     0.650    bd_0_i/hls_inst/inst/gmem1_m_axi_U/bus_read/rreq_burst_conv/burst_sequential/rs_req/data_p1[41]_i_1__0_n_0
    SLICE_X30Y50         FDRE                                         r  bd_0_i/hls_inst/inst/gmem1_m_axi_U/bus_read/rreq_burst_conv/burst_sequential/rs_req/data_p1_reg[41]/D
  -------------------------------------------------------------------    -------------------

                         (clock ap_clk rise edge)     0.000     0.000 r  
                                                      0.000     0.000 r  ap_clk (IN)
                         net (fo=3327, unset)         0.432     0.432    bd_0_i/hls_inst/inst/gmem1_m_axi_U/bus_read/rreq_burst_conv/burst_sequential/rs_req/ap_clk
    SLICE_X30Y50         FDRE                                         r  bd_0_i/hls_inst/inst/gmem1_m_axi_U/bus_read/rreq_burst_conv/burst_sequential/rs_req/data_p1_reg[41]/C
                         clock pessimism              0.000     0.432    
    SLICE_X30Y50         FDRE (Hold_fdre_C_D)         0.121     0.553    bd_0_i/hls_inst/inst/gmem1_m_axi_U/bus_read/rreq_burst_conv/burst_sequential/rs_req/data_p1_reg[41]
  -------------------------------------------------------------------
                         required time                         -0.553    
                         arrival time                           0.650    
  -------------------------------------------------------------------
                         slack                                  0.098    

Slack (MET) :             0.098ns  (arrival time - required time)
  Source:                 bd_0_i/hls_inst/inst/gmem1_m_axi_U/bus_read/rreq_burst_conv/burst_sequential/start_addr_reg[44]/C
                            (rising edge-triggered cell FDRE clocked by ap_clk  {rise@0.000ns fall@5.000ns period=10.000ns})
  Destination:            bd_0_i/hls_inst/inst/gmem1_m_axi_U/bus_read/rreq_burst_conv/burst_sequential/sect_addr_buf_reg[44]/D
                            (rising edge-triggered cell FDRE clocked by ap_clk  {rise@0.000ns fall@5.000ns period=10.000ns})
  Path Group:             ap_clk
  Path Type:              Hold (Min at Fast Process Corner)
  Requirement:            0.000ns  (ap_clk rise@0.000ns - ap_clk rise@0.000ns)
  Data Path Delay:        0.240ns  (logic 0.186ns (77.466%)  route 0.054ns (22.534%))
  Logic Levels:           1  (LUT3=1)
  Clock Path Skew:        0.022ns (DCD - SCD - CPR)
    Destination Clock Delay (DCD):    0.432ns
    Source Clock Delay      (SCD):    0.410ns
    Clock Pessimism Removal (CPR):    -0.000ns

    Location             Delay type                Incr(ns)  Path(ns)    Netlist Resource(s)
  -------------------------------------------------------------------    -------------------
                         (clock ap_clk rise edge)     0.000     0.000 r  
                                                      0.000     0.000 r  ap_clk (IN)
                         net (fo=3327, unset)         0.410     0.410    bd_0_i/hls_inst/inst/gmem1_m_axi_U/bus_read/rreq_burst_conv/burst_sequential/ap_clk
    SLICE_X31Y53         FDRE                                         r  bd_0_i/hls_inst/inst/gmem1_m_axi_U/bus_read/rreq_burst_conv/burst_sequential/start_addr_reg[44]/C
  -------------------------------------------------------------------    -------------------
    SLICE_X31Y53         FDRE (Prop_fdre_C_Q)         0.141     0.551 r  bd_0_i/hls_inst/inst/gmem1_m_axi_U/bus_read/rreq_burst_conv/burst_sequential/start_addr_reg[44]/Q
                         net (fo=1, routed)           0.054     0.605    bd_0_i/hls_inst/inst/gmem1_m_axi_U/bus_read/rreq_burst_conv/burst_sequential/start_addr_reg_n_0_[44]
    SLICE_X30Y53         LUT3 (Prop_lut3_I0_O)        0.045     0.650 r  bd_0_i/hls_inst/inst/gmem1_m_axi_U/bus_read/rreq_burst_conv/burst_sequential/sect_addr_buf[44]_i_1__0/O
                         net (fo=1, routed)           0.000     0.650    bd_0_i/hls_inst/inst/gmem1_m_axi_U/bus_read/rreq_burst_conv/burst_sequential/sect_addr[44]
    SLICE_X30Y53         FDRE                                         r  bd_0_i/hls_inst/inst/gmem1_m_axi_U/bus_read/rreq_burst_conv/burst_sequential/sect_addr_buf_reg[44]/D
  -------------------------------------------------------------------    -------------------

                         (clock ap_clk rise edge)     0.000     0.000 r  
                                                      0.000     0.000 r  ap_clk (IN)
                         net (fo=3327, unset)         0.432     0.432    bd_0_i/hls_inst/inst/gmem1_m_axi_U/bus_read/rreq_burst_conv/burst_sequential/ap_clk
    SLICE_X30Y53         FDRE                                         r  bd_0_i/hls_inst/inst/gmem1_m_axi_U/bus_read/rreq_burst_conv/burst_sequential/sect_addr_buf_reg[44]/C
                         clock pessimism              0.000     0.432    
    SLICE_X30Y53         FDRE (Hold_fdre_C_D)         0.121     0.553    bd_0_i/hls_inst/inst/gmem1_m_axi_U/bus_read/rreq_burst_conv/burst_sequential/sect_addr_buf_reg[44]
  -------------------------------------------------------------------
                         required time                         -0.553    
                         arrival time                           0.650    
  -------------------------------------------------------------------
                         slack                                  0.098    

Slack (MET) :             0.099ns  (arrival time - required time)
  Source:                 bd_0_i/hls_inst/inst/gmem1_m_axi_U/bus_read/rs_rdata/data_p1_reg[16]/C
                            (rising edge-triggered cell FDRE clocked by ap_clk  {rise@0.000ns fall@5.000ns period=10.000ns})
  Destination:            bd_0_i/hls_inst/inst/gmem1_m_axi_U/load_unit_0/buff_rdata/U_fifo_mem/mem_reg/DIBDI[0]
                            (rising edge-triggered cell RAMB18E1 clocked by ap_clk  {rise@0.000ns fall@5.000ns period=10.000ns})
  Path Group:             ap_clk
  Path Type:              Hold (Min at Fast Process Corner)
  Requirement:            0.000ns  (ap_clk rise@0.000ns - ap_clk rise@0.000ns)
  Data Path Delay:        0.276ns  (logic 0.141ns (51.160%)  route 0.135ns (48.840%))
  Logic Levels:           0  
  Clock Path Skew:        0.022ns (DCD - SCD - CPR)
    Destination Clock Delay (DCD):    0.432ns
    Source Clock Delay      (SCD):    0.410ns
    Clock Pessimism Removal (CPR):    -0.000ns

    Location             Delay type                Incr(ns)  Path(ns)    Netlist Resource(s)
  -------------------------------------------------------------------    -------------------
                         (clock ap_clk rise edge)     0.000     0.000 r  
                                                      0.000     0.000 r  ap_clk (IN)
                         net (fo=3327, unset)         0.410     0.410    bd_0_i/hls_inst/inst/gmem1_m_axi_U/bus_read/rs_rdata/ap_clk
    SLICE_X23Y11         FDRE                                         r  bd_0_i/hls_inst/inst/gmem1_m_axi_U/bus_read/rs_rdata/data_p1_reg[16]/C
  -------------------------------------------------------------------    -------------------
    SLICE_X23Y11         FDRE (Prop_fdre_C_Q)         0.141     0.551 r  bd_0_i/hls_inst/inst/gmem1_m_axi_U/bus_read/rs_rdata/data_p1_reg[16]/Q
                         net (fo=1, routed)           0.135     0.686    bd_0_i/hls_inst/inst/gmem1_m_axi_U/load_unit_0/buff_rdata/U_fifo_mem/mem_reg_1[16]
    RAMB18_X1Y4          RAMB18E1                                     r  bd_0_i/hls_inst/inst/gmem1_m_axi_U/load_unit_0/buff_rdata/U_fifo_mem/mem_reg/DIBDI[0]
  -------------------------------------------------------------------    -------------------

                         (clock ap_clk rise edge)     0.000     0.000 r  
                                                      0.000     0.000 r  ap_clk (IN)
                         net (fo=3327, unset)         0.432     0.432    bd_0_i/hls_inst/inst/gmem1_m_axi_U/load_unit_0/buff_rdata/U_fifo_mem/ap_clk
    RAMB18_X1Y4          RAMB18E1                                     r  bd_0_i/hls_inst/inst/gmem1_m_axi_U/load_unit_0/buff_rdata/U_fifo_mem/mem_reg/CLKBWRCLK
                         clock pessimism              0.000     0.432    
    RAMB18_X1Y4          RAMB18E1 (Hold_ramb18e1_CLKBWRCLK_DIBDI[0])
                                                      0.155     0.587    bd_0_i/hls_inst/inst/gmem1_m_axi_U/load_unit_0/buff_rdata/U_fifo_mem/mem_reg
  -------------------------------------------------------------------
                         required time                         -0.587    
                         arrival time                           0.686    
  -------------------------------------------------------------------
                         slack                                  0.099    

Slack (MET) :             0.101ns  (arrival time - required time)
  Source:                 bd_0_i/hls_inst/inst/gmem0_m_axi_U/bus_read/rreq_burst_conv/burst_sequential/rs_req/data_p2_reg[60]/C
                            (rising edge-triggered cell FDRE clocked by ap_clk  {rise@0.000ns fall@5.000ns period=10.000ns})
  Destination:            bd_0_i/hls_inst/inst/gmem0_m_axi_U/bus_read/rreq_burst_conv/burst_sequential/rs_req/data_p1_reg[60]/D
                            (rising edge-triggered cell FDRE clocked by ap_clk  {rise@0.000ns fall@5.000ns period=10.000ns})
  Path Group:             ap_clk
  Path Type:              Hold (Min at Fast Process Corner)
  Requirement:            0.000ns  (ap_clk rise@0.000ns - ap_clk rise@0.000ns)
  Data Path Delay:        0.242ns  (logic 0.186ns (76.826%)  route 0.056ns (23.173%))
  Logic Levels:           1  (LUT4=1)
  Clock Path Skew:        0.022ns (DCD - SCD - CPR)
    Destination Clock Delay (DCD):    0.432ns
    Source Clock Delay      (SCD):    0.410ns
    Clock Pessimism Removal (CPR):    -0.000ns

    Location             Delay type                Incr(ns)  Path(ns)    Netlist Resource(s)
  -------------------------------------------------------------------    -------------------
                         (clock ap_clk rise edge)     0.000     0.000 r  
                                                      0.000     0.000 r  ap_clk (IN)
                         net (fo=3327, unset)         0.410     0.410    bd_0_i/hls_inst/inst/gmem0_m_axi_U/bus_read/rreq_burst_conv/burst_sequential/rs_req/ap_clk
    SLICE_X43Y56         FDRE                                         r  bd_0_i/hls_inst/inst/gmem0_m_axi_U/bus_read/rreq_burst_conv/burst_sequential/rs_req/data_p2_reg[60]/C
  -------------------------------------------------------------------    -------------------
    SLICE_X43Y56         FDRE (Prop_fdre_C_Q)         0.141     0.551 r  bd_0_i/hls_inst/inst/gmem0_m_axi_U/bus_read/rreq_burst_conv/burst_sequential/rs_req/data_p2_reg[60]/Q
                         net (fo=1, routed)           0.056     0.607    bd_0_i/hls_inst/inst/gmem0_m_axi_U/bus_read/rreq_burst_conv/burst_sequential/rs_req/data_p2[60]
    SLICE_X42Y56         LUT4 (Prop_lut4_I2_O)        0.045     0.652 r  bd_0_i/hls_inst/inst/gmem0_m_axi_U/bus_read/rreq_burst_conv/burst_sequential/rs_req/data_p1[60]_i_1/O
                         net (fo=1, routed)           0.000     0.652    bd_0_i/hls_inst/inst/gmem0_m_axi_U/bus_read/rreq_burst_conv/burst_sequential/rs_req/data_p1[60]_i_1_n_0
    SLICE_X42Y56         FDRE                                         r  bd_0_i/hls_inst/inst/gmem0_m_axi_U/bus_read/rreq_burst_conv/burst_sequential/rs_req/data_p1_reg[60]/D
  -------------------------------------------------------------------    -------------------

                         (clock ap_clk rise edge)     0.000     0.000 r  
                                                      0.000     0.000 r  ap_clk (IN)
                         net (fo=3327, unset)         0.432     0.432    bd_0_i/hls_inst/inst/gmem0_m_axi_U/bus_read/rreq_burst_conv/burst_sequential/rs_req/ap_clk
    SLICE_X42Y56         FDRE                                         r  bd_0_i/hls_inst/inst/gmem0_m_axi_U/bus_read/rreq_burst_conv/burst_sequential/rs_req/data_p1_reg[60]/C
                         clock pessimism              0.000     0.432    
    SLICE_X42Y56         FDRE (Hold_fdre_C_D)         0.120     0.552    bd_0_i/hls_inst/inst/gmem0_m_axi_U/bus_read/rreq_burst_conv/burst_sequential/rs_req/data_p1_reg[60]
  -------------------------------------------------------------------
                         required time                         -0.552    
                         arrival time                           0.652    
  -------------------------------------------------------------------
                         slack                                  0.101    





Pulse Width Checks
--------------------------------------------------------------------------------------
Clock Name:         ap_clk
Waveform(ns):       { 0.000 5.000 }
Period(ns):         10.000
Sources:            { ap_clk }

Check Type        Corner  Lib Pin             Reference Pin  Required(ns)  Actual(ns)  Slack(ns)  Location      Pin
Min Period        n/a     RAMB18E1/CLKARDCLK  n/a            2.944         10.000      7.056      RAMB18_X1Y6   bd_0_i/hls_inst/inst/gmem0_m_axi_U/load_unit_0/buff_rdata/U_fifo_mem/mem_reg/CLKARDCLK
Min Period        n/a     RAMB18E1/CLKBWRCLK  n/a            2.944         10.000      7.056      RAMB18_X1Y6   bd_0_i/hls_inst/inst/gmem0_m_axi_U/load_unit_0/buff_rdata/U_fifo_mem/mem_reg/CLKBWRCLK
Min Period        n/a     RAMB18E1/CLKARDCLK  n/a            2.944         10.000      7.056      RAMB18_X1Y4   bd_0_i/hls_inst/inst/gmem1_m_axi_U/load_unit_0/buff_rdata/U_fifo_mem/mem_reg/CLKARDCLK
Min Period        n/a     RAMB18E1/CLKBWRCLK  n/a            2.944         10.000      7.056      RAMB18_X1Y4   bd_0_i/hls_inst/inst/gmem1_m_axi_U/load_unit_0/buff_rdata/U_fifo_mem/mem_reg/CLKBWRCLK
Min Period        n/a     DSP48E1/CLK         n/a            2.545         10.000      7.455      DSP48_X2Y9    bd_0_wrapper/bd_0/bd_0_hls_inst_0/bd_0_hls_inst_0_gnss_correlator/bd_0_hls_inst_0_gnss_correlator_faddfsub_32ns_32ns_32_5_full_dsp_1/bd_0_hls_inst_0_gnss_correlator_faddfsub_32ns_32ns_32_5_full_dsp_1_ip/<hidden>/<hidden>/<hidden>/<hidden>/<hidden>/<hidden>
Min Period        n/a     DSP48E1/CLK         n/a            2.545         10.000      7.455      DSP48_X1Y7    bd_0_wrapper/bd_0/bd_0_hls_inst_0/bd_0_hls_inst_0_gnss_correlator/bd_0_hls_inst_0_gnss_correlator_fmul_32ns_32ns_32_4_max_dsp_1__xdcDup__1/bd_0_hls_inst_0_gnss_correlator_fmul_32ns_32ns_32_4_max_dsp_1_ip__2/<hidden>/<hidden>/<hidden>/<hidden>/<hidden>/<hidden>
Min Period        n/a     DSP48E1/CLK         n/a            2.545         10.000      7.455      DSP48_X1Y4    bd_0_wrapper/bd_0/bd_0_hls_inst_0/bd_0_hls_inst_0_gnss_correlator/bd_0_hls_inst_0_gnss_correlator_fmul_32ns_32ns_32_4_max_dsp_1/bd_0_hls_inst_0_gnss_correlator_fmul_32ns_32ns_32_4_max_dsp_1_ip/<hidden>/<hidden>/<hidden>/<hidden>/<hidden>/<hidden>
Min Period        n/a     FDRE/C              n/a            1.000         10.000      9.000      SLICE_X22Y13  bd_0_i/hls_inst/inst/a_reg_491_reg[0]/C
Min Period        n/a     FDRE/C              n/a            1.000         10.000      9.000      SLICE_X24Y13  bd_0_i/hls_inst/inst/a_reg_491_reg[10]/C
Min Period        n/a     FDRE/C              n/a            1.000         10.000      9.000      SLICE_X24Y13  bd_0_i/hls_inst/inst/a_reg_491_reg[11]/C
Low Pulse Width   Slow    SRL16E/CLK          n/a            0.980         5.000       4.020      SLICE_X46Y26  bd_0_i/hls_inst/inst/bus_read/ost_ctrl_gen[0].fifo_burst/U_fifo_srl/mem_reg[14][0]_srl15/CLK
Low Pulse Width   Fast    SRL16E/CLK          n/a            0.980         5.000       4.020      SLICE_X46Y26  bd_0_i/hls_inst/inst/bus_read/ost_ctrl_gen[0].fifo_burst/U_fifo_srl/mem_reg[14][0]_srl15/CLK
Low Pulse Width   Slow    SRL16E/CLK          n/a            0.980         5.000       4.020      SLICE_X22Y34  bd_0_i/hls_inst/inst/bus_read/ost_ctrl_gen[0].fifo_burst/U_fifo_srl/mem_reg[14][0]_srl15__0/CLK
Low Pulse Width   Fast    SRL16E/CLK          n/a            0.980         5.000       4.020      SLICE_X22Y34  bd_0_i/hls_inst/inst/bus_read/ost_ctrl_gen[0].fifo_burst/U_fifo_srl/mem_reg[14][0]_srl15__0/CLK
Low Pulse Width   Slow    SRL16E/CLK          n/a            0.980         5.000       4.020      SLICE_X30Y34  bd_0_i/hls_inst/inst/icmp_ln23_reg_463_pp0_iter7_reg_reg[0]_srl7/CLK
Low Pulse Width   Fast    SRL16E/CLK          n/a            0.980         5.000       4.020      SLICE_X30Y34  bd_0_i/hls_inst/inst/icmp_ln23_reg_463_pp0_iter7_reg_reg[0]_srl7/CLK
Low Pulse Width   Slow    SRL16E/CLK          n/a            0.980         5.000       4.020      SLICE_X46Y31  bd_0_i/hls_inst/inst/num_samples_read_reg_458_pp0_iter7_reg_reg[0]_srl8/CLK
Low Pulse Width   Fast    SRL16E/CLK          n/a            0.980         5.000       4.020      SLICE_X46Y31  bd_0_i/hls_inst/inst/num_samples_read_reg_458_pp0_iter7_reg_reg[0]_srl8/CLK
Low Pulse Width   Slow    SRL16E/CLK          n/a            0.980         5.000       4.020      SLICE_X42Y32  bd_0_i/hls_inst/inst/num_samples_read_reg_458_pp0_iter7_reg_reg[10]_srl8/CLK
Low Pulse Width   Fast    SRL16E/CLK          n/a            0.980         5.000       4.020      SLICE_X42Y32  bd_0_i/hls_inst/inst/num_samples_read_reg_458_pp0_iter7_reg_reg[10]_srl8/CLK
High Pulse Width  Slow    SRL16E/CLK          n/a            0.980         5.000       4.020      SLICE_X46Y26  bd_0_i/hls_inst/inst/bus_read/ost_ctrl_gen[0].fifo_burst/U_fifo_srl/mem_reg[14][0]_srl15/CLK
High Pulse Width  Fast    SRL16E/CLK          n/a            0.980         5.000       4.020      SLICE_X46Y26  bd_0_i/hls_inst/inst/bus_read/ost_ctrl_gen[0].fifo_burst/U_fifo_srl/mem_reg[14][0]_srl15/CLK
High Pulse Width  Slow    SRL16E/CLK          n/a            0.980         5.000       4.020      SLICE_X22Y34  bd_0_i/hls_inst/inst/bus_read/ost_ctrl_gen[0].fifo_burst/U_fifo_srl/mem_reg[14][0]_srl15__0/CLK
High Pulse Width  Fast    SRL16E/CLK          n/a            0.980         5.000       4.020      SLICE_X22Y34  bd_0_i/hls_inst/inst/bus_read/ost_ctrl_gen[0].fifo_burst/U_fifo_srl/mem_reg[14][0]_srl15__0/CLK
High Pulse Width  Slow    SRL16E/CLK          n/a            0.980         5.000       4.020      SLICE_X30Y34  bd_0_i/hls_inst/inst/icmp_ln23_reg_463_pp0_iter7_reg_reg[0]_srl7/CLK
High Pulse Width  Fast    SRL16E/CLK          n/a            0.980         5.000       4.020      SLICE_X30Y34  bd_0_i/hls_inst/inst/icmp_ln23_reg_463_pp0_iter7_reg_reg[0]_srl7/CLK
High Pulse Width  Slow    SRL16E/CLK          n/a            0.980         5.000       4.020      SLICE_X46Y31  bd_0_i/hls_inst/inst/num_samples_read_reg_458_pp0_iter7_reg_reg[0]_srl8/CLK
High Pulse Width  Fast    SRL16E/CLK          n/a            0.980         5.000       4.020      SLICE_X46Y31  bd_0_i/hls_inst/inst/num_samples_read_reg_458_pp0_iter7_reg_reg[0]_srl8/CLK
High Pulse Width  Slow    SRL16E/CLK          n/a            0.980         5.000       4.020      SLICE_X42Y32  bd_0_i/hls_inst/inst/num_samples_read_reg_458_pp0_iter7_reg_reg[10]_srl8/CLK
High Pulse Width  Fast    SRL16E/CLK          n/a            0.980         5.000       4.020      SLICE_X42Y32  bd_0_i/hls_inst/inst/num_samples_read_reg_458_pp0_iter7_reg_reg[10]_srl8/CLK



--------------------------------------------------------------------------------------
Path Group:  (none)
From Clock:  ap_clk
  To Clock:  

Max Delay           211 Endpoints
Min Delay           211 Endpoints
--------------------------------------------------------------------------------------


Max Delay Paths
--------------------------------------------------------------------------------------
Slack:                    inf
  Source:                 bd_0_i/hls_inst/inst/control_s_axi_U/int_interrupt_reg/C
                            (rising edge-triggered cell FDRE clocked by ap_clk  {rise@0.000ns fall@5.000ns period=10.000ns})
  Destination:            interrupt
                            (output port)
  Path Group:             (none)
  Path Type:              Max at Slow Process Corner
  Data Path Delay:        1.491ns  (logic 0.518ns (34.742%)  route 0.973ns (65.258%))
  Logic Levels:           0  
  Clock Uncertainty:      0.025ns  ((TSJ^2 + TIJ^2)^1/2 + DJ) / 2 + PE
    Total System Jitter     (TSJ):    0.050ns
    Total Input Jitter      (TIJ):    0.000ns
    Discrete Jitter          (DJ):    0.000ns
    Phase Error              (PE):    0.000ns

    Location             Delay type                Incr(ns)  Path(ns)    Netlist Resource(s)
  -------------------------------------------------------------------    -------------------
                         (clock ap_clk rise edge)     0.000     0.000 r  
                                                      0.000     0.000 r  ap_clk (IN)
                         net (fo=3327, unset)         0.973     0.973    bd_0_i/hls_inst/inst/control_s_axi_U/ap_clk
    SLICE_X46Y32         FDRE                                         r  bd_0_i/hls_inst/inst/control_s_axi_U/int_interrupt_reg/C
  -------------------------------------------------------------------    -------------------
    SLICE_X46Y32         FDRE (Prop_fdre_C_Q)         0.518     1.491 r  bd_0_i/hls_inst/inst/control_s_axi_U/int_interrupt_reg/Q
                         net (fo=1, unset)            0.973     2.464    interrupt
                                                                      r  interrupt (OUT)
  -------------------------------------------------------------------    -------------------

Slack:                    inf
  Source:                 bd_0_i/hls_inst/inst/gmem0_m_axi_U/bus_read/rreq_burst_conv/burst_sequential/could_multi_bursts.burst_addr_reg[10]/C
                            (rising edge-triggered cell FDRE clocked by ap_clk  {rise@0.000ns fall@5.000ns period=10.000ns})
  Destination:            m_axi_gmem0_araddr[10]
                            (output port)
  Path Group:             (none)
  Path Type:              Max at Slow Process Corner
  Data Path Delay:        1.491ns  (logic 0.518ns (34.742%)  route 0.973ns (65.258%))
  Logic Levels:           0  
  Clock Uncertainty:      0.025ns  ((TSJ^2 + TIJ^2)^1/2 + DJ) / 2 + PE
    Total System Jitter     (TSJ):    0.050ns
    Total Input Jitter      (TIJ):    0.000ns
    Discrete Jitter          (DJ):    0.000ns
    Phase Error              (PE):    0.000ns

    Location             Delay type                Incr(ns)  Path(ns)    Netlist Resource(s)
  -------------------------------------------------------------------    -------------------
                         (clock ap_clk rise edge)     0.000     0.000 r  
                                                      0.000     0.000 r  ap_clk (IN)
                         net (fo=3327, unset)         0.973     0.973    bd_0_i/hls_inst/inst/gmem0_m_axi_U/bus_read/rreq_burst_conv/burst_sequential/ap_clk
    SLICE_X50Y39         FDRE                                         r  bd_0_i/hls_inst/inst/gmem0_m_axi_U/bus_read/rreq_burst_conv/burst_sequential/could_multi_bursts.burst_addr_reg[10]/C
  -------------------------------------------------------------------    -------------------
    SLICE_X50Y39         FDRE (Prop_fdre_C_Q)         0.518     1.491 r  bd_0_i/hls_inst/inst/gmem0_m_axi_U/bus_read/rreq_burst_conv/burst_sequential/could_multi_bursts.burst_addr_reg[10]/Q
                         net (fo=2, unset)            0.973     2.464    m_axi_gmem0_araddr[10]
                                                                      r  m_axi_gmem0_araddr[10] (OUT)
  -------------------------------------------------------------------    -------------------

Slack:                    inf
  Source:                 bd_0_i/hls_inst/inst/gmem0_m_axi_U/bus_read/rreq_burst_conv/burst_sequential/could_multi_bursts.burst_addr_reg[11]/C
                            (rising edge-triggered cell FDRE clocked by ap_clk  {rise@0.000ns fall@5.000ns period=10.000ns})
  Destination:            m_axi_gmem0_araddr[11]
                            (output port)
  Path Group:             (none)
  Path Type:              Max at Slow Process Corner
  Data Path Delay:        1.491ns  (logic 0.518ns (34.742%)  route 0.973ns (65.258%))
  Logic Levels:           0  
  Clock Uncertainty:      0.025ns  ((TSJ^2 + TIJ^2)^1/2 + DJ) / 2 + PE
    Total System Jitter     (TSJ):    0.050ns
    Total Input Jitter      (TIJ):    0.000ns
    Discrete Jitter          (DJ):    0.000ns
    Phase Error              (PE):    0.000ns

    Location             Delay type                Incr(ns)  Path(ns)    Netlist Resource(s)
  -------------------------------------------------------------------    -------------------
                         (clock ap_clk rise edge)     0.000     0.000 r  
                                                      0.000     0.000 r  ap_clk (IN)
                         net (fo=3327, unset)         0.973     0.973    bd_0_i/hls_inst/inst/gmem0_m_axi_U/bus_read/rreq_burst_conv/burst_sequential/ap_clk
    SLICE_X50Y39         FDRE                                         r  bd_0_i/hls_inst/inst/gmem0_m_axi_U/bus_read/rreq_burst_conv/burst_sequential/could_multi_bursts.burst_addr_reg[11]/C
  -------------------------------------------------------------------    -------------------
    SLICE_X50Y39         FDRE (Prop_fdre_C_Q)         0.518     1.491 r  bd_0_i/hls_inst/inst/gmem0_m_axi_U/bus_read/rreq_burst_conv/burst_sequential/could_multi_bursts.burst_addr_reg[11]/Q
                         net (fo=1, unset)            0.973     2.464    m_axi_gmem0_araddr[11]
                                                                      r  m_axi_gmem0_araddr[11] (OUT)
  -------------------------------------------------------------------    -------------------

Slack:                    inf
  Source:                 bd_0_i/hls_inst/inst/gmem0_m_axi_U/bus_read/rreq_burst_conv/burst_sequential/could_multi_bursts.burst_addr_base_reg[6]/C
                            (rising edge-triggered cell FDRE clocked by ap_clk  {rise@0.000ns fall@5.000ns period=10.000ns})
  Destination:            m_axi_gmem0_araddr[18]
                            (output port)
  Path Group:             (none)
  Path Type:              Max at Slow Process Corner
  Data Path Delay:        1.491ns  (logic 0.518ns (34.742%)  route 0.973ns (65.258%))
  Logic Levels:           0  
  Clock Uncertainty:      0.025ns  ((TSJ^2 + TIJ^2)^1/2 + DJ) / 2 + PE
    Total System Jitter     (TSJ):    0.050ns
    Total Input Jitter      (TIJ):    0.000ns
    Discrete Jitter          (DJ):    0.000ns
    Phase Error              (PE):    0.000ns

    Location             Delay type                Incr(ns)  Path(ns)    Netlist Resource(s)
  -------------------------------------------------------------------    -------------------
                         (clock ap_clk rise edge)     0.000     0.000 r  
                                                      0.000     0.000 r  ap_clk (IN)
                         net (fo=3327, unset)         0.973     0.973    bd_0_i/hls_inst/inst/gmem0_m_axi_U/bus_read/rreq_burst_conv/burst_sequential/ap_clk
    SLICE_X50Y45         FDRE                                         r  bd_0_i/hls_inst/inst/gmem0_m_axi_U/bus_read/rreq_burst_conv/burst_sequential/could_multi_bursts.burst_addr_base_reg[6]/C
  -------------------------------------------------------------------    -------------------
    SLICE_X50Y45         FDRE (Prop_fdre_C_Q)         0.518     1.491 r  bd_0_i/hls_inst/inst/gmem0_m_axi_U/bus_read/rreq_burst_conv/burst_sequential/could_multi_bursts.burst_addr_base_reg[6]/Q
                         net (fo=0)                   0.973     2.464    m_axi_gmem0_araddr[18]
                                                                      r  m_axi_gmem0_araddr[18] (OUT)
  -------------------------------------------------------------------    -------------------

Slack:                    inf
  Source:                 bd_0_i/hls_inst/inst/gmem0_m_axi_U/bus_read/rreq_burst_conv/burst_sequential/could_multi_bursts.burst_addr_base_reg[7]/C
                            (rising edge-triggered cell FDRE clocked by ap_clk  {rise@0.000ns fall@5.000ns period=10.000ns})
  Destination:            m_axi_gmem0_araddr[19]
                            (output port)
  Path Group:             (none)
  Path Type:              Max at Slow Process Corner
  Data Path Delay:        1.491ns  (logic 0.518ns (34.742%)  route 0.973ns (65.258%))
  Logic Levels:           0  
  Clock Uncertainty:      0.025ns  ((TSJ^2 + TIJ^2)^1/2 + DJ) / 2 + PE
    Total System Jitter     (TSJ):    0.050ns
    Total Input Jitter      (TIJ):    0.000ns
    Discrete Jitter          (DJ):    0.000ns
    Phase Error              (PE):    0.000ns

    Location             Delay type                Incr(ns)  Path(ns)    Netlist Resource(s)
  -------------------------------------------------------------------    -------------------
                         (clock ap_clk rise edge)     0.000     0.000 r  
                                                      0.000     0.000 r  ap_clk (IN)
                         net (fo=3327, unset)         0.973     0.973    bd_0_i/hls_inst/inst/gmem0_m_axi_U/bus_read/rreq_burst_conv/burst_sequential/ap_clk
    SLICE_X50Y45         FDRE                                         r  bd_0_i/hls_inst/inst/gmem0_m_axi_U/bus_read/rreq_burst_conv/burst_sequential/could_multi_bursts.burst_addr_base_reg[7]/C
  -------------------------------------------------------------------    -------------------
    SLICE_X50Y45         FDRE (Prop_fdre_C_Q)         0.518     1.491 r  bd_0_i/hls_inst/inst/gmem0_m_axi_U/bus_read/rreq_burst_conv/burst_sequential/could_multi_bursts.burst_addr_base_reg[7]/Q
                         net (fo=0)                   0.973     2.464    m_axi_gmem0_araddr[19]
                                                                      r  m_axi_gmem0_araddr[19] (OUT)
  -------------------------------------------------------------------    -------------------

Slack:                    inf
  Source:                 bd_0_i/hls_inst/inst/gmem0_m_axi_U/bus_read/rreq_burst_conv/burst_sequential/could_multi_bursts.burst_addr_base_reg[9]/C
                            (rising edge-triggered cell FDRE clocked by ap_clk  {rise@0.000ns fall@5.000ns period=10.000ns})
  Destination:            m_axi_gmem0_araddr[21]
                            (output port)
  Path Group:             (none)
  Path Type:              Max at Slow Process Corner
  Data Path Delay:        1.491ns  (logic 0.518ns (34.742%)  route 0.973ns (65.258%))
  Logic Levels:           0  
  Clock Uncertainty:      0.025ns  ((TSJ^2 + TIJ^2)^1/2 + DJ) / 2 + PE
    Total System Jitter     (TSJ):    0.050ns
    Total Input Jitter      (TIJ):    0.000ns
    Discrete Jitter          (DJ):    0.000ns
    Phase Error              (PE):    0.000ns

    Location             Delay type                Incr(ns)  Path(ns)    Netlist Resource(s)
  -------------------------------------------------------------------    -------------------
                         (clock ap_clk rise edge)     0.000     0.000 r  
                                                      0.000     0.000 r  ap_clk (IN)
                         net (fo=3327, unset)         0.973     0.973    bd_0_i/hls_inst/inst/gmem0_m_axi_U/bus_read/rreq_burst_conv/burst_sequential/ap_clk
    SLICE_X50Y45         FDRE                                         r  bd_0_i/hls_inst/inst/gmem0_m_axi_U/bus_read/rreq_burst_conv/burst_sequential/could_multi_bursts.burst_addr_base_reg[9]/C
  -------------------------------------------------------------------    -------------------
    SLICE_X50Y45         FDRE (Prop_fdre_C_Q)         0.518     1.491 r  bd_0_i/hls_inst/inst/gmem0_m_axi_U/bus_read/rreq_burst_conv/burst_sequential/could_multi_bursts.burst_addr_base_reg[9]/Q
                         net (fo=0)                   0.973     2.464    m_axi_gmem0_araddr[21]
                                                                      r  m_axi_gmem0_araddr[21] (OUT)
  -------------------------------------------------------------------    -------------------

Slack:                    inf
  Source:                 bd_0_i/hls_inst/inst/gmem0_m_axi_U/bus_read/rreq_burst_conv/burst_sequential/could_multi_bursts.burst_addr_base_reg[11]/C
                            (rising edge-triggered cell FDRE clocked by ap_clk  {rise@0.000ns fall@5.000ns period=10.000ns})
  Destination:            m_axi_gmem0_araddr[23]
                            (output port)
  Path Group:             (none)
  Path Type:              Max at Slow Process Corner
  Data Path Delay:        1.491ns  (logic 0.518ns (34.742%)  route 0.973ns (65.258%))
  Logic Levels:           0  
  Clock Uncertainty:      0.025ns  ((TSJ^2 + TIJ^2)^1/2 + DJ) / 2 + PE
    Total System Jitter     (TSJ):    0.050ns
    Total Input Jitter      (TIJ):    0.000ns
    Discrete Jitter          (DJ):    0.000ns
    Phase Error              (PE):    0.000ns

    Location             Delay type                Incr(ns)  Path(ns)    Netlist Resource(s)
  -------------------------------------------------------------------    -------------------
                         (clock ap_clk rise edge)     0.000     0.000 r  
                                                      0.000     0.000 r  ap_clk (IN)
                         net (fo=3327, unset)         0.973     0.973    bd_0_i/hls_inst/inst/gmem0_m_axi_U/bus_read/rreq_burst_conv/burst_sequential/ap_clk
    SLICE_X50Y45         FDRE                                         r  bd_0_i/hls_inst/inst/gmem0_m_axi_U/bus_read/rreq_burst_conv/burst_sequential/could_multi_bursts.burst_addr_base_reg[11]/C
  -------------------------------------------------------------------    -------------------
    SLICE_X50Y45         FDRE (Prop_fdre_C_Q)         0.518     1.491 r  bd_0_i/hls_inst/inst/gmem0_m_axi_U/bus_read/rreq_burst_conv/burst_sequential/could_multi_bursts.burst_addr_base_reg[11]/Q
                         net (fo=0)                   0.973     2.464    m_axi_gmem0_araddr[23]
                                                                      r  m_axi_gmem0_araddr[23] (OUT)
  -------------------------------------------------------------------    -------------------

Slack:                    inf
  Source:                 bd_0_i/hls_inst/inst/gmem0_m_axi_U/bus_read/rreq_burst_conv/burst_sequential/could_multi_bursts.burst_addr_base_reg[14]/C
                            (rising edge-triggered cell FDRE clocked by ap_clk  {rise@0.000ns fall@5.000ns period=10.000ns})
  Destination:            m_axi_gmem0_araddr[26]
                            (output port)
  Path Group:             (none)
  Path Type:              Max at Slow Process Corner
  Data Path Delay:        1.491ns  (logic 0.518ns (34.742%)  route 0.973ns (65.258%))
  Logic Levels:           0  
  Clock Uncertainty:      0.025ns  ((TSJ^2 + TIJ^2)^1/2 + DJ) / 2 + PE
    Total System Jitter     (TSJ):    0.050ns
    Total Input Jitter      (TIJ):    0.000ns
    Discrete Jitter          (DJ):    0.000ns
    Phase Error              (PE):    0.000ns

    Location             Delay type                Incr(ns)  Path(ns)    Netlist Resource(s)
  -------------------------------------------------------------------    -------------------
                         (clock ap_clk rise edge)     0.000     0.000 r  
                                                      0.000     0.000 r  ap_clk (IN)
                         net (fo=3327, unset)         0.973     0.973    bd_0_i/hls_inst/inst/gmem0_m_axi_U/bus_read/rreq_burst_conv/burst_sequential/ap_clk
    SLICE_X50Y52         FDRE                                         r  bd_0_i/hls_inst/inst/gmem0_m_axi_U/bus_read/rreq_burst_conv/burst_sequential/could_multi_bursts.burst_addr_base_reg[14]/C
  -------------------------------------------------------------------    -------------------
    SLICE_X50Y52         FDRE (Prop_fdre_C_Q)         0.518     1.491 r  bd_0_i/hls_inst/inst/gmem0_m_axi_U/bus_read/rreq_burst_conv/burst_sequential/could_multi_bursts.burst_addr_base_reg[14]/Q
                         net (fo=0)                   0.973     2.464    m_axi_gmem0_araddr[26]
                                                                      r  m_axi_gmem0_araddr[26] (OUT)
  -------------------------------------------------------------------    -------------------

Slack:                    inf
  Source:                 bd_0_i/hls_inst/inst/gmem0_m_axi_U/bus_read/rreq_burst_conv/burst_sequential/could_multi_bursts.burst_addr_base_reg[17]/C
                            (rising edge-triggered cell FDRE clocked by ap_clk  {rise@0.000ns fall@5.000ns period=10.000ns})
  Destination:            m_axi_gmem0_araddr[29]
                            (output port)
  Path Group:             (none)
  Path Type:              Max at Slow Process Corner
  Data Path Delay:        1.491ns  (logic 0.518ns (34.742%)  route 0.973ns (65.258%))
  Logic Levels:           0  
  Clock Uncertainty:      0.025ns  ((TSJ^2 + TIJ^2)^1/2 + DJ) / 2 + PE
    Total System Jitter     (TSJ):    0.050ns
    Total Input Jitter      (TIJ):    0.000ns
    Discrete Jitter          (DJ):    0.000ns
    Phase Error              (PE):    0.000ns

    Location             Delay type                Incr(ns)  Path(ns)    Netlist Resource(s)
  -------------------------------------------------------------------    -------------------
                         (clock ap_clk rise edge)     0.000     0.000 r  
                                                      0.000     0.000 r  ap_clk (IN)
                         net (fo=3327, unset)         0.973     0.973    bd_0_i/hls_inst/inst/gmem0_m_axi_U/bus_read/rreq_burst_conv/burst_sequential/ap_clk
    SLICE_X50Y52         FDRE                                         r  bd_0_i/hls_inst/inst/gmem0_m_axi_U/bus_read/rreq_burst_conv/burst_sequential/could_multi_bursts.burst_addr_base_reg[17]/C
  -------------------------------------------------------------------    -------------------
    SLICE_X50Y52         FDRE (Prop_fdre_C_Q)         0.518     1.491 r  bd_0_i/hls_inst/inst/gmem0_m_axi_U/bus_read/rreq_burst_conv/burst_sequential/could_multi_bursts.burst_addr_base_reg[17]/Q
                         net (fo=0)                   0.973     2.464    m_axi_gmem0_araddr[29]
                                                                      r  m_axi_gmem0_araddr[29] (OUT)
  -------------------------------------------------------------------    -------------------

Slack:                    inf
  Source:                 bd_0_i/hls_inst/inst/gmem0_m_axi_U/bus_read/rreq_burst_conv/burst_sequential/could_multi_bursts.burst_addr_base_reg[18]/C
                            (rising edge-triggered cell FDRE clocked by ap_clk  {rise@0.000ns fall@5.000ns period=10.000ns})
  Destination:            m_axi_gmem0_araddr[30]
                            (output port)
  Path Group:             (none)
  Path Type:              Max at Slow Process Corner
  Data Path Delay:        1.491ns  (logic 0.518ns (34.742%)  route 0.973ns (65.258%))
  Logic Levels:           0  
  Clock Uncertainty:      0.025ns  ((TSJ^2 + TIJ^2)^1/2 + DJ) / 2 + PE
    Total System Jitter     (TSJ):    0.050ns
    Total Input Jitter      (TIJ):    0.000ns
    Discrete Jitter          (DJ):    0.000ns
    Phase Error              (PE):    0.000ns

    Location             Delay type                Incr(ns)  Path(ns)    Netlist Resource(s)
  -------------------------------------------------------------------    -------------------
                         (clock ap_clk rise edge)     0.000     0.000 r  
                                                      0.000     0.000 r  ap_clk (IN)
                         net (fo=3327, unset)         0.973     0.973    bd_0_i/hls_inst/inst/gmem0_m_axi_U/bus_read/rreq_burst_conv/burst_sequential/ap_clk
    SLICE_X50Y55         FDRE                                         r  bd_0_i/hls_inst/inst/gmem0_m_axi_U/bus_read/rreq_burst_conv/burst_sequential/could_multi_bursts.burst_addr_base_reg[18]/C
  -------------------------------------------------------------------    -------------------
    SLICE_X50Y55         FDRE (Prop_fdre_C_Q)         0.518     1.491 r  bd_0_i/hls_inst/inst/gmem0_m_axi_U/bus_read/rreq_burst_conv/burst_sequential/could_multi_bursts.burst_addr_base_reg[18]/Q
                         net (fo=0)                   0.973     2.464    m_axi_gmem0_araddr[30]
                                                                      r  m_axi_gmem0_araddr[30] (OUT)
  -------------------------------------------------------------------    -------------------





Min Delay Paths
--------------------------------------------------------------------------------------
Slack:                    inf
  Source:                 bd_0_i/hls_inst/inst/gmem0_m_axi_U/bus_read/rreq_burst_conv/burst_sequential/could_multi_bursts.burst_addr_base_reg[27]/C
                            (rising edge-triggered cell FDRE clocked by ap_clk  {rise@0.000ns fall@5.000ns period=10.000ns})
  Destination:            m_axi_gmem0_araddr[39]
                            (output port)
  Path Group:             (none)
  Path Type:              Min at Fast Process Corner
  Data Path Delay:        0.538ns  (logic 0.128ns (23.786%)  route 0.410ns (76.214%))
  Logic Levels:           0  
  Clock Uncertainty:      0.025ns  ((TSJ^2 + TIJ^2)^1/2 + DJ) / 2 + PE
    Total System Jitter     (TSJ):    0.050ns
    Total Input Jitter      (TIJ):    0.000ns
    Discrete Jitter          (DJ):    0.000ns
    Phase Error              (PE):    0.000ns

    Location             Delay type                Incr(ns)  Path(ns)    Netlist Resource(s)
  -------------------------------------------------------------------    -------------------
                         (clock ap_clk rise edge)     0.000     0.000 r  
                                                      0.000     0.000 r  ap_clk (IN)
                         net (fo=3327, unset)         0.410     0.410    bd_0_i/hls_inst/inst/gmem0_m_axi_U/bus_read/rreq_burst_conv/burst_sequential/ap_clk
    SLICE_X52Y51         FDRE                                         r  bd_0_i/hls_inst/inst/gmem0_m_axi_U/bus_read/rreq_burst_conv/burst_sequential/could_multi_bursts.burst_addr_base_reg[27]/C
  -------------------------------------------------------------------    -------------------
    SLICE_X52Y51         FDRE (Prop_fdre_C_Q)         0.128     0.538 r  bd_0_i/hls_inst/inst/gmem0_m_axi_U/bus_read/rreq_burst_conv/burst_sequential/could_multi_bursts.burst_addr_base_reg[27]/Q
                         net (fo=0)                   0.410     0.948    m_axi_gmem0_araddr[39]
                                                                      r  m_axi_gmem0_araddr[39] (OUT)
  -------------------------------------------------------------------    -------------------

Slack:                    inf
  Source:                 bd_0_i/hls_inst/inst/gmem0_m_axi_U/bus_read/rreq_burst_conv/burst_sequential/could_multi_bursts.burst_addr_base_reg[30]/C
                            (rising edge-triggered cell FDRE clocked by ap_clk  {rise@0.000ns fall@5.000ns period=10.000ns})
  Destination:            m_axi_gmem0_araddr[42]
                            (output port)
  Path Group:             (none)
  Path Type:              Min at Fast Process Corner
  Data Path Delay:        0.538ns  (logic 0.128ns (23.786%)  route 0.410ns (76.214%))
  Logic Levels:           0  
  Clock Uncertainty:      0.025ns  ((TSJ^2 + TIJ^2)^1/2 + DJ) / 2 + PE
    Total System Jitter     (TSJ):    0.050ns
    Total Input Jitter      (TIJ):    0.000ns
    Discrete Jitter          (DJ):    0.000ns
    Phase Error              (PE):    0.000ns

    Location             Delay type                Incr(ns)  Path(ns)    Netlist Resource(s)
  -------------------------------------------------------------------    -------------------
                         (clock ap_clk rise edge)     0.000     0.000 r  
                                                      0.000     0.000 r  ap_clk (IN)
                         net (fo=3327, unset)         0.410     0.410    bd_0_i/hls_inst/inst/gmem0_m_axi_U/bus_read/rreq_burst_conv/burst_sequential/ap_clk
    SLICE_X52Y51         FDRE                                         r  bd_0_i/hls_inst/inst/gmem0_m_axi_U/bus_read/rreq_burst_conv/burst_sequential/could_multi_bursts.burst_addr_base_reg[30]/C
  -------------------------------------------------------------------    -------------------
    SLICE_X52Y51         FDRE (Prop_fdre_C_Q)         0.128     0.538 r  bd_0_i/hls_inst/inst/gmem0_m_axi_U/bus_read/rreq_burst_conv/burst_sequential/could_multi_bursts.burst_addr_base_reg[30]/Q
                         net (fo=0)                   0.410     0.948    m_axi_gmem0_araddr[42]
                                                                      r  m_axi_gmem0_araddr[42] (OUT)
  -------------------------------------------------------------------    -------------------

Slack:                    inf
  Source:                 bd_0_i/hls_inst/inst/gmem0_m_axi_U/bus_read/rreq_burst_conv/burst_sequential/could_multi_bursts.burst_addr_base_reg[36]/C
                            (rising edge-triggered cell FDRE clocked by ap_clk  {rise@0.000ns fall@5.000ns period=10.000ns})
  Destination:            m_axi_gmem0_araddr[48]
                            (output port)
  Path Group:             (none)
  Path Type:              Min at Fast Process Corner
  Data Path Delay:        0.538ns  (logic 0.128ns (23.786%)  route 0.410ns (76.214%))
  Logic Levels:           0  
  Clock Uncertainty:      0.025ns  ((TSJ^2 + TIJ^2)^1/2 + DJ) / 2 + PE
    Total System Jitter     (TSJ):    0.050ns
    Total Input Jitter      (TIJ):    0.000ns
    Discrete Jitter          (DJ):    0.000ns
    Phase Error              (PE):    0.000ns

    Location             Delay type                Incr(ns)  Path(ns)    Netlist Resource(s)
  -------------------------------------------------------------------    -------------------
                         (clock ap_clk rise edge)     0.000     0.000 r  
                                                      0.000     0.000 r  ap_clk (IN)
                         net (fo=3327, unset)         0.410     0.410    bd_0_i/hls_inst/inst/gmem0_m_axi_U/bus_read/rreq_burst_conv/burst_sequential/ap_clk
    SLICE_X48Y52         FDRE                                         r  bd_0_i/hls_inst/inst/gmem0_m_axi_U/bus_read/rreq_burst_conv/burst_sequential/could_multi_bursts.burst_addr_base_reg[36]/C
  -------------------------------------------------------------------    -------------------
    SLICE_X48Y52         FDRE (Prop_fdre_C_Q)         0.128     0.538 r  bd_0_i/hls_inst/inst/gmem0_m_axi_U/bus_read/rreq_burst_conv/burst_sequential/could_multi_bursts.burst_addr_base_reg[36]/Q
                         net (fo=0)                   0.410     0.948    m_axi_gmem0_araddr[48]
                                                                      r  m_axi_gmem0_araddr[48] (OUT)
  -------------------------------------------------------------------    -------------------

Slack:                    inf
  Source:                 bd_0_i/hls_inst/inst/gmem0_m_axi_U/bus_read/rreq_burst_conv/burst_sequential/could_multi_bursts.burst_addr_base_reg[37]/C
                            (rising edge-triggered cell FDRE clocked by ap_clk  {rise@0.000ns fall@5.000ns period=10.000ns})
  Destination:            m_axi_gmem0_araddr[49]
                            (output port)
  Path Group:             (none)
  Path Type:              Min at Fast Process Corner
  Data Path Delay:        0.538ns  (logic 0.128ns (23.786%)  route 0.410ns (76.214%))
  Logic Levels:           0  
  Clock Uncertainty:      0.025ns  ((TSJ^2 + TIJ^2)^1/2 + DJ) / 2 + PE
    Total System Jitter     (TSJ):    0.050ns
    Total Input Jitter      (TIJ):    0.000ns
    Discrete Jitter          (DJ):    0.000ns
    Phase Error              (PE):    0.000ns

    Location             Delay type                Incr(ns)  Path(ns)    Netlist Resource(s)
  -------------------------------------------------------------------    -------------------
                         (clock ap_clk rise edge)     0.000     0.000 r  
                                                      0.000     0.000 r  ap_clk (IN)
                         net (fo=3327, unset)         0.410     0.410    bd_0_i/hls_inst/inst/gmem0_m_axi_U/bus_read/rreq_burst_conv/burst_sequential/ap_clk
    SLICE_X48Y52         FDRE                                         r  bd_0_i/hls_inst/inst/gmem0_m_axi_U/bus_read/rreq_burst_conv/burst_sequential/could_multi_bursts.burst_addr_base_reg[37]/C
  -------------------------------------------------------------------    -------------------
    SLICE_X48Y52         FDRE (Prop_fdre_C_Q)         0.128     0.538 r  bd_0_i/hls_inst/inst/gmem0_m_axi_U/bus_read/rreq_burst_conv/burst_sequential/could_multi_bursts.burst_addr_base_reg[37]/Q
                         net (fo=0)                   0.410     0.948    m_axi_gmem0_araddr[49]
                                                                      r  m_axi_gmem0_araddr[49] (OUT)
  -------------------------------------------------------------------    -------------------

Slack:                    inf
  Source:                 bd_0_i/hls_inst/inst/gmem0_m_axi_U/bus_read/rreq_burst_conv/burst_sequential/could_multi_bursts.burst_addr_reg[7]/C
                            (rising edge-triggered cell FDRE clocked by ap_clk  {rise@0.000ns fall@5.000ns period=10.000ns})
  Destination:            m_axi_gmem0_araddr[7]
                            (output port)
  Path Group:             (none)
  Path Type:              Min at Fast Process Corner
  Data Path Delay:        0.538ns  (logic 0.128ns (23.786%)  route 0.410ns (76.214%))
  Logic Levels:           0  
  Clock Uncertainty:      0.025ns  ((TSJ^2 + TIJ^2)^1/2 + DJ) / 2 + PE
    Total System Jitter     (TSJ):    0.050ns
    Total Input Jitter      (TIJ):    0.000ns
    Discrete Jitter          (DJ):    0.000ns
    Phase Error              (PE):    0.000ns

    Location             Delay type                Incr(ns)  Path(ns)    Netlist Resource(s)
  -------------------------------------------------------------------    -------------------
                         (clock ap_clk rise edge)     0.000     0.000 r  
                                                      0.000     0.000 r  ap_clk (IN)
                         net (fo=3327, unset)         0.410     0.410    bd_0_i/hls_inst/inst/gmem0_m_axi_U/bus_read/rreq_burst_conv/burst_sequential/ap_clk
    SLICE_X51Y37         FDRE                                         r  bd_0_i/hls_inst/inst/gmem0_m_axi_U/bus_read/rreq_burst_conv/burst_sequential/could_multi_bursts.burst_addr_reg[7]/C
  -------------------------------------------------------------------    -------------------
    SLICE_X51Y37         FDRE (Prop_fdre_C_Q)         0.128     0.538 r  bd_0_i/hls_inst/inst/gmem0_m_axi_U/bus_read/rreq_burst_conv/burst_sequential/could_multi_bursts.burst_addr_reg[7]/Q
                         net (fo=4, unset)            0.410     0.948    m_axi_gmem0_araddr[7]
                                                                      r  m_axi_gmem0_araddr[7] (OUT)
  -------------------------------------------------------------------    -------------------

Slack:                    inf
  Source:                 bd_0_i/hls_inst/inst/gmem1_m_axi_U/bus_read/rreq_burst_conv/burst_sequential/could_multi_bursts.burst_addr_reg[7]/C
                            (rising edge-triggered cell FDRE clocked by ap_clk  {rise@0.000ns fall@5.000ns period=10.000ns})
  Destination:            m_axi_gmem1_araddr[7]
                            (output port)
  Path Group:             (none)
  Path Type:              Min at Fast Process Corner
  Data Path Delay:        0.538ns  (logic 0.128ns (23.786%)  route 0.410ns (76.214%))
  Logic Levels:           0  
  Clock Uncertainty:      0.025ns  ((TSJ^2 + TIJ^2)^1/2 + DJ) / 2 + PE
    Total System Jitter     (TSJ):    0.050ns
    Total Input Jitter      (TIJ):    0.000ns
    Discrete Jitter          (DJ):    0.000ns
    Phase Error              (PE):    0.000ns

    Location             Delay type                Incr(ns)  Path(ns)    Netlist Resource(s)
  -------------------------------------------------------------------    -------------------
                         (clock ap_clk rise edge)     0.000     0.000 r  
                                                      0.000     0.000 r  ap_clk (IN)
                         net (fo=3327, unset)         0.410     0.410    bd_0_i/hls_inst/inst/gmem1_m_axi_U/bus_read/rreq_burst_conv/burst_sequential/ap_clk
    SLICE_X21Y42         FDRE                                         r  bd_0_i/hls_inst/inst/gmem1_m_axi_U/bus_read/rreq_burst_conv/burst_sequential/could_multi_bursts.burst_addr_reg[7]/C
  -------------------------------------------------------------------    -------------------
    SLICE_X21Y42         FDRE (Prop_fdre_C_Q)         0.128     0.538 r  bd_0_i/hls_inst/inst/gmem1_m_axi_U/bus_read/rreq_burst_conv/burst_sequential/could_multi_bursts.burst_addr_reg[7]/Q
                         net (fo=4, unset)            0.410     0.948    m_axi_gmem1_araddr[7]
                                                                      r  m_axi_gmem1_araddr[7] (OUT)
  -------------------------------------------------------------------    -------------------

Slack:                    inf
  Source:                 bd_0_i/hls_inst/inst/gmem1_m_axi_U/bus_read/rreq_burst_conv/burst_sequential/could_multi_bursts.burst_len_reg[1]/C
                            (rising edge-triggered cell FDRE clocked by ap_clk  {rise@0.000ns fall@5.000ns period=10.000ns})
  Destination:            m_axi_gmem1_arlen[1]
                            (output port)
  Path Group:             (none)
  Path Type:              Min at Fast Process Corner
  Data Path Delay:        0.538ns  (logic 0.128ns (23.786%)  route 0.410ns (76.214%))
  Logic Levels:           0  
  Clock Uncertainty:      0.025ns  ((TSJ^2 + TIJ^2)^1/2 + DJ) / 2 + PE
    Total System Jitter     (TSJ):    0.050ns
    Total Input Jitter      (TIJ):    0.000ns
    Discrete Jitter          (DJ):    0.000ns
    Phase Error              (PE):    0.000ns

    Location             Delay type                Incr(ns)  Path(ns)    Netlist Resource(s)
  -------------------------------------------------------------------    -------------------
                         (clock ap_clk rise edge)     0.000     0.000 r  
                                                      0.000     0.000 r  ap_clk (IN)
                         net (fo=3327, unset)         0.410     0.410    bd_0_i/hls_inst/inst/gmem1_m_axi_U/bus_read/rreq_burst_conv/burst_sequential/ap_clk
    SLICE_X23Y39         FDRE                                         r  bd_0_i/hls_inst/inst/gmem1_m_axi_U/bus_read/rreq_burst_conv/burst_sequential/could_multi_bursts.burst_len_reg[1]/C
  -------------------------------------------------------------------    -------------------
    SLICE_X23Y39         FDRE (Prop_fdre_C_Q)         0.128     0.538 r  bd_0_i/hls_inst/inst/gmem1_m_axi_U/bus_read/rreq_burst_conv/burst_sequential/could_multi_bursts.burst_len_reg[1]/Q
                         net (fo=0)                   0.410     0.948    m_axi_gmem1_arlen[1]
                                                                      r  m_axi_gmem1_arlen[1] (OUT)
  -------------------------------------------------------------------    -------------------

Slack:                    inf
  Source:                 bd_0_i/hls_inst/inst/gmem1_m_axi_U/bus_read/rreq_burst_conv/burst_sequential/could_multi_bursts.burst_len_reg[3]/C
                            (rising edge-triggered cell FDRE clocked by ap_clk  {rise@0.000ns fall@5.000ns period=10.000ns})
  Destination:            m_axi_gmem1_arlen[3]
                            (output port)
  Path Group:             (none)
  Path Type:              Min at Fast Process Corner
  Data Path Delay:        0.538ns  (logic 0.128ns (23.786%)  route 0.410ns (76.214%))
  Logic Levels:           0  
  Clock Uncertainty:      0.025ns  ((TSJ^2 + TIJ^2)^1/2 + DJ) / 2 + PE
    Total System Jitter     (TSJ):    0.050ns
    Total Input Jitter      (TIJ):    0.000ns
    Discrete Jitter          (DJ):    0.000ns
    Phase Error              (PE):    0.000ns

    Location             Delay type                Incr(ns)  Path(ns)    Netlist Resource(s)
  -------------------------------------------------------------------    -------------------
                         (clock ap_clk rise edge)     0.000     0.000 r  
                                                      0.000     0.000 r  ap_clk (IN)
                         net (fo=3327, unset)         0.410     0.410    bd_0_i/hls_inst/inst/gmem1_m_axi_U/bus_read/rreq_burst_conv/burst_sequential/ap_clk
    SLICE_X23Y39         FDRE                                         r  bd_0_i/hls_inst/inst/gmem1_m_axi_U/bus_read/rreq_burst_conv/burst_sequential/could_multi_bursts.burst_len_reg[3]/C
  -------------------------------------------------------------------    -------------------
    SLICE_X23Y39         FDRE (Prop_fdre_C_Q)         0.128     0.538 r  bd_0_i/hls_inst/inst/gmem1_m_axi_U/bus_read/rreq_burst_conv/burst_sequential/could_multi_bursts.burst_len_reg[3]/Q
                         net (fo=0)                   0.410     0.948    m_axi_gmem1_arlen[3]
                                                                      r  m_axi_gmem1_arlen[3] (OUT)
  -------------------------------------------------------------------    -------------------

Slack:                    inf
  Source:                 bd_0_i/hls_inst/inst/gmem1_m_axi_U/bus_read/rs_rdata/s_ready_t_reg/C
                            (rising edge-triggered cell FDRE clocked by ap_clk  {rise@0.000ns fall@5.000ns period=10.000ns})
  Destination:            m_axi_gmem1_rready
                            (output port)
  Path Group:             (none)
  Path Type:              Min at Fast Process Corner
  Data Path Delay:        0.538ns  (logic 0.128ns (23.786%)  route 0.410ns (76.214%))
  Logic Levels:           0  
  Clock Uncertainty:      0.025ns  ((TSJ^2 + TIJ^2)^1/2 + DJ) / 2 + PE
    Total System Jitter     (TSJ):    0.050ns
    Total Input Jitter      (TIJ):    0.000ns
    Discrete Jitter          (DJ):    0.000ns
    Phase Error              (PE):    0.000ns

    Location             Delay type                Incr(ns)  Path(ns)    Netlist Resource(s)
  -------------------------------------------------------------------    -------------------
                         (clock ap_clk rise edge)     0.000     0.000 r  
                                                      0.000     0.000 r  ap_clk (IN)
                         net (fo=3327, unset)         0.410     0.410    bd_0_i/hls_inst/inst/gmem1_m_axi_U/bus_read/rs_rdata/ap_clk
    SLICE_X23Y15         FDRE                                         r  bd_0_i/hls_inst/inst/gmem1_m_axi_U/bus_read/rs_rdata/s_ready_t_reg/C
  -------------------------------------------------------------------    -------------------
    SLICE_X23Y15         FDRE (Prop_fdre_C_Q)         0.128     0.538 r  bd_0_i/hls_inst/inst/gmem1_m_axi_U/bus_read/rs_rdata/s_ready_t_reg/Q
                         net (fo=4, unset)            0.410     0.948    m_axi_gmem1_rready
                                                                      r  m_axi_gmem1_rready (OUT)
  -------------------------------------------------------------------    -------------------

Slack:                    inf
  Source:                 bd_0_i/hls_inst/inst/control_r_s_axi_U/FSM_onehot_rstate_reg[2]/C
                            (rising edge-triggered cell FDRE clocked by ap_clk  {rise@0.000ns fall@5.000ns period=10.000ns})
  Destination:            s_axi_control_r_rvalid
                            (output port)
  Path Group:             (none)
  Path Type:              Min at Fast Process Corner
  Data Path Delay:        0.538ns  (logic 0.128ns (23.786%)  route 0.410ns (76.214%))
  Logic Levels:           0  
  Clock Uncertainty:      0.025ns  ((TSJ^2 + TIJ^2)^1/2 + DJ) / 2 + PE
    Total System Jitter     (TSJ):    0.050ns
    Total Input Jitter      (TIJ):    0.000ns
    Discrete Jitter          (DJ):    0.000ns
    Phase Error              (PE):    0.000ns

    Location             Delay type                Incr(ns)  Path(ns)    Netlist Resource(s)
  -------------------------------------------------------------------    -------------------
                         (clock ap_clk rise edge)     0.000     0.000 r  
                                                      0.000     0.000 r  ap_clk (IN)
                         net (fo=3327, unset)         0.410     0.410    bd_0_i/hls_inst/inst/control_r_s_axi_U/ap_clk
    SLICE_X33Y49         FDRE                                         r  bd_0_i/hls_inst/inst/control_r_s_axi_U/FSM_onehot_rstate_reg[2]/C
  -------------------------------------------------------------------    -------------------
    SLICE_X33Y49         FDRE (Prop_fdre_C_Q)         0.128     0.538 r  bd_0_i/hls_inst/inst/control_r_s_axi_U/FSM_onehot_rstate_reg[2]/Q
                         net (fo=2, unset)            0.410     0.948    s_axi_control_r_rvalid
                                                                      r  s_axi_control_r_rvalid (OUT)
  -------------------------------------------------------------------    -------------------





--------------------------------------------------------------------------------------
Path Group:  (none)
From Clock:  
  To Clock:  ap_clk

Max Delay          3642 Endpoints
Min Delay          3642 Endpoints
--------------------------------------------------------------------------------------


Max Delay Paths
--------------------------------------------------------------------------------------
Slack:                    inf
  Source:                 ap_rst_n
                            (input port)
  Destination:            bd_0_i/hls_inst/inst/gmem0_m_axi_U/bus_read/rreq_burst_conv/burst_sequential/sect_addr_buf_reg[32]/R
                            (rising edge-triggered cell FDRE clocked by ap_clk  {rise@0.000ns fall@5.000ns period=10.000ns})
  Path Group:             (none)
  Path Type:              Setup (Max at Slow Process Corner)
  Data Path Delay:        10.427ns  (logic 0.124ns (1.189%)  route 10.303ns (98.811%))
  Logic Levels:           1  (LUT1=1)
  Clock Path Skew:        0.924ns (DCD - SCD + CPR)
    Destination Clock Delay (DCD):    0.924ns
    Source Clock Delay      (SCD):    0.000ns
    Clock Pessimism Removal (CPR):    0.000ns
  Clock Uncertainty:      0.025ns  ((TSJ^2 + TIJ^2)^1/2 + DJ) / 2 + PE
    Total System Jitter     (TSJ):    0.050ns
    Total Input Jitter      (TIJ):    0.000ns
    Discrete Jitter          (DJ):    0.000ns
    Phase Error              (PE):    0.000ns

    Location             Delay type                Incr(ns)  Path(ns)    Netlist Resource(s)
  -------------------------------------------------------------------    -------------------
                                                      0.000     0.000 f  ap_rst_n (IN)
                         net (fo=17, unset)           0.973     0.973    bd_0_i/hls_inst/inst/gmem1_m_axi_U/bus_read/rreq_burst_conv/burst_sequential/rs_req/ap_rst_n
    SLICE_X26Y56         LUT1 (Prop_lut1_I0_O)        0.124     1.097 r  bd_0_i/hls_inst/inst/gmem1_m_axi_U/bus_read/rreq_burst_conv/burst_sequential/rs_req/could_multi_bursts.burst_valid_i_1__0/O
                         net (fo=1462, routed)        9.330    10.427    bd_0_i/hls_inst/inst/gmem0_m_axi_U/bus_read/rreq_burst_conv/burst_sequential/ap_rst_n_inv
    SLICE_X48Y47         FDRE                                         r  bd_0_i/hls_inst/inst/gmem0_m_axi_U/bus_read/rreq_burst_conv/burst_sequential/sect_addr_buf_reg[32]/R
  -------------------------------------------------------------------    -------------------

                         (clock ap_clk rise edge)     0.000     0.000 r  
                                                      0.000     0.000 r  ap_clk (IN)
                         net (fo=3327, unset)         0.924     0.924    bd_0_i/hls_inst/inst/gmem0_m_axi_U/bus_read/rreq_burst_conv/burst_sequential/ap_clk
    SLICE_X48Y47         FDRE                                         r  bd_0_i/hls_inst/inst/gmem0_m_axi_U/bus_read/rreq_burst_conv/burst_sequential/sect_addr_buf_reg[32]/C

Slack:                    inf
  Source:                 ap_rst_n
                            (input port)
  Destination:            bd_0_i/hls_inst/inst/gmem0_m_axi_U/bus_read/rreq_burst_conv/burst_sequential/could_multi_bursts.burst_addr_base_reg[20]/R
                            (rising edge-triggered cell FDRE clocked by ap_clk  {rise@0.000ns fall@5.000ns period=10.000ns})
  Path Group:             (none)
  Path Type:              Setup (Max at Slow Process Corner)
  Data Path Delay:        10.423ns  (logic 0.124ns (1.190%)  route 10.299ns (98.810%))
  Logic Levels:           1  (LUT1=1)
  Clock Path Skew:        0.924ns (DCD - SCD + CPR)
    Destination Clock Delay (DCD):    0.924ns
    Source Clock Delay      (SCD):    0.000ns
    Clock Pessimism Removal (CPR):    0.000ns
  Clock Uncertainty:      0.025ns  ((TSJ^2 + TIJ^2)^1/2 + DJ) / 2 + PE
    Total System Jitter     (TSJ):    0.050ns
    Total Input Jitter      (TIJ):    0.000ns
    Discrete Jitter          (DJ):    0.000ns
    Phase Error              (PE):    0.000ns

    Location             Delay type                Incr(ns)  Path(ns)    Netlist Resource(s)
  -------------------------------------------------------------------    -------------------
                                                      0.000     0.000 f  ap_rst_n (IN)
                         net (fo=17, unset)           0.973     0.973    bd_0_i/hls_inst/inst/gmem1_m_axi_U/bus_read/rreq_burst_conv/burst_sequential/rs_req/ap_rst_n
    SLICE_X26Y56         LUT1 (Prop_lut1_I0_O)        0.124     1.097 r  bd_0_i/hls_inst/inst/gmem1_m_axi_U/bus_read/rreq_burst_conv/burst_sequential/rs_req/could_multi_bursts.burst_valid_i_1__0/O
                         net (fo=1462, routed)        9.326    10.423    bd_0_i/hls_inst/inst/gmem0_m_axi_U/bus_read/rreq_burst_conv/burst_sequential/ap_rst_n_inv
    SLICE_X49Y47         FDRE                                         r  bd_0_i/hls_inst/inst/gmem0_m_axi_U/bus_read/rreq_burst_conv/burst_sequential/could_multi_bursts.burst_addr_base_reg[20]/R
  -------------------------------------------------------------------    -------------------

                         (clock ap_clk rise edge)     0.000     0.000 r  
                                                      0.000     0.000 r  ap_clk (IN)
                         net (fo=3327, unset)         0.924     0.924    bd_0_i/hls_inst/inst/gmem0_m_axi_U/bus_read/rreq_burst_conv/burst_sequential/ap_clk
    SLICE_X49Y47         FDRE                                         r  bd_0_i/hls_inst/inst/gmem0_m_axi_U/bus_read/rreq_burst_conv/burst_sequential/could_multi_bursts.burst_addr_base_reg[20]/C

Slack:                    inf
  Source:                 ap_rst_n
                            (input port)
  Destination:            bd_0_i/hls_inst/inst/gmem0_m_axi_U/bus_read/rreq_burst_conv/burst_sequential/could_multi_bursts.burst_addr_base_reg[46]/R
                            (rising edge-triggered cell FDRE clocked by ap_clk  {rise@0.000ns fall@5.000ns period=10.000ns})
  Path Group:             (none)
  Path Type:              Setup (Max at Slow Process Corner)
  Data Path Delay:        10.338ns  (logic 0.124ns (1.199%)  route 10.214ns (98.801%))
  Logic Levels:           1  (LUT1=1)
  Clock Path Skew:        0.924ns (DCD - SCD + CPR)
    Destination Clock Delay (DCD):    0.924ns
    Source Clock Delay      (SCD):    0.000ns
    Clock Pessimism Removal (CPR):    0.000ns
  Clock Uncertainty:      0.025ns  ((TSJ^2 + TIJ^2)^1/2 + DJ) / 2 + PE
    Total System Jitter     (TSJ):    0.050ns
    Total Input Jitter      (TIJ):    0.000ns
    Discrete Jitter          (DJ):    0.000ns
    Phase Error              (PE):    0.000ns

    Location             Delay type                Incr(ns)  Path(ns)    Netlist Resource(s)
  -------------------------------------------------------------------    -------------------
                                                      0.000     0.000 f  ap_rst_n (IN)
                         net (fo=17, unset)           0.973     0.973    bd_0_i/hls_inst/inst/gmem1_m_axi_U/bus_read/rreq_burst_conv/burst_sequential/rs_req/ap_rst_n
    SLICE_X26Y56         LUT1 (Prop_lut1_I0_O)        0.124     1.097 r  bd_0_i/hls_inst/inst/gmem1_m_axi_U/bus_read/rreq_burst_conv/burst_sequential/rs_req/could_multi_bursts.burst_valid_i_1__0/O
                         net (fo=1462, routed)        9.241    10.338    bd_0_i/hls_inst/inst/gmem0_m_axi_U/bus_read/rreq_burst_conv/burst_sequential/ap_rst_n_inv
    SLICE_X46Y58         FDRE                                         r  bd_0_i/hls_inst/inst/gmem0_m_axi_U/bus_read/rreq_burst_conv/burst_sequential/could_multi_bursts.burst_addr_base_reg[46]/R
  -------------------------------------------------------------------    -------------------

                         (clock ap_clk rise edge)     0.000     0.000 r  
                                                      0.000     0.000 r  ap_clk (IN)
                         net (fo=3327, unset)         0.924     0.924    bd_0_i/hls_inst/inst/gmem0_m_axi_U/bus_read/rreq_burst_conv/burst_sequential/ap_clk
    SLICE_X46Y58         FDRE                                         r  bd_0_i/hls_inst/inst/gmem0_m_axi_U/bus_read/rreq_burst_conv/burst_sequential/could_multi_bursts.burst_addr_base_reg[46]/C

Slack:                    inf
  Source:                 ap_rst_n
                            (input port)
  Destination:            bd_0_i/hls_inst/inst/gmem0_m_axi_U/bus_read/rreq_burst_conv/burst_sequential/could_multi_bursts.burst_addr_base_reg[48]/R
                            (rising edge-triggered cell FDRE clocked by ap_clk  {rise@0.000ns fall@5.000ns period=10.000ns})
  Path Group:             (none)
  Path Type:              Setup (Max at Slow Process Corner)
  Data Path Delay:        10.338ns  (logic 0.124ns (1.199%)  route 10.214ns (98.801%))
  Logic Levels:           1  (LUT1=1)
  Clock Path Skew:        0.924ns (DCD - SCD + CPR)
    Destination Clock Delay (DCD):    0.924ns
    Source Clock Delay      (SCD):    0.000ns
    Clock Pessimism Removal (CPR):    0.000ns
  Clock Uncertainty:      0.025ns  ((TSJ^2 + TIJ^2)^1/2 + DJ) / 2 + PE
    Total System Jitter     (TSJ):    0.050ns
    Total Input Jitter      (TIJ):    0.000ns
    Discrete Jitter          (DJ):    0.000ns
    Phase Error              (PE):    0.000ns

    Location             Delay type                Incr(ns)  Path(ns)    Netlist Resource(s)
  -------------------------------------------------------------------    -------------------
                                                      0.000     0.000 f  ap_rst_n (IN)
                         net (fo=17, unset)           0.973     0.973    bd_0_i/hls_inst/inst/gmem1_m_axi_U/bus_read/rreq_burst_conv/burst_sequential/rs_req/ap_rst_n
    SLICE_X26Y56         LUT1 (Prop_lut1_I0_O)        0.124     1.097 r  bd_0_i/hls_inst/inst/gmem1_m_axi_U/bus_read/rreq_burst_conv/burst_sequential/rs_req/could_multi_bursts.burst_valid_i_1__0/O
                         net (fo=1462, routed)        9.241    10.338    bd_0_i/hls_inst/inst/gmem0_m_axi_U/bus_read/rreq_burst_conv/burst_sequential/ap_rst_n_inv
    SLICE_X46Y58         FDRE                                         r  bd_0_i/hls_inst/inst/gmem0_m_axi_U/bus_read/rreq_burst_conv/burst_sequential/could_multi_bursts.burst_addr_base_reg[48]/R
  -------------------------------------------------------------------    -------------------

                         (clock ap_clk rise edge)     0.000     0.000 r  
                                                      0.000     0.000 r  ap_clk (IN)
                         net (fo=3327, unset)         0.924     0.924    bd_0_i/hls_inst/inst/gmem0_m_axi_U/bus_read/rreq_burst_conv/burst_sequential/ap_clk
    SLICE_X46Y58         FDRE                                         r  bd_0_i/hls_inst/inst/gmem0_m_axi_U/bus_read/rreq_burst_conv/burst_sequential/could_multi_bursts.burst_addr_base_reg[48]/C

Slack:                    inf
  Source:                 ap_rst_n
                            (input port)
  Destination:            bd_0_i/hls_inst/inst/gmem0_m_axi_U/bus_read/rreq_burst_conv/burst_sequential/could_multi_bursts.burst_addr_base_reg[49]/R
                            (rising edge-triggered cell FDRE clocked by ap_clk  {rise@0.000ns fall@5.000ns period=10.000ns})
  Path Group:             (none)
  Path Type:              Setup (Max at Slow Process Corner)
  Data Path Delay:        10.338ns  (logic 0.124ns (1.199%)  route 10.214ns (98.801%))
  Logic Levels:           1  (LUT1=1)
  Clock Path Skew:        0.924ns (DCD - SCD + CPR)
    Destination Clock Delay (DCD):    0.924ns
    Source Clock Delay      (SCD):    0.000ns
    Clock Pessimism Removal (CPR):    0.000ns
  Clock Uncertainty:      0.025ns  ((TSJ^2 + TIJ^2)^1/2 + DJ) / 2 + PE
    Total System Jitter     (TSJ):    0.050ns
    Total Input Jitter      (TIJ):    0.000ns
    Discrete Jitter          (DJ):    0.000ns
    Phase Error              (PE):    0.000ns

    Location             Delay type                Incr(ns)  Path(ns)    Netlist Resource(s)
  -------------------------------------------------------------------    -------------------
                                                      0.000     0.000 f  ap_rst_n (IN)
                         net (fo=17, unset)           0.973     0.973    bd_0_i/hls_inst/inst/gmem1_m_axi_U/bus_read/rreq_burst_conv/burst_sequential/rs_req/ap_rst_n
    SLICE_X26Y56         LUT1 (Prop_lut1_I0_O)        0.124     1.097 r  bd_0_i/hls_inst/inst/gmem1_m_axi_U/bus_read/rreq_burst_conv/burst_sequential/rs_req/could_multi_bursts.burst_valid_i_1__0/O
                         net (fo=1462, routed)        9.241    10.338    bd_0_i/hls_inst/inst/gmem0_m_axi_U/bus_read/rreq_burst_conv/burst_sequential/ap_rst_n_inv
    SLICE_X46Y58         FDRE                                         r  bd_0_i/hls_inst/inst/gmem0_m_axi_U/bus_read/rreq_burst_conv/burst_sequential/could_multi_bursts.burst_addr_base_reg[49]/R
  -------------------------------------------------------------------    -------------------

                         (clock ap_clk rise edge)     0.000     0.000 r  
                                                      0.000     0.000 r  ap_clk (IN)
                         net (fo=3327, unset)         0.924     0.924    bd_0_i/hls_inst/inst/gmem0_m_axi_U/bus_read/rreq_burst_conv/burst_sequential/ap_clk
    SLICE_X46Y58         FDRE                                         r  bd_0_i/hls_inst/inst/gmem0_m_axi_U/bus_read/rreq_burst_conv/burst_sequential/could_multi_bursts.burst_addr_base_reg[49]/C

Slack:                    inf
  Source:                 ap_rst_n
                            (input port)
  Destination:            bd_0_i/hls_inst/inst/gmem0_m_axi_U/bus_read/rreq_burst_conv/burst_sequential/could_multi_bursts.burst_addr_base_reg[50]/R
                            (rising edge-triggered cell FDRE clocked by ap_clk  {rise@0.000ns fall@5.000ns period=10.000ns})
  Path Group:             (none)
  Path Type:              Setup (Max at Slow Process Corner)
  Data Path Delay:        10.338ns  (logic 0.124ns (1.199%)  route 10.214ns (98.801%))
  Logic Levels:           1  (LUT1=1)
  Clock Path Skew:        0.924ns (DCD - SCD + CPR)
    Destination Clock Delay (DCD):    0.924ns
    Source Clock Delay      (SCD):    0.000ns
    Clock Pessimism Removal (CPR):    0.000ns
  Clock Uncertainty:      0.025ns  ((TSJ^2 + TIJ^2)^1/2 + DJ) / 2 + PE
    Total System Jitter     (TSJ):    0.050ns
    Total Input Jitter      (TIJ):    0.000ns
    Discrete Jitter          (DJ):    0.000ns
    Phase Error              (PE):    0.000ns

    Location             Delay type                Incr(ns)  Path(ns)    Netlist Resource(s)
  -------------------------------------------------------------------    -------------------
                                                      0.000     0.000 f  ap_rst_n (IN)
                         net (fo=17, unset)           0.973     0.973    bd_0_i/hls_inst/inst/gmem1_m_axi_U/bus_read/rreq_burst_conv/burst_sequential/rs_req/ap_rst_n
    SLICE_X26Y56         LUT1 (Prop_lut1_I0_O)        0.124     1.097 r  bd_0_i/hls_inst/inst/gmem1_m_axi_U/bus_read/rreq_burst_conv/burst_sequential/rs_req/could_multi_bursts.burst_valid_i_1__0/O
                         net (fo=1462, routed)        9.241    10.338    bd_0_i/hls_inst/inst/gmem0_m_axi_U/bus_read/rreq_burst_conv/burst_sequential/ap_rst_n_inv
    SLICE_X46Y58         FDRE                                         r  bd_0_i/hls_inst/inst/gmem0_m_axi_U/bus_read/rreq_burst_conv/burst_sequential/could_multi_bursts.burst_addr_base_reg[50]/R
  -------------------------------------------------------------------    -------------------

                         (clock ap_clk rise edge)     0.000     0.000 r  
                                                      0.000     0.000 r  ap_clk (IN)
                         net (fo=3327, unset)         0.924     0.924    bd_0_i/hls_inst/inst/gmem0_m_axi_U/bus_read/rreq_burst_conv/burst_sequential/ap_clk
    SLICE_X46Y58         FDRE                                         r  bd_0_i/hls_inst/inst/gmem0_m_axi_U/bus_read/rreq_burst_conv/burst_sequential/could_multi_bursts.burst_addr_base_reg[50]/C

Slack:                    inf
  Source:                 ap_rst_n
                            (input port)
  Destination:            bd_0_i/hls_inst/inst/gmem0_m_axi_U/load_unit_0/tmp_addr_reg[52]/R
                            (rising edge-triggered cell FDRE clocked by ap_clk  {rise@0.000ns fall@5.000ns period=10.000ns})
  Path Group:             (none)
  Path Type:              Setup (Max at Slow Process Corner)
  Data Path Delay:        10.330ns  (logic 0.124ns (1.200%)  route 10.206ns (98.800%))
  Logic Levels:           1  (LUT1=1)
  Clock Path Skew:        0.924ns (DCD - SCD + CPR)
    Destination Clock Delay (DCD):    0.924ns
    Source Clock Delay      (SCD):    0.000ns
    Clock Pessimism Removal (CPR):    0.000ns
  Clock Uncertainty:      0.025ns  ((TSJ^2 + TIJ^2)^1/2 + DJ) / 2 + PE
    Total System Jitter     (TSJ):    0.050ns
    Total Input Jitter      (TIJ):    0.000ns
    Discrete Jitter          (DJ):    0.000ns
    Phase Error              (PE):    0.000ns

    Location             Delay type                Incr(ns)  Path(ns)    Netlist Resource(s)
  -------------------------------------------------------------------    -------------------
                                                      0.000     0.000 f  ap_rst_n (IN)
                         net (fo=17, unset)           0.973     0.973    bd_0_i/hls_inst/inst/gmem1_m_axi_U/bus_read/rreq_burst_conv/burst_sequential/rs_req/ap_rst_n
    SLICE_X26Y56         LUT1 (Prop_lut1_I0_O)        0.124     1.097 r  bd_0_i/hls_inst/inst/gmem1_m_axi_U/bus_read/rreq_burst_conv/burst_sequential/rs_req/could_multi_bursts.burst_valid_i_1__0/O
                         net (fo=1462, routed)        9.233    10.330    bd_0_i/hls_inst/inst/gmem0_m_axi_U/load_unit_0/ap_rst_n_inv
    SLICE_X42Y54         FDRE                                         r  bd_0_i/hls_inst/inst/gmem0_m_axi_U/load_unit_0/tmp_addr_reg[52]/R
  -------------------------------------------------------------------    -------------------

                         (clock ap_clk rise edge)     0.000     0.000 r  
                                                      0.000     0.000 r  ap_clk (IN)
                         net (fo=3327, unset)         0.924     0.924    bd_0_i/hls_inst/inst/gmem0_m_axi_U/load_unit_0/ap_clk
    SLICE_X42Y54         FDRE                                         r  bd_0_i/hls_inst/inst/gmem0_m_axi_U/load_unit_0/tmp_addr_reg[52]/C

Slack:                    inf
  Source:                 ap_rst_n
                            (input port)
  Destination:            bd_0_i/hls_inst/inst/gmem0_m_axi_U/load_unit_0/tmp_addr_reg[54]/R
                            (rising edge-triggered cell FDRE clocked by ap_clk  {rise@0.000ns fall@5.000ns period=10.000ns})
  Path Group:             (none)
  Path Type:              Setup (Max at Slow Process Corner)
  Data Path Delay:        10.330ns  (logic 0.124ns (1.200%)  route 10.206ns (98.800%))
  Logic Levels:           1  (LUT1=1)
  Clock Path Skew:        0.924ns (DCD - SCD + CPR)
    Destination Clock Delay (DCD):    0.924ns
    Source Clock Delay      (SCD):    0.000ns
    Clock Pessimism Removal (CPR):    0.000ns
  Clock Uncertainty:      0.025ns  ((TSJ^2 + TIJ^2)^1/2 + DJ) / 2 + PE
    Total System Jitter     (TSJ):    0.050ns
    Total Input Jitter      (TIJ):    0.000ns
    Discrete Jitter          (DJ):    0.000ns
    Phase Error              (PE):    0.000ns

    Location             Delay type                Incr(ns)  Path(ns)    Netlist Resource(s)
  -------------------------------------------------------------------    -------------------
                                                      0.000     0.000 f  ap_rst_n (IN)
                         net (fo=17, unset)           0.973     0.973    bd_0_i/hls_inst/inst/gmem1_m_axi_U/bus_read/rreq_burst_conv/burst_sequential/rs_req/ap_rst_n
    SLICE_X26Y56         LUT1 (Prop_lut1_I0_O)        0.124     1.097 r  bd_0_i/hls_inst/inst/gmem1_m_axi_U/bus_read/rreq_burst_conv/burst_sequential/rs_req/could_multi_bursts.burst_valid_i_1__0/O
                         net (fo=1462, routed)        9.233    10.330    bd_0_i/hls_inst/inst/gmem0_m_axi_U/load_unit_0/ap_rst_n_inv
    SLICE_X42Y54         FDRE                                         r  bd_0_i/hls_inst/inst/gmem0_m_axi_U/load_unit_0/tmp_addr_reg[54]/R
  -------------------------------------------------------------------    -------------------

                         (clock ap_clk rise edge)     0.000     0.000 r  
                                                      0.000     0.000 r  ap_clk (IN)
                         net (fo=3327, unset)         0.924     0.924    bd_0_i/hls_inst/inst/gmem0_m_axi_U/load_unit_0/ap_clk
    SLICE_X42Y54         FDRE                                         r  bd_0_i/hls_inst/inst/gmem0_m_axi_U/load_unit_0/tmp_addr_reg[54]/C

Slack:                    inf
  Source:                 ap_rst_n
                            (input port)
  Destination:            bd_0_i/hls_inst/inst/gmem0_m_axi_U/load_unit_0/tmp_addr_reg[55]/R
                            (rising edge-triggered cell FDRE clocked by ap_clk  {rise@0.000ns fall@5.000ns period=10.000ns})
  Path Group:             (none)
  Path Type:              Setup (Max at Slow Process Corner)
  Data Path Delay:        10.330ns  (logic 0.124ns (1.200%)  route 10.206ns (98.800%))
  Logic Levels:           1  (LUT1=1)
  Clock Path Skew:        0.924ns (DCD - SCD + CPR)
    Destination Clock Delay (DCD):    0.924ns
    Source Clock Delay      (SCD):    0.000ns
    Clock Pessimism Removal (CPR):    0.000ns
  Clock Uncertainty:      0.025ns  ((TSJ^2 + TIJ^2)^1/2 + DJ) / 2 + PE
    Total System Jitter     (TSJ):    0.050ns
    Total Input Jitter      (TIJ):    0.000ns
    Discrete Jitter          (DJ):    0.000ns
    Phase Error              (PE):    0.000ns

    Location             Delay type                Incr(ns)  Path(ns)    Netlist Resource(s)
  -------------------------------------------------------------------    -------------------
                                                      0.000     0.000 f  ap_rst_n (IN)
                         net (fo=17, unset)           0.973     0.973    bd_0_i/hls_inst/inst/gmem1_m_axi_U/bus_read/rreq_burst_conv/burst_sequential/rs_req/ap_rst_n
    SLICE_X26Y56         LUT1 (Prop_lut1_I0_O)        0.124     1.097 r  bd_0_i/hls_inst/inst/gmem1_m_axi_U/bus_read/rreq_burst_conv/burst_sequential/rs_req/could_multi_bursts.burst_valid_i_1__0/O
                         net (fo=1462, routed)        9.233    10.330    bd_0_i/hls_inst/inst/gmem0_m_axi_U/load_unit_0/ap_rst_n_inv
    SLICE_X42Y54         FDRE                                         r  bd_0_i/hls_inst/inst/gmem0_m_axi_U/load_unit_0/tmp_addr_reg[55]/R
  -------------------------------------------------------------------    -------------------

                         (clock ap_clk rise edge)     0.000     0.000 r  
                                                      0.000     0.000 r  ap_clk (IN)
                         net (fo=3327, unset)         0.924     0.924    bd_0_i/hls_inst/inst/gmem0_m_axi_U/load_unit_0/ap_clk
    SLICE_X42Y54         FDRE                                         r  bd_0_i/hls_inst/inst/gmem0_m_axi_U/load_unit_0/tmp_addr_reg[55]/C

Slack:                    inf
  Source:                 ap_rst_n
                            (input port)
  Destination:            bd_0_i/hls_inst/inst/gmem0_m_axi_U/load_unit_0/tmp_addr_reg[60]/R
                            (rising edge-triggered cell FDRE clocked by ap_clk  {rise@0.000ns fall@5.000ns period=10.000ns})
  Path Group:             (none)
  Path Type:              Setup (Max at Slow Process Corner)
  Data Path Delay:        10.330ns  (logic 0.124ns (1.200%)  route 10.206ns (98.800%))
  Logic Levels:           1  (LUT1=1)
  Clock Path Skew:        0.924ns (DCD - SCD + CPR)
    Destination Clock Delay (DCD):    0.924ns
    Source Clock Delay      (SCD):    0.000ns
    Clock Pessimism Removal (CPR):    0.000ns
  Clock Uncertainty:      0.025ns  ((TSJ^2 + TIJ^2)^1/2 + DJ) / 2 + PE
    Total System Jitter     (TSJ):    0.050ns
    Total Input Jitter      (TIJ):    0.000ns
    Discrete Jitter          (DJ):    0.000ns
    Phase Error              (PE):    0.000ns

    Location             Delay type                Incr(ns)  Path(ns)    Netlist Resource(s)
  -------------------------------------------------------------------    -------------------
                                                      0.000     0.000 f  ap_rst_n (IN)
                         net (fo=17, unset)           0.973     0.973    bd_0_i/hls_inst/inst/gmem1_m_axi_U/bus_read/rreq_burst_conv/burst_sequential/rs_req/ap_rst_n
    SLICE_X26Y56         LUT1 (Prop_lut1_I0_O)        0.124     1.097 r  bd_0_i/hls_inst/inst/gmem1_m_axi_U/bus_read/rreq_burst_conv/burst_sequential/rs_req/could_multi_bursts.burst_valid_i_1__0/O
                         net (fo=1462, routed)        9.233    10.330    bd_0_i/hls_inst/inst/gmem0_m_axi_U/load_unit_0/ap_rst_n_inv
    SLICE_X42Y54         FDRE                                         r  bd_0_i/hls_inst/inst/gmem0_m_axi_U/load_unit_0/tmp_addr_reg[60]/R
  -------------------------------------------------------------------    -------------------

                         (clock ap_clk rise edge)     0.000     0.000 r  
                                                      0.000     0.000 r  ap_clk (IN)
                         net (fo=3327, unset)         0.924     0.924    bd_0_i/hls_inst/inst/gmem0_m_axi_U/load_unit_0/ap_clk
    SLICE_X42Y54         FDRE                                         r  bd_0_i/hls_inst/inst/gmem0_m_axi_U/load_unit_0/tmp_addr_reg[60]/C





Min Delay Paths
--------------------------------------------------------------------------------------
Slack:                    inf
  Source:                 bd_0_wrapper/bd_0/bd_0_hls_inst_0/bd_0_hls_inst_0_gnss_correlator/bd_0_hls_inst_0_gnss_correlator_fmul_32ns_32ns_32_4_max_dsp_1__xdcDup__1/bd_0_hls_inst_0_gnss_correlator_fmul_32ns_32ns_32_4_max_dsp_1_ip__2/<hidden>/<hidden>/<hidden>/<hidden>/<hidden>/<hidden>
                            (internal pin)
  Destination:            bd_0_wrapper/bd_0/bd_0_hls_inst_0/bd_0_hls_inst_0_gnss_correlator/bd_0_hls_inst_0_gnss_correlator_fmul_32ns_32ns_32_4_max_dsp_1__xdcDup__1/bd_0_hls_inst_0_gnss_correlator_fmul_32ns_32ns_32_4_max_dsp_1_ip__2/<hidden>/<hidden>/<hidden>/<hidden>/<hidden>/<hidden>
                            (rising edge-triggered cell DSP48E1 clocked by ap_clk  {rise@0.000ns fall@5.000ns period=10.000ns})
  Path Group:             (none)
  Path Type:              Hold (Min at Slow Process Corner)
  Data Path Delay:        0.002ns  (logic 0.000ns (0.000%)  route 0.002ns (100.000%))
  Logic Levels:           0  
  Clock Uncertainty:      0.025ns  ((TSJ^2 + TIJ^2)^1/2 + DJ) / 2 + PE
    Total System Jitter     (TSJ):    0.050ns
    Total Input Jitter      (TIJ):    0.000ns
    Discrete Jitter          (DJ):    0.000ns
    Phase Error              (PE):    0.000ns

    Location             Delay type                Incr(ns)  Path(ns)    Netlist Resource(s)
  -------------------------------------------------------------------    -------------------
    DSP48_X1Y7           DSP48E1                      0.000     0.000 r  bd_0_wrapper/bd_0/bd_0_hls_inst_0/bd_0_hls_inst_0_gnss_correlator/bd_0_hls_inst_0_gnss_correlator_fmul_32ns_32ns_32_4_max_dsp_1__xdcDup__1/bd_0_hls_inst_0_gnss_correlator_fmul_32ns_32ns_32_4_max_dsp_1_ip__2/<hidden>/<hidden>/<hidden>/<hidden>/<hidden>/<hidden>
                         net (fo=1, routed)           0.002     0.002    bd_0_wrapper/bd_0/bd_0_hls_inst_0/bd_0_hls_inst_0_gnss_correlator/bd_0_hls_inst_0_gnss_correlator_fmul_32ns_32ns_32_4_max_dsp_1__xdcDup__1/bd_0_hls_inst_0_gnss_correlator_fmul_32ns_32ns_32_4_max_dsp_1_ip__2/<hidden>/<hidden>/<hidden>/<hidden>/<hidden>/<hidden>
    DSP48_X1Y8           DSP48E1                                      r  bd_0_wrapper/bd_0/bd_0_hls_inst_0/bd_0_hls_inst_0_gnss_correlator/bd_0_hls_inst_0_gnss_correlator_fmul_32ns_32ns_32_4_max_dsp_1__xdcDup__1/bd_0_hls_inst_0_gnss_correlator_fmul_32ns_32ns_32_4_max_dsp_1_ip__2/<hidden>/<hidden>/<hidden>/<hidden>/<hidden>/<hidden>
  -------------------------------------------------------------------    -------------------

                         (clock ap_clk rise edge)     0.000     0.000 r  
                                                      0.000     0.000 r  ap_clk (IN)
                         net (fo=3327, unset)         0.973     0.973    bd_0_wrapper/bd_0/bd_0_hls_inst_0/bd_0_hls_inst_0_gnss_correlator/bd_0_hls_inst_0_gnss_correlator_fmul_32ns_32ns_32_4_max_dsp_1__xdcDup__1/bd_0_hls_inst_0_gnss_correlator_fmul_32ns_32ns_32_4_max_dsp_1_ip__2/<hidden>/<hidden>/<hidden>/<hidden>/<hidden>/<hidden>
    DSP48_X1Y8           DSP48E1                                      r  bd_0_wrapper/bd_0/bd_0_hls_inst_0/bd_0_hls_inst_0_gnss_correlator/bd_0_hls_inst_0_gnss_correlator_fmul_32ns_32ns_32_4_max_dsp_1__xdcDup__1/bd_0_hls_inst_0_gnss_correlator_fmul_32ns_32ns_32_4_max_dsp_1_ip__2/<hidden>/<hidden>/<hidden>/<hidden>/<hidden>/<hidden>

Slack:                    inf
  Source:                 bd_0_wrapper/bd_0/bd_0_hls_inst_0/bd_0_hls_inst_0_gnss_correlator/bd_0_hls_inst_0_gnss_correlator_fmul_32ns_32ns_32_4_max_dsp_1__xdcDup__1/bd_0_hls_inst_0_gnss_correlator_fmul_32ns_32ns_32_4_max_dsp_1_ip__2/<hidden>/<hidden>/<hidden>/<hidden>/<hidden>/<hidden>
                            (internal pin)
  Destination:            bd_0_wrapper/bd_0/bd_0_hls_inst_0/bd_0_hls_inst_0_gnss_correlator/bd_0_hls_inst_0_gnss_correlator_fmul_32ns_32ns_32_4_max_dsp_1__xdcDup__1/bd_0_hls_inst_0_gnss_correlator_fmul_32ns_32ns_32_4_max_dsp_1_ip__2/<hidden>/<hidden>/<hidden>/<hidden>/<hidden>/<hidden>
                            (rising edge-triggered cell DSP48E1 clocked by ap_clk  {rise@0.000ns fall@5.000ns period=10.000ns})
  Path Group:             (none)
  Path Type:              Hold (Min at Slow Process Corner)
  Data Path Delay:        0.002ns  (logic 0.000ns (0.000%)  route 0.002ns (100.000%))
  Logic Levels:           0  
  Clock Uncertainty:      0.025ns  ((TSJ^2 + TIJ^2)^1/2 + DJ) / 2 + PE
    Total System Jitter     (TSJ):    0.050ns
    Total Input Jitter      (TIJ):    0.000ns
    Discrete Jitter          (DJ):    0.000ns
    Phase Error              (PE):    0.000ns

    Location             Delay type                Incr(ns)  Path(ns)    Netlist Resource(s)
  -------------------------------------------------------------------    -------------------
    DSP48_X1Y7           DSP48E1                      0.000     0.000 r  bd_0_wrapper/bd_0/bd_0_hls_inst_0/bd_0_hls_inst_0_gnss_correlator/bd_0_hls_inst_0_gnss_correlator_fmul_32ns_32ns_32_4_max_dsp_1__xdcDup__1/bd_0_hls_inst_0_gnss_correlator_fmul_32ns_32ns_32_4_max_dsp_1_ip__2/<hidden>/<hidden>/<hidden>/<hidden>/<hidden>/<hidden>
                         net (fo=1, routed)           0.002     0.002    bd_0_wrapper/bd_0/bd_0_hls_inst_0/bd_0_hls_inst_0_gnss_correlator/bd_0_hls_inst_0_gnss_correlator_fmul_32ns_32ns_32_4_max_dsp_1__xdcDup__1/bd_0_hls_inst_0_gnss_correlator_fmul_32ns_32ns_32_4_max_dsp_1_ip__2/<hidden>/<hidden>/<hidden>/<hidden>/<hidden>/<hidden>
    DSP48_X1Y8           DSP48E1                                      r  bd_0_wrapper/bd_0/bd_0_hls_inst_0/bd_0_hls_inst_0_gnss_correlator/bd_0_hls_inst_0_gnss_correlator_fmul_32ns_32ns_32_4_max_dsp_1__xdcDup__1/bd_0_hls_inst_0_gnss_correlator_fmul_32ns_32ns_32_4_max_dsp_1_ip__2/<hidden>/<hidden>/<hidden>/<hidden>/<hidden>/<hidden>
  -------------------------------------------------------------------    -------------------

                         (clock ap_clk rise edge)     0.000     0.000 r  
                                                      0.000     0.000 r  ap_clk (IN)
                         net (fo=3327, unset)         0.973     0.973    bd_0_wrapper/bd_0/bd_0_hls_inst_0/bd_0_hls_inst_0_gnss_correlator/bd_0_hls_inst_0_gnss_correlator_fmul_32ns_32ns_32_4_max_dsp_1__xdcDup__1/bd_0_hls_inst_0_gnss_correlator_fmul_32ns_32ns_32_4_max_dsp_1_ip__2/<hidden>/<hidden>/<hidden>/<hidden>/<hidden>/<hidden>
    DSP48_X1Y8           DSP48E1                                      r  bd_0_wrapper/bd_0/bd_0_hls_inst_0/bd_0_hls_inst_0_gnss_correlator/bd_0_hls_inst_0_gnss_correlator_fmul_32ns_32ns_32_4_max_dsp_1__xdcDup__1/bd_0_hls_inst_0_gnss_correlator_fmul_32ns_32ns_32_4_max_dsp_1_ip__2/<hidden>/<hidden>/<hidden>/<hidden>/<hidden>/<hidden>

Slack:                    inf
  Source:                 bd_0_wrapper/bd_0/bd_0_hls_inst_0/bd_0_hls_inst_0_gnss_correlator/bd_0_hls_inst_0_gnss_correlator_fmul_32ns_32ns_32_4_max_dsp_1__xdcDup__1/bd_0_hls_inst_0_gnss_correlator_fmul_32ns_32ns_32_4_max_dsp_1_ip__2/<hidden>/<hidden>/<hidden>/<hidden>/<hidden>/<hidden>
                            (internal pin)
  Destination:            bd_0_wrapper/bd_0/bd_0_hls_inst_0/bd_0_hls_inst_0_gnss_correlator/bd_0_hls_inst_0_gnss_correlator_fmul_32ns_32ns_32_4_max_dsp_1__xdcDup__1/bd_0_hls_inst_0_gnss_correlator_fmul_32ns_32ns_32_4_max_dsp_1_ip__2/<hidden>/<hidden>/<hidden>/<hidden>/<hidden>/<hidden>
                            (rising edge-triggered cell DSP48E1 clocked by ap_clk  {rise@0.000ns fall@5.000ns period=10.000ns})
  Path Group:             (none)
  Path Type:              Hold (Min at Slow Process Corner)
  Data Path Delay:        0.002ns  (logic 0.000ns (0.000%)  route 0.002ns (100.000%))
  Logic Levels:           0  
  Clock Uncertainty:      0.025ns  ((TSJ^2 + TIJ^2)^1/2 + DJ) / 2 + PE
    Total System Jitter     (TSJ):    0.050ns
    Total Input Jitter      (TIJ):    0.000ns
    Discrete Jitter          (DJ):    0.000ns
    Phase Error              (PE):    0.000ns

    Location             Delay type                Incr(ns)  Path(ns)    Netlist Resource(s)
  -------------------------------------------------------------------    -------------------
    DSP48_X1Y7           DSP48E1                      0.000     0.000 r  bd_0_wrapper/bd_0/bd_0_hls_inst_0/bd_0_hls_inst_0_gnss_correlator/bd_0_hls_inst_0_gnss_correlator_fmul_32ns_32ns_32_4_max_dsp_1__xdcDup__1/bd_0_hls_inst_0_gnss_correlator_fmul_32ns_32ns_32_4_max_dsp_1_ip__2/<hidden>/<hidden>/<hidden>/<hidden>/<hidden>/<hidden>
                         net (fo=1, routed)           0.002     0.002    bd_0_wrapper/bd_0/bd_0_hls_inst_0/bd_0_hls_inst_0_gnss_correlator/bd_0_hls_inst_0_gnss_correlator_fmul_32ns_32ns_32_4_max_dsp_1__xdcDup__1/bd_0_hls_inst_0_gnss_correlator_fmul_32ns_32ns_32_4_max_dsp_1_ip__2/<hidden>/<hidden>/<hidden>/<hidden>/<hidden>/<hidden>
    DSP48_X1Y8           DSP48E1                                      r  bd_0_wrapper/bd_0/bd_0_hls_inst_0/bd_0_hls_inst_0_gnss_correlator/bd_0_hls_inst_0_gnss_correlator_fmul_32ns_32ns_32_4_max_dsp_1__xdcDup__1/bd_0_hls_inst_0_gnss_correlator_fmul_32ns_32ns_32_4_max_dsp_1_ip__2/<hidden>/<hidden>/<hidden>/<hidden>/<hidden>/<hidden>
  -------------------------------------------------------------------    -------------------

                         (clock ap_clk rise edge)     0.000     0.000 r  
                                                      0.000     0.000 r  ap_clk (IN)
                         net (fo=3327, unset)         0.973     0.973    bd_0_wrapper/bd_0/bd_0_hls_inst_0/bd_0_hls_inst_0_gnss_correlator/bd_0_hls_inst_0_gnss_correlator_fmul_32ns_32ns_32_4_max_dsp_1__xdcDup__1/bd_0_hls_inst_0_gnss_correlator_fmul_32ns_32ns_32_4_max_dsp_1_ip__2/<hidden>/<hidden>/<hidden>/<hidden>/<hidden>/<hidden>
    DSP48_X1Y8           DSP48E1                                      r  bd_0_wrapper/bd_0/bd_0_hls_inst_0/bd_0_hls_inst_0_gnss_correlator/bd_0_hls_inst_0_gnss_correlator_fmul_32ns_32ns_32_4_max_dsp_1__xdcDup__1/bd_0_hls_inst_0_gnss_correlator_fmul_32ns_32ns_32_4_max_dsp_1_ip__2/<hidden>/<hidden>/<hidden>/<hidden>/<hidden>/<hidden>

Slack:                    inf
  Source:                 bd_0_wrapper/bd_0/bd_0_hls_inst_0/bd_0_hls_inst_0_gnss_correlator/bd_0_hls_inst_0_gnss_correlator_fmul_32ns_32ns_32_4_max_dsp_1__xdcDup__1/bd_0_hls_inst_0_gnss_correlator_fmul_32ns_32ns_32_4_max_dsp_1_ip__2/<hidden>/<hidden>/<hidden>/<hidden>/<hidden>/<hidden>
                            (internal pin)
  Destination:            bd_0_wrapper/bd_0/bd_0_hls_inst_0/bd_0_hls_inst_0_gnss_correlator/bd_0_hls_inst_0_gnss_correlator_fmul_32ns_32ns_32_4_max_dsp_1__xdcDup__1/bd_0_hls_inst_0_gnss_correlator_fmul_32ns_32ns_32_4_max_dsp_1_ip__2/<hidden>/<hidden>/<hidden>/<hidden>/<hidden>/<hidden>
                            (rising edge-triggered cell DSP48E1 clocked by ap_clk  {rise@0.000ns fall@5.000ns period=10.000ns})
  Path Group:             (none)
  Path Type:              Hold (Min at Slow Process Corner)
  Data Path Delay:        0.002ns  (logic 0.000ns (0.000%)  route 0.002ns (100.000%))
  Logic Levels:           0  
  Clock Uncertainty:      0.025ns  ((TSJ^2 + TIJ^2)^1/2 + DJ) / 2 + PE
    Total System Jitter     (TSJ):    0.050ns
    Total Input Jitter      (TIJ):    0.000ns
    Discrete Jitter          (DJ):    0.000ns
    Phase Error              (PE):    0.000ns

    Location             Delay type                Incr(ns)  Path(ns)    Netlist Resource(s)
  -------------------------------------------------------------------    -------------------
    DSP48_X1Y7           DSP48E1                      0.000     0.000 r  bd_0_wrapper/bd_0/bd_0_hls_inst_0/bd_0_hls_inst_0_gnss_correlator/bd_0_hls_inst_0_gnss_correlator_fmul_32ns_32ns_32_4_max_dsp_1__xdcDup__1/bd_0_hls_inst_0_gnss_correlator_fmul_32ns_32ns_32_4_max_dsp_1_ip__2/<hidden>/<hidden>/<hidden>/<hidden>/<hidden>/<hidden>
                         net (fo=1, routed)           0.002     0.002    bd_0_wrapper/bd_0/bd_0_hls_inst_0/bd_0_hls_inst_0_gnss_correlator/bd_0_hls_inst_0_gnss_correlator_fmul_32ns_32ns_32_4_max_dsp_1__xdcDup__1/bd_0_hls_inst_0_gnss_correlator_fmul_32ns_32ns_32_4_max_dsp_1_ip__2/<hidden>/<hidden>/<hidden>/<hidden>/<hidden>/<hidden>
    DSP48_X1Y8           DSP48E1                                      r  bd_0_wrapper/bd_0/bd_0_hls_inst_0/bd_0_hls_inst_0_gnss_correlator/bd_0_hls_inst_0_gnss_correlator_fmul_32ns_32ns_32_4_max_dsp_1__xdcDup__1/bd_0_hls_inst_0_gnss_correlator_fmul_32ns_32ns_32_4_max_dsp_1_ip__2/<hidden>/<hidden>/<hidden>/<hidden>/<hidden>/<hidden>
  -------------------------------------------------------------------    -------------------

                         (clock ap_clk rise edge)     0.000     0.000 r  
                                                      0.000     0.000 r  ap_clk (IN)
                         net (fo=3327, unset)         0.973     0.973    bd_0_wrapper/bd_0/bd_0_hls_inst_0/bd_0_hls_inst_0_gnss_correlator/bd_0_hls_inst_0_gnss_correlator_fmul_32ns_32ns_32_4_max_dsp_1__xdcDup__1/bd_0_hls_inst_0_gnss_correlator_fmul_32ns_32ns_32_4_max_dsp_1_ip__2/<hidden>/<hidden>/<hidden>/<hidden>/<hidden>/<hidden>
    DSP48_X1Y8           DSP48E1                                      r  bd_0_wrapper/bd_0/bd_0_hls_inst_0/bd_0_hls_inst_0_gnss_correlator/bd_0_hls_inst_0_gnss_correlator_fmul_32ns_32ns_32_4_max_dsp_1__xdcDup__1/bd_0_hls_inst_0_gnss_correlator_fmul_32ns_32ns_32_4_max_dsp_1_ip__2/<hidden>/<hidden>/<hidden>/<hidden>/<hidden>/<hidden>

Slack:                    inf
  Source:                 bd_0_wrapper/bd_0/bd_0_hls_inst_0/bd_0_hls_inst_0_gnss_correlator/bd_0_hls_inst_0_gnss_correlator_fmul_32ns_32ns_32_4_max_dsp_1__xdcDup__1/bd_0_hls_inst_0_gnss_correlator_fmul_32ns_32ns_32_4_max_dsp_1_ip__2/<hidden>/<hidden>/<hidden>/<hidden>/<hidden>/<hidden>
                            (internal pin)
  Destination:            bd_0_wrapper/bd_0/bd_0_hls_inst_0/bd_0_hls_inst_0_gnss_correlator/bd_0_hls_inst_0_gnss_correlator_fmul_32ns_32ns_32_4_max_dsp_1__xdcDup__1/bd_0_hls_inst_0_gnss_correlator_fmul_32ns_32ns_32_4_max_dsp_1_ip__2/<hidden>/<hidden>/<hidden>/<hidden>/<hidden>/<hidden>
                            (rising edge-triggered cell DSP48E1 clocked by ap_clk  {rise@0.000ns fall@5.000ns period=10.000ns})
  Path Group:             (none)
  Path Type:              Hold (Min at Slow Process Corner)
  Data Path Delay:        0.002ns  (logic 0.000ns (0.000%)  route 0.002ns (100.000%))
  Logic Levels:           0  
  Clock Uncertainty:      0.025ns  ((TSJ^2 + TIJ^2)^1/2 + DJ) / 2 + PE
    Total System Jitter     (TSJ):    0.050ns
    Total Input Jitter      (TIJ):    0.000ns
    Discrete Jitter          (DJ):    0.000ns
    Phase Error              (PE):    0.000ns

    Location             Delay type                Incr(ns)  Path(ns)    Netlist Resource(s)
  -------------------------------------------------------------------    -------------------
    DSP48_X1Y7           DSP48E1                      0.000     0.000 r  bd_0_wrapper/bd_0/bd_0_hls_inst_0/bd_0_hls_inst_0_gnss_correlator/bd_0_hls_inst_0_gnss_correlator_fmul_32ns_32ns_32_4_max_dsp_1__xdcDup__1/bd_0_hls_inst_0_gnss_correlator_fmul_32ns_32ns_32_4_max_dsp_1_ip__2/<hidden>/<hidden>/<hidden>/<hidden>/<hidden>/<hidden>
                         net (fo=1, routed)           0.002     0.002    bd_0_wrapper/bd_0/bd_0_hls_inst_0/bd_0_hls_inst_0_gnss_correlator/bd_0_hls_inst_0_gnss_correlator_fmul_32ns_32ns_32_4_max_dsp_1__xdcDup__1/bd_0_hls_inst_0_gnss_correlator_fmul_32ns_32ns_32_4_max_dsp_1_ip__2/<hidden>/<hidden>/<hidden>/<hidden>/<hidden>/<hidden>
    DSP48_X1Y8           DSP48E1                                      r  bd_0_wrapper/bd_0/bd_0_hls_inst_0/bd_0_hls_inst_0_gnss_correlator/bd_0_hls_inst_0_gnss_correlator_fmul_32ns_32ns_32_4_max_dsp_1__xdcDup__1/bd_0_hls_inst_0_gnss_correlator_fmul_32ns_32ns_32_4_max_dsp_1_ip__2/<hidden>/<hidden>/<hidden>/<hidden>/<hidden>/<hidden>
  -------------------------------------------------------------------    -------------------

                         (clock ap_clk rise edge)     0.000     0.000 r  
                                                      0.000     0.000 r  ap_clk (IN)
                         net (fo=3327, unset)         0.973     0.973    bd_0_wrapper/bd_0/bd_0_hls_inst_0/bd_0_hls_inst_0_gnss_correlator/bd_0_hls_inst_0_gnss_correlator_fmul_32ns_32ns_32_4_max_dsp_1__xdcDup__1/bd_0_hls_inst_0_gnss_correlator_fmul_32ns_32ns_32_4_max_dsp_1_ip__2/<hidden>/<hidden>/<hidden>/<hidden>/<hidden>/<hidden>
    DSP48_X1Y8           DSP48E1                                      r  bd_0_wrapper/bd_0/bd_0_hls_inst_0/bd_0_hls_inst_0_gnss_correlator/bd_0_hls_inst_0_gnss_correlator_fmul_32ns_32ns_32_4_max_dsp_1__xdcDup__1/bd_0_hls_inst_0_gnss_correlator_fmul_32ns_32ns_32_4_max_dsp_1_ip__2/<hidden>/<hidden>/<hidden>/<hidden>/<hidden>/<hidden>

Slack:                    inf
  Source:                 bd_0_wrapper/bd_0/bd_0_hls_inst_0/bd_0_hls_inst_0_gnss_correlator/bd_0_hls_inst_0_gnss_correlator_fmul_32ns_32ns_32_4_max_dsp_1__xdcDup__1/bd_0_hls_inst_0_gnss_correlator_fmul_32ns_32ns_32_4_max_dsp_1_ip__2/<hidden>/<hidden>/<hidden>/<hidden>/<hidden>/<hidden>
                            (internal pin)
  Destination:            bd_0_wrapper/bd_0/bd_0_hls_inst_0/bd_0_hls_inst_0_gnss_correlator/bd_0_hls_inst_0_gnss_correlator_fmul_32ns_32ns_32_4_max_dsp_1__xdcDup__1/bd_0_hls_inst_0_gnss_correlator_fmul_32ns_32ns_32_4_max_dsp_1_ip__2/<hidden>/<hidden>/<hidden>/<hidden>/<hidden>/<hidden>
                            (rising edge-triggered cell DSP48E1 clocked by ap_clk  {rise@0.000ns fall@5.000ns period=10.000ns})
  Path Group:             (none)
  Path Type:              Hold (Min at Slow Process Corner)
  Data Path Delay:        0.002ns  (logic 0.000ns (0.000%)  route 0.002ns (100.000%))
  Logic Levels:           0  
  Clock Uncertainty:      0.025ns  ((TSJ^2 + TIJ^2)^1/2 + DJ) / 2 + PE
    Total System Jitter     (TSJ):    0.050ns
    Total Input Jitter      (TIJ):    0.000ns
    Discrete Jitter          (DJ):    0.000ns
    Phase Error              (PE):    0.000ns

    Location             Delay type                Incr(ns)  Path(ns)    Netlist Resource(s)
  -------------------------------------------------------------------    -------------------
    DSP48_X1Y7           DSP48E1                      0.000     0.000 r  bd_0_wrapper/bd_0/bd_0_hls_inst_0/bd_0_hls_inst_0_gnss_correlator/bd_0_hls_inst_0_gnss_correlator_fmul_32ns_32ns_32_4_max_dsp_1__xdcDup__1/bd_0_hls_inst_0_gnss_correlator_fmul_32ns_32ns_32_4_max_dsp_1_ip__2/<hidden>/<hidden>/<hidden>/<hidden>/<hidden>/<hidden>
                         net (fo=1, routed)           0.002     0.002    bd_0_wrapper/bd_0/bd_0_hls_inst_0/bd_0_hls_inst_0_gnss_correlator/bd_0_hls_inst_0_gnss_correlator_fmul_32ns_32ns_32_4_max_dsp_1__xdcDup__1/bd_0_hls_inst_0_gnss_correlator_fmul_32ns_32ns_32_4_max_dsp_1_ip__2/<hidden>/<hidden>/<hidden>/<hidden>/<hidden>/<hidden>
    DSP48_X1Y8           DSP48E1                                      r  bd_0_wrapper/bd_0/bd_0_hls_inst_0/bd_0_hls_inst_0_gnss_correlator/bd_0_hls_inst_0_gnss_correlator_fmul_32ns_32ns_32_4_max_dsp_1__xdcDup__1/bd_0_hls_inst_0_gnss_correlator_fmul_32ns_32ns_32_4_max_dsp_1_ip__2/<hidden>/<hidden>/<hidden>/<hidden>/<hidden>/<hidden>
  -------------------------------------------------------------------    -------------------

                         (clock ap_clk rise edge)     0.000     0.000 r  
                                                      0.000     0.000 r  ap_clk (IN)
                         net (fo=3327, unset)         0.973     0.973    bd_0_wrapper/bd_0/bd_0_hls_inst_0/bd_0_hls_inst_0_gnss_correlator/bd_0_hls_inst_0_gnss_correlator_fmul_32ns_32ns_32_4_max_dsp_1__xdcDup__1/bd_0_hls_inst_0_gnss_correlator_fmul_32ns_32ns_32_4_max_dsp_1_ip__2/<hidden>/<hidden>/<hidden>/<hidden>/<hidden>/<hidden>
    DSP48_X1Y8           DSP48E1                                      r  bd_0_wrapper/bd_0/bd_0_hls_inst_0/bd_0_hls_inst_0_gnss_correlator/bd_0_hls_inst_0_gnss_correlator_fmul_32ns_32ns_32_4_max_dsp_1__xdcDup__1/bd_0_hls_inst_0_gnss_correlator_fmul_32ns_32ns_32_4_max_dsp_1_ip__2/<hidden>/<hidden>/<hidden>/<hidden>/<hidden>/<hidden>

Slack:                    inf
  Source:                 bd_0_wrapper/bd_0/bd_0_hls_inst_0/bd_0_hls_inst_0_gnss_correlator/bd_0_hls_inst_0_gnss_correlator_fmul_32ns_32ns_32_4_max_dsp_1__xdcDup__1/bd_0_hls_inst_0_gnss_correlator_fmul_32ns_32ns_32_4_max_dsp_1_ip__2/<hidden>/<hidden>/<hidden>/<hidden>/<hidden>/<hidden>
                            (internal pin)
  Destination:            bd_0_wrapper/bd_0/bd_0_hls_inst_0/bd_0_hls_inst_0_gnss_correlator/bd_0_hls_inst_0_gnss_correlator_fmul_32ns_32ns_32_4_max_dsp_1__xdcDup__1/bd_0_hls_inst_0_gnss_correlator_fmul_32ns_32ns_32_4_max_dsp_1_ip__2/<hidden>/<hidden>/<hidden>/<hidden>/<hidden>/<hidden>
                            (rising edge-triggered cell DSP48E1 clocked by ap_clk  {rise@0.000ns fall@5.000ns period=10.000ns})
  Path Group:             (none)
  Path Type:              Hold (Min at Slow Process Corner)
  Data Path Delay:        0.002ns  (logic 0.000ns (0.000%)  route 0.002ns (100.000%))
  Logic Levels:           0  
  Clock Uncertainty:      0.025ns  ((TSJ^2 + TIJ^2)^1/2 + DJ) / 2 + PE
    Total System Jitter     (TSJ):    0.050ns
    Total Input Jitter      (TIJ):    0.000ns
    Discrete Jitter          (DJ):    0.000ns
    Phase Error              (PE):    0.000ns

    Location             Delay type                Incr(ns)  Path(ns)    Netlist Resource(s)
  -------------------------------------------------------------------    -------------------
    DSP48_X1Y7           DSP48E1                      0.000     0.000 r  bd_0_wrapper/bd_0/bd_0_hls_inst_0/bd_0_hls_inst_0_gnss_correlator/bd_0_hls_inst_0_gnss_correlator_fmul_32ns_32ns_32_4_max_dsp_1__xdcDup__1/bd_0_hls_inst_0_gnss_correlator_fmul_32ns_32ns_32_4_max_dsp_1_ip__2/<hidden>/<hidden>/<hidden>/<hidden>/<hidden>/<hidden>
                         net (fo=1, routed)           0.002     0.002    bd_0_wrapper/bd_0/bd_0_hls_inst_0/bd_0_hls_inst_0_gnss_correlator/bd_0_hls_inst_0_gnss_correlator_fmul_32ns_32ns_32_4_max_dsp_1__xdcDup__1/bd_0_hls_inst_0_gnss_correlator_fmul_32ns_32ns_32_4_max_dsp_1_ip__2/<hidden>/<hidden>/<hidden>/<hidden>/<hidden>/<hidden>
    DSP48_X1Y8           DSP48E1                                      r  bd_0_wrapper/bd_0/bd_0_hls_inst_0/bd_0_hls_inst_0_gnss_correlator/bd_0_hls_inst_0_gnss_correlator_fmul_32ns_32ns_32_4_max_dsp_1__xdcDup__1/bd_0_hls_inst_0_gnss_correlator_fmul_32ns_32ns_32_4_max_dsp_1_ip__2/<hidden>/<hidden>/<hidden>/<hidden>/<hidden>/<hidden>
  -------------------------------------------------------------------    -------------------

                         (clock ap_clk rise edge)     0.000     0.000 r  
                                                      0.000     0.000 r  ap_clk (IN)
                         net (fo=3327, unset)         0.973     0.973    bd_0_wrapper/bd_0/bd_0_hls_inst_0/bd_0_hls_inst_0_gnss_correlator/bd_0_hls_inst_0_gnss_correlator_fmul_32ns_32ns_32_4_max_dsp_1__xdcDup__1/bd_0_hls_inst_0_gnss_correlator_fmul_32ns_32ns_32_4_max_dsp_1_ip__2/<hidden>/<hidden>/<hidden>/<hidden>/<hidden>/<hidden>
    DSP48_X1Y8           DSP48E1                                      r  bd_0_wrapper/bd_0/bd_0_hls_inst_0/bd_0_hls_inst_0_gnss_correlator/bd_0_hls_inst_0_gnss_correlator_fmul_32ns_32ns_32_4_max_dsp_1__xdcDup__1/bd_0_hls_inst_0_gnss_correlator_fmul_32ns_32ns_32_4_max_dsp_1_ip__2/<hidden>/<hidden>/<hidden>/<hidden>/<hidden>/<hidden>

Slack:                    inf
  Source:                 bd_0_wrapper/bd_0/bd_0_hls_inst_0/bd_0_hls_inst_0_gnss_correlator/bd_0_hls_inst_0_gnss_correlator_fmul_32ns_32ns_32_4_max_dsp_1__xdcDup__1/bd_0_hls_inst_0_gnss_correlator_fmul_32ns_32ns_32_4_max_dsp_1_ip__2/<hidden>/<hidden>/<hidden>/<hidden>/<hidden>/<hidden>
                            (internal pin)
  Destination:            bd_0_wrapper/bd_0/bd_0_hls_inst_0/bd_0_hls_inst_0_gnss_correlator/bd_0_hls_inst_0_gnss_correlator_fmul_32ns_32ns_32_4_max_dsp_1__xdcDup__1/bd_0_hls_inst_0_gnss_correlator_fmul_32ns_32ns_32_4_max_dsp_1_ip__2/<hidden>/<hidden>/<hidden>/<hidden>/<hidden>/<hidden>
                            (rising edge-triggered cell DSP48E1 clocked by ap_clk  {rise@0.000ns fall@5.000ns period=10.000ns})
  Path Group:             (none)
  Path Type:              Hold (Min at Slow Process Corner)
  Data Path Delay:        0.002ns  (logic 0.000ns (0.000%)  route 0.002ns (100.000%))
  Logic Levels:           0  
  Clock Uncertainty:      0.025ns  ((TSJ^2 + TIJ^2)^1/2 + DJ) / 2 + PE
    Total System Jitter     (TSJ):    0.050ns
    Total Input Jitter      (TIJ):    0.000ns
    Discrete Jitter          (DJ):    0.000ns
    Phase Error              (PE):    0.000ns

    Location             Delay type                Incr(ns)  Path(ns)    Netlist Resource(s)
  -------------------------------------------------------------------    -------------------
    DSP48_X1Y7           DSP48E1                      0.000     0.000 r  bd_0_wrapper/bd_0/bd_0_hls_inst_0/bd_0_hls_inst_0_gnss_correlator/bd_0_hls_inst_0_gnss_correlator_fmul_32ns_32ns_32_4_max_dsp_1__xdcDup__1/bd_0_hls_inst_0_gnss_correlator_fmul_32ns_32ns_32_4_max_dsp_1_ip__2/<hidden>/<hidden>/<hidden>/<hidden>/<hidden>/<hidden>
                         net (fo=1, routed)           0.002     0.002    bd_0_wrapper/bd_0/bd_0_hls_inst_0/bd_0_hls_inst_0_gnss_correlator/bd_0_hls_inst_0_gnss_correlator_fmul_32ns_32ns_32_4_max_dsp_1__xdcDup__1/bd_0_hls_inst_0_gnss_correlator_fmul_32ns_32ns_32_4_max_dsp_1_ip__2/<hidden>/<hidden>/<hidden>/<hidden>/<hidden>/<hidden>
    DSP48_X1Y8           DSP48E1                                      r  bd_0_wrapper/bd_0/bd_0_hls_inst_0/bd_0_hls_inst_0_gnss_correlator/bd_0_hls_inst_0_gnss_correlator_fmul_32ns_32ns_32_4_max_dsp_1__xdcDup__1/bd_0_hls_inst_0_gnss_correlator_fmul_32ns_32ns_32_4_max_dsp_1_ip__2/<hidden>/<hidden>/<hidden>/<hidden>/<hidden>/<hidden>
  -------------------------------------------------------------------    -------------------

                         (clock ap_clk rise edge)     0.000     0.000 r  
                                                      0.000     0.000 r  ap_clk (IN)
                         net (fo=3327, unset)         0.973     0.973    bd_0_wrapper/bd_0/bd_0_hls_inst_0/bd_0_hls_inst_0_gnss_correlator/bd_0_hls_inst_0_gnss_correlator_fmul_32ns_32ns_32_4_max_dsp_1__xdcDup__1/bd_0_hls_inst_0_gnss_correlator_fmul_32ns_32ns_32_4_max_dsp_1_ip__2/<hidden>/<hidden>/<hidden>/<hidden>/<hidden>/<hidden>
    DSP48_X1Y8           DSP48E1                                      r  bd_0_wrapper/bd_0/bd_0_hls_inst_0/bd_0_hls_inst_0_gnss_correlator/bd_0_hls_inst_0_gnss_correlator_fmul_32ns_32ns_32_4_max_dsp_1__xdcDup__1/bd_0_hls_inst_0_gnss_correlator_fmul_32ns_32ns_32_4_max_dsp_1_ip__2/<hidden>/<hidden>/<hidden>/<hidden>/<hidden>/<hidden>

Slack:                    inf
  Source:                 bd_0_wrapper/bd_0/bd_0_hls_inst_0/bd_0_hls_inst_0_gnss_correlator/bd_0_hls_inst_0_gnss_correlator_fmul_32ns_32ns_32_4_max_dsp_1__xdcDup__1/bd_0_hls_inst_0_gnss_correlator_fmul_32ns_32ns_32_4_max_dsp_1_ip__2/<hidden>/<hidden>/<hidden>/<hidden>/<hidden>/<hidden>
                            (internal pin)
  Destination:            bd_0_wrapper/bd_0/bd_0_hls_inst_0/bd_0_hls_inst_0_gnss_correlator/bd_0_hls_inst_0_gnss_correlator_fmul_32ns_32ns_32_4_max_dsp_1__xdcDup__1/bd_0_hls_inst_0_gnss_correlator_fmul_32ns_32ns_32_4_max_dsp_1_ip__2/<hidden>/<hidden>/<hidden>/<hidden>/<hidden>/<hidden>
                            (rising edge-triggered cell DSP48E1 clocked by ap_clk  {rise@0.000ns fall@5.000ns period=10.000ns})
  Path Group:             (none)
  Path Type:              Hold (Min at Slow Process Corner)
  Data Path Delay:        0.002ns  (logic 0.000ns (0.000%)  route 0.002ns (100.000%))
  Logic Levels:           0  
  Clock Uncertainty:      0.025ns  ((TSJ^2 + TIJ^2)^1/2 + DJ) / 2 + PE
    Total System Jitter     (TSJ):    0.050ns
    Total Input Jitter      (TIJ):    0.000ns
    Discrete Jitter          (DJ):    0.000ns
    Phase Error              (PE):    0.000ns

    Location             Delay type                Incr(ns)  Path(ns)    Netlist Resource(s)
  -------------------------------------------------------------------    -------------------
    DSP48_X1Y7           DSP48E1                      0.000     0.000 r  bd_0_wrapper/bd_0/bd_0_hls_inst_0/bd_0_hls_inst_0_gnss_correlator/bd_0_hls_inst_0_gnss_correlator_fmul_32ns_32ns_32_4_max_dsp_1__xdcDup__1/bd_0_hls_inst_0_gnss_correlator_fmul_32ns_32ns_32_4_max_dsp_1_ip__2/<hidden>/<hidden>/<hidden>/<hidden>/<hidden>/<hidden>
                         net (fo=1, routed)           0.002     0.002    bd_0_wrapper/bd_0/bd_0_hls_inst_0/bd_0_hls_inst_0_gnss_correlator/bd_0_hls_inst_0_gnss_correlator_fmul_32ns_32ns_32_4_max_dsp_1__xdcDup__1/bd_0_hls_inst_0_gnss_correlator_fmul_32ns_32ns_32_4_max_dsp_1_ip__2/<hidden>/<hidden>/<hidden>/<hidden>/<hidden>/<hidden>
    DSP48_X1Y8           DSP48E1                                      r  bd_0_wrapper/bd_0/bd_0_hls_inst_0/bd_0_hls_inst_0_gnss_correlator/bd_0_hls_inst_0_gnss_correlator_fmul_32ns_32ns_32_4_max_dsp_1__xdcDup__1/bd_0_hls_inst_0_gnss_correlator_fmul_32ns_32ns_32_4_max_dsp_1_ip__2/<hidden>/<hidden>/<hidden>/<hidden>/<hidden>/<hidden>
  -------------------------------------------------------------------    -------------------

                         (clock ap_clk rise edge)     0.000     0.000 r  
                                                      0.000     0.000 r  ap_clk (IN)
                         net (fo=3327, unset)         0.973     0.973    bd_0_wrapper/bd_0/bd_0_hls_inst_0/bd_0_hls_inst_0_gnss_correlator/bd_0_hls_inst_0_gnss_correlator_fmul_32ns_32ns_32_4_max_dsp_1__xdcDup__1/bd_0_hls_inst_0_gnss_correlator_fmul_32ns_32ns_32_4_max_dsp_1_ip__2/<hidden>/<hidden>/<hidden>/<hidden>/<hidden>/<hidden>
    DSP48_X1Y8           DSP48E1                                      r  bd_0_wrapper/bd_0/bd_0_hls_inst_0/bd_0_hls_inst_0_gnss_correlator/bd_0_hls_inst_0_gnss_correlator_fmul_32ns_32ns_32_4_max_dsp_1__xdcDup__1/bd_0_hls_inst_0_gnss_correlator_fmul_32ns_32ns_32_4_max_dsp_1_ip__2/<hidden>/<hidden>/<hidden>/<hidden>/<hidden>/<hidden>

Slack:                    inf
  Source:                 bd_0_wrapper/bd_0/bd_0_hls_inst_0/bd_0_hls_inst_0_gnss_correlator/bd_0_hls_inst_0_gnss_correlator_fmul_32ns_32ns_32_4_max_dsp_1__xdcDup__1/bd_0_hls_inst_0_gnss_correlator_fmul_32ns_32ns_32_4_max_dsp_1_ip__2/<hidden>/<hidden>/<hidden>/<hidden>/<hidden>/<hidden>
                            (internal pin)
  Destination:            bd_0_wrapper/bd_0/bd_0_hls_inst_0/bd_0_hls_inst_0_gnss_correlator/bd_0_hls_inst_0_gnss_correlator_fmul_32ns_32ns_32_4_max_dsp_1__xdcDup__1/bd_0_hls_inst_0_gnss_correlator_fmul_32ns_32ns_32_4_max_dsp_1_ip__2/<hidden>/<hidden>/<hidden>/<hidden>/<hidden>/<hidden>
                            (rising edge-triggered cell DSP48E1 clocked by ap_clk  {rise@0.000ns fall@5.000ns period=10.000ns})
  Path Group:             (none)
  Path Type:              Hold (Min at Slow Process Corner)
  Data Path Delay:        0.002ns  (logic 0.000ns (0.000%)  route 0.002ns (100.000%))
  Logic Levels:           0  
  Clock Uncertainty:      0.025ns  ((TSJ^2 + TIJ^2)^1/2 + DJ) / 2 + PE
    Total System Jitter     (TSJ):    0.050ns
    Total Input Jitter      (TIJ):    0.000ns
    Discrete Jitter          (DJ):    0.000ns
    Phase Error              (PE):    0.000ns

    Location             Delay type                Incr(ns)  Path(ns)    Netlist Resource(s)
  -------------------------------------------------------------------    -------------------
    DSP48_X1Y7           DSP48E1                      0.000     0.000 r  bd_0_wrapper/bd_0/bd_0_hls_inst_0/bd_0_hls_inst_0_gnss_correlator/bd_0_hls_inst_0_gnss_correlator_fmul_32ns_32ns_32_4_max_dsp_1__xdcDup__1/bd_0_hls_inst_0_gnss_correlator_fmul_32ns_32ns_32_4_max_dsp_1_ip__2/<hidden>/<hidden>/<hidden>/<hidden>/<hidden>/<hidden>
                         net (fo=1, routed)           0.002     0.002    bd_0_wrapper/bd_0/bd_0_hls_inst_0/bd_0_hls_inst_0_gnss_correlator/bd_0_hls_inst_0_gnss_correlator_fmul_32ns_32ns_32_4_max_dsp_1__xdcDup__1/bd_0_hls_inst_0_gnss_correlator_fmul_32ns_32ns_32_4_max_dsp_1_ip__2/<hidden>/<hidden>/<hidden>/<hidden>/<hidden>/<hidden>
    DSP48_X1Y8           DSP48E1                                      r  bd_0_wrapper/bd_0/bd_0_hls_inst_0/bd_0_hls_inst_0_gnss_correlator/bd_0_hls_inst_0_gnss_correlator_fmul_32ns_32ns_32_4_max_dsp_1__xdcDup__1/bd_0_hls_inst_0_gnss_correlator_fmul_32ns_32ns_32_4_max_dsp_1_ip__2/<hidden>/<hidden>/<hidden>/<hidden>/<hidden>/<hidden>
  -------------------------------------------------------------------    -------------------

                         (clock ap_clk rise edge)     0.000     0.000 r  
                                                      0.000     0.000 r  ap_clk (IN)
                         net (fo=3327, unset)         0.973     0.973    bd_0_wrapper/bd_0/bd_0_hls_inst_0/bd_0_hls_inst_0_gnss_correlator/bd_0_hls_inst_0_gnss_correlator_fmul_32ns_32ns_32_4_max_dsp_1__xdcDup__1/bd_0_hls_inst_0_gnss_correlator_fmul_32ns_32ns_32_4_max_dsp_1_ip__2/<hidden>/<hidden>/<hidden>/<hidden>/<hidden>/<hidden>
    DSP48_X1Y8           DSP48E1                                      r  bd_0_wrapper/bd_0/bd_0_hls_inst_0/bd_0_hls_inst_0_gnss_correlator/bd_0_hls_inst_0_gnss_correlator_fmul_32ns_32ns_32_4_max_dsp_1__xdcDup__1/bd_0_hls_inst_0_gnss_correlator_fmul_32ns_32ns_32_4_max_dsp_1_ip__2/<hidden>/<hidden>/<hidden>/<hidden>/<hidden>/<hidden>





