Copyright 1986-2022 Xilinx, Inc. All Rights Reserved. Copyright 2022-2025 Advanced Micro Devices, Inc. All Rights Reserved.
--------------------------------------------------------------------------------------------------------------------------------------------------------------------------
| Tool Version : Vivado v.2025.2 (lin64) Build 6299465 Fri Nov 14 12:34:56 MST 2025
| Date         : Sat Sep 19 17:46:37 2026
| Host         : johan2-Yoga-7-15ITL5 running 64-bit Ubuntu 22.04.5 LTS
| Command      : report_methodology -file bd_0_wrapper_methodology_drc_routed.rpt -pb bd_0_wrapper_methodology_drc_routed.pb -rpx bd_0_wrapper_methodology_drc_routed.rpx
| Design       : bd_0_wrapper
| Device       : xc7z020clg484-1
| Speed File   : -1
| Design State : Fully Routed
--------------------------------------------------------------------------------------------------------------------------------------------------------------------------

Report Methodology

Table of Contents
-----------------
1. REPORT SUMMARY
2. REPORT DETAILS

1. REPORT SUMMARY
-----------------
            Netlist: netlist
          Floorplan: checkpoint_bd_0_wrapper
      Design limits: <entire design considered>
             Max checks: <unlimited>
             Checks found: 528
+-----------+----------+-------------------------------+--------+
| Rule      | Severity | Description                   | Checks |
+-----------+----------+-------------------------------+--------+
| TIMING-16 | Warning  | Large setup violation         | 128    |
| TIMING-18 | Warning  | Missing input or output delay | 400    |
+-----------+----------+-------------------------------+--------+

2. REPORT DETAILS
-----------------
TIMING-16#1 Warning
Large setup violation  
There is a large setup violation of -3.615 ns between bd_0_i/hls_inst/inst/fadd_32ns_32ns_32_2_full_dsp_1_U2/din0_buf1_reg[24]/C (clocked by ap_clk) and bd_0_i/hls_inst/inst/control_s_axi_U/int_corr_Q_reg[31]/D (clocked by ap_clk). Large setup violations at the end of those stages might be difficult to fix during the post-placement implementation flow and could be the result of non-optimal XDC constraints or non-optimal design architecture
Related violations: <none>

TIMING-16#2 Warning
Large setup violation  
There is a large setup violation of -3.944 ns between bd_0_i/hls_inst/inst/fadd_32ns_32ns_32_2_full_dsp_1_U2/din0_buf1_reg[24]/C (clocked by ap_clk) and bd_0_i/hls_inst/inst/fadd_32ns_32ns_32_2_full_dsp_1_U2/dout_r_reg[31]/D (clocked by ap_clk). Large setup violations at the end of those stages might be difficult to fix during the post-placement implementation flow and could be the result of non-optimal XDC constraints or non-optimal design architecture
Related violations: <none>

TIMING-16#3 Warning
Large setup violation  
There is a large setup violation of -4.252 ns between bd_0_i/hls_inst/inst/fadd_32ns_32ns_32_2_full_dsp_1_U2/din0_buf1_reg[24]/C (clocked by ap_clk) and bd_0_i/hls_inst/inst/acc_I_fu_98_reg[31]/D (clocked by ap_clk). Large setup violations at the end of those stages might be difficult to fix during the post-placement implementation flow and could be the result of non-optimal XDC constraints or non-optimal design architecture
Related violations: <none>

TIMING-16#4 Warning
Large setup violation  
There is a large setup violation of -4.316 ns between bd_0_i/hls_inst/inst/fadd_32ns_32ns_32_2_full_dsp_1_U2/din0_buf1_reg[24]/C (clocked by ap_clk) and bd_0_i/hls_inst/inst/acc_Q_fu_102_reg[31]/D (clocked by ap_clk). Large setup violations at the end of those stages might be difficult to fix during the post-placement implementation flow and could be the result of non-optimal XDC constraints or non-optimal design architecture
Related violations: <none>

TIMING-16#5 Warning
Large setup violation  
There is a large setup violation of -8.427 ns between bd_0_i/hls_inst/inst/fadd_32ns_32ns_32_2_full_dsp_1_U2/din0_buf1_reg[24]/C (clocked by ap_clk) and bd_0_i/hls_inst/inst/acc_Q_fu_102_reg[15]/D (clocked by ap_clk). Large setup violations at the end of those stages might be difficult to fix during the post-placement implementation flow and could be the result of non-optimal XDC constraints or non-optimal design architecture
Related violations: <none>

TIMING-16#6 Warning
Large setup violation  
There is a large setup violation of -8.437 ns between bd_0_i/hls_inst/inst/fadd_32ns_32ns_32_2_full_dsp_1_U2/din0_buf1_reg[24]/C (clocked by ap_clk) and bd_0_i/hls_inst/inst/acc_I_fu_98_reg[22]/D (clocked by ap_clk). Large setup violations at the end of those stages might be difficult to fix during the post-placement implementation flow and could be the result of non-optimal XDC constraints or non-optimal design architecture
Related violations: <none>

TIMING-16#7 Warning
Large setup violation  
There is a large setup violation of -8.446 ns between bd_0_i/hls_inst/inst/fadd_32ns_32ns_32_2_full_dsp_1_U2/din0_buf1_reg[24]/C (clocked by ap_clk) and bd_0_i/hls_inst/inst/acc_Q_fu_102_reg[29]/D (clocked by ap_clk). Large setup violations at the end of those stages might be difficult to fix during the post-placement implementation flow and could be the result of non-optimal XDC constraints or non-optimal design architecture
Related violations: <none>

TIMING-16#8 Warning
Large setup violation  
There is a large setup violation of -8.516 ns between bd_0_i/hls_inst/inst/fadd_32ns_32ns_32_2_full_dsp_1_U2/din0_buf1_reg[24]/C (clocked by ap_clk) and bd_0_i/hls_inst/inst/acc_Q_fu_102_reg[1]/D (clocked by ap_clk). Large setup violations at the end of those stages might be difficult to fix during the post-placement implementation flow and could be the result of non-optimal XDC constraints or non-optimal design architecture
Related violations: <none>

TIMING-16#9 Warning
Large setup violation  
There is a large setup violation of -8.567 ns between bd_0_i/hls_inst/inst/fadd_32ns_32ns_32_2_full_dsp_1_U2/din0_buf1_reg[24]/C (clocked by ap_clk) and bd_0_i/hls_inst/inst/acc_I_fu_98_reg[6]/D (clocked by ap_clk). Large setup violations at the end of those stages might be difficult to fix during the post-placement implementation flow and could be the result of non-optimal XDC constraints or non-optimal design architecture
Related violations: <none>

TIMING-16#10 Warning
Large setup violation  
There is a large setup violation of -8.583 ns between bd_0_i/hls_inst/inst/fadd_32ns_32ns_32_2_full_dsp_1_U2/din0_buf1_reg[24]/C (clocked by ap_clk) and bd_0_i/hls_inst/inst/acc_Q_fu_102_reg[11]/D (clocked by ap_clk). Large setup violations at the end of those stages might be difficult to fix during the post-placement implementation flow and could be the result of non-optimal XDC constraints or non-optimal design architecture
Related violations: <none>

TIMING-16#11 Warning
Large setup violation  
There is a large setup violation of -8.610 ns between bd_0_i/hls_inst/inst/fadd_32ns_32ns_32_2_full_dsp_1_U2/din0_buf1_reg[24]/C (clocked by ap_clk) and bd_0_i/hls_inst/inst/acc_I_fu_98_reg[0]/D (clocked by ap_clk). Large setup violations at the end of those stages might be difficult to fix during the post-placement implementation flow and could be the result of non-optimal XDC constraints or non-optimal design architecture
Related violations: <none>

TIMING-16#12 Warning
Large setup violation  
There is a large setup violation of -8.652 ns between bd_0_i/hls_inst/inst/fadd_32ns_32ns_32_2_full_dsp_1_U2/din0_buf1_reg[24]/C (clocked by ap_clk) and bd_0_i/hls_inst/inst/acc_I_fu_98_reg[26]/D (clocked by ap_clk). Large setup violations at the end of those stages might be difficult to fix during the post-placement implementation flow and could be the result of non-optimal XDC constraints or non-optimal design architecture
Related violations: <none>

TIMING-16#13 Warning
Large setup violation  
There is a large setup violation of -8.715 ns between bd_0_i/hls_inst/inst/fadd_32ns_32ns_32_2_full_dsp_1_U2/din0_buf1_reg[24]/C (clocked by ap_clk) and bd_0_i/hls_inst/inst/acc_Q_fu_102_reg[24]/D (clocked by ap_clk). Large setup violations at the end of those stages might be difficult to fix during the post-placement implementation flow and could be the result of non-optimal XDC constraints or non-optimal design architecture
Related violations: <none>

TIMING-16#14 Warning
Large setup violation  
There is a large setup violation of -8.733 ns between bd_0_i/hls_inst/inst/fadd_32ns_32ns_32_2_full_dsp_1_U2/din0_buf1_reg[24]/C (clocked by ap_clk) and bd_0_i/hls_inst/inst/control_s_axi_U/int_corr_Q_reg[19]/D (clocked by ap_clk). Large setup violations at the end of those stages might be difficult to fix during the post-placement implementation flow and could be the result of non-optimal XDC constraints or non-optimal design architecture
Related violations: <none>

TIMING-16#15 Warning
Large setup violation  
There is a large setup violation of -8.763 ns between bd_0_i/hls_inst/inst/fadd_32ns_32ns_32_2_full_dsp_1_U2/din0_buf1_reg[24]/C (clocked by ap_clk) and bd_0_i/hls_inst/inst/control_s_axi_U/int_corr_Q_reg[3]/D (clocked by ap_clk). Large setup violations at the end of those stages might be difficult to fix during the post-placement implementation flow and could be the result of non-optimal XDC constraints or non-optimal design architecture
Related violations: <none>

TIMING-16#16 Warning
Large setup violation  
There is a large setup violation of -8.803 ns between bd_0_i/hls_inst/inst/fadd_32ns_32ns_32_2_full_dsp_1_U2/din0_buf1_reg[24]/C (clocked by ap_clk) and bd_0_i/hls_inst/inst/acc_Q_fu_102_reg[21]/D (clocked by ap_clk). Large setup violations at the end of those stages might be difficult to fix during the post-placement implementation flow and could be the result of non-optimal XDC constraints or non-optimal design architecture
Related violations: <none>

TIMING-16#17 Warning
Large setup violation  
There is a large setup violation of -8.808 ns between bd_0_i/hls_inst/inst/fadd_32ns_32ns_32_2_full_dsp_1_U2/din0_buf1_reg[24]/C (clocked by ap_clk) and bd_0_i/hls_inst/inst/acc_Q_fu_102_reg[20]/D (clocked by ap_clk). Large setup violations at the end of those stages might be difficult to fix during the post-placement implementation flow and could be the result of non-optimal XDC constraints or non-optimal design architecture
Related violations: <none>

TIMING-16#18 Warning
Large setup violation  
There is a large setup violation of -8.815 ns between bd_0_i/hls_inst/inst/fadd_32ns_32ns_32_2_full_dsp_1_U2/din0_buf1_reg[24]/C (clocked by ap_clk) and bd_0_i/hls_inst/inst/acc_I_fu_98_reg[23]/D (clocked by ap_clk). Large setup violations at the end of those stages might be difficult to fix during the post-placement implementation flow and could be the result of non-optimal XDC constraints or non-optimal design architecture
Related violations: <none>

TIMING-16#19 Warning
Large setup violation  
There is a large setup violation of -8.825 ns between bd_0_i/hls_inst/inst/fadd_32ns_32ns_32_2_full_dsp_1_U2/din0_buf1_reg[24]/C (clocked by ap_clk) and bd_0_i/hls_inst/inst/fadd_32ns_32ns_32_2_full_dsp_1_U2/dout_r_reg[21]/D (clocked by ap_clk). Large setup violations at the end of those stages might be difficult to fix during the post-placement implementation flow and could be the result of non-optimal XDC constraints or non-optimal design architecture
Related violations: <none>

TIMING-16#20 Warning
Large setup violation  
There is a large setup violation of -8.831 ns between bd_0_i/hls_inst/inst/fadd_32ns_32ns_32_2_full_dsp_1_U2/din0_buf1_reg[24]/C (clocked by ap_clk) and bd_0_i/hls_inst/inst/fadd_32ns_32ns_32_2_full_dsp_1_U2/dout_r_reg[19]/D (clocked by ap_clk). Large setup violations at the end of those stages might be difficult to fix during the post-placement implementation flow and could be the result of non-optimal XDC constraints or non-optimal design architecture
Related violations: <none>

TIMING-16#21 Warning
Large setup violation  
There is a large setup violation of -8.838 ns between bd_0_i/hls_inst/inst/fadd_32ns_32ns_32_2_full_dsp_1_U2/din0_buf1_reg[24]/C (clocked by ap_clk) and bd_0_i/hls_inst/inst/acc_Q_fu_102_reg[14]/D (clocked by ap_clk). Large setup violations at the end of those stages might be difficult to fix during the post-placement implementation flow and could be the result of non-optimal XDC constraints or non-optimal design architecture
Related violations: <none>

TIMING-16#22 Warning
Large setup violation  
There is a large setup violation of -8.839 ns between bd_0_i/hls_inst/inst/fadd_32ns_32ns_32_2_full_dsp_1_U2/din0_buf1_reg[24]/C (clocked by ap_clk) and bd_0_i/hls_inst/inst/acc_I_fu_98_reg[29]/D (clocked by ap_clk). Large setup violations at the end of those stages might be difficult to fix during the post-placement implementation flow and could be the result of non-optimal XDC constraints or non-optimal design architecture
Related violations: <none>

TIMING-16#23 Warning
Large setup violation  
There is a large setup violation of -8.843 ns between bd_0_i/hls_inst/inst/fadd_32ns_32ns_32_2_full_dsp_1_U2/din0_buf1_reg[24]/C (clocked by ap_clk) and bd_0_i/hls_inst/inst/acc_I_fu_98_reg[15]/D (clocked by ap_clk). Large setup violations at the end of those stages might be difficult to fix during the post-placement implementation flow and could be the result of non-optimal XDC constraints or non-optimal design architecture
Related violations: <none>

TIMING-16#24 Warning
Large setup violation  
There is a large setup violation of -8.846 ns between bd_0_i/hls_inst/inst/fadd_32ns_32ns_32_2_full_dsp_1_U2/din0_buf1_reg[24]/C (clocked by ap_clk) and bd_0_i/hls_inst/inst/acc_Q_fu_102_reg[18]/D (clocked by ap_clk). Large setup violations at the end of those stages might be difficult to fix during the post-placement implementation flow and could be the result of non-optimal XDC constraints or non-optimal design architecture
Related violations: <none>

TIMING-16#25 Warning
Large setup violation  
There is a large setup violation of -8.847 ns between bd_0_i/hls_inst/inst/fadd_32ns_32ns_32_2_full_dsp_1_U2/din0_buf1_reg[24]/C (clocked by ap_clk) and bd_0_i/hls_inst/inst/acc_Q_fu_102_reg[22]/D (clocked by ap_clk). Large setup violations at the end of those stages might be difficult to fix during the post-placement implementation flow and could be the result of non-optimal XDC constraints or non-optimal design architecture
Related violations: <none>

TIMING-16#26 Warning
Large setup violation  
There is a large setup violation of -8.847 ns between bd_0_i/hls_inst/inst/fadd_32ns_32ns_32_2_full_dsp_1_U2/din0_buf1_reg[24]/C (clocked by ap_clk) and bd_0_i/hls_inst/inst/control_s_axi_U/int_corr_Q_reg[20]/D (clocked by ap_clk). Large setup violations at the end of those stages might be difficult to fix during the post-placement implementation flow and could be the result of non-optimal XDC constraints or non-optimal design architecture
Related violations: <none>

TIMING-16#27 Warning
Large setup violation  
There is a large setup violation of -8.853 ns between bd_0_i/hls_inst/inst/fadd_32ns_32ns_32_2_full_dsp_1_U2/din0_buf1_reg[24]/C (clocked by ap_clk) and bd_0_i/hls_inst/inst/control_s_axi_U/int_corr_Q_reg[8]/D (clocked by ap_clk). Large setup violations at the end of those stages might be difficult to fix during the post-placement implementation flow and could be the result of non-optimal XDC constraints or non-optimal design architecture
Related violations: <none>

TIMING-16#28 Warning
Large setup violation  
There is a large setup violation of -8.853 ns between bd_0_i/hls_inst/inst/fadd_32ns_32ns_32_2_full_dsp_1_U2/din0_buf1_reg[24]/C (clocked by ap_clk) and bd_0_i/hls_inst/inst/fadd_32ns_32ns_32_2_full_dsp_1_U2/dout_r_reg[26]/D (clocked by ap_clk). Large setup violations at the end of those stages might be difficult to fix during the post-placement implementation flow and could be the result of non-optimal XDC constraints or non-optimal design architecture
Related violations: <none>

TIMING-16#29 Warning
Large setup violation  
There is a large setup violation of -8.854 ns between bd_0_i/hls_inst/inst/fadd_32ns_32ns_32_2_full_dsp_1_U2/din0_buf1_reg[24]/C (clocked by ap_clk) and bd_0_i/hls_inst/inst/fadd_32ns_32ns_32_2_full_dsp_1_U2/dout_r_reg[3]/D (clocked by ap_clk). Large setup violations at the end of those stages might be difficult to fix during the post-placement implementation flow and could be the result of non-optimal XDC constraints or non-optimal design architecture
Related violations: <none>

TIMING-16#30 Warning
Large setup violation  
There is a large setup violation of -8.859 ns between bd_0_i/hls_inst/inst/fadd_32ns_32ns_32_2_full_dsp_1_U2/din0_buf1_reg[24]/C (clocked by ap_clk) and bd_0_i/hls_inst/inst/fadd_32ns_32ns_32_2_full_dsp_1_U2/dout_r_reg[25]/D (clocked by ap_clk). Large setup violations at the end of those stages might be difficult to fix during the post-placement implementation flow and could be the result of non-optimal XDC constraints or non-optimal design architecture
Related violations: <none>

TIMING-16#31 Warning
Large setup violation  
There is a large setup violation of -8.863 ns between bd_0_i/hls_inst/inst/fadd_32ns_32ns_32_2_full_dsp_1_U2/din0_buf1_reg[24]/C (clocked by ap_clk) and bd_0_i/hls_inst/inst/acc_I_fu_98_reg[7]/D (clocked by ap_clk). Large setup violations at the end of those stages might be difficult to fix during the post-placement implementation flow and could be the result of non-optimal XDC constraints or non-optimal design architecture
Related violations: <none>

TIMING-16#32 Warning
Large setup violation  
There is a large setup violation of -8.873 ns between bd_0_i/hls_inst/inst/fadd_32ns_32ns_32_2_full_dsp_1_U2/din0_buf1_reg[24]/C (clocked by ap_clk) and bd_0_i/hls_inst/inst/acc_I_fu_98_reg[3]/D (clocked by ap_clk). Large setup violations at the end of those stages might be difficult to fix during the post-placement implementation flow and could be the result of non-optimal XDC constraints or non-optimal design architecture
Related violations: <none>

TIMING-16#33 Warning
Large setup violation  
There is a large setup violation of -8.882 ns between bd_0_i/hls_inst/inst/fadd_32ns_32ns_32_2_full_dsp_1_U2/din0_buf1_reg[24]/C (clocked by ap_clk) and bd_0_i/hls_inst/inst/control_s_axi_U/int_corr_Q_reg[25]/D (clocked by ap_clk). Large setup violations at the end of those stages might be difficult to fix during the post-placement implementation flow and could be the result of non-optimal XDC constraints or non-optimal design architecture
Related violations: <none>

TIMING-16#34 Warning
Large setup violation  
There is a large setup violation of -8.903 ns between bd_0_i/hls_inst/inst/fadd_32ns_32ns_32_2_full_dsp_1_U2/din0_buf1_reg[24]/C (clocked by ap_clk) and bd_0_i/hls_inst/inst/fadd_32ns_32ns_32_2_full_dsp_1_U2/dout_r_reg[15]/D (clocked by ap_clk). Large setup violations at the end of those stages might be difficult to fix during the post-placement implementation flow and could be the result of non-optimal XDC constraints or non-optimal design architecture
Related violations: <none>

TIMING-16#35 Warning
Large setup violation  
There is a large setup violation of -8.907 ns between bd_0_i/hls_inst/inst/fadd_32ns_32ns_32_2_full_dsp_1_U2/din0_buf1_reg[24]/C (clocked by ap_clk) and bd_0_i/hls_inst/inst/fadd_32ns_32ns_32_2_full_dsp_1_U2/dout_r_reg[20]/D (clocked by ap_clk). Large setup violations at the end of those stages might be difficult to fix during the post-placement implementation flow and could be the result of non-optimal XDC constraints or non-optimal design architecture
Related violations: <none>

TIMING-16#36 Warning
Large setup violation  
There is a large setup violation of -8.937 ns between bd_0_i/hls_inst/inst/fadd_32ns_32ns_32_2_full_dsp_1_U2/din0_buf1_reg[24]/C (clocked by ap_clk) and bd_0_i/hls_inst/inst/acc_I_fu_98_reg[9]/D (clocked by ap_clk). Large setup violations at the end of those stages might be difficult to fix during the post-placement implementation flow and could be the result of non-optimal XDC constraints or non-optimal design architecture
Related violations: <none>

TIMING-16#37 Warning
Large setup violation  
There is a large setup violation of -8.942 ns between bd_0_i/hls_inst/inst/fadd_32ns_32ns_32_2_full_dsp_1_U2/din0_buf1_reg[24]/C (clocked by ap_clk) and bd_0_i/hls_inst/inst/control_s_axi_U/int_corr_Q_reg[18]/D (clocked by ap_clk). Large setup violations at the end of those stages might be difficult to fix during the post-placement implementation flow and could be the result of non-optimal XDC constraints or non-optimal design architecture
Related violations: <none>

TIMING-16#38 Warning
Large setup violation  
There is a large setup violation of -8.943 ns between bd_0_i/hls_inst/inst/fadd_32ns_32ns_32_2_full_dsp_1_U2/din0_buf1_reg[24]/C (clocked by ap_clk) and bd_0_i/hls_inst/inst/acc_Q_fu_102_reg[27]/D (clocked by ap_clk). Large setup violations at the end of those stages might be difficult to fix during the post-placement implementation flow and could be the result of non-optimal XDC constraints or non-optimal design architecture
Related violations: <none>

TIMING-16#39 Warning
Large setup violation  
There is a large setup violation of -8.944 ns between bd_0_i/hls_inst/inst/fadd_32ns_32ns_32_2_full_dsp_1_U2/din0_buf1_reg[24]/C (clocked by ap_clk) and bd_0_i/hls_inst/inst/acc_I_fu_98_reg[10]/D (clocked by ap_clk). Large setup violations at the end of those stages might be difficult to fix during the post-placement implementation flow and could be the result of non-optimal XDC constraints or non-optimal design architecture
Related violations: <none>

TIMING-16#40 Warning
Large setup violation  
There is a large setup violation of -8.949 ns between bd_0_i/hls_inst/inst/fadd_32ns_32ns_32_2_full_dsp_1_U2/din0_buf1_reg[24]/C (clocked by ap_clk) and bd_0_i/hls_inst/inst/control_s_axi_U/int_corr_Q_reg[2]/D (clocked by ap_clk). Large setup violations at the end of those stages might be difficult to fix during the post-placement implementation flow and could be the result of non-optimal XDC constraints or non-optimal design architecture
Related violations: <none>

TIMING-16#41 Warning
Large setup violation  
There is a large setup violation of -8.949 ns between bd_0_i/hls_inst/inst/fadd_32ns_32ns_32_2_full_dsp_1_U2/din0_buf1_reg[24]/C (clocked by ap_clk) and bd_0_i/hls_inst/inst/fadd_32ns_32ns_32_2_full_dsp_1_U2/dout_r_reg[14]/D (clocked by ap_clk). Large setup violations at the end of those stages might be difficult to fix during the post-placement implementation flow and could be the result of non-optimal XDC constraints or non-optimal design architecture
Related violations: <none>

TIMING-16#42 Warning
Large setup violation  
There is a large setup violation of -8.951 ns between bd_0_i/hls_inst/inst/fadd_32ns_32ns_32_2_full_dsp_1_U2/din0_buf1_reg[24]/C (clocked by ap_clk) and bd_0_i/hls_inst/inst/acc_Q_fu_102_reg[10]/D (clocked by ap_clk). Large setup violations at the end of those stages might be difficult to fix during the post-placement implementation flow and could be the result of non-optimal XDC constraints or non-optimal design architecture
Related violations: <none>

TIMING-16#43 Warning
Large setup violation  
There is a large setup violation of -8.959 ns between bd_0_i/hls_inst/inst/fadd_32ns_32ns_32_2_full_dsp_1_U2/din0_buf1_reg[24]/C (clocked by ap_clk) and bd_0_i/hls_inst/inst/acc_I_fu_98_reg[1]/D (clocked by ap_clk). Large setup violations at the end of those stages might be difficult to fix during the post-placement implementation flow and could be the result of non-optimal XDC constraints or non-optimal design architecture
Related violations: <none>

TIMING-16#44 Warning
Large setup violation  
There is a large setup violation of -8.960 ns between bd_0_i/hls_inst/inst/fadd_32ns_32ns_32_2_full_dsp_1_U2/din0_buf1_reg[24]/C (clocked by ap_clk) and bd_0_i/hls_inst/inst/acc_Q_fu_102_reg[17]/D (clocked by ap_clk). Large setup violations at the end of those stages might be difficult to fix during the post-placement implementation flow and could be the result of non-optimal XDC constraints or non-optimal design architecture
Related violations: <none>

TIMING-16#45 Warning
Large setup violation  
There is a large setup violation of -8.965 ns between bd_0_i/hls_inst/inst/fadd_32ns_32ns_32_2_full_dsp_1_U2/din0_buf1_reg[24]/C (clocked by ap_clk) and bd_0_i/hls_inst/inst/acc_Q_fu_102_reg[6]/D (clocked by ap_clk). Large setup violations at the end of those stages might be difficult to fix during the post-placement implementation flow and could be the result of non-optimal XDC constraints or non-optimal design architecture
Related violations: <none>

TIMING-16#46 Warning
Large setup violation  
There is a large setup violation of -8.970 ns between bd_0_i/hls_inst/inst/fadd_32ns_32ns_32_2_full_dsp_1_U2/din0_buf1_reg[24]/C (clocked by ap_clk) and bd_0_i/hls_inst/inst/control_s_axi_U/int_corr_Q_reg[21]/D (clocked by ap_clk). Large setup violations at the end of those stages might be difficult to fix during the post-placement implementation flow and could be the result of non-optimal XDC constraints or non-optimal design architecture
Related violations: <none>

TIMING-16#47 Warning
Large setup violation  
There is a large setup violation of -8.973 ns between bd_0_i/hls_inst/inst/fadd_32ns_32ns_32_2_full_dsp_1_U2/din0_buf1_reg[24]/C (clocked by ap_clk) and bd_0_i/hls_inst/inst/fadd_32ns_32ns_32_2_full_dsp_1_U2/dout_r_reg[28]/D (clocked by ap_clk). Large setup violations at the end of those stages might be difficult to fix during the post-placement implementation flow and could be the result of non-optimal XDC constraints or non-optimal design architecture
Related violations: <none>

TIMING-16#48 Warning
Large setup violation  
There is a large setup violation of -8.976 ns between bd_0_i/hls_inst/inst/fadd_32ns_32ns_32_2_full_dsp_1_U2/din0_buf1_reg[24]/C (clocked by ap_clk) and bd_0_i/hls_inst/inst/control_s_axi_U/int_corr_Q_reg[16]/D (clocked by ap_clk). Large setup violations at the end of those stages might be difficult to fix during the post-placement implementation flow and could be the result of non-optimal XDC constraints or non-optimal design architecture
Related violations: <none>

TIMING-16#49 Warning
Large setup violation  
There is a large setup violation of -8.977 ns between bd_0_i/hls_inst/inst/fadd_32ns_32ns_32_2_full_dsp_1_U2/din0_buf1_reg[24]/C (clocked by ap_clk) and bd_0_i/hls_inst/inst/fadd_32ns_32ns_32_2_full_dsp_1_U2/dout_r_reg[13]/D (clocked by ap_clk). Large setup violations at the end of those stages might be difficult to fix during the post-placement implementation flow and could be the result of non-optimal XDC constraints or non-optimal design architecture
Related violations: <none>

TIMING-16#50 Warning
Large setup violation  
There is a large setup violation of -8.978 ns between bd_0_i/hls_inst/inst/fadd_32ns_32ns_32_2_full_dsp_1_U2/din0_buf1_reg[24]/C (clocked by ap_clk) and bd_0_i/hls_inst/inst/control_s_axi_U/int_corr_Q_reg[14]/D (clocked by ap_clk). Large setup violations at the end of those stages might be difficult to fix during the post-placement implementation flow and could be the result of non-optimal XDC constraints or non-optimal design architecture
Related violations: <none>

TIMING-16#51 Warning
Large setup violation  
There is a large setup violation of -8.981 ns between bd_0_i/hls_inst/inst/fadd_32ns_32ns_32_2_full_dsp_1_U2/din0_buf1_reg[24]/C (clocked by ap_clk) and bd_0_i/hls_inst/inst/fadd_32ns_32ns_32_2_full_dsp_1_U2/dout_r_reg[9]/D (clocked by ap_clk). Large setup violations at the end of those stages might be difficult to fix during the post-placement implementation flow and could be the result of non-optimal XDC constraints or non-optimal design architecture
Related violations: <none>

TIMING-16#52 Warning
Large setup violation  
There is a large setup violation of -8.985 ns between bd_0_i/hls_inst/inst/fadd_32ns_32ns_32_2_full_dsp_1_U2/din0_buf1_reg[24]/C (clocked by ap_clk) and bd_0_i/hls_inst/inst/acc_I_fu_98_reg[11]/D (clocked by ap_clk). Large setup violations at the end of those stages might be difficult to fix during the post-placement implementation flow and could be the result of non-optimal XDC constraints or non-optimal design architecture
Related violations: <none>

TIMING-16#53 Warning
Large setup violation  
There is a large setup violation of -8.993 ns between bd_0_i/hls_inst/inst/fadd_32ns_32ns_32_2_full_dsp_1_U2/din0_buf1_reg[24]/C (clocked by ap_clk) and bd_0_i/hls_inst/inst/acc_Q_fu_102_reg[0]/D (clocked by ap_clk). Large setup violations at the end of those stages might be difficult to fix during the post-placement implementation flow and could be the result of non-optimal XDC constraints or non-optimal design architecture
Related violations: <none>

TIMING-16#54 Warning
Large setup violation  
There is a large setup violation of -8.996 ns between bd_0_i/hls_inst/inst/fadd_32ns_32ns_32_2_full_dsp_1_U2/din0_buf1_reg[24]/C (clocked by ap_clk) and bd_0_i/hls_inst/inst/acc_I_fu_98_reg[13]/D (clocked by ap_clk). Large setup violations at the end of those stages might be difficult to fix during the post-placement implementation flow and could be the result of non-optimal XDC constraints or non-optimal design architecture
Related violations: <none>

TIMING-16#55 Warning
Large setup violation  
There is a large setup violation of -8.996 ns between bd_0_i/hls_inst/inst/fadd_32ns_32ns_32_2_full_dsp_1_U2/din0_buf1_reg[24]/C (clocked by ap_clk) and bd_0_i/hls_inst/inst/fadd_32ns_32ns_32_2_full_dsp_1_U2/dout_r_reg[16]/D (clocked by ap_clk). Large setup violations at the end of those stages might be difficult to fix during the post-placement implementation flow and could be the result of non-optimal XDC constraints or non-optimal design architecture
Related violations: <none>

TIMING-16#56 Warning
Large setup violation  
There is a large setup violation of -8.998 ns between bd_0_i/hls_inst/inst/fadd_32ns_32ns_32_2_full_dsp_1_U2/din0_buf1_reg[24]/C (clocked by ap_clk) and bd_0_i/hls_inst/inst/acc_Q_fu_102_reg[3]/D (clocked by ap_clk). Large setup violations at the end of those stages might be difficult to fix during the post-placement implementation flow and could be the result of non-optimal XDC constraints or non-optimal design architecture
Related violations: <none>

TIMING-16#57 Warning
Large setup violation  
There is a large setup violation of -8.999 ns between bd_0_i/hls_inst/inst/fadd_32ns_32ns_32_2_full_dsp_1_U2/din0_buf1_reg[24]/C (clocked by ap_clk) and bd_0_i/hls_inst/inst/acc_I_fu_98_reg[19]/D (clocked by ap_clk). Large setup violations at the end of those stages might be difficult to fix during the post-placement implementation flow and could be the result of non-optimal XDC constraints or non-optimal design architecture
Related violations: <none>

TIMING-16#58 Warning
Large setup violation  
There is a large setup violation of -9.004 ns between bd_0_i/hls_inst/inst/fadd_32ns_32ns_32_2_full_dsp_1_U2/din0_buf1_reg[24]/C (clocked by ap_clk) and bd_0_i/hls_inst/inst/acc_Q_fu_102_reg[7]/D (clocked by ap_clk). Large setup violations at the end of those stages might be difficult to fix during the post-placement implementation flow and could be the result of non-optimal XDC constraints or non-optimal design architecture
Related violations: <none>

TIMING-16#59 Warning
Large setup violation  
There is a large setup violation of -9.013 ns between bd_0_i/hls_inst/inst/fadd_32ns_32ns_32_2_full_dsp_1_U2/din0_buf1_reg[24]/C (clocked by ap_clk) and bd_0_i/hls_inst/inst/fadd_32ns_32ns_32_2_full_dsp_1_U2/dout_r_reg[8]/D (clocked by ap_clk). Large setup violations at the end of those stages might be difficult to fix during the post-placement implementation flow and could be the result of non-optimal XDC constraints or non-optimal design architecture
Related violations: <none>

TIMING-16#60 Warning
Large setup violation  
There is a large setup violation of -9.017 ns between bd_0_i/hls_inst/inst/fadd_32ns_32ns_32_2_full_dsp_1_U2/din0_buf1_reg[24]/C (clocked by ap_clk) and bd_0_i/hls_inst/inst/acc_I_fu_98_reg[12]/D (clocked by ap_clk). Large setup violations at the end of those stages might be difficult to fix during the post-placement implementation flow and could be the result of non-optimal XDC constraints or non-optimal design architecture
Related violations: <none>

TIMING-16#61 Warning
Large setup violation  
There is a large setup violation of -9.019 ns between bd_0_i/hls_inst/inst/fadd_32ns_32ns_32_2_full_dsp_1_U2/din0_buf1_reg[24]/C (clocked by ap_clk) and bd_0_i/hls_inst/inst/acc_Q_fu_102_reg[4]/D (clocked by ap_clk). Large setup violations at the end of those stages might be difficult to fix during the post-placement implementation flow and could be the result of non-optimal XDC constraints or non-optimal design architecture
Related violations: <none>

TIMING-16#62 Warning
Large setup violation  
There is a large setup violation of -9.021 ns between bd_0_i/hls_inst/inst/fadd_32ns_32ns_32_2_full_dsp_1_U2/din0_buf1_reg[24]/C (clocked by ap_clk) and bd_0_i/hls_inst/inst/control_s_axi_U/int_corr_Q_reg[26]/D (clocked by ap_clk). Large setup violations at the end of those stages might be difficult to fix during the post-placement implementation flow and could be the result of non-optimal XDC constraints or non-optimal design architecture
Related violations: <none>

TIMING-16#63 Warning
Large setup violation  
There is a large setup violation of -9.022 ns between bd_0_i/hls_inst/inst/fadd_32ns_32ns_32_2_full_dsp_1_U2/din0_buf1_reg[24]/C (clocked by ap_clk) and bd_0_i/hls_inst/inst/acc_Q_fu_102_reg[12]/D (clocked by ap_clk). Large setup violations at the end of those stages might be difficult to fix during the post-placement implementation flow and could be the result of non-optimal XDC constraints or non-optimal design architecture
Related violations: <none>

TIMING-16#64 Warning
Large setup violation  
There is a large setup violation of -9.025 ns between bd_0_i/hls_inst/inst/fadd_32ns_32ns_32_2_full_dsp_1_U2/din0_buf1_reg[24]/C (clocked by ap_clk) and bd_0_i/hls_inst/inst/control_s_axi_U/int_corr_Q_reg[4]/D (clocked by ap_clk). Large setup violations at the end of those stages might be difficult to fix during the post-placement implementation flow and could be the result of non-optimal XDC constraints or non-optimal design architecture
Related violations: <none>

TIMING-16#65 Warning
Large setup violation  
There is a large setup violation of -9.026 ns between bd_0_i/hls_inst/inst/fadd_32ns_32ns_32_2_full_dsp_1_U2/din0_buf1_reg[24]/C (clocked by ap_clk) and bd_0_i/hls_inst/inst/fadd_32ns_32ns_32_2_full_dsp_1_U2/dout_r_reg[5]/D (clocked by ap_clk). Large setup violations at the end of those stages might be difficult to fix during the post-placement implementation flow and could be the result of non-optimal XDC constraints or non-optimal design architecture
Related violations: <none>

TIMING-16#66 Warning
Large setup violation  
There is a large setup violation of -9.037 ns between bd_0_i/hls_inst/inst/fadd_32ns_32ns_32_2_full_dsp_1_U2/din0_buf1_reg[24]/C (clocked by ap_clk) and bd_0_i/hls_inst/inst/acc_I_fu_98_reg[27]/D (clocked by ap_clk). Large setup violations at the end of those stages might be difficult to fix during the post-placement implementation flow and could be the result of non-optimal XDC constraints or non-optimal design architecture
Related violations: <none>

TIMING-16#67 Warning
Large setup violation  
There is a large setup violation of -9.037 ns between bd_0_i/hls_inst/inst/fadd_32ns_32ns_32_2_full_dsp_1_U2/din0_buf1_reg[24]/C (clocked by ap_clk) and bd_0_i/hls_inst/inst/acc_I_fu_98_reg[30]/D (clocked by ap_clk). Large setup violations at the end of those stages might be difficult to fix during the post-placement implementation flow and could be the result of non-optimal XDC constraints or non-optimal design architecture
Related violations: <none>

TIMING-16#68 Warning
Large setup violation  
There is a large setup violation of -9.040 ns between bd_0_i/hls_inst/inst/fadd_32ns_32ns_32_2_full_dsp_1_U2/din0_buf1_reg[24]/C (clocked by ap_clk) and bd_0_i/hls_inst/inst/fadd_32ns_32ns_32_2_full_dsp_1_U2/dout_r_reg[12]/D (clocked by ap_clk). Large setup violations at the end of those stages might be difficult to fix during the post-placement implementation flow and could be the result of non-optimal XDC constraints or non-optimal design architecture
Related violations: <none>

TIMING-16#69 Warning
Large setup violation  
There is a large setup violation of -9.043 ns between bd_0_i/hls_inst/inst/fadd_32ns_32ns_32_2_full_dsp_1_U2/din0_buf1_reg[24]/C (clocked by ap_clk) and bd_0_i/hls_inst/inst/acc_I_fu_98_reg[2]/D (clocked by ap_clk). Large setup violations at the end of those stages might be difficult to fix during the post-placement implementation flow and could be the result of non-optimal XDC constraints or non-optimal design architecture
Related violations: <none>

TIMING-16#70 Warning
Large setup violation  
There is a large setup violation of -9.047 ns between bd_0_i/hls_inst/inst/fadd_32ns_32ns_32_2_full_dsp_1_U2/din0_buf1_reg[24]/C (clocked by ap_clk) and bd_0_i/hls_inst/inst/control_s_axi_U/int_corr_Q_reg[23]/D (clocked by ap_clk). Large setup violations at the end of those stages might be difficult to fix during the post-placement implementation flow and could be the result of non-optimal XDC constraints or non-optimal design architecture
Related violations: <none>

TIMING-16#71 Warning
Large setup violation  
There is a large setup violation of -9.057 ns between bd_0_i/hls_inst/inst/fadd_32ns_32ns_32_2_full_dsp_1_U2/din0_buf1_reg[24]/C (clocked by ap_clk) and bd_0_i/hls_inst/inst/acc_Q_fu_102_reg[26]/D (clocked by ap_clk). Large setup violations at the end of those stages might be difficult to fix during the post-placement implementation flow and could be the result of non-optimal XDC constraints or non-optimal design architecture
Related violations: <none>

TIMING-16#72 Warning
Large setup violation  
There is a large setup violation of -9.062 ns between bd_0_i/hls_inst/inst/fadd_32ns_32ns_32_2_full_dsp_1_U2/din0_buf1_reg[24]/C (clocked by ap_clk) and bd_0_i/hls_inst/inst/control_s_axi_U/int_corr_Q_reg[12]/D (clocked by ap_clk). Large setup violations at the end of those stages might be difficult to fix during the post-placement implementation flow and could be the result of non-optimal XDC constraints or non-optimal design architecture
Related violations: <none>

TIMING-16#73 Warning
Large setup violation  
There is a large setup violation of -9.064 ns between bd_0_i/hls_inst/inst/fadd_32ns_32ns_32_2_full_dsp_1_U2/din0_buf1_reg[24]/C (clocked by ap_clk) and bd_0_i/hls_inst/inst/fadd_32ns_32ns_32_2_full_dsp_1_U2/dout_r_reg[4]/D (clocked by ap_clk). Large setup violations at the end of those stages might be difficult to fix during the post-placement implementation flow and could be the result of non-optimal XDC constraints or non-optimal design architecture
Related violations: <none>

TIMING-16#74 Warning
Large setup violation  
There is a large setup violation of -9.066 ns between bd_0_i/hls_inst/inst/fadd_32ns_32ns_32_2_full_dsp_1_U2/din0_buf1_reg[24]/C (clocked by ap_clk) and bd_0_i/hls_inst/inst/fadd_32ns_32ns_32_2_full_dsp_1_U2/dout_r_reg[2]/D (clocked by ap_clk). Large setup violations at the end of those stages might be difficult to fix during the post-placement implementation flow and could be the result of non-optimal XDC constraints or non-optimal design architecture
Related violations: <none>

TIMING-16#75 Warning
Large setup violation  
There is a large setup violation of -9.075 ns between bd_0_i/hls_inst/inst/fadd_32ns_32ns_32_2_full_dsp_1_U2/din0_buf1_reg[24]/C (clocked by ap_clk) and bd_0_i/hls_inst/inst/control_s_axi_U/int_corr_Q_reg[9]/D (clocked by ap_clk). Large setup violations at the end of those stages might be difficult to fix during the post-placement implementation flow and could be the result of non-optimal XDC constraints or non-optimal design architecture
Related violations: <none>

TIMING-16#76 Warning
Large setup violation  
There is a large setup violation of -9.083 ns between bd_0_i/hls_inst/inst/fadd_32ns_32ns_32_2_full_dsp_1_U2/din0_buf1_reg[24]/C (clocked by ap_clk) and bd_0_i/hls_inst/inst/control_s_axi_U/int_corr_Q_reg[28]/D (clocked by ap_clk). Large setup violations at the end of those stages might be difficult to fix during the post-placement implementation flow and could be the result of non-optimal XDC constraints or non-optimal design architecture
Related violations: <none>

TIMING-16#77 Warning
Large setup violation  
There is a large setup violation of -9.089 ns between bd_0_i/hls_inst/inst/fadd_32ns_32ns_32_2_full_dsp_1_U2/din0_buf1_reg[24]/C (clocked by ap_clk) and bd_0_i/hls_inst/inst/control_s_axi_U/int_corr_Q_reg[24]/D (clocked by ap_clk). Large setup violations at the end of those stages might be difficult to fix during the post-placement implementation flow and could be the result of non-optimal XDC constraints or non-optimal design architecture
Related violations: <none>

TIMING-16#78 Warning
Large setup violation  
There is a large setup violation of -9.093 ns between bd_0_i/hls_inst/inst/fadd_32ns_32ns_32_2_full_dsp_1_U2/din0_buf1_reg[24]/C (clocked by ap_clk) and bd_0_i/hls_inst/inst/acc_Q_fu_102_reg[8]/D (clocked by ap_clk). Large setup violations at the end of those stages might be difficult to fix during the post-placement implementation flow and could be the result of non-optimal XDC constraints or non-optimal design architecture
Related violations: <none>

TIMING-16#79 Warning
Large setup violation  
There is a large setup violation of -9.099 ns between bd_0_i/hls_inst/inst/fadd_32ns_32ns_32_2_full_dsp_1_U2/din0_buf1_reg[24]/C (clocked by ap_clk) and bd_0_i/hls_inst/inst/control_s_axi_U/int_corr_Q_reg[13]/D (clocked by ap_clk). Large setup violations at the end of those stages might be difficult to fix during the post-placement implementation flow and could be the result of non-optimal XDC constraints or non-optimal design architecture
Related violations: <none>

TIMING-16#80 Warning
Large setup violation  
There is a large setup violation of -9.107 ns between bd_0_i/hls_inst/inst/fadd_32ns_32ns_32_2_full_dsp_1_U2/din0_buf1_reg[24]/C (clocked by ap_clk) and bd_0_i/hls_inst/inst/control_s_axi_U/int_corr_Q_reg[17]/D (clocked by ap_clk). Large setup violations at the end of those stages might be difficult to fix during the post-placement implementation flow and could be the result of non-optimal XDC constraints or non-optimal design architecture
Related violations: <none>

TIMING-16#81 Warning
Large setup violation  
There is a large setup violation of -9.120 ns between bd_0_i/hls_inst/inst/fadd_32ns_32ns_32_2_full_dsp_1_U2/din0_buf1_reg[24]/C (clocked by ap_clk) and bd_0_i/hls_inst/inst/acc_I_fu_98_reg[24]/D (clocked by ap_clk). Large setup violations at the end of those stages might be difficult to fix during the post-placement implementation flow and could be the result of non-optimal XDC constraints or non-optimal design architecture
Related violations: <none>

TIMING-16#82 Warning
Large setup violation  
There is a large setup violation of -9.120 ns between bd_0_i/hls_inst/inst/fadd_32ns_32ns_32_2_full_dsp_1_U2/din0_buf1_reg[24]/C (clocked by ap_clk) and bd_0_i/hls_inst/inst/acc_I_fu_98_reg[8]/D (clocked by ap_clk). Large setup violations at the end of those stages might be difficult to fix during the post-placement implementation flow and could be the result of non-optimal XDC constraints or non-optimal design architecture
Related violations: <none>

TIMING-16#83 Warning
Large setup violation  
There is a large setup violation of -9.120 ns between bd_0_i/hls_inst/inst/fadd_32ns_32ns_32_2_full_dsp_1_U2/din0_buf1_reg[24]/C (clocked by ap_clk) and bd_0_i/hls_inst/inst/control_s_axi_U/int_corr_Q_reg[5]/D (clocked by ap_clk). Large setup violations at the end of those stages might be difficult to fix during the post-placement implementation flow and could be the result of non-optimal XDC constraints or non-optimal design architecture
Related violations: <none>

TIMING-16#84 Warning
Large setup violation  
There is a large setup violation of -9.123 ns between bd_0_i/hls_inst/inst/fadd_32ns_32ns_32_2_full_dsp_1_U2/din0_buf1_reg[24]/C (clocked by ap_clk) and bd_0_i/hls_inst/inst/control_s_axi_U/int_corr_Q_reg[15]/D (clocked by ap_clk). Large setup violations at the end of those stages might be difficult to fix during the post-placement implementation flow and could be the result of non-optimal XDC constraints or non-optimal design architecture
Related violations: <none>

TIMING-16#85 Warning
Large setup violation  
There is a large setup violation of -9.125 ns between bd_0_i/hls_inst/inst/fadd_32ns_32ns_32_2_full_dsp_1_U2/din0_buf1_reg[24]/C (clocked by ap_clk) and bd_0_i/hls_inst/inst/control_s_axi_U/int_corr_Q_reg[29]/D (clocked by ap_clk). Large setup violations at the end of those stages might be difficult to fix during the post-placement implementation flow and could be the result of non-optimal XDC constraints or non-optimal design architecture
Related violations: <none>

TIMING-16#86 Warning
Large setup violation  
There is a large setup violation of -9.136 ns between bd_0_i/hls_inst/inst/fadd_32ns_32ns_32_2_full_dsp_1_U2/din0_buf1_reg[24]/C (clocked by ap_clk) and bd_0_i/hls_inst/inst/acc_Q_fu_102_reg[19]/D (clocked by ap_clk). Large setup violations at the end of those stages might be difficult to fix during the post-placement implementation flow and could be the result of non-optimal XDC constraints or non-optimal design architecture
Related violations: <none>

TIMING-16#87 Warning
Large setup violation  
There is a large setup violation of -9.151 ns between bd_0_i/hls_inst/inst/fadd_32ns_32ns_32_2_full_dsp_1_U2/din0_buf1_reg[24]/C (clocked by ap_clk) and bd_0_i/hls_inst/inst/fadd_32ns_32ns_32_2_full_dsp_1_U2/dout_r_reg[11]/D (clocked by ap_clk). Large setup violations at the end of those stages might be difficult to fix during the post-placement implementation flow and could be the result of non-optimal XDC constraints or non-optimal design architecture
Related violations: <none>

TIMING-16#88 Warning
Large setup violation  
There is a large setup violation of -9.156 ns between bd_0_i/hls_inst/inst/fadd_32ns_32ns_32_2_full_dsp_1_U2/din0_buf1_reg[24]/C (clocked by ap_clk) and bd_0_i/hls_inst/inst/control_s_axi_U/int_corr_Q_reg[30]/D (clocked by ap_clk). Large setup violations at the end of those stages might be difficult to fix during the post-placement implementation flow and could be the result of non-optimal XDC constraints or non-optimal design architecture
Related violations: <none>

TIMING-16#89 Warning
Large setup violation  
There is a large setup violation of -9.157 ns between bd_0_i/hls_inst/inst/fadd_32ns_32ns_32_2_full_dsp_1_U2/din0_buf1_reg[24]/C (clocked by ap_clk) and bd_0_i/hls_inst/inst/acc_Q_fu_102_reg[16]/D (clocked by ap_clk). Large setup violations at the end of those stages might be difficult to fix during the post-placement implementation flow and could be the result of non-optimal XDC constraints or non-optimal design architecture
Related violations: <none>

TIMING-16#90 Warning
Large setup violation  
There is a large setup violation of -9.168 ns between bd_0_i/hls_inst/inst/fadd_32ns_32ns_32_2_full_dsp_1_U2/din0_buf1_reg[24]/C (clocked by ap_clk) and bd_0_i/hls_inst/inst/fadd_32ns_32ns_32_2_full_dsp_1_U2/dout_r_reg[23]/D (clocked by ap_clk). Large setup violations at the end of those stages might be difficult to fix during the post-placement implementation flow and could be the result of non-optimal XDC constraints or non-optimal design architecture
Related violations: <none>

TIMING-16#91 Warning
Large setup violation  
There is a large setup violation of -9.197 ns between bd_0_i/hls_inst/inst/fadd_32ns_32ns_32_2_full_dsp_1_U2/din0_buf1_reg[24]/C (clocked by ap_clk) and bd_0_i/hls_inst/inst/acc_I_fu_98_reg[4]/D (clocked by ap_clk). Large setup violations at the end of those stages might be difficult to fix during the post-placement implementation flow and could be the result of non-optimal XDC constraints or non-optimal design architecture
Related violations: <none>

TIMING-16#92 Warning
Large setup violation  
There is a large setup violation of -9.198 ns between bd_0_i/hls_inst/inst/fadd_32ns_32ns_32_2_full_dsp_1_U2/din0_buf1_reg[24]/C (clocked by ap_clk) and bd_0_i/hls_inst/inst/fadd_32ns_32ns_32_2_full_dsp_1_U2/dout_r_reg[18]/D (clocked by ap_clk). Large setup violations at the end of those stages might be difficult to fix during the post-placement implementation flow and could be the result of non-optimal XDC constraints or non-optimal design architecture
Related violations: <none>

TIMING-16#93 Warning
Large setup violation  
There is a large setup violation of -9.203 ns between bd_0_i/hls_inst/inst/fadd_32ns_32ns_32_2_full_dsp_1_U2/din0_buf1_reg[24]/C (clocked by ap_clk) and bd_0_i/hls_inst/inst/fadd_32ns_32ns_32_2_full_dsp_1_U2/dout_r_reg[24]/D (clocked by ap_clk). Large setup violations at the end of those stages might be difficult to fix during the post-placement implementation flow and could be the result of non-optimal XDC constraints or non-optimal design architecture
Related violations: <none>

TIMING-16#94 Warning
Large setup violation  
There is a large setup violation of -9.214 ns between bd_0_i/hls_inst/inst/fadd_32ns_32ns_32_2_full_dsp_1_U2/din0_buf1_reg[24]/C (clocked by ap_clk) and bd_0_i/hls_inst/inst/acc_I_fu_98_reg[14]/D (clocked by ap_clk). Large setup violations at the end of those stages might be difficult to fix during the post-placement implementation flow and could be the result of non-optimal XDC constraints or non-optimal design architecture
Related violations: <none>

TIMING-16#95 Warning
Large setup violation  
There is a large setup violation of -9.219 ns between bd_0_i/hls_inst/inst/fadd_32ns_32ns_32_2_full_dsp_1_U2/din0_buf1_reg[24]/C (clocked by ap_clk) and bd_0_i/hls_inst/inst/fadd_32ns_32ns_32_2_full_dsp_1_U2/dout_r_reg[17]/D (clocked by ap_clk). Large setup violations at the end of those stages might be difficult to fix during the post-placement implementation flow and could be the result of non-optimal XDC constraints or non-optimal design architecture
Related violations: <none>

TIMING-16#96 Warning
Large setup violation  
There is a large setup violation of -9.226 ns between bd_0_i/hls_inst/inst/fadd_32ns_32ns_32_2_full_dsp_1_U2/din0_buf1_reg[24]/C (clocked by ap_clk) and bd_0_i/hls_inst/inst/acc_I_fu_98_reg[18]/D (clocked by ap_clk). Large setup violations at the end of those stages might be difficult to fix during the post-placement implementation flow and could be the result of non-optimal XDC constraints or non-optimal design architecture
Related violations: <none>

TIMING-16#97 Warning
Large setup violation  
There is a large setup violation of -9.230 ns between bd_0_i/hls_inst/inst/fadd_32ns_32ns_32_2_full_dsp_1_U2/din0_buf1_reg[24]/C (clocked by ap_clk) and bd_0_i/hls_inst/inst/acc_Q_fu_102_reg[5]/D (clocked by ap_clk). Large setup violations at the end of those stages might be difficult to fix during the post-placement implementation flow and could be the result of non-optimal XDC constraints or non-optimal design architecture
Related violations: <none>

TIMING-16#98 Warning
Large setup violation  
There is a large setup violation of -9.231 ns between bd_0_i/hls_inst/inst/fadd_32ns_32ns_32_2_full_dsp_1_U2/din0_buf1_reg[24]/C (clocked by ap_clk) and bd_0_i/hls_inst/inst/acc_I_fu_98_reg[20]/D (clocked by ap_clk). Large setup violations at the end of those stages might be difficult to fix during the post-placement implementation flow and could be the result of non-optimal XDC constraints or non-optimal design architecture
Related violations: <none>

TIMING-16#99 Warning
Large setup violation  
There is a large setup violation of -9.234 ns between bd_0_i/hls_inst/inst/fadd_32ns_32ns_32_2_full_dsp_1_U2/din0_buf1_reg[24]/C (clocked by ap_clk) and bd_0_i/hls_inst/inst/acc_I_fu_98_reg[5]/D (clocked by ap_clk). Large setup violations at the end of those stages might be difficult to fix during the post-placement implementation flow and could be the result of non-optimal XDC constraints or non-optimal design architecture
Related violations: <none>

TIMING-16#100 Warning
Large setup violation  
There is a large setup violation of -9.237 ns between bd_0_i/hls_inst/inst/fadd_32ns_32ns_32_2_full_dsp_1_U2/din0_buf1_reg[24]/C (clocked by ap_clk) and bd_0_i/hls_inst/inst/acc_Q_fu_102_reg[23]/D (clocked by ap_clk). Large setup violations at the end of those stages might be difficult to fix during the post-placement implementation flow and could be the result of non-optimal XDC constraints or non-optimal design architecture
Related violations: <none>

TIMING-16#101 Warning
Large setup violation  
There is a large setup violation of -9.253 ns between bd_0_i/hls_inst/inst/fadd_32ns_32ns_32_2_full_dsp_1_U2/din0_buf1_reg[24]/C (clocked by ap_clk) and bd_0_i/hls_inst/inst/fadd_32ns_32ns_32_2_full_dsp_1_U2/dout_r_reg[0]/D (clocked by ap_clk). Large setup violations at the end of those stages might be difficult to fix during the post-placement implementation flow and could be the result of non-optimal XDC constraints or non-optimal design architecture
Related violations: <none>

TIMING-16#102 Warning
Large setup violation  
There is a large setup violation of -9.269 ns between bd_0_i/hls_inst/inst/fadd_32ns_32ns_32_2_full_dsp_1_U2/din0_buf1_reg[24]/C (clocked by ap_clk) and bd_0_i/hls_inst/inst/fadd_32ns_32ns_32_2_full_dsp_1_U2/dout_r_reg[1]/D (clocked by ap_clk). Large setup violations at the end of those stages might be difficult to fix during the post-placement implementation flow and could be the result of non-optimal XDC constraints or non-optimal design architecture
Related violations: <none>

TIMING-16#103 Warning
Large setup violation  
There is a large setup violation of -9.274 ns between bd_0_i/hls_inst/inst/fadd_32ns_32ns_32_2_full_dsp_1_U2/din0_buf1_reg[24]/C (clocked by ap_clk) and bd_0_i/hls_inst/inst/acc_I_fu_98_reg[17]/D (clocked by ap_clk). Large setup violations at the end of those stages might be difficult to fix during the post-placement implementation flow and could be the result of non-optimal XDC constraints or non-optimal design architecture
Related violations: <none>

TIMING-16#104 Warning
Large setup violation  
There is a large setup violation of -9.279 ns between bd_0_i/hls_inst/inst/fadd_32ns_32ns_32_2_full_dsp_1_U2/din0_buf1_reg[24]/C (clocked by ap_clk) and bd_0_i/hls_inst/inst/acc_I_fu_98_reg[21]/D (clocked by ap_clk). Large setup violations at the end of those stages might be difficult to fix during the post-placement implementation flow and could be the result of non-optimal XDC constraints or non-optimal design architecture
Related violations: <none>

TIMING-16#105 Warning
Large setup violation  
There is a large setup violation of -9.279 ns between bd_0_i/hls_inst/inst/fadd_32ns_32ns_32_2_full_dsp_1_U2/din0_buf1_reg[24]/C (clocked by ap_clk) and bd_0_i/hls_inst/inst/control_s_axi_U/int_corr_Q_reg[6]/D (clocked by ap_clk). Large setup violations at the end of those stages might be difficult to fix during the post-placement implementation flow and could be the result of non-optimal XDC constraints or non-optimal design architecture
Related violations: <none>

TIMING-16#106 Warning
Large setup violation  
There is a large setup violation of -9.290 ns between bd_0_i/hls_inst/inst/fadd_32ns_32ns_32_2_full_dsp_1_U2/din0_buf1_reg[24]/C (clocked by ap_clk) and bd_0_i/hls_inst/inst/fadd_32ns_32ns_32_2_full_dsp_1_U2/dout_r_reg[30]/D (clocked by ap_clk). Large setup violations at the end of those stages might be difficult to fix during the post-placement implementation flow and could be the result of non-optimal XDC constraints or non-optimal design architecture
Related violations: <none>

TIMING-16#107 Warning
Large setup violation  
There is a large setup violation of -9.292 ns between bd_0_i/hls_inst/inst/fadd_32ns_32ns_32_2_full_dsp_1_U2/din0_buf1_reg[24]/C (clocked by ap_clk) and bd_0_i/hls_inst/inst/control_s_axi_U/int_corr_Q_reg[0]/D (clocked by ap_clk). Large setup violations at the end of those stages might be difficult to fix during the post-placement implementation flow and could be the result of non-optimal XDC constraints or non-optimal design architecture
Related violations: <none>

TIMING-16#108 Warning
Large setup violation  
There is a large setup violation of -9.302 ns between bd_0_i/hls_inst/inst/fadd_32ns_32ns_32_2_full_dsp_1_U2/din0_buf1_reg[24]/C (clocked by ap_clk) and bd_0_i/hls_inst/inst/acc_Q_fu_102_reg[30]/D (clocked by ap_clk). Large setup violations at the end of those stages might be difficult to fix during the post-placement implementation flow and could be the result of non-optimal XDC constraints or non-optimal design architecture
Related violations: <none>

TIMING-16#109 Warning
Large setup violation  
There is a large setup violation of -9.302 ns between bd_0_i/hls_inst/inst/fadd_32ns_32ns_32_2_full_dsp_1_U2/din0_buf1_reg[24]/C (clocked by ap_clk) and bd_0_i/hls_inst/inst/fadd_32ns_32ns_32_2_full_dsp_1_U2/dout_r_reg[27]/D (clocked by ap_clk). Large setup violations at the end of those stages might be difficult to fix during the post-placement implementation flow and could be the result of non-optimal XDC constraints or non-optimal design architecture
Related violations: <none>

TIMING-16#110 Warning
Large setup violation  
There is a large setup violation of -9.310 ns between bd_0_i/hls_inst/inst/fadd_32ns_32ns_32_2_full_dsp_1_U2/din0_buf1_reg[24]/C (clocked by ap_clk) and bd_0_i/hls_inst/inst/control_s_axi_U/int_corr_Q_reg[11]/D (clocked by ap_clk). Large setup violations at the end of those stages might be difficult to fix during the post-placement implementation flow and could be the result of non-optimal XDC constraints or non-optimal design architecture
Related violations: <none>

TIMING-16#111 Warning
Large setup violation  
There is a large setup violation of -9.327 ns between bd_0_i/hls_inst/inst/fadd_32ns_32ns_32_2_full_dsp_1_U2/din0_buf1_reg[24]/C (clocked by ap_clk) and bd_0_i/hls_inst/inst/fadd_32ns_32ns_32_2_full_dsp_1_U2/dout_r_reg[10]/D (clocked by ap_clk). Large setup violations at the end of those stages might be difficult to fix during the post-placement implementation flow and could be the result of non-optimal XDC constraints or non-optimal design architecture
Related violations: <none>

TIMING-16#112 Warning
Large setup violation  
There is a large setup violation of -9.328 ns between bd_0_i/hls_inst/inst/fadd_32ns_32ns_32_2_full_dsp_1_U2/din0_buf1_reg[24]/C (clocked by ap_clk) and bd_0_i/hls_inst/inst/control_s_axi_U/int_corr_Q_reg[10]/D (clocked by ap_clk). Large setup violations at the end of those stages might be difficult to fix during the post-placement implementation flow and could be the result of non-optimal XDC constraints or non-optimal design architecture
Related violations: <none>

TIMING-16#113 Warning
Large setup violation  
There is a large setup violation of -9.335 ns between bd_0_i/hls_inst/inst/fadd_32ns_32ns_32_2_full_dsp_1_U2/din0_buf1_reg[24]/C (clocked by ap_clk) and bd_0_i/hls_inst/inst/acc_Q_fu_102_reg[9]/D (clocked by ap_clk). Large setup violations at the end of those stages might be difficult to fix during the post-placement implementation flow and could be the result of non-optimal XDC constraints or non-optimal design architecture
Related violations: <none>

TIMING-16#114 Warning
Large setup violation  
There is a large setup violation of -9.343 ns between bd_0_i/hls_inst/inst/fadd_32ns_32ns_32_2_full_dsp_1_U2/din0_buf1_reg[24]/C (clocked by ap_clk) and bd_0_i/hls_inst/inst/fadd_32ns_32ns_32_2_full_dsp_1_U2/dout_r_reg[29]/D (clocked by ap_clk). Large setup violations at the end of those stages might be difficult to fix during the post-placement implementation flow and could be the result of non-optimal XDC constraints or non-optimal design architecture
Related violations: <none>

TIMING-16#115 Warning
Large setup violation  
There is a large setup violation of -9.364 ns between bd_0_i/hls_inst/inst/fadd_32ns_32ns_32_2_full_dsp_1_U2/din0_buf1_reg[24]/C (clocked by ap_clk) and bd_0_i/hls_inst/inst/acc_I_fu_98_reg[25]/D (clocked by ap_clk). Large setup violations at the end of those stages might be difficult to fix during the post-placement implementation flow and could be the result of non-optimal XDC constraints or non-optimal design architecture
Related violations: <none>

TIMING-16#116 Warning
Large setup violation  
There is a large setup violation of -9.381 ns between bd_0_i/hls_inst/inst/fadd_32ns_32ns_32_2_full_dsp_1_U2/din0_buf1_reg[24]/C (clocked by ap_clk) and bd_0_i/hls_inst/inst/control_s_axi_U/int_corr_Q_reg[27]/D (clocked by ap_clk). Large setup violations at the end of those stages might be difficult to fix during the post-placement implementation flow and could be the result of non-optimal XDC constraints or non-optimal design architecture
Related violations: <none>

TIMING-16#117 Warning
Large setup violation  
There is a large setup violation of -9.386 ns between bd_0_i/hls_inst/inst/fadd_32ns_32ns_32_2_full_dsp_1_U2/din0_buf1_reg[24]/C (clocked by ap_clk) and bd_0_i/hls_inst/inst/control_s_axi_U/int_corr_Q_reg[7]/D (clocked by ap_clk). Large setup violations at the end of those stages might be difficult to fix during the post-placement implementation flow and could be the result of non-optimal XDC constraints or non-optimal design architecture
Related violations: <none>

TIMING-16#118 Warning
Large setup violation  
There is a large setup violation of -9.393 ns between bd_0_i/hls_inst/inst/fadd_32ns_32ns_32_2_full_dsp_1_U2/din0_buf1_reg[24]/C (clocked by ap_clk) and bd_0_i/hls_inst/inst/fadd_32ns_32ns_32_2_full_dsp_1_U2/dout_r_reg[22]/D (clocked by ap_clk). Large setup violations at the end of those stages might be difficult to fix during the post-placement implementation flow and could be the result of non-optimal XDC constraints or non-optimal design architecture
Related violations: <none>

TIMING-16#119 Warning
Large setup violation  
There is a large setup violation of -9.394 ns between bd_0_i/hls_inst/inst/fadd_32ns_32ns_32_2_full_dsp_1_U2/din0_buf1_reg[24]/C (clocked by ap_clk) and bd_0_i/hls_inst/inst/fadd_32ns_32ns_32_2_full_dsp_1_U2/dout_r_reg[6]/D (clocked by ap_clk). Large setup violations at the end of those stages might be difficult to fix during the post-placement implementation flow and could be the result of non-optimal XDC constraints or non-optimal design architecture
Related violations: <none>

TIMING-16#120 Warning
Large setup violation  
There is a large setup violation of -9.399 ns between bd_0_i/hls_inst/inst/fadd_32ns_32ns_32_2_full_dsp_1_U2/din0_buf1_reg[24]/C (clocked by ap_clk) and bd_0_i/hls_inst/inst/control_s_axi_U/int_corr_Q_reg[22]/D (clocked by ap_clk). Large setup violations at the end of those stages might be difficult to fix during the post-placement implementation flow and could be the result of non-optimal XDC constraints or non-optimal design architecture
Related violations: <none>

TIMING-16#121 Warning
Large setup violation  
There is a large setup violation of -9.405 ns between bd_0_i/hls_inst/inst/fadd_32ns_32ns_32_2_full_dsp_1_U2/din0_buf1_reg[24]/C (clocked by ap_clk) and bd_0_i/hls_inst/inst/acc_Q_fu_102_reg[13]/D (clocked by ap_clk). Large setup violations at the end of those stages might be difficult to fix during the post-placement implementation flow and could be the result of non-optimal XDC constraints or non-optimal design architecture
Related violations: <none>

TIMING-16#122 Warning
Large setup violation  
There is a large setup violation of -9.407 ns between bd_0_i/hls_inst/inst/fadd_32ns_32ns_32_2_full_dsp_1_U2/din0_buf1_reg[24]/C (clocked by ap_clk) and bd_0_i/hls_inst/inst/fadd_32ns_32ns_32_2_full_dsp_1_U2/dout_r_reg[7]/D (clocked by ap_clk). Large setup violations at the end of those stages might be difficult to fix during the post-placement implementation flow and could be the result of non-optimal XDC constraints or non-optimal design architecture
Related violations: <none>

TIMING-16#123 Warning
Large setup violation  
There is a large setup violation of -9.418 ns between bd_0_i/hls_inst/inst/fadd_32ns_32ns_32_2_full_dsp_1_U2/din0_buf1_reg[24]/C (clocked by ap_clk) and bd_0_i/hls_inst/inst/acc_Q_fu_102_reg[28]/D (clocked by ap_clk). Large setup violations at the end of those stages might be difficult to fix during the post-placement implementation flow and could be the result of non-optimal XDC constraints or non-optimal design architecture
Related violations: <none>

TIMING-16#124 Warning
Large setup violation  
There is a large setup violation of -9.438 ns between bd_0_i/hls_inst/inst/fadd_32ns_32ns_32_2_full_dsp_1_U2/din0_buf1_reg[24]/C (clocked by ap_clk) and bd_0_i/hls_inst/inst/acc_I_fu_98_reg[28]/D (clocked by ap_clk). Large setup violations at the end of those stages might be difficult to fix during the post-placement implementation flow and could be the result of non-optimal XDC constraints or non-optimal design architecture
Related violations: <none>

TIMING-16#125 Warning
Large setup violation  
There is a large setup violation of -9.460 ns between bd_0_i/hls_inst/inst/fadd_32ns_32ns_32_2_full_dsp_1_U2/din0_buf1_reg[24]/C (clocked by ap_clk) and bd_0_i/hls_inst/inst/control_s_axi_U/int_corr_Q_reg[1]/D (clocked by ap_clk). Large setup violations at the end of those stages might be difficult to fix during the post-placement implementation flow and could be the result of non-optimal XDC constraints or non-optimal design architecture
Related violations: <none>

TIMING-16#126 Warning
Large setup violation  
There is a large setup violation of -9.467 ns between bd_0_i/hls_inst/inst/fadd_32ns_32ns_32_2_full_dsp_1_U2/din0_buf1_reg[24]/C (clocked by ap_clk) and bd_0_i/hls_inst/inst/acc_Q_fu_102_reg[2]/D (clocked by ap_clk). Large setup violations at the end of those stages might be difficult to fix during the post-placement implementation flow and could be the result of non-optimal XDC constraints or non-optimal design architecture
Related violations: <none>

TIMING-16#127 Warning
Large setup violation  
There is a large setup violation of -9.514 ns between bd_0_i/hls_inst/inst/fadd_32ns_32ns_32_2_full_dsp_1_U2/din0_buf1_reg[24]/C (clocked by ap_clk) and bd_0_i/hls_inst/inst/acc_Q_fu_102_reg[25]/D (clocked by ap_clk). Large setup violations at the end of those stages might be difficult to fix during the post-placement implementation flow and could be the result of non-optimal XDC constraints or non-optimal design architecture
Related violations: <none>

TIMING-16#128 Warning
Large setup violation  
There is a large setup violation of -9.557 ns between bd_0_i/hls_inst/inst/fadd_32ns_32ns_32_2_full_dsp_1_U2/din0_buf1_reg[24]/C (clocked by ap_clk) and bd_0_i/hls_inst/inst/acc_I_fu_98_reg[16]/D (clocked by ap_clk). Large setup violations at the end of those stages might be difficult to fix during the post-placement implementation flow and could be the result of non-optimal XDC constraints or non-optimal design architecture
Related violations: <none>

TIMING-18#1 Warning
Missing input or output delay  
An input delay is missing on ap_rst_n relative to the rising and/or falling clock edge(s) of ap_clk.
Related violations: <none>

TIMING-18#2 Warning
Missing input or output delay  
An input delay is missing on m_axi_gmem0_arready relative to the rising and/or falling clock edge(s) of ap_clk.
Related violations: <none>

TIMING-18#3 Warning
Missing input or output delay  
An input delay is missing on m_axi_gmem0_rdata[0] relative to the rising and/or falling clock edge(s) of ap_clk.
Related violations: <none>

TIMING-18#4 Warning
Missing input or output delay  
An input delay is missing on m_axi_gmem0_rdata[10] relative to the rising and/or falling clock edge(s) of ap_clk.
Related violations: <none>

TIMING-18#5 Warning
Missing input or output delay  
An input delay is missing on m_axi_gmem0_rdata[11] relative to the rising and/or falling clock edge(s) of ap_clk.
Related violations: <none>

TIMING-18#6 Warning
Missing input or output delay  
An input delay is missing on m_axi_gmem0_rdata[12] relative to the rising and/or falling clock edge(s) of ap_clk.
Related violations: <none>

TIMING-18#7 Warning
Missing input or output delay  
An input delay is missing on m_axi_gmem0_rdata[13] relative to the rising and/or falling clock edge(s) of ap_clk.
Related violations: <none>

TIMING-18#8 Warning
Missing input or output delay  
An input delay is missing on m_axi_gmem0_rdata[14] relative to the rising and/or falling clock edge(s) of ap_clk.
Related violations: <none>

TIMING-18#9 Warning
Missing input or output delay  
An input delay is missing on m_axi_gmem0_rdata[15] relative to the rising and/or falling clock edge(s) of ap_clk.
Related violations: <none>

TIMING-18#10 Warning
Missing input or output delay  
An input delay is missing on m_axi_gmem0_rdata[16] relative to the rising and/or falling clock edge(s) of ap_clk.
Related violations: <none>

TIMING-18#11 Warning
Missing input or output delay  
An input delay is missing on m_axi_gmem0_rdata[17] relative to the rising and/or falling clock edge(s) of ap_clk.
Related violations: <none>

TIMING-18#12 Warning
Missing input or output delay  
An input delay is missing on m_axi_gmem0_rdata[18] relative to the rising and/or falling clock edge(s) of ap_clk.
Related violations: <none>

TIMING-18#13 Warning
Missing input or output delay  
An input delay is missing on m_axi_gmem0_rdata[19] relative to the rising and/or falling clock edge(s) of ap_clk.
Related violations: <none>

TIMING-18#14 Warning
Missing input or output delay  
An input delay is missing on m_axi_gmem0_rdata[1] relative to the rising and/or falling clock edge(s) of ap_clk.
Related violations: <none>

TIMING-18#15 Warning
Missing input or output delay  
An input delay is missing on m_axi_gmem0_rdata[20] relative to the rising and/or falling clock edge(s) of ap_clk.
Related violations: <none>

TIMING-18#16 Warning
Missing input or output delay  
An input delay is missing on m_axi_gmem0_rdata[21] relative to the rising and/or falling clock edge(s) of ap_clk.
Related violations: <none>

TIMING-18#17 Warning
Missing input or output delay  
An input delay is missing on m_axi_gmem0_rdata[22] relative to the rising and/or falling clock edge(s) of ap_clk.
Related violations: <none>

TIMING-18#18 Warning
Missing input or output delay  
An input delay is missing on m_axi_gmem0_rdata[23] relative to the rising and/or falling clock edge(s) of ap_clk.
Related violations: <none>

TIMING-18#19 Warning
Missing input or output delay  
An input delay is missing on m_axi_gmem0_rdata[24] relative to the rising and/or falling clock edge(s) of ap_clk.
Related violations: <none>

TIMING-18#20 Warning
Missing input or output delay  
An input delay is missing on m_axi_gmem0_rdata[25] relative to the rising and/or falling clock edge(s) of ap_clk.
Related violations: <none>

TIMING-18#21 Warning
Missing input or output delay  
An input delay is missing on m_axi_gmem0_rdata[26] relative to the rising and/or falling clock edge(s) of ap_clk.
Related violations: <none>

TIMING-18#22 Warning
Missing input or output delay  
An input delay is missing on m_axi_gmem0_rdata[27] relative to the rising and/or falling clock edge(s) of ap_clk.
Related violations: <none>

TIMING-18#23 Warning
Missing input or output delay  
An input delay is missing on m_axi_gmem0_rdata[28] relative to the rising and/or falling clock edge(s) of ap_clk.
Related violations: <none>

TIMING-18#24 Warning
Missing input or output delay  
An input delay is missing on m_axi_gmem0_rdata[29] relative to the rising and/or falling clock edge(s) of ap_clk.
Related violations: <none>

TIMING-18#25 Warning
Missing input or output delay  
An input delay is missing on m_axi_gmem0_rdata[2] relative to the rising and/or falling clock edge(s) of ap_clk.
Related violations: <none>

TIMING-18#26 Warning
Missing input or output delay  
An input delay is missing on m_axi_gmem0_rdata[30] relative to the rising and/or falling clock edge(s) of ap_clk.
Related violations: <none>

TIMING-18#27 Warning
Missing input or output delay  
An input delay is missing on m_axi_gmem0_rdata[31] relative to the rising and/or falling clock edge(s) of ap_clk.
Related violations: <none>

TIMING-18#28 Warning
Missing input or output delay  
An input delay is missing on m_axi_gmem0_rdata[3] relative to the rising and/or falling clock edge(s) of ap_clk.
Related violations: <none>

TIMING-18#29 Warning
Missing input or output delay  
An input delay is missing on m_axi_gmem0_rdata[4] relative to the rising and/or falling clock edge(s) of ap_clk.
Related violations: <none>

TIMING-18#30 Warning
Missing input or output delay  
An input delay is missing on m_axi_gmem0_rdata[5] relative to the rising and/or falling clock edge(s) of ap_clk.
Related violations: <none>

TIMING-18#31 Warning
Missing input or output delay  
An input delay is missing on m_axi_gmem0_rdata[6] relative to the rising and/or falling clock edge(s) of ap_clk.
Related violations: <none>

TIMING-18#32 Warning
Missing input or output delay  
An input delay is missing on m_axi_gmem0_rdata[7] relative to the rising and/or falling clock edge(s) of ap_clk.
Related violations: <none>

TIMING-18#33 Warning
Missing input or output delay  
An input delay is missing on m_axi_gmem0_rdata[8] relative to the rising and/or falling clock edge(s) of ap_clk.
Related violations: <none>

TIMING-18#34 Warning
Missing input or output delay  
An input delay is missing on m_axi_gmem0_rdata[9] relative to the rising and/or falling clock edge(s) of ap_clk.
Related violations: <none>

TIMING-18#35 Warning
Missing input or output delay  
An input delay is missing on m_axi_gmem0_rlast relative to the rising and/or falling clock edge(s) of ap_clk.
Related violations: <none>

TIMING-18#36 Warning
Missing input or output delay  
An input delay is missing on m_axi_gmem0_rvalid relative to the rising and/or falling clock edge(s) of ap_clk.
Related violations: <none>

TIMING-18#37 Warning
Missing input or output delay  
An input delay is missing on m_axi_gmem1_arready relative to the rising and/or falling clock edge(s) of ap_clk.
Related violations: <none>

TIMING-18#38 Warning
Missing input or output delay  
An input delay is missing on m_axi_gmem1_rdata[0] relative to the rising and/or falling clock edge(s) of ap_clk.
Related violations: <none>

TIMING-18#39 Warning
Missing input or output delay  
An input delay is missing on m_axi_gmem1_rdata[10] relative to the rising and/or falling clock edge(s) of ap_clk.
Related violations: <none>

TIMING-18#40 Warning
Missing input or output delay  
An input delay is missing on m_axi_gmem1_rdata[11] relative to the rising and/or falling clock edge(s) of ap_clk.
Related violations: <none>

TIMING-18#41 Warning
Missing input or output delay  
An input delay is missing on m_axi_gmem1_rdata[12] relative to the rising and/or falling clock edge(s) of ap_clk.
Related violations: <none>

TIMING-18#42 Warning
Missing input or output delay  
An input delay is missing on m_axi_gmem1_rdata[13] relative to the rising and/or falling clock edge(s) of ap_clk.
Related violations: <none>

TIMING-18#43 Warning
Missing input or output delay  
An input delay is missing on m_axi_gmem1_rdata[14] relative to the rising and/or falling clock edge(s) of ap_clk.
Related violations: <none>

TIMING-18#44 Warning
Missing input or output delay  
An input delay is missing on m_axi_gmem1_rdata[15] relative to the rising and/or falling clock edge(s) of ap_clk.
Related violations: <none>

TIMING-18#45 Warning
Missing input or output delay  
An input delay is missing on m_axi_gmem1_rdata[16] relative to the rising and/or falling clock edge(s) of ap_clk.
Related violations: <none>

TIMING-18#46 Warning
Missing input or output delay  
An input delay is missing on m_axi_gmem1_rdata[17] relative to the rising and/or falling clock edge(s) of ap_clk.
Related violations: <none>

TIMING-18#47 Warning
Missing input or output delay  
An input delay is missing on m_axi_gmem1_rdata[18] relative to the rising and/or falling clock edge(s) of ap_clk.
Related violations: <none>

TIMING-18#48 Warning
Missing input or output delay  
An input delay is missing on m_axi_gmem1_rdata[19] relative to the rising and/or falling clock edge(s) of ap_clk.
Related violations: <none>

TIMING-18#49 Warning
Missing input or output delay  
An input delay is missing on m_axi_gmem1_rdata[1] relative to the rising and/or falling clock edge(s) of ap_clk.
Related violations: <none>

TIMING-18#50 Warning
Missing input or output delay  
An input delay is missing on m_axi_gmem1_rdata[20] relative to the rising and/or falling clock edge(s) of ap_clk.
Related violations: <none>

TIMING-18#51 Warning
Missing input or output delay  
An input delay is missing on m_axi_gmem1_rdata[21] relative to the rising and/or falling clock edge(s) of ap_clk.
Related violations: <none>

TIMING-18#52 Warning
Missing input or output delay  
An input delay is missing on m_axi_gmem1_rdata[22] relative to the rising and/or falling clock edge(s) of ap_clk.
Related violations: <none>

TIMING-18#53 Warning
Missing input or output delay  
An input delay is missing on m_axi_gmem1_rdata[23] relative to the rising and/or falling clock edge(s) of ap_clk.
Related violations: <none>

TIMING-18#54 Warning
Missing input or output delay  
An input delay is missing on m_axi_gmem1_rdata[24] relative to the rising and/or falling clock edge(s) of ap_clk.
Related violations: <none>

TIMING-18#55 Warning
Missing input or output delay  
An input delay is missing on m_axi_gmem1_rdata[25] relative to the rising and/or falling clock edge(s) of ap_clk.
Related violations: <none>

TIMING-18#56 Warning
Missing input or output delay  
An input delay is missing on m_axi_gmem1_rdata[26] relative to the rising and/or falling clock edge(s) of ap_clk.
Related violations: <none>

TIMING-18#57 Warning
Missing input or output delay  
An input delay is missing on m_axi_gmem1_rdata[27] relative to the rising and/or falling clock edge(s) of ap_clk.
Related violations: <none>

TIMING-18#58 Warning
Missing input or output delay  
An input delay is missing on m_axi_gmem1_rdata[28] relative to the rising and/or falling clock edge(s) of ap_clk.
Related violations: <none>

TIMING-18#59 Warning
Missing input or output delay  
An input delay is missing on m_axi_gmem1_rdata[29] relative to the rising and/or falling clock edge(s) of ap_clk.
Related violations: <none>

TIMING-18#60 Warning
Missing input or output delay  
An input delay is missing on m_axi_gmem1_rdata[2] relative to the rising and/or falling clock edge(s) of ap_clk.
Related violations: <none>

TIMING-18#61 Warning
Missing input or output delay  
An input delay is missing on m_axi_gmem1_rdata[30] relative to the rising and/or falling clock edge(s) of ap_clk.
Related violations: <none>

TIMING-18#62 Warning
Missing input or output delay  
An input delay is missing on m_axi_gmem1_rdata[31] relative to the rising and/or falling clock edge(s) of ap_clk.
Related violations: <none>

TIMING-18#63 Warning
Missing input or output delay  
An input delay is missing on m_axi_gmem1_rdata[3] relative to the rising and/or falling clock edge(s) of ap_clk.
Related violations: <none>

TIMING-18#64 Warning
Missing input or output delay  
An input delay is missing on m_axi_gmem1_rdata[4] relative to the rising and/or falling clock edge(s) of ap_clk.
Related violations: <none>

TIMING-18#65 Warning
Missing input or output delay  
An input delay is missing on m_axi_gmem1_rdata[5] relative to the rising and/or falling clock edge(s) of ap_clk.
Related violations: <none>

TIMING-18#66 Warning
Missing input or output delay  
An input delay is missing on m_axi_gmem1_rdata[6] relative to the rising and/or falling clock edge(s) of ap_clk.
Related violations: <none>

TIMING-18#67 Warning
Missing input or output delay  
An input delay is missing on m_axi_gmem1_rdata[7] relative to the rising and/or falling clock edge(s) of ap_clk.
Related violations: <none>

TIMING-18#68 Warning
Missing input or output delay  
An input delay is missing on m_axi_gmem1_rdata[8] relative to the rising and/or falling clock edge(s) of ap_clk.
Related violations: <none>

TIMING-18#69 Warning
Missing input or output delay  
An input delay is missing on m_axi_gmem1_rdata[9] relative to the rising and/or falling clock edge(s) of ap_clk.
Related violations: <none>

TIMING-18#70 Warning
Missing input or output delay  
An input delay is missing on m_axi_gmem1_rlast relative to the rising and/or falling clock edge(s) of ap_clk.
Related violations: <none>

TIMING-18#71 Warning
Missing input or output delay  
An input delay is missing on m_axi_gmem1_rvalid relative to the rising and/or falling clock edge(s) of ap_clk.
Related violations: <none>

TIMING-18#72 Warning
Missing input or output delay  
An input delay is missing on s_axi_control_araddr[0] relative to the rising and/or falling clock edge(s) of ap_clk.
Related violations: <none>

TIMING-18#73 Warning
Missing input or output delay  
An input delay is missing on s_axi_control_araddr[1] relative to the rising and/or falling clock edge(s) of ap_clk.
Related violations: <none>

TIMING-18#74 Warning
Missing input or output delay  
An input delay is missing on s_axi_control_araddr[2] relative to the rising and/or falling clock edge(s) of ap_clk.
Related violations: <none>

TIMING-18#75 Warning
Missing input or output delay  
An input delay is missing on s_axi_control_araddr[3] relative to the rising and/or falling clock edge(s) of ap_clk.
Related violations: <none>

TIMING-18#76 Warning
Missing input or output delay  
An input delay is missing on s_axi_control_araddr[4] relative to the rising and/or falling clock edge(s) of ap_clk.
Related violations: <none>

TIMING-18#77 Warning
Missing input or output delay  
An input delay is missing on s_axi_control_araddr[5] relative to the rising and/or falling clock edge(s) of ap_clk.
Related violations: <none>

TIMING-18#78 Warning
Missing input or output delay  
An input delay is missing on s_axi_control_arvalid relative to the rising and/or falling clock edge(s) of ap_clk.
Related violations: <none>

TIMING-18#79 Warning
Missing input or output delay  
An input delay is missing on s_axi_control_awaddr[0] relative to the rising and/or falling clock edge(s) of ap_clk.
Related violations: <none>

TIMING-18#80 Warning
Missing input or output delay  
An input delay is missing on s_axi_control_awaddr[1] relative to the rising and/or falling clock edge(s) of ap_clk.
Related violations: <none>

TIMING-18#81 Warning
Missing input or output delay  
An input delay is missing on s_axi_control_awaddr[2] relative to the rising and/or falling clock edge(s) of ap_clk.
Related violations: <none>

TIMING-18#82 Warning
Missing input or output delay  
An input delay is missing on s_axi_control_awaddr[3] relative to the rising and/or falling clock edge(s) of ap_clk.
Related violations: <none>

TIMING-18#83 Warning
Missing input or output delay  
An input delay is missing on s_axi_control_awaddr[4] relative to the rising and/or falling clock edge(s) of ap_clk.
Related violations: <none>

TIMING-18#84 Warning
Missing input or output delay  
An input delay is missing on s_axi_control_awaddr[5] relative to the rising and/or falling clock edge(s) of ap_clk.
Related violations: <none>

TIMING-18#85 Warning
Missing input or output delay  
An input delay is missing on s_axi_control_awvalid relative to the rising and/or falling clock edge(s) of ap_clk.
Related violations: <none>

TIMING-18#86 Warning
Missing input or output delay  
An input delay is missing on s_axi_control_bready relative to the rising and/or falling clock edge(s) of ap_clk.
Related violations: <none>

TIMING-18#87 Warning
Missing input or output delay  
An input delay is missing on s_axi_control_r_araddr[0] relative to the rising and/or falling clock edge(s) of ap_clk.
Related violations: <none>

TIMING-18#88 Warning
Missing input or output delay  
An input delay is missing on s_axi_control_r_araddr[1] relative to the rising and/or falling clock edge(s) of ap_clk.
Related violations: <none>

TIMING-18#89 Warning
Missing input or output delay  
An input delay is missing on s_axi_control_r_araddr[2] relative to the rising and/or falling clock edge(s) of ap_clk.
Related violations: <none>

TIMING-18#90 Warning
Missing input or output delay  
An input delay is missing on s_axi_control_r_araddr[3] relative to the rising and/or falling clock edge(s) of ap_clk.
Related violations: <none>

TIMING-18#91 Warning
Missing input or output delay  
An input delay is missing on s_axi_control_r_araddr[4] relative to the rising and/or falling clock edge(s) of ap_clk.
Related violations: <none>

TIMING-18#92 Warning
Missing input or output delay  
An input delay is missing on s_axi_control_r_araddr[5] relative to the rising and/or falling clock edge(s) of ap_clk.
Related violations: <none>

TIMING-18#93 Warning
Missing input or output delay  
An input delay is missing on s_axi_control_r_arvalid relative to the rising and/or falling clock edge(s) of ap_clk.
Related violations: <none>

TIMING-18#94 Warning
Missing input or output delay  
An input delay is missing on s_axi_control_r_awaddr[0] relative to the rising and/or falling clock edge(s) of ap_clk.
Related violations: <none>

TIMING-18#95 Warning
Missing input or output delay  
An input delay is missing on s_axi_control_r_awaddr[1] relative to the rising and/or falling clock edge(s) of ap_clk.
Related violations: <none>

TIMING-18#96 Warning
Missing input or output delay  
An input delay is missing on s_axi_control_r_awaddr[2] relative to the rising and/or falling clock edge(s) of ap_clk.
Related violations: <none>

TIMING-18#97 Warning
Missing input or output delay  
An input delay is missing on s_axi_control_r_awaddr[3] relative to the rising and/or falling clock edge(s) of ap_clk.
Related violations: <none>

TIMING-18#98 Warning
Missing input or output delay  
An input delay is missing on s_axi_control_r_awaddr[4] relative to the rising and/or falling clock edge(s) of ap_clk.
Related violations: <none>

TIMING-18#99 Warning
Missing input or output delay  
An input delay is missing on s_axi_control_r_awaddr[5] relative to the rising and/or falling clock edge(s) of ap_clk.
Related violations: <none>

TIMING-18#100 Warning
Missing input or output delay  
An input delay is missing on s_axi_control_r_awvalid relative to the rising and/or falling clock edge(s) of ap_clk.
Related violations: <none>

TIMING-18#101 Warning
Missing input or output delay  
An input delay is missing on s_axi_control_r_bready relative to the rising and/or falling clock edge(s) of ap_clk.
Related violations: <none>

TIMING-18#102 Warning
Missing input or output delay  
An input delay is missing on s_axi_control_r_rready relative to the rising and/or falling clock edge(s) of ap_clk.
Related violations: <none>

TIMING-18#103 Warning
Missing input or output delay  
An input delay is missing on s_axi_control_r_wdata[0] relative to the rising and/or falling clock edge(s) of ap_clk.
Related violations: <none>

TIMING-18#104 Warning
Missing input or output delay  
An input delay is missing on s_axi_control_r_wdata[10] relative to the rising and/or falling clock edge(s) of ap_clk.
Related violations: <none>

TIMING-18#105 Warning
Missing input or output delay  
An input delay is missing on s_axi_control_r_wdata[11] relative to the rising and/or falling clock edge(s) of ap_clk.
Related violations: <none>

TIMING-18#106 Warning
Missing input or output delay  
An input delay is missing on s_axi_control_r_wdata[12] relative to the rising and/or falling clock edge(s) of ap_clk.
Related violations: <none>

TIMING-18#107 Warning
Missing input or output delay  
An input delay is missing on s_axi_control_r_wdata[13] relative to the rising and/or falling clock edge(s) of ap_clk.
Related violations: <none>

TIMING-18#108 Warning
Missing input or output delay  
An input delay is missing on s_axi_control_r_wdata[14] relative to the rising and/or falling clock edge(s) of ap_clk.
Related violations: <none>

TIMING-18#109 Warning
Missing input or output delay  
An input delay is missing on s_axi_control_r_wdata[15] relative to the rising and/or falling clock edge(s) of ap_clk.
Related violations: <none>

TIMING-18#110 Warning
Missing input or output delay  
An input delay is missing on s_axi_control_r_wdata[16] relative to the rising and/or falling clock edge(s) of ap_clk.
Related violations: <none>

TIMING-18#111 Warning
Missing input or output delay  
An input delay is missing on s_axi_control_r_wdata[17] relative to the rising and/or falling clock edge(s) of ap_clk.
Related violations: <none>

TIMING-18#112 Warning
Missing input or output delay  
An input delay is missing on s_axi_control_r_wdata[18] relative to the rising and/or falling clock edge(s) of ap_clk.
Related violations: <none>

TIMING-18#113 Warning
Missing input or output delay  
An input delay is missing on s_axi_control_r_wdata[19] relative to the rising and/or falling clock edge(s) of ap_clk.
Related violations: <none>

TIMING-18#114 Warning
Missing input or output delay  
An input delay is missing on s_axi_control_r_wdata[1] relative to the rising and/or falling clock edge(s) of ap_clk.
Related violations: <none>

TIMING-18#115 Warning
Missing input or output delay  
An input delay is missing on s_axi_control_r_wdata[20] relative to the rising and/or falling clock edge(s) of ap_clk.
Related violations: <none>

TIMING-18#116 Warning
Missing input or output delay  
An input delay is missing on s_axi_control_r_wdata[21] relative to the rising and/or falling clock edge(s) of ap_clk.
Related violations: <none>

TIMING-18#117 Warning
Missing input or output delay  
An input delay is missing on s_axi_control_r_wdata[22] relative to the rising and/or falling clock edge(s) of ap_clk.
Related violations: <none>

TIMING-18#118 Warning
Missing input or output delay  
An input delay is missing on s_axi_control_r_wdata[23] relative to the rising and/or falling clock edge(s) of ap_clk.
Related violations: <none>

TIMING-18#119 Warning
Missing input or output delay  
An input delay is missing on s_axi_control_r_wdata[24] relative to the rising and/or falling clock edge(s) of ap_clk.
Related violations: <none>

TIMING-18#120 Warning
Missing input or output delay  
An input delay is missing on s_axi_control_r_wdata[25] relative to the rising and/or falling clock edge(s) of ap_clk.
Related violations: <none>

TIMING-18#121 Warning
Missing input or output delay  
An input delay is missing on s_axi_control_r_wdata[26] relative to the rising and/or falling clock edge(s) of ap_clk.
Related violations: <none>

TIMING-18#122 Warning
Missing input or output delay  
An input delay is missing on s_axi_control_r_wdata[27] relative to the rising and/or falling clock edge(s) of ap_clk.
Related violations: <none>

TIMING-18#123 Warning
Missing input or output delay  
An input delay is missing on s_axi_control_r_wdata[28] relative to the rising and/or falling clock edge(s) of ap_clk.
Related violations: <none>

TIMING-18#124 Warning
Missing input or output delay  
An input delay is missing on s_axi_control_r_wdata[29] relative to the rising and/or falling clock edge(s) of ap_clk.
Related violations: <none>

TIMING-18#125 Warning
Missing input or output delay  
An input delay is missing on s_axi_control_r_wdata[2] relative to the rising and/or falling clock edge(s) of ap_clk.
Related violations: <none>

TIMING-18#126 Warning
Missing input or output delay  
An input delay is missing on s_axi_control_r_wdata[30] relative to the rising and/or falling clock edge(s) of ap_clk.
Related violations: <none>

TIMING-18#127 Warning
Missing input or output delay  
An input delay is missing on s_axi_control_r_wdata[31] relative to the rising and/or falling clock edge(s) of ap_clk.
Related violations: <none>

TIMING-18#128 Warning
Missing input or output delay  
An input delay is missing on s_axi_control_r_wdata[3] relative to the rising and/or falling clock edge(s) of ap_clk.
Related violations: <none>

TIMING-18#129 Warning
Missing input or output delay  
An input delay is missing on s_axi_control_r_wdata[4] relative to the rising and/or falling clock edge(s) of ap_clk.
Related violations: <none>

TIMING-18#130 Warning
Missing input or output delay  
An input delay is missing on s_axi_control_r_wdata[5] relative to the rising and/or falling clock edge(s) of ap_clk.
Related violations: <none>

TIMING-18#131 Warning
Missing input or output delay  
An input delay is missing on s_axi_control_r_wdata[6] relative to the rising and/or falling clock edge(s) of ap_clk.
Related violations: <none>

TIMING-18#132 Warning
Missing input or output delay  
An input delay is missing on s_axi_control_r_wdata[7] relative to the rising and/or falling clock edge(s) of ap_clk.
Related violations: <none>

TIMING-18#133 Warning
Missing input or output delay  
An input delay is missing on s_axi_control_r_wdata[8] relative to the rising and/or falling clock edge(s) of ap_clk.
Related violations: <none>

TIMING-18#134 Warning
Missing input or output delay  
An input delay is missing on s_axi_control_r_wdata[9] relative to the rising and/or falling clock edge(s) of ap_clk.
Related violations: <none>

TIMING-18#135 Warning
Missing input or output delay  
An input delay is missing on s_axi_control_r_wstrb[0] relative to the rising and/or falling clock edge(s) of ap_clk.
Related violations: <none>

TIMING-18#136 Warning
Missing input or output delay  
An input delay is missing on s_axi_control_r_wstrb[1] relative to the rising and/or falling clock edge(s) of ap_clk.
Related violations: <none>

TIMING-18#137 Warning
Missing input or output delay  
An input delay is missing on s_axi_control_r_wstrb[2] relative to the rising and/or falling clock edge(s) of ap_clk.
Related violations: <none>

TIMING-18#138 Warning
Missing input or output delay  
An input delay is missing on s_axi_control_r_wstrb[3] relative to the rising and/or falling clock edge(s) of ap_clk.
Related violations: <none>

TIMING-18#139 Warning
Missing input or output delay  
An input delay is missing on s_axi_control_r_wvalid relative to the rising and/or falling clock edge(s) of ap_clk.
Related violations: <none>

TIMING-18#140 Warning
Missing input or output delay  
An input delay is missing on s_axi_control_rready relative to the rising and/or falling clock edge(s) of ap_clk.
Related violations: <none>

TIMING-18#141 Warning
Missing input or output delay  
An input delay is missing on s_axi_control_wdata[0] relative to the rising and/or falling clock edge(s) of ap_clk.
Related violations: <none>

TIMING-18#142 Warning
Missing input or output delay  
An input delay is missing on s_axi_control_wdata[10] relative to the rising and/or falling clock edge(s) of ap_clk.
Related violations: <none>

TIMING-18#143 Warning
Missing input or output delay  
An input delay is missing on s_axi_control_wdata[11] relative to the rising and/or falling clock edge(s) of ap_clk.
Related violations: <none>

TIMING-18#144 Warning
Missing input or output delay  
An input delay is missing on s_axi_control_wdata[12] relative to the rising and/or falling clock edge(s) of ap_clk.
Related violations: <none>

TIMING-18#145 Warning
Missing input or output delay  
An input delay is missing on s_axi_control_wdata[13] relative to the rising and/or falling clock edge(s) of ap_clk.
Related violations: <none>

TIMING-18#146 Warning
Missing input or output delay  
An input delay is missing on s_axi_control_wdata[14] relative to the rising and/or falling clock edge(s) of ap_clk.
Related violations: <none>

TIMING-18#147 Warning
Missing input or output delay  
An input delay is missing on s_axi_control_wdata[15] relative to the rising and/or falling clock edge(s) of ap_clk.
Related violations: <none>

TIMING-18#148 Warning
Missing input or output delay  
An input delay is missing on s_axi_control_wdata[16] relative to the rising and/or falling clock edge(s) of ap_clk.
Related violations: <none>

TIMING-18#149 Warning
Missing input or output delay  
An input delay is missing on s_axi_control_wdata[17] relative to the rising and/or falling clock edge(s) of ap_clk.
Related violations: <none>

TIMING-18#150 Warning
Missing input or output delay  
An input delay is missing on s_axi_control_wdata[18] relative to the rising and/or falling clock edge(s) of ap_clk.
Related violations: <none>

TIMING-18#151 Warning
Missing input or output delay  
An input delay is missing on s_axi_control_wdata[19] relative to the rising and/or falling clock edge(s) of ap_clk.
Related violations: <none>

TIMING-18#152 Warning
Missing input or output delay  
An input delay is missing on s_axi_control_wdata[1] relative to the rising and/or falling clock edge(s) of ap_clk.
Related violations: <none>

TIMING-18#153 Warning
Missing input or output delay  
An input delay is missing on s_axi_control_wdata[20] relative to the rising and/or falling clock edge(s) of ap_clk.
Related violations: <none>

TIMING-18#154 Warning
Missing input or output delay  
An input delay is missing on s_axi_control_wdata[21] relative to the rising and/or falling clock edge(s) of ap_clk.
Related violations: <none>

TIMING-18#155 Warning
Missing input or output delay  
An input delay is missing on s_axi_control_wdata[22] relative to the rising and/or falling clock edge(s) of ap_clk.
Related violations: <none>

TIMING-18#156 Warning
Missing input or output delay  
An input delay is missing on s_axi_control_wdata[23] relative to the rising and/or falling clock edge(s) of ap_clk.
Related violations: <none>

TIMING-18#157 Warning
Missing input or output delay  
An input delay is missing on s_axi_control_wdata[24] relative to the rising and/or falling clock edge(s) of ap_clk.
Related violations: <none>

TIMING-18#158 Warning
Missing input or output delay  
An input delay is missing on s_axi_control_wdata[25] relative to the rising and/or falling clock edge(s) of ap_clk.
Related violations: <none>

TIMING-18#159 Warning
Missing input or output delay  
An input delay is missing on s_axi_control_wdata[26] relative to the rising and/or falling clock edge(s) of ap_clk.
Related violations: <none>

TIMING-18#160 Warning
Missing input or output delay  
An input delay is missing on s_axi_control_wdata[27] relative to the rising and/or falling clock edge(s) of ap_clk.
Related violations: <none>

TIMING-18#161 Warning
Missing input or output delay  
An input delay is missing on s_axi_control_wdata[28] relative to the rising and/or falling clock edge(s) of ap_clk.
Related violations: <none>

TIMING-18#162 Warning
Missing input or output delay  
An input delay is missing on s_axi_control_wdata[29] relative to the rising and/or falling clock edge(s) of ap_clk.
Related violations: <none>

TIMING-18#163 Warning
Missing input or output delay  
An input delay is missing on s_axi_control_wdata[2] relative to the rising and/or falling clock edge(s) of ap_clk.
Related violations: <none>

TIMING-18#164 Warning
Missing input or output delay  
An input delay is missing on s_axi_control_wdata[30] relative to the rising and/or falling clock edge(s) of ap_clk.
Related violations: <none>

TIMING-18#165 Warning
Missing input or output delay  
An input delay is missing on s_axi_control_wdata[31] relative to the rising and/or falling clock edge(s) of ap_clk.
Related violations: <none>

TIMING-18#166 Warning
Missing input or output delay  
An input delay is missing on s_axi_control_wdata[3] relative to the rising and/or falling clock edge(s) of ap_clk.
Related violations: <none>

TIMING-18#167 Warning
Missing input or output delay  
An input delay is missing on s_axi_control_wdata[4] relative to the rising and/or falling clock edge(s) of ap_clk.
Related violations: <none>

TIMING-18#168 Warning
Missing input or output delay  
An input delay is missing on s_axi_control_wdata[5] relative to the rising and/or falling clock edge(s) of ap_clk.
Related violations: <none>

TIMING-18#169 Warning
Missing input or output delay  
An input delay is missing on s_axi_control_wdata[6] relative to the rising and/or falling clock edge(s) of ap_clk.
Related violations: <none>

TIMING-18#170 Warning
Missing input or output delay  
An input delay is missing on s_axi_control_wdata[7] relative to the rising and/or falling clock edge(s) of ap_clk.
Related violations: <none>

TIMING-18#171 Warning
Missing input or output delay  
An input delay is missing on s_axi_control_wdata[8] relative to the rising and/or falling clock edge(s) of ap_clk.
Related violations: <none>

TIMING-18#172 Warning
Missing input or output delay  
An input delay is missing on s_axi_control_wdata[9] relative to the rising and/or falling clock edge(s) of ap_clk.
Related violations: <none>

TIMING-18#173 Warning
Missing input or output delay  
An input delay is missing on s_axi_control_wstrb[0] relative to the rising and/or falling clock edge(s) of ap_clk.
Related violations: <none>

TIMING-18#174 Warning
Missing input or output delay  
An input delay is missing on s_axi_control_wstrb[1] relative to the rising and/or falling clock edge(s) of ap_clk.
Related violations: <none>

TIMING-18#175 Warning
Missing input or output delay  
An input delay is missing on s_axi_control_wstrb[2] relative to the rising and/or falling clock edge(s) of ap_clk.
Related violations: <none>

TIMING-18#176 Warning
Missing input or output delay  
An input delay is missing on s_axi_control_wstrb[3] relative to the rising and/or falling clock edge(s) of ap_clk.
Related violations: <none>

TIMING-18#177 Warning
Missing input or output delay  
An input delay is missing on s_axi_control_wvalid relative to the rising and/or falling clock edge(s) of ap_clk.
Related violations: <none>

TIMING-18#178 Warning
Missing input or output delay  
An output delay is missing on interrupt relative to the rising and/or falling clock edge(s) of ap_clk.
Related violations: <none>

TIMING-18#179 Warning
Missing input or output delay  
An output delay is missing on m_axi_gmem0_araddr[0] relative to the rising and/or falling clock edge(s) of ap_clk.
Related violations: <none>

TIMING-18#180 Warning
Missing input or output delay  
An output delay is missing on m_axi_gmem0_araddr[10] relative to the rising and/or falling clock edge(s) of ap_clk.
Related violations: <none>

TIMING-18#181 Warning
Missing input or output delay  
An output delay is missing on m_axi_gmem0_araddr[11] relative to the rising and/or falling clock edge(s) of ap_clk.
Related violations: <none>

TIMING-18#182 Warning
Missing input or output delay  
An output delay is missing on m_axi_gmem0_araddr[12] relative to the rising and/or falling clock edge(s) of ap_clk.
Related violations: <none>

TIMING-18#183 Warning
Missing input or output delay  
An output delay is missing on m_axi_gmem0_araddr[13] relative to the rising and/or falling clock edge(s) of ap_clk.
Related violations: <none>

TIMING-18#184 Warning
Missing input or output delay  
An output delay is missing on m_axi_gmem0_araddr[14] relative to the rising and/or falling clock edge(s) of ap_clk.
Related violations: <none>

TIMING-18#185 Warning
Missing input or output delay  
An output delay is missing on m_axi_gmem0_araddr[15] relative to the rising and/or falling clock edge(s) of ap_clk.
Related violations: <none>

TIMING-18#186 Warning
Missing input or output delay  
An output delay is missing on m_axi_gmem0_araddr[16] relative to the rising and/or falling clock edge(s) of ap_clk.
Related violations: <none>

TIMING-18#187 Warning
Missing input or output delay  
An output delay is missing on m_axi_gmem0_araddr[17] relative to the rising and/or falling clock edge(s) of ap_clk.
Related violations: <none>

TIMING-18#188 Warning
Missing input or output delay  
An output delay is missing on m_axi_gmem0_araddr[18] relative to the rising and/or falling clock edge(s) of ap_clk.
Related violations: <none>

TIMING-18#189 Warning
Missing input or output delay  
An output delay is missing on m_axi_gmem0_araddr[19] relative to the rising and/or falling clock edge(s) of ap_clk.
Related violations: <none>

TIMING-18#190 Warning
Missing input or output delay  
An output delay is missing on m_axi_gmem0_araddr[1] relative to the rising and/or falling clock edge(s) of ap_clk.
Related violations: <none>

TIMING-18#191 Warning
Missing input or output delay  
An output delay is missing on m_axi_gmem0_araddr[20] relative to the rising and/or falling clock edge(s) of ap_clk.
Related violations: <none>

TIMING-18#192 Warning
Missing input or output delay  
An output delay is missing on m_axi_gmem0_araddr[21] relative to the rising and/or falling clock edge(s) of ap_clk.
Related violations: <none>

TIMING-18#193 Warning
Missing input or output delay  
An output delay is missing on m_axi_gmem0_araddr[22] relative to the rising and/or falling clock edge(s) of ap_clk.
Related violations: <none>

TIMING-18#194 Warning
Missing input or output delay  
An output delay is missing on m_axi_gmem0_araddr[23] relative to the rising and/or falling clock edge(s) of ap_clk.
Related violations: <none>

TIMING-18#195 Warning
Missing input or output delay  
An output delay is missing on m_axi_gmem0_araddr[24] relative to the rising and/or falling clock edge(s) of ap_clk.
Related violations: <none>

TIMING-18#196 Warning
Missing input or output delay  
An output delay is missing on m_axi_gmem0_araddr[25] relative to the rising and/or falling clock edge(s) of ap_clk.
Related violations: <none>

TIMING-18#197 Warning
Missing input or output delay  
An output delay is missing on m_axi_gmem0_araddr[26] relative to the rising and/or falling clock edge(s) of ap_clk.
Related violations: <none>

TIMING-18#198 Warning
Missing input or output delay  
An output delay is missing on m_axi_gmem0_araddr[27] relative to the rising and/or falling clock edge(s) of ap_clk.
Related violations: <none>

TIMING-18#199 Warning
Missing input or output delay  
An output delay is missing on m_axi_gmem0_araddr[28] relative to the rising and/or falling clock edge(s) of ap_clk.
Related violations: <none>

TIMING-18#200 Warning
Missing input or output delay  
An output delay is missing on m_axi_gmem0_araddr[29] relative to the rising and/or falling clock edge(s) of ap_clk.
Related violations: <none>

TIMING-18#201 Warning
Missing input or output delay  
An output delay is missing on m_axi_gmem0_araddr[2] relative to the rising and/or falling clock edge(s) of ap_clk.
Related violations: <none>

TIMING-18#202 Warning
Missing input or output delay  
An output delay is missing on m_axi_gmem0_araddr[30] relative to the rising and/or falling clock edge(s) of ap_clk.
Related violations: <none>

TIMING-18#203 Warning
Missing input or output delay  
An output delay is missing on m_axi_gmem0_araddr[31] relative to the rising and/or falling clock edge(s) of ap_clk.
Related violations: <none>

TIMING-18#204 Warning
Missing input or output delay  
An output delay is missing on m_axi_gmem0_araddr[32] relative to the rising and/or falling clock edge(s) of ap_clk.
Related violations: <none>

TIMING-18#205 Warning
Missing input or output delay  
An output delay is missing on m_axi_gmem0_araddr[33] relative to the rising and/or falling clock edge(s) of ap_clk.
Related violations: <none>

TIMING-18#206 Warning
Missing input or output delay  
An output delay is missing on m_axi_gmem0_araddr[34] relative to the rising and/or falling clock edge(s) of ap_clk.
Related violations: <none>

TIMING-18#207 Warning
Missing input or output delay  
An output delay is missing on m_axi_gmem0_araddr[35] relative to the rising and/or falling clock edge(s) of ap_clk.
Related violations: <none>

TIMING-18#208 Warning
Missing input or output delay  
An output delay is missing on m_axi_gmem0_araddr[36] relative to the rising and/or falling clock edge(s) of ap_clk.
Related violations: <none>

TIMING-18#209 Warning
Missing input or output delay  
An output delay is missing on m_axi_gmem0_araddr[37] relative to the rising and/or falling clock edge(s) of ap_clk.
Related violations: <none>

TIMING-18#210 Warning
Missing input or output delay  
An output delay is missing on m_axi_gmem0_araddr[38] relative to the rising and/or falling clock edge(s) of ap_clk.
Related violations: <none>

TIMING-18#211 Warning
Missing input or output delay  
An output delay is missing on m_axi_gmem0_araddr[39] relative to the rising and/or falling clock edge(s) of ap_clk.
Related violations: <none>

TIMING-18#212 Warning
Missing input or output delay  
An output delay is missing on m_axi_gmem0_araddr[3] relative to the rising and/or falling clock edge(s) of ap_clk.
Related violations: <none>

TIMING-18#213 Warning
Missing input or output delay  
An output delay is missing on m_axi_gmem0_araddr[40] relative to the rising and/or falling clock edge(s) of ap_clk.
Related violations: <none>

TIMING-18#214 Warning
Missing input or output delay  
An output delay is missing on m_axi_gmem0_araddr[41] relative to the rising and/or falling clock edge(s) of ap_clk.
Related violations: <none>

TIMING-18#215 Warning
Missing input or output delay  
An output delay is missing on m_axi_gmem0_araddr[42] relative to the rising and/or falling clock edge(s) of ap_clk.
Related violations: <none>

TIMING-18#216 Warning
Missing input or output delay  
An output delay is missing on m_axi_gmem0_araddr[43] relative to the rising and/or falling clock edge(s) of ap_clk.
Related violations: <none>

TIMING-18#217 Warning
Missing input or output delay  
An output delay is missing on m_axi_gmem0_araddr[44] relative to the rising and/or falling clock edge(s) of ap_clk.
Related violations: <none>

TIMING-18#218 Warning
Missing input or output delay  
An output delay is missing on m_axi_gmem0_araddr[45] relative to the rising and/or falling clock edge(s) of ap_clk.
Related violations: <none>

TIMING-18#219 Warning
Missing input or output delay  
An output delay is missing on m_axi_gmem0_araddr[46] relative to the rising and/or falling clock edge(s) of ap_clk.
Related violations: <none>

TIMING-18#220 Warning
Missing input or output delay  
An output delay is missing on m_axi_gmem0_araddr[47] relative to the rising and/or falling clock edge(s) of ap_clk.
Related violations: <none>

TIMING-18#221 Warning
Missing input or output delay  
An output delay is missing on m_axi_gmem0_araddr[48] relative to the rising and/or falling clock edge(s) of ap_clk.
Related violations: <none>

TIMING-18#222 Warning
Missing input or output delay  
An output delay is missing on m_axi_gmem0_araddr[49] relative to the rising and/or falling clock edge(s) of ap_clk.
Related violations: <none>

TIMING-18#223 Warning
Missing input or output delay  
An output delay is missing on m_axi_gmem0_araddr[4] relative to the rising and/or falling clock edge(s) of ap_clk.
Related violations: <none>

TIMING-18#224 Warning
Missing input or output delay  
An output delay is missing on m_axi_gmem0_araddr[50] relative to the rising and/or falling clock edge(s) of ap_clk.
Related violations: <none>

TIMING-18#225 Warning
Missing input or output delay  
An output delay is missing on m_axi_gmem0_araddr[51] relative to the rising and/or falling clock edge(s) of ap_clk.
Related violations: <none>

TIMING-18#226 Warning
Missing input or output delay  
An output delay is missing on m_axi_gmem0_araddr[52] relative to the rising and/or falling clock edge(s) of ap_clk.
Related violations: <none>

TIMING-18#227 Warning
Missing input or output delay  
An output delay is missing on m_axi_gmem0_araddr[53] relative to the rising and/or falling clock edge(s) of ap_clk.
Related violations: <none>

TIMING-18#228 Warning
Missing input or output delay  
An output delay is missing on m_axi_gmem0_araddr[54] relative to the rising and/or falling clock edge(s) of ap_clk.
Related violations: <none>

TIMING-18#229 Warning
Missing input or output delay  
An output delay is missing on m_axi_gmem0_araddr[55] relative to the rising and/or falling clock edge(s) of ap_clk.
Related violations: <none>

TIMING-18#230 Warning
Missing input or output delay  
An output delay is missing on m_axi_gmem0_araddr[56] relative to the rising and/or falling clock edge(s) of ap_clk.
Related violations: <none>

TIMING-18#231 Warning
Missing input or output delay  
An output delay is missing on m_axi_gmem0_araddr[57] relative to the rising and/or falling clock edge(s) of ap_clk.
Related violations: <none>

TIMING-18#232 Warning
Missing input or output delay  
An output delay is missing on m_axi_gmem0_araddr[58] relative to the rising and/or falling clock edge(s) of ap_clk.
Related violations: <none>

TIMING-18#233 Warning
Missing input or output delay  
An output delay is missing on m_axi_gmem0_araddr[59] relative to the rising and/or falling clock edge(s) of ap_clk.
Related violations: <none>

TIMING-18#234 Warning
Missing input or output delay  
An output delay is missing on m_axi_gmem0_araddr[5] relative to the rising and/or falling clock edge(s) of ap_clk.
Related violations: <none>

TIMING-18#235 Warning
Missing input or output delay  
An output delay is missing on m_axi_gmem0_araddr[60] relative to the rising and/or falling clock edge(s) of ap_clk.
Related violations: <none>

TIMING-18#236 Warning
Missing input or output delay  
An output delay is missing on m_axi_gmem0_araddr[61] relative to the rising and/or falling clock edge(s) of ap_clk.
Related violations: <none>

TIMING-18#237 Warning
Missing input or output delay  
An output delay is missing on m_axi_gmem0_araddr[62] relative to the rising and/or falling clock edge(s) of ap_clk.
Related violations: <none>

TIMING-18#238 Warning
Missing input or output delay  
An output delay is missing on m_axi_gmem0_araddr[63] relative to the rising and/or falling clock edge(s) of ap_clk.
Related violations: <none>

TIMING-18#239 Warning
Missing input or output delay  
An output delay is missing on m_axi_gmem0_araddr[6] relative to the rising and/or falling clock edge(s) of ap_clk.
Related violations: <none>

TIMING-18#240 Warning
Missing input or output delay  
An output delay is missing on m_axi_gmem0_araddr[7] relative to the rising and/or falling clock edge(s) of ap_clk.
Related violations: <none>

TIMING-18#241 Warning
Missing input or output delay  
An output delay is missing on m_axi_gmem0_araddr[8] relative to the rising and/or falling clock edge(s) of ap_clk.
Related violations: <none>

TIMING-18#242 Warning
Missing input or output delay  
An output delay is missing on m_axi_gmem0_araddr[9] relative to the rising and/or falling clock edge(s) of ap_clk.
Related violations: <none>

TIMING-18#243 Warning
Missing input or output delay  
An output delay is missing on m_axi_gmem0_arlen[0] relative to the rising and/or falling clock edge(s) of ap_clk.
Related violations: <none>

TIMING-18#244 Warning
Missing input or output delay  
An output delay is missing on m_axi_gmem0_arlen[1] relative to the rising and/or falling clock edge(s) of ap_clk.
Related violations: <none>

TIMING-18#245 Warning
Missing input or output delay  
An output delay is missing on m_axi_gmem0_arlen[2] relative to the rising and/or falling clock edge(s) of ap_clk.
Related violations: <none>

TIMING-18#246 Warning
Missing input or output delay  
An output delay is missing on m_axi_gmem0_arlen[3] relative to the rising and/or falling clock edge(s) of ap_clk.
Related violations: <none>

TIMING-18#247 Warning
Missing input or output delay  
An output delay is missing on m_axi_gmem0_arlen[4] relative to the rising and/or falling clock edge(s) of ap_clk.
Related violations: <none>

TIMING-18#248 Warning
Missing input or output delay  
An output delay is missing on m_axi_gmem0_arlen[5] relative to the rising and/or falling clock edge(s) of ap_clk.
Related violations: <none>

TIMING-18#249 Warning
Missing input or output delay  
An output delay is missing on m_axi_gmem0_arlen[6] relative to the rising and/or falling clock edge(s) of ap_clk.
Related violations: <none>

TIMING-18#250 Warning
Missing input or output delay  
An output delay is missing on m_axi_gmem0_arlen[7] relative to the rising and/or falling clock edge(s) of ap_clk.
Related violations: <none>

TIMING-18#251 Warning
Missing input or output delay  
An output delay is missing on m_axi_gmem0_arvalid relative to the rising and/or falling clock edge(s) of ap_clk.
Related violations: <none>

TIMING-18#252 Warning
Missing input or output delay  
An output delay is missing on m_axi_gmem0_rready relative to the rising and/or falling clock edge(s) of ap_clk.
Related violations: <none>

TIMING-18#253 Warning
Missing input or output delay  
An output delay is missing on m_axi_gmem1_araddr[0] relative to the rising and/or falling clock edge(s) of ap_clk.
Related violations: <none>

TIMING-18#254 Warning
Missing input or output delay  
An output delay is missing on m_axi_gmem1_araddr[10] relative to the rising and/or falling clock edge(s) of ap_clk.
Related violations: <none>

TIMING-18#255 Warning
Missing input or output delay  
An output delay is missing on m_axi_gmem1_araddr[11] relative to the rising and/or falling clock edge(s) of ap_clk.
Related violations: <none>

TIMING-18#256 Warning
Missing input or output delay  
An output delay is missing on m_axi_gmem1_araddr[12] relative to the rising and/or falling clock edge(s) of ap_clk.
Related violations: <none>

TIMING-18#257 Warning
Missing input or output delay  
An output delay is missing on m_axi_gmem1_araddr[13] relative to the rising and/or falling clock edge(s) of ap_clk.
Related violations: <none>

TIMING-18#258 Warning
Missing input or output delay  
An output delay is missing on m_axi_gmem1_araddr[14] relative to the rising and/or falling clock edge(s) of ap_clk.
Related violations: <none>

TIMING-18#259 Warning
Missing input or output delay  
An output delay is missing on m_axi_gmem1_araddr[15] relative to the rising and/or falling clock edge(s) of ap_clk.
Related violations: <none>

TIMING-18#260 Warning
Missing input or output delay  
An output delay is missing on m_axi_gmem1_araddr[16] relative to the rising and/or falling clock edge(s) of ap_clk.
Related violations: <none>

TIMING-18#261 Warning
Missing input or output delay  
An output delay is missing on m_axi_gmem1_araddr[17] relative to the rising and/or falling clock edge(s) of ap_clk.
Related violations: <none>

TIMING-18#262 Warning
Missing input or output delay  
An output delay is missing on m_axi_gmem1_araddr[18] relative to the rising and/or falling clock edge(s) of ap_clk.
Related violations: <none>

TIMING-18#263 Warning
Missing input or output delay  
An output delay is missing on m_axi_gmem1_araddr[19] relative to the rising and/or falling clock edge(s) of ap_clk.
Related violations: <none>

TIMING-18#264 Warning
Missing input or output delay  
An output delay is missing on m_axi_gmem1_araddr[1] relative to the rising and/or falling clock edge(s) of ap_clk.
Related violations: <none>

TIMING-18#265 Warning
Missing input or output delay  
An output delay is missing on m_axi_gmem1_araddr[20] relative to the rising and/or falling clock edge(s) of ap_clk.
Related violations: <none>

TIMING-18#266 Warning
Missing input or output delay  
An output delay is missing on m_axi_gmem1_araddr[21] relative to the rising and/or falling clock edge(s) of ap_clk.
Related violations: <none>

TIMING-18#267 Warning
Missing input or output delay  
An output delay is missing on m_axi_gmem1_araddr[22] relative to the rising and/or falling clock edge(s) of ap_clk.
Related violations: <none>

TIMING-18#268 Warning
Missing input or output delay  
An output delay is missing on m_axi_gmem1_araddr[23] relative to the rising and/or falling clock edge(s) of ap_clk.
Related violations: <none>

TIMING-18#269 Warning
Missing input or output delay  
An output delay is missing on m_axi_gmem1_araddr[24] relative to the rising and/or falling clock edge(s) of ap_clk.
Related violations: <none>

TIMING-18#270 Warning
Missing input or output delay  
An output delay is missing on m_axi_gmem1_araddr[25] relative to the rising and/or falling clock edge(s) of ap_clk.
Related violations: <none>

TIMING-18#271 Warning
Missing input or output delay  
An output delay is missing on m_axi_gmem1_araddr[26] relative to the rising and/or falling clock edge(s) of ap_clk.
Related violations: <none>

TIMING-18#272 Warning
Missing input or output delay  
An output delay is missing on m_axi_gmem1_araddr[27] relative to the rising and/or falling clock edge(s) of ap_clk.
Related violations: <none>

TIMING-18#273 Warning
Missing input or output delay  
An output delay is missing on m_axi_gmem1_araddr[28] relative to the rising and/or falling clock edge(s) of ap_clk.
Related violations: <none>

TIMING-18#274 Warning
Missing input or output delay  
An output delay is missing on m_axi_gmem1_araddr[29] relative to the rising and/or falling clock edge(s) of ap_clk.
Related violations: <none>

TIMING-18#275 Warning
Missing input or output delay  
An output delay is missing on m_axi_gmem1_araddr[2] relative to the rising and/or falling clock edge(s) of ap_clk.
Related violations: <none>

TIMING-18#276 Warning
Missing input or output delay  
An output delay is missing on m_axi_gmem1_araddr[30] relative to the rising and/or falling clock edge(s) of ap_clk.
Related violations: <none>

TIMING-18#277 Warning
Missing input or output delay  
An output delay is missing on m_axi_gmem1_araddr[31] relative to the rising and/or falling clock edge(s) of ap_clk.
Related violations: <none>

TIMING-18#278 Warning
Missing input or output delay  
An output delay is missing on m_axi_gmem1_araddr[32] relative to the rising and/or falling clock edge(s) of ap_clk.
Related violations: <none>

TIMING-18#279 Warning
Missing input or output delay  
An output delay is missing on m_axi_gmem1_araddr[33] relative to the rising and/or falling clock edge(s) of ap_clk.
Related violations: <none>

TIMING-18#280 Warning
Missing input or output delay  
An output delay is missing on m_axi_gmem1_araddr[34] relative to the rising and/or falling clock edge(s) of ap_clk.
Related violations: <none>

TIMING-18#281 Warning
Missing input or output delay  
An output delay is missing on m_axi_gmem1_araddr[35] relative to the rising and/or falling clock edge(s) of ap_clk.
Related violations: <none>

TIMING-18#282 Warning
Missing input or output delay  
An output delay is missing on m_axi_gmem1_araddr[36] relative to the rising and/or falling clock edge(s) of ap_clk.
Related violations: <none>

TIMING-18#283 Warning
Missing input or output delay  
An output delay is missing on m_axi_gmem1_araddr[37] relative to the rising and/or falling clock edge(s) of ap_clk.
Related violations: <none>

TIMING-18#284 Warning
Missing input or output delay  
An output delay is missing on m_axi_gmem1_araddr[38] relative to the rising and/or falling clock edge(s) of ap_clk.
Related violations: <none>

TIMING-18#285 Warning
Missing input or output delay  
An output delay is missing on m_axi_gmem1_araddr[39] relative to the rising and/or falling clock edge(s) of ap_clk.
Related violations: <none>

TIMING-18#286 Warning
Missing input or output delay  
An output delay is missing on m_axi_gmem1_araddr[3] relative to the rising and/or falling clock edge(s) of ap_clk.
Related violations: <none>

TIMING-18#287 Warning
Missing input or output delay  
An output delay is missing on m_axi_gmem1_araddr[40] relative to the rising and/or falling clock edge(s) of ap_clk.
Related violations: <none>

TIMING-18#288 Warning
Missing input or output delay  
An output delay is missing on m_axi_gmem1_araddr[41] relative to the rising and/or falling clock edge(s) of ap_clk.
Related violations: <none>

TIMING-18#289 Warning
Missing input or output delay  
An output delay is missing on m_axi_gmem1_araddr[42] relative to the rising and/or falling clock edge(s) of ap_clk.
Related violations: <none>

TIMING-18#290 Warning
Missing input or output delay  
An output delay is missing on m_axi_gmem1_araddr[43] relative to the rising and/or falling clock edge(s) of ap_clk.
Related violations: <none>

TIMING-18#291 Warning
Missing input or output delay  
An output delay is missing on m_axi_gmem1_araddr[44] relative to the rising and/or falling clock edge(s) of ap_clk.
Related violations: <none>

TIMING-18#292 Warning
Missing input or output delay  
An output delay is missing on m_axi_gmem1_araddr[45] relative to the rising and/or falling clock edge(s) of ap_clk.
Related violations: <none>

TIMING-18#293 Warning
Missing input or output delay  
An output delay is missing on m_axi_gmem1_araddr[46] relative to the rising and/or falling clock edge(s) of ap_clk.
Related violations: <none>

TIMING-18#294 Warning
Missing input or output delay  
An output delay is missing on m_axi_gmem1_araddr[47] relative to the rising and/or falling clock edge(s) of ap_clk.
Related violations: <none>

TIMING-18#295 Warning
Missing input or output delay  
An output delay is missing on m_axi_gmem1_araddr[48] relative to the rising and/or falling clock edge(s) of ap_clk.
Related violations: <none>

TIMING-18#296 Warning
Missing input or output delay  
An output delay is missing on m_axi_gmem1_araddr[49] relative to the rising and/or falling clock edge(s) of ap_clk.
Related violations: <none>

TIMING-18#297 Warning
Missing input or output delay  
An output delay is missing on m_axi_gmem1_araddr[4] relative to the rising and/or falling clock edge(s) of ap_clk.
Related violations: <none>

TIMING-18#298 Warning
Missing input or output delay  
An output delay is missing on m_axi_gmem1_araddr[50] relative to the rising and/or falling clock edge(s) of ap_clk.
Related violations: <none>

TIMING-18#299 Warning
Missing input or output delay  
An output delay is missing on m_axi_gmem1_araddr[51] relative to the rising and/or falling clock edge(s) of ap_clk.
Related violations: <none>

TIMING-18#300 Warning
Missing input or output delay  
An output delay is missing on m_axi_gmem1_araddr[52] relative to the rising and/or falling clock edge(s) of ap_clk.
Related violations: <none>

TIMING-18#301 Warning
Missing input or output delay  
An output delay is missing on m_axi_gmem1_araddr[53] relative to the rising and/or falling clock edge(s) of ap_clk.
Related violations: <none>

TIMING-18#302 Warning
Missing input or output delay  
An output delay is missing on m_axi_gmem1_araddr[54] relative to the rising and/or falling clock edge(s) of ap_clk.
Related violations: <none>

TIMING-18#303 Warning
Missing input or output delay  
An output delay is missing on m_axi_gmem1_araddr[55] relative to the rising and/or falling clock edge(s) of ap_clk.
Related violations: <none>

TIMING-18#304 Warning
Missing input or output delay  
An output delay is missing on m_axi_gmem1_araddr[56] relative to the rising and/or falling clock edge(s) of ap_clk.
Related violations: <none>

TIMING-18#305 Warning
Missing input or output delay  
An output delay is missing on m_axi_gmem1_araddr[57] relative to the rising and/or falling clock edge(s) of ap_clk.
Related violations: <none>

TIMING-18#306 Warning
Missing input or output delay  
An output delay is missing on m_axi_gmem1_araddr[58] relative to the rising and/or falling clock edge(s) of ap_clk.
Related violations: <none>

TIMING-18#307 Warning
Missing input or output delay  
An output delay is missing on m_axi_gmem1_araddr[59] relative to the rising and/or falling clock edge(s) of ap_clk.
Related violations: <none>

TIMING-18#308 Warning
Missing input or output delay  
An output delay is missing on m_axi_gmem1_araddr[5] relative to the rising and/or falling clock edge(s) of ap_clk.
Related violations: <none>

TIMING-18#309 Warning
Missing input or output delay  
An output delay is missing on m_axi_gmem1_araddr[60] relative to the rising and/or falling clock edge(s) of ap_clk.
Related violations: <none>

TIMING-18#310 Warning
Missing input or output delay  
An output delay is missing on m_axi_gmem1_araddr[61] relative to the rising and/or falling clock edge(s) of ap_clk.
Related violations: <none>

TIMING-18#311 Warning
Missing input or output delay  
An output delay is missing on m_axi_gmem1_araddr[62] relative to the rising and/or falling clock edge(s) of ap_clk.
Related violations: <none>

TIMING-18#312 Warning
Missing input or output delay  
An output delay is missing on m_axi_gmem1_araddr[63] relative to the rising and/or falling clock edge(s) of ap_clk.
Related violations: <none>

TIMING-18#313 Warning
Missing input or output delay  
An output delay is missing on m_axi_gmem1_araddr[6] relative to the rising and/or falling clock edge(s) of ap_clk.
Related violations: <none>

TIMING-18#314 Warning
Missing input or output delay  
An output delay is missing on m_axi_gmem1_araddr[7] relative to the rising and/or falling clock edge(s) of ap_clk.
Related violations: <none>

TIMING-18#315 Warning
Missing input or output delay  
An output delay is missing on m_axi_gmem1_araddr[8] relative to the rising and/or falling clock edge(s) of ap_clk.
Related violations: <none>

TIMING-18#316 Warning
Missing input or output delay  
An output delay is missing on m_axi_gmem1_araddr[9] relative to the rising and/or falling clock edge(s) of ap_clk.
Related violations: <none>

TIMING-18#317 Warning
Missing input or output delay  
An output delay is missing on m_axi_gmem1_arlen[0] relative to the rising and/or falling clock edge(s) of ap_clk.
Related violations: <none>

TIMING-18#318 Warning
Missing input or output delay  
An output delay is missing on m_axi_gmem1_arlen[1] relative to the rising and/or falling clock edge(s) of ap_clk.
Related violations: <none>

TIMING-18#319 Warning
Missing input or output delay  
An output delay is missing on m_axi_gmem1_arlen[2] relative to the rising and/or falling clock edge(s) of ap_clk.
Related violations: <none>

TIMING-18#320 Warning
Missing input or output delay  
An output delay is missing on m_axi_gmem1_arlen[3] relative to the rising and/or falling clock edge(s) of ap_clk.
Related violations: <none>

TIMING-18#321 Warning
Missing input or output delay  
An output delay is missing on m_axi_gmem1_arlen[4] relative to the rising and/or falling clock edge(s) of ap_clk.
Related violations: <none>

TIMING-18#322 Warning
Missing input or output delay  
An output delay is missing on m_axi_gmem1_arlen[5] relative to the rising and/or falling clock edge(s) of ap_clk.
Related violations: <none>

TIMING-18#323 Warning
Missing input or output delay  
An output delay is missing on m_axi_gmem1_arlen[6] relative to the rising and/or falling clock edge(s) of ap_clk.
Related violations: <none>

TIMING-18#324 Warning
Missing input or output delay  
An output delay is missing on m_axi_gmem1_arlen[7] relative to the rising and/or falling clock edge(s) of ap_clk.
Related violations: <none>

TIMING-18#325 Warning
Missing input or output delay  
An output delay is missing on m_axi_gmem1_arvalid relative to the rising and/or falling clock edge(s) of ap_clk.
Related violations: <none>

TIMING-18#326 Warning
Missing input or output delay  
An output delay is missing on m_axi_gmem1_rready relative to the rising and/or falling clock edge(s) of ap_clk.
Related violations: <none>

TIMING-18#327 Warning
Missing input or output delay  
An output delay is missing on s_axi_control_arready relative to the rising and/or falling clock edge(s) of ap_clk.
Related violations: <none>

TIMING-18#328 Warning
Missing input or output delay  
An output delay is missing on s_axi_control_awready relative to the rising and/or falling clock edge(s) of ap_clk.
Related violations: <none>

TIMING-18#329 Warning
Missing input or output delay  
An output delay is missing on s_axi_control_bvalid relative to the rising and/or falling clock edge(s) of ap_clk.
Related violations: <none>

TIMING-18#330 Warning
Missing input or output delay  
An output delay is missing on s_axi_control_r_arready relative to the rising and/or falling clock edge(s) of ap_clk.
Related violations: <none>

TIMING-18#331 Warning
Missing input or output delay  
An output delay is missing on s_axi_control_r_awready relative to the rising and/or falling clock edge(s) of ap_clk.
Related violations: <none>

TIMING-18#332 Warning
Missing input or output delay  
An output delay is missing on s_axi_control_r_bvalid relative to the rising and/or falling clock edge(s) of ap_clk.
Related violations: <none>

TIMING-18#333 Warning
Missing input or output delay  
An output delay is missing on s_axi_control_r_rdata[0] relative to the rising and/or falling clock edge(s) of ap_clk.
Related violations: <none>

TIMING-18#334 Warning
Missing input or output delay  
An output delay is missing on s_axi_control_r_rdata[10] relative to the rising and/or falling clock edge(s) of ap_clk.
Related violations: <none>

TIMING-18#335 Warning
Missing input or output delay  
An output delay is missing on s_axi_control_r_rdata[11] relative to the rising and/or falling clock edge(s) of ap_clk.
Related violations: <none>

TIMING-18#336 Warning
Missing input or output delay  
An output delay is missing on s_axi_control_r_rdata[12] relative to the rising and/or falling clock edge(s) of ap_clk.
Related violations: <none>

TIMING-18#337 Warning
Missing input or output delay  
An output delay is missing on s_axi_control_r_rdata[13] relative to the rising and/or falling clock edge(s) of ap_clk.
Related violations: <none>

TIMING-18#338 Warning
Missing input or output delay  
An output delay is missing on s_axi_control_r_rdata[14] relative to the rising and/or falling clock edge(s) of ap_clk.
Related violations: <none>

TIMING-18#339 Warning
Missing input or output delay  
An output delay is missing on s_axi_control_r_rdata[15] relative to the rising and/or falling clock edge(s) of ap_clk.
Related violations: <none>

TIMING-18#340 Warning
Missing input or output delay  
An output delay is missing on s_axi_control_r_rdata[16] relative to the rising and/or falling clock edge(s) of ap_clk.
Related violations: <none>

TIMING-18#341 Warning
Missing input or output delay  
An output delay is missing on s_axi_control_r_rdata[17] relative to the rising and/or falling clock edge(s) of ap_clk.
Related violations: <none>

TIMING-18#342 Warning
Missing input or output delay  
An output delay is missing on s_axi_control_r_rdata[18] relative to the rising and/or falling clock edge(s) of ap_clk.
Related violations: <none>

TIMING-18#343 Warning
Missing input or output delay  
An output delay is missing on s_axi_control_r_rdata[19] relative to the rising and/or falling clock edge(s) of ap_clk.
Related violations: <none>

TIMING-18#344 Warning
Missing input or output delay  
An output delay is missing on s_axi_control_r_rdata[1] relative to the rising and/or falling clock edge(s) of ap_clk.
Related violations: <none>

TIMING-18#345 Warning
Missing input or output delay  
An output delay is missing on s_axi_control_r_rdata[20] relative to the rising and/or falling clock edge(s) of ap_clk.
Related violations: <none>

TIMING-18#346 Warning
Missing input or output delay  
An output delay is missing on s_axi_control_r_rdata[21] relative to the rising and/or falling clock edge(s) of ap_clk.
Related violations: <none>

TIMING-18#347 Warning
Missing input or output delay  
An output delay is missing on s_axi_control_r_rdata[22] relative to the rising and/or falling clock edge(s) of ap_clk.
Related violations: <none>

TIMING-18#348 Warning
Missing input or output delay  
An output delay is missing on s_axi_control_r_rdata[23] relative to the rising and/or falling clock edge(s) of ap_clk.
Related violations: <none>

TIMING-18#349 Warning
Missing input or output delay  
An output delay is missing on s_axi_control_r_rdata[24] relative to the rising and/or falling clock edge(s) of ap_clk.
Related violations: <none>

TIMING-18#350 Warning
Missing input or output delay  
An output delay is missing on s_axi_control_r_rdata[25] relative to the rising and/or falling clock edge(s) of ap_clk.
Related violations: <none>

TIMING-18#351 Warning
Missing input or output delay  
An output delay is missing on s_axi_control_r_rdata[26] relative to the rising and/or falling clock edge(s) of ap_clk.
Related violations: <none>

TIMING-18#352 Warning
Missing input or output delay  
An output delay is missing on s_axi_control_r_rdata[27] relative to the rising and/or falling clock edge(s) of ap_clk.
Related violations: <none>

TIMING-18#353 Warning
Missing input or output delay  
An output delay is missing on s_axi_control_r_rdata[28] relative to the rising and/or falling clock edge(s) of ap_clk.
Related violations: <none>

TIMING-18#354 Warning
Missing input or output delay  
An output delay is missing on s_axi_control_r_rdata[29] relative to the rising and/or falling clock edge(s) of ap_clk.
Related violations: <none>

TIMING-18#355 Warning
Missing input or output delay  
An output delay is missing on s_axi_control_r_rdata[2] relative to the rising and/or falling clock edge(s) of ap_clk.
Related violations: <none>

TIMING-18#356 Warning
Missing input or output delay  
An output delay is missing on s_axi_control_r_rdata[30] relative to the rising and/or falling clock edge(s) of ap_clk.
Related violations: <none>

TIMING-18#357 Warning
Missing input or output delay  
An output delay is missing on s_axi_control_r_rdata[31] relative to the rising and/or falling clock edge(s) of ap_clk.
Related violations: <none>

TIMING-18#358 Warning
Missing input or output delay  
An output delay is missing on s_axi_control_r_rdata[3] relative to the rising and/or falling clock edge(s) of ap_clk.
Related violations: <none>

TIMING-18#359 Warning
Missing input or output delay  
An output delay is missing on s_axi_control_r_rdata[4] relative to the rising and/or falling clock edge(s) of ap_clk.
Related violations: <none>

TIMING-18#360 Warning
Missing input or output delay  
An output delay is missing on s_axi_control_r_rdata[5] relative to the rising and/or falling clock edge(s) of ap_clk.
Related violations: <none>

TIMING-18#361 Warning
Missing input or output delay  
An output delay is missing on s_axi_control_r_rdata[6] relative to the rising and/or falling clock edge(s) of ap_clk.
Related violations: <none>

TIMING-18#362 Warning
Missing input or output delay  
An output delay is missing on s_axi_control_r_rdata[7] relative to the rising and/or falling clock edge(s) of ap_clk.
Related violations: <none>

TIMING-18#363 Warning
Missing input or output delay  
An output delay is missing on s_axi_control_r_rdata[8] relative to the rising and/or falling clock edge(s) of ap_clk.
Related violations: <none>

TIMING-18#364 Warning
Missing input or output delay  
An output delay is missing on s_axi_control_r_rdata[9] relative to the rising and/or falling clock edge(s) of ap_clk.
Related violations: <none>

TIMING-18#365 Warning
Missing input or output delay  
An output delay is missing on s_axi_control_r_rvalid relative to the rising and/or falling clock edge(s) of ap_clk.
Related violations: <none>

TIMING-18#366 Warning
Missing input or output delay  
An output delay is missing on s_axi_control_r_wready relative to the rising and/or falling clock edge(s) of ap_clk.
Related violations: <none>

TIMING-18#367 Warning
Missing input or output delay  
An output delay is missing on s_axi_control_rdata[0] relative to the rising and/or falling clock edge(s) of ap_clk.
Related violations: <none>

TIMING-18#368 Warning
Missing input or output delay  
An output delay is missing on s_axi_control_rdata[10] relative to the rising and/or falling clock edge(s) of ap_clk.
Related violations: <none>

TIMING-18#369 Warning
Missing input or output delay  
An output delay is missing on s_axi_control_rdata[11] relative to the rising and/or falling clock edge(s) of ap_clk.
Related violations: <none>

TIMING-18#370 Warning
Missing input or output delay  
An output delay is missing on s_axi_control_rdata[12] relative to the rising and/or falling clock edge(s) of ap_clk.
Related violations: <none>

TIMING-18#371 Warning
Missing input or output delay  
An output delay is missing on s_axi_control_rdata[13] relative to the rising and/or falling clock edge(s) of ap_clk.
Related violations: <none>

TIMING-18#372 Warning
Missing input or output delay  
An output delay is missing on s_axi_control_rdata[14] relative to the rising and/or falling clock edge(s) of ap_clk.
Related violations: <none>

TIMING-18#373 Warning
Missing input or output delay  
An output delay is missing on s_axi_control_rdata[15] relative to the rising and/or falling clock edge(s) of ap_clk.
Related violations: <none>

TIMING-18#374 Warning
Missing input or output delay  
An output delay is missing on s_axi_control_rdata[16] relative to the rising and/or falling clock edge(s) of ap_clk.
Related violations: <none>

TIMING-18#375 Warning
Missing input or output delay  
An output delay is missing on s_axi_control_rdata[17] relative to the rising and/or falling clock edge(s) of ap_clk.
Related violations: <none>

TIMING-18#376 Warning
Missing input or output delay  
An output delay is missing on s_axi_control_rdata[18] relative to the rising and/or falling clock edge(s) of ap_clk.
Related violations: <none>

TIMING-18#377 Warning
Missing input or output delay  
An output delay is missing on s_axi_control_rdata[19] relative to the rising and/or falling clock edge(s) of ap_clk.
Related violations: <none>

TIMING-18#378 Warning
Missing input or output delay  
An output delay is missing on s_axi_control_rdata[1] relative to the rising and/or falling clock edge(s) of ap_clk.
Related violations: <none>

TIMING-18#379 Warning
Missing input or output delay  
An output delay is missing on s_axi_control_rdata[20] relative to the rising and/or falling clock edge(s) of ap_clk.
Related violations: <none>

TIMING-18#380 Warning
Missing input or output delay  
An output delay is missing on s_axi_control_rdata[21] relative to the rising and/or falling clock edge(s) of ap_clk.
Related violations: <none>

TIMING-18#381 Warning
Missing input or output delay  
An output delay is missing on s_axi_control_rdata[22] relative to the rising and/or falling clock edge(s) of ap_clk.
Related violations: <none>

TIMING-18#382 Warning
Missing input or output delay  
An output delay is missing on s_axi_control_rdata[23] relative to the rising and/or falling clock edge(s) of ap_clk.
Related violations: <none>

TIMING-18#383 Warning
Missing input or output delay  
An output delay is missing on s_axi_control_rdata[24] relative to the rising and/or falling clock edge(s) of ap_clk.
Related violations: <none>

TIMING-18#384 Warning
Missing input or output delay  
An output delay is missing on s_axi_control_rdata[25] relative to the rising and/or falling clock edge(s) of ap_clk.
Related violations: <none>

TIMING-18#385 Warning
Missing input or output delay  
An output delay is missing on s_axi_control_rdata[26] relative to the rising and/or falling clock edge(s) of ap_clk.
Related violations: <none>

TIMING-18#386 Warning
Missing input or output delay  
An output delay is missing on s_axi_control_rdata[27] relative to the rising and/or falling clock edge(s) of ap_clk.
Related violations: <none>

TIMING-18#387 Warning
Missing input or output delay  
An output delay is missing on s_axi_control_rdata[28] relative to the rising and/or falling clock edge(s) of ap_clk.
Related violations: <none>

TIMING-18#388 Warning
Missing input or output delay  
An output delay is missing on s_axi_control_rdata[29] relative to the rising and/or falling clock edge(s) of ap_clk.
Related violations: <none>

TIMING-18#389 Warning
Missing input or output delay  
An output delay is missing on s_axi_control_rdata[2] relative to the rising and/or falling clock edge(s) of ap_clk.
Related violations: <none>

TIMING-18#390 Warning
Missing input or output delay  
An output delay is missing on s_axi_control_rdata[30] relative to the rising and/or falling clock edge(s) of ap_clk.
Related violations: <none>

TIMING-18#391 Warning
Missing input or output delay  
An output delay is missing on s_axi_control_rdata[31] relative to the rising and/or falling clock edge(s) of ap_clk.
Related violations: <none>

TIMING-18#392 Warning
Missing input or output delay  
An output delay is missing on s_axi_control_rdata[3] relative to the rising and/or falling clock edge(s) of ap_clk.
Related violations: <none>

TIMING-18#393 Warning
Missing input or output delay  
An output delay is missing on s_axi_control_rdata[4] relative to the rising and/or falling clock edge(s) of ap_clk.
Related violations: <none>

TIMING-18#394 Warning
Missing input or output delay  
An output delay is missing on s_axi_control_rdata[5] relative to the rising and/or falling clock edge(s) of ap_clk.
Related violations: <none>

TIMING-18#395 Warning
Missing input or output delay  
An output delay is missing on s_axi_control_rdata[6] relative to the rising and/or falling clock edge(s) of ap_clk.
Related violations: <none>

TIMING-18#396 Warning
Missing input or output delay  
An output delay is missing on s_axi_control_rdata[7] relative to the rising and/or falling clock edge(s) of ap_clk.
Related violations: <none>

TIMING-18#397 Warning
Missing input or output delay  
An output delay is missing on s_axi_control_rdata[8] relative to the rising and/or falling clock edge(s) of ap_clk.
Related violations: <none>

TIMING-18#398 Warning
Missing input or output delay  
An output delay is missing on s_axi_control_rdata[9] relative to the rising and/or falling clock edge(s) of ap_clk.
Related violations: <none>

TIMING-18#399 Warning
Missing input or output delay  
An output delay is missing on s_axi_control_rvalid relative to the rising and/or falling clock edge(s) of ap_clk.
Related violations: <none>

TIMING-18#400 Warning
Missing input or output delay  
An output delay is missing on s_axi_control_wready relative to the rising and/or falling clock edge(s) of ap_clk.
Related violations: <none>


