Copyright 1986-2022 Xilinx, Inc. All Rights Reserved. Copyright 2022-2025 Advanced Micro Devices, Inc. All Rights Reserved.
------------------------------------------------------------------------------------------------------------------------------------------------------------------------------------------------------------------------------------------------
| Tool Version : Vivado v.2025.2 (lin64) Build 6299465 Fri Nov 14 12:34:56 MST 2025
| Date         : Sun Sep 20 22:02:22 2026
| Host         : johan2-Yoga-7-15ITL5 running 64-bit Ubuntu 22.04.5 LTS
| Command      : report_timing_summary -max_paths 10 -routable_nets -report_unconstrained -file bd_0_wrapper_timing_summary_routed.rpt -pb bd_0_wrapper_timing_summary_routed.pb -rpx bd_0_wrapper_timing_summary_routed.rpx -warn_on_violation
| Design       : bd_0_wrapper
| Device       : 7z020-clg484
| Speed File   : -1  PRODUCTION 1.12 2019-11-22
| Design State : Routed
------------------------------------------------------------------------------------------------------------------------------------------------------------------------------------------------------------------------------------------------

Timing Summary Report

------------------------------------------------------------------------------------------------
| Timer Settings
| --------------
------------------------------------------------------------------------------------------------

  Enable Multi Corner Analysis               :  Yes
  Enable Pessimism Removal                   :  Yes
  Pessimism Removal Resolution               :  Nearest Common Node
  Enable Input Delay Default Clock           :  No
  Enable Preset / Clear Arcs                 :  No
  Disable Flight Delays                      :  No
  Ignore I/O Paths                           :  No
  Timing Early Launch at Borrowing Latches   :  No
  Borrow Time for Max Delay Exceptions       :  Yes
  Merge Timing Exceptions                    :  Yes
  Inter-SLR Compensation                     :  Conservative

  Corner  Analyze    Analyze    
  Name    Max Paths  Min Paths  
  ------  ---------  ---------  
  Slow    Yes        Yes        
  Fast    Yes        Yes        


------------------------------------------------------------------------------------------------
| Report Methodology
| ------------------
------------------------------------------------------------------------------------------------

Rule       Severity  Description                    Violations  
---------  --------  -----------------------------  ----------  
TIMING-18  Warning   Missing input or output delay  404         

Note: This report is based on the most recent report_methodology run and may not be up-to-date. Run report_methodology on the current design for the latest report.



check_timing report

Table of Contents
-----------------
1. checking no_clock (0)
2. checking constant_clock (0)
3. checking pulse_width_clock (0)
4. checking unconstrained_internal_endpoints (0)
5. checking no_input_delay (177)
6. checking no_output_delay (211)
7. checking multiple_clock (0)
8. checking generated_clocks (0)
9. checking loops (0)
10. checking partial_input_delay (0)
11. checking partial_output_delay (0)
12. checking latch_loops (0)

1. checking no_clock (0)
------------------------
 There are 0 register/latch pins with no clock.


2. checking constant_clock (0)
------------------------------
 There are 0 register/latch pins with constant_clock.


3. checking pulse_width_clock (0)
---------------------------------
 There are 0 register/latch pins which need pulse_width check


4. checking unconstrained_internal_endpoints (0)
------------------------------------------------
 There are 0 pins that are not constrained for maximum delay.

 There are 0 pins that are not constrained for maximum delay due to constant clock.


5. checking no_input_delay (177)
--------------------------------
 There are 177 input ports with no input delay specified. (HIGH)

 There are 0 input ports with no input delay but user has a false path constraint.


6. checking no_output_delay (211)
---------------------------------
 There are 211 ports with no output delay specified. (HIGH)

 There are 0 ports with no output delay but user has a false path constraint

 There are 0 ports with no output delay but with a timing clock defined on it or propagating through it


7. checking multiple_clock (0)
------------------------------
 There are 0 register/latch pins with multiple clocks.


8. checking generated_clocks (0)
--------------------------------
 There are 0 generated clocks that are not connected to a clock source.


9. checking loops (0)
---------------------
 There are 0 combinational loops in the design.


10. checking partial_input_delay (0)
------------------------------------
 There are 0 input ports with partial input delay specified.


11. checking partial_output_delay (0)
-------------------------------------
 There are 0 ports with partial output delay specified.


12. checking latch_loops (0)
----------------------------
 There are 0 combinational latch loops in the design through latch input



------------------------------------------------------------------------------------------------
| Design Timing Summary
| ---------------------
------------------------------------------------------------------------------------------------

    WNS(ns)      TNS(ns)  TNS Failing Endpoints  TNS Total Endpoints      WHS(ns)      THS(ns)  THS Failing Endpoints  THS Total Endpoints     WPWS(ns)     TPWS(ns)  TPWS Failing Endpoints  TPWS Total Endpoints  
    -------      -------  ---------------------  -------------------      -------      -------  ---------------------  -------------------     --------     --------  ----------------------  --------------------  
      1.329        0.000                      0                17027        0.053        0.000                      0                17027        4.020        0.000                       0                  9500  


All user specified timing constraints are met.


------------------------------------------------------------------------------------------------
| Clock Summary
| -------------
------------------------------------------------------------------------------------------------

Clock   Waveform(ns)       Period(ns)      Frequency(MHz)
-----   ------------       ----------      --------------
ap_clk  {0.000 5.000}      10.000          100.000         


------------------------------------------------------------------------------------------------
| Intra Clock Table
| -----------------
------------------------------------------------------------------------------------------------

Clock             WNS(ns)      TNS(ns)  TNS Failing Endpoints  TNS Total Endpoints      WHS(ns)      THS(ns)  THS Failing Endpoints  THS Total Endpoints     WPWS(ns)     TPWS(ns)  TPWS Failing Endpoints  TPWS Total Endpoints  
-----             -------      -------  ---------------------  -------------------      -------      -------  ---------------------  -------------------     --------     --------  ----------------------  --------------------  
ap_clk              1.329        0.000                      0                17027        0.053        0.000                      0                17027        4.020        0.000                       0                  9500  


------------------------------------------------------------------------------------------------
| Inter Clock Table
| -----------------
------------------------------------------------------------------------------------------------

From Clock    To Clock          WNS(ns)      TNS(ns)  TNS Failing Endpoints  TNS Total Endpoints      WHS(ns)      THS(ns)  THS Failing Endpoints  THS Total Endpoints  
----------    --------          -------      -------  ---------------------  -------------------      -------      -------  ---------------------  -------------------  


------------------------------------------------------------------------------------------------
| Other Path Groups Table
| -----------------------
------------------------------------------------------------------------------------------------

Path Group    From Clock    To Clock          WNS(ns)      TNS(ns)  TNS Failing Endpoints  TNS Total Endpoints      WHS(ns)      THS(ns)  THS Failing Endpoints  THS Total Endpoints  
----------    ----------    --------          -------      -------  ---------------------  -------------------      -------      -------  ---------------------  -------------------  


------------------------------------------------------------------------------------------------
| User Ignored Path Table
| -----------------------
------------------------------------------------------------------------------------------------

Path Group    From Clock    To Clock    
----------    ----------    --------    


------------------------------------------------------------------------------------------------
| Unconstrained Path Table
| ------------------------
------------------------------------------------------------------------------------------------

Path Group    From Clock    To Clock    
----------    ----------    --------    
(none)        ap_clk                      
(none)                      ap_clk        


------------------------------------------------------------------------------------------------
| Timing Details
| --------------
------------------------------------------------------------------------------------------------


---------------------------------------------------------------------------------------------------
From Clock:  ap_clk
  To Clock:  ap_clk

Setup :            0  Failing Endpoints,  Worst Slack        1.329ns,  Total Violation        0.000ns
Hold  :            0  Failing Endpoints,  Worst Slack        0.053ns,  Total Violation        0.000ns
PW    :            0  Failing Endpoints,  Worst Slack        4.020ns,  Total Violation        0.000ns
---------------------------------------------------------------------------------------------------


Max Delay Paths
--------------------------------------------------------------------------------------
Slack (MET) :             1.329ns  (required time - arrival time)
  Source:                 bd_0_wrapper/bd_0/bd_0_hls_inst_0/bd_0_hls_inst_0_enhanced_correlator/bd_0_hls_inst_0_enhanced_correlator_faddfsub_32ns_32ns_32_5_full_dsp_1/bd_0_hls_inst_0_enhanced_correlator_faddfsub_32ns_32ns_32_5_full_dsp_1_ip/<hidden>/<hidden>/<hidden>/<hidden>/<hidden>/<hidden>/<hidden>
                            (rising edge-triggered cell FDRE clocked by ap_clk  {rise@0.000ns fall@5.000ns period=10.000ns})
  Destination:            bd_0_wrapper/bd_0/bd_0_hls_inst_0/bd_0_hls_inst_0_enhanced_correlator/bd_0_hls_inst_0_enhanced_correlator_faddfsub_32ns_32ns_32_5_full_dsp_1/bd_0_hls_inst_0_enhanced_correlator_faddfsub_32ns_32ns_32_5_full_dsp_1_ip/<hidden>/<hidden>/<hidden>/<hidden>/<hidden>/<hidden>
                            (rising edge-triggered cell DSP48E1 clocked by ap_clk  {rise@0.000ns fall@5.000ns period=10.000ns})
  Path Group:             ap_clk
  Path Type:              Setup (Max at Slow Process Corner)
  Requirement:            10.000ns  (ap_clk rise@10.000ns - ap_clk rise@0.000ns)
  Data Path Delay:        3.030ns  (logic 0.580ns (19.144%)  route 2.450ns (80.856%))
  Logic Levels:           1  (LUT6=1)
  Clock Path Skew:        -0.049ns (DCD - SCD + CPR)
    Destination Clock Delay (DCD):    0.924ns = ( 10.924 - 10.000 ) 
    Source Clock Delay      (SCD):    0.973ns
    Clock Pessimism Removal (CPR):    0.000ns
  Clock Uncertainty:      0.035ns  ((TSJ^2 + TIJ^2)^1/2 + DJ) / 2 + PE
    Total System Jitter     (TSJ):    0.071ns
    Total Input Jitter      (TIJ):    0.000ns
    Discrete Jitter          (DJ):    0.000ns
    Phase Error              (PE):    0.000ns

    Location             Delay type                Incr(ns)  Path(ns)    Netlist Resource(s)
  -------------------------------------------------------------------    -------------------
                         (clock ap_clk rise edge)     0.000     0.000 r  
                                                      0.000     0.000 r  ap_clk (IN)
                         net (fo=9510, unset)         0.973     0.973    bd_0_wrapper/bd_0/bd_0_hls_inst_0/bd_0_hls_inst_0_enhanced_correlator/bd_0_hls_inst_0_enhanced_correlator_faddfsub_32ns_32ns_32_5_full_dsp_1/bd_0_hls_inst_0_enhanced_correlator_faddfsub_32ns_32ns_32_5_full_dsp_1_ip/<hidden>/<hidden>/<hidden>/<hidden>/<hidden>/<hidden>/<hidden>
    SLICE_X57Y118        FDRE                                         r  bd_0_wrapper/bd_0/bd_0_hls_inst_0/bd_0_hls_inst_0_enhanced_correlator/bd_0_hls_inst_0_enhanced_correlator_faddfsub_32ns_32ns_32_5_full_dsp_1/bd_0_hls_inst_0_enhanced_correlator_faddfsub_32ns_32ns_32_5_full_dsp_1_ip/<hidden>/<hidden>/<hidden>/<hidden>/<hidden>/<hidden>/<hidden>
  -------------------------------------------------------------------    -------------------
    SLICE_X57Y118        FDRE (Prop_fdre_C_Q)         0.456     1.429 r  bd_0_wrapper/bd_0/bd_0_hls_inst_0/bd_0_hls_inst_0_enhanced_correlator/bd_0_hls_inst_0_enhanced_correlator_faddfsub_32ns_32ns_32_5_full_dsp_1/bd_0_hls_inst_0_enhanced_correlator_faddfsub_32ns_32ns_32_5_full_dsp_1_ip/<hidden>/<hidden>/<hidden>/<hidden>/<hidden>/<hidden>/<hidden>
                         net (fo=20, routed)          1.583     3.012    bd_0_wrapper/bd_0/bd_0_hls_inst_0/bd_0_hls_inst_0_enhanced_correlator/bd_0_hls_inst_0_enhanced_correlator_faddfsub_32ns_32ns_32_5_full_dsp_1/bd_0_hls_inst_0_enhanced_correlator_faddfsub_32ns_32ns_32_5_full_dsp_1_ip/<hidden>/<hidden>/<hidden>/<hidden>/<hidden>/<hidden>/<hidden>
    SLICE_X39Y118        LUT6 (Prop_lut6_I1_O)        0.124     3.136 r  bd_0_wrapper/bd_0/bd_0_hls_inst_0/bd_0_hls_inst_0_enhanced_correlator/bd_0_hls_inst_0_enhanced_correlator_faddfsub_32ns_32ns_32_5_full_dsp_1/bd_0_hls_inst_0_enhanced_correlator_faddfsub_32ns_32ns_32_5_full_dsp_1_ip/<hidden>/<hidden>/<hidden>/<hidden>/<hidden>/<hidden>/<hidden>
                         net (fo=2, routed)           0.866     4.003    bd_0_wrapper/bd_0/bd_0_hls_inst_0/bd_0_hls_inst_0_enhanced_correlator/bd_0_hls_inst_0_enhanced_correlator_faddfsub_32ns_32ns_32_5_full_dsp_1/bd_0_hls_inst_0_enhanced_correlator_faddfsub_32ns_32ns_32_5_full_dsp_1_ip/<hidden>/<hidden>/<hidden>/<hidden>/<hidden>/<hidden>
    DSP48_X2Y47          DSP48E1                                      r  bd_0_wrapper/bd_0/bd_0_hls_inst_0/bd_0_hls_inst_0_enhanced_correlator/bd_0_hls_inst_0_enhanced_correlator_faddfsub_32ns_32ns_32_5_full_dsp_1/bd_0_hls_inst_0_enhanced_correlator_faddfsub_32ns_32ns_32_5_full_dsp_1_ip/<hidden>/<hidden>/<hidden>/<hidden>/<hidden>/<hidden>
  -------------------------------------------------------------------    -------------------

                         (clock ap_clk rise edge)    10.000    10.000 r  
                                                      0.000    10.000 r  ap_clk (IN)
                         net (fo=9510, unset)         0.924    10.924    bd_0_wrapper/bd_0/bd_0_hls_inst_0/bd_0_hls_inst_0_enhanced_correlator/bd_0_hls_inst_0_enhanced_correlator_faddfsub_32ns_32ns_32_5_full_dsp_1/bd_0_hls_inst_0_enhanced_correlator_faddfsub_32ns_32ns_32_5_full_dsp_1_ip/<hidden>/<hidden>/<hidden>/<hidden>/<hidden>/<hidden>
    DSP48_X2Y47          DSP48E1                                      r  bd_0_wrapper/bd_0/bd_0_hls_inst_0/bd_0_hls_inst_0_enhanced_correlator/bd_0_hls_inst_0_enhanced_correlator_faddfsub_32ns_32ns_32_5_full_dsp_1/bd_0_hls_inst_0_enhanced_correlator_faddfsub_32ns_32ns_32_5_full_dsp_1_ip/<hidden>/<hidden>/<hidden>/<hidden>/<hidden>/<hidden>
                         clock pessimism              0.000    10.924    
                         clock uncertainty           -0.035    10.889    
    DSP48_X2Y47          DSP48E1 (Setup_dsp48e1_CLK_INMODE[1])
                                                     -5.557     5.332    bd_0_wrapper/bd_0/bd_0_hls_inst_0/bd_0_hls_inst_0_enhanced_correlator/bd_0_hls_inst_0_enhanced_correlator_faddfsub_32ns_32ns_32_5_full_dsp_1/bd_0_hls_inst_0_enhanced_correlator_faddfsub_32ns_32ns_32_5_full_dsp_1_ip/<hidden>/<hidden>/<hidden>/<hidden>/<hidden>/<hidden>
  -------------------------------------------------------------------
                         required time                          5.332    
                         arrival time                          -4.003    
  -------------------------------------------------------------------
                         slack                                  1.329    

Slack (MET) :             1.431ns  (required time - arrival time)
  Source:                 bd_0_wrapper/bd_0/bd_0_hls_inst_0/bd_0_hls_inst_0_enhanced_correlator/bd_0_hls_inst_0_enhanced_correlator_faddfsub_32ns_32ns_32_5_full_dsp_1/bd_0_hls_inst_0_enhanced_correlator_faddfsub_32ns_32ns_32_5_full_dsp_1_ip/<hidden>/<hidden>/<hidden>/<hidden>/<hidden>/<hidden>/<hidden>/<hidden>
                            (rising edge-triggered cell FDRE clocked by ap_clk  {rise@0.000ns fall@5.000ns period=10.000ns})
  Destination:            bd_0_wrapper/bd_0/bd_0_hls_inst_0/bd_0_hls_inst_0_enhanced_correlator/bd_0_hls_inst_0_enhanced_correlator_faddfsub_32ns_32ns_32_5_full_dsp_1/bd_0_hls_inst_0_enhanced_correlator_faddfsub_32ns_32ns_32_5_full_dsp_1_ip/<hidden>/<hidden>/<hidden>/<hidden>/<hidden>/<hidden>
                            (rising edge-triggered cell DSP48E1 clocked by ap_clk  {rise@0.000ns fall@5.000ns period=10.000ns})
  Path Group:             ap_clk
  Path Type:              Setup (Max at Slow Process Corner)
  Requirement:            10.000ns  (ap_clk rise@10.000ns - ap_clk rise@0.000ns)
  Data Path Delay:        3.011ns  (logic 0.642ns (21.323%)  route 2.369ns (78.677%))
  Logic Levels:           1  (LUT3=1)
  Clock Path Skew:        -0.049ns (DCD - SCD + CPR)
    Destination Clock Delay (DCD):    0.924ns = ( 10.924 - 10.000 ) 
    Source Clock Delay      (SCD):    0.973ns
    Clock Pessimism Removal (CPR):    0.000ns
  Clock Uncertainty:      0.035ns  ((TSJ^2 + TIJ^2)^1/2 + DJ) / 2 + PE
    Total System Jitter     (TSJ):    0.071ns
    Total Input Jitter      (TIJ):    0.000ns
    Discrete Jitter          (DJ):    0.000ns
    Phase Error              (PE):    0.000ns

    Location             Delay type                Incr(ns)  Path(ns)    Netlist Resource(s)
  -------------------------------------------------------------------    -------------------
                         (clock ap_clk rise edge)     0.000     0.000 r  
                                                      0.000     0.000 r  ap_clk (IN)
                         net (fo=9510, unset)         0.973     0.973    bd_0_wrapper/bd_0/bd_0_hls_inst_0/bd_0_hls_inst_0_enhanced_correlator/bd_0_hls_inst_0_enhanced_correlator_faddfsub_32ns_32ns_32_5_full_dsp_1/bd_0_hls_inst_0_enhanced_correlator_faddfsub_32ns_32ns_32_5_full_dsp_1_ip/<hidden>/<hidden>/<hidden>/<hidden>/<hidden>/<hidden>/<hidden>/<hidden>
    SLICE_X58Y118        FDRE                                         r  bd_0_wrapper/bd_0/bd_0_hls_inst_0/bd_0_hls_inst_0_enhanced_correlator/bd_0_hls_inst_0_enhanced_correlator_faddfsub_32ns_32ns_32_5_full_dsp_1/bd_0_hls_inst_0_enhanced_correlator_faddfsub_32ns_32ns_32_5_full_dsp_1_ip/<hidden>/<hidden>/<hidden>/<hidden>/<hidden>/<hidden>/<hidden>/<hidden>
  -------------------------------------------------------------------    -------------------
    SLICE_X58Y118        FDRE (Prop_fdre_C_Q)         0.518     1.491 r  bd_0_wrapper/bd_0/bd_0_hls_inst_0/bd_0_hls_inst_0_enhanced_correlator/bd_0_hls_inst_0_enhanced_correlator_faddfsub_32ns_32ns_32_5_full_dsp_1/bd_0_hls_inst_0_enhanced_correlator_faddfsub_32ns_32ns_32_5_full_dsp_1_ip/<hidden>/<hidden>/<hidden>/<hidden>/<hidden>/<hidden>/<hidden>/<hidden>
                         net (fo=54, routed)          1.061     2.552    bd_0_wrapper/bd_0/bd_0_hls_inst_0/bd_0_hls_inst_0_enhanced_correlator/bd_0_hls_inst_0_enhanced_correlator_faddfsub_32ns_32ns_32_5_full_dsp_1/bd_0_hls_inst_0_enhanced_correlator_faddfsub_32ns_32ns_32_5_full_dsp_1_ip/<hidden>/<hidden>/<hidden>/<hidden>/<hidden>/<hidden>
    SLICE_X56Y115        LUT3 (Prop_lut3_I1_O)        0.124     2.676 r  bd_0_wrapper/bd_0/bd_0_hls_inst_0/bd_0_hls_inst_0_enhanced_correlator/bd_0_hls_inst_0_enhanced_correlator_faddfsub_32ns_32ns_32_5_full_dsp_1/bd_0_hls_inst_0_enhanced_correlator_faddfsub_32ns_32ns_32_5_full_dsp_1_ip/<hidden>/<hidden>/<hidden>/<hidden>/<hidden>/<hidden>
                         net (fo=1, routed)           1.308     3.984    bd_0_wrapper/bd_0/bd_0_hls_inst_0/bd_0_hls_inst_0_enhanced_correlator/bd_0_hls_inst_0_enhanced_correlator_faddfsub_32ns_32ns_32_5_full_dsp_1/bd_0_hls_inst_0_enhanced_correlator_faddfsub_32ns_32ns_32_5_full_dsp_1_ip/<hidden>/<hidden>/<hidden>/<hidden>/<hidden>/<hidden>
    DSP48_X2Y47          DSP48E1                                      r  bd_0_wrapper/bd_0/bd_0_hls_inst_0/bd_0_hls_inst_0_enhanced_correlator/bd_0_hls_inst_0_enhanced_correlator_faddfsub_32ns_32ns_32_5_full_dsp_1/bd_0_hls_inst_0_enhanced_correlator_faddfsub_32ns_32ns_32_5_full_dsp_1_ip/<hidden>/<hidden>/<hidden>/<hidden>/<hidden>/<hidden>
  -------------------------------------------------------------------    -------------------

                         (clock ap_clk rise edge)    10.000    10.000 r  
                                                      0.000    10.000 r  ap_clk (IN)
                         net (fo=9510, unset)         0.924    10.924    bd_0_wrapper/bd_0/bd_0_hls_inst_0/bd_0_hls_inst_0_enhanced_correlator/bd_0_hls_inst_0_enhanced_correlator_faddfsub_32ns_32ns_32_5_full_dsp_1/bd_0_hls_inst_0_enhanced_correlator_faddfsub_32ns_32ns_32_5_full_dsp_1_ip/<hidden>/<hidden>/<hidden>/<hidden>/<hidden>/<hidden>
    DSP48_X2Y47          DSP48E1                                      r  bd_0_wrapper/bd_0/bd_0_hls_inst_0/bd_0_hls_inst_0_enhanced_correlator/bd_0_hls_inst_0_enhanced_correlator_faddfsub_32ns_32ns_32_5_full_dsp_1/bd_0_hls_inst_0_enhanced_correlator_faddfsub_32ns_32ns_32_5_full_dsp_1_ip/<hidden>/<hidden>/<hidden>/<hidden>/<hidden>/<hidden>
                         clock pessimism              0.000    10.924    
                         clock uncertainty           -0.035    10.889    
    DSP48_X2Y47          DSP48E1 (Setup_dsp48e1_CLK_A[2])
                                                     -5.474     5.415    bd_0_wrapper/bd_0/bd_0_hls_inst_0/bd_0_hls_inst_0_enhanced_correlator/bd_0_hls_inst_0_enhanced_correlator_faddfsub_32ns_32ns_32_5_full_dsp_1/bd_0_hls_inst_0_enhanced_correlator_faddfsub_32ns_32ns_32_5_full_dsp_1_ip/<hidden>/<hidden>/<hidden>/<hidden>/<hidden>/<hidden>
  -------------------------------------------------------------------
                         required time                          5.415    
                         arrival time                          -3.984    
  -------------------------------------------------------------------
                         slack                                  1.431    

Slack (MET) :             1.431ns  (required time - arrival time)
  Source:                 bd_0_wrapper/bd_0/bd_0_hls_inst_0/bd_0_hls_inst_0_enhanced_correlator/bd_0_hls_inst_0_enhanced_correlator_faddfsub_32ns_32ns_32_5_full_dsp_1/bd_0_hls_inst_0_enhanced_correlator_faddfsub_32ns_32ns_32_5_full_dsp_1_ip/<hidden>/<hidden>/<hidden>/<hidden>/<hidden>/<hidden>/<hidden>/<hidden>
                            (rising edge-triggered cell FDRE clocked by ap_clk  {rise@0.000ns fall@5.000ns period=10.000ns})
  Destination:            bd_0_wrapper/bd_0/bd_0_hls_inst_0/bd_0_hls_inst_0_enhanced_correlator/bd_0_hls_inst_0_enhanced_correlator_faddfsub_32ns_32ns_32_5_full_dsp_1/bd_0_hls_inst_0_enhanced_correlator_faddfsub_32ns_32ns_32_5_full_dsp_1_ip/<hidden>/<hidden>/<hidden>/<hidden>/<hidden>/<hidden>
                            (rising edge-triggered cell DSP48E1 clocked by ap_clk  {rise@0.000ns fall@5.000ns period=10.000ns})
  Path Group:             ap_clk
  Path Type:              Setup (Max at Slow Process Corner)
  Requirement:            10.000ns  (ap_clk rise@10.000ns - ap_clk rise@0.000ns)
  Data Path Delay:        3.011ns  (logic 0.642ns (21.324%)  route 2.369ns (78.676%))
  Logic Levels:           1  (LUT3=1)
  Clock Path Skew:        -0.049ns (DCD - SCD + CPR)
    Destination Clock Delay (DCD):    0.924ns = ( 10.924 - 10.000 ) 
    Source Clock Delay      (SCD):    0.973ns
    Clock Pessimism Removal (CPR):    0.000ns
  Clock Uncertainty:      0.035ns  ((TSJ^2 + TIJ^2)^1/2 + DJ) / 2 + PE
    Total System Jitter     (TSJ):    0.071ns
    Total Input Jitter      (TIJ):    0.000ns
    Discrete Jitter          (DJ):    0.000ns
    Phase Error              (PE):    0.000ns

    Location             Delay type                Incr(ns)  Path(ns)    Netlist Resource(s)
  -------------------------------------------------------------------    -------------------
                         (clock ap_clk rise edge)     0.000     0.000 r  
                                                      0.000     0.000 r  ap_clk (IN)
                         net (fo=9510, unset)         0.973     0.973    bd_0_wrapper/bd_0/bd_0_hls_inst_0/bd_0_hls_inst_0_enhanced_correlator/bd_0_hls_inst_0_enhanced_correlator_faddfsub_32ns_32ns_32_5_full_dsp_1/bd_0_hls_inst_0_enhanced_correlator_faddfsub_32ns_32ns_32_5_full_dsp_1_ip/<hidden>/<hidden>/<hidden>/<hidden>/<hidden>/<hidden>/<hidden>/<hidden>
    SLICE_X58Y118        FDRE                                         r  bd_0_wrapper/bd_0/bd_0_hls_inst_0/bd_0_hls_inst_0_enhanced_correlator/bd_0_hls_inst_0_enhanced_correlator_faddfsub_32ns_32ns_32_5_full_dsp_1/bd_0_hls_inst_0_enhanced_correlator_faddfsub_32ns_32ns_32_5_full_dsp_1_ip/<hidden>/<hidden>/<hidden>/<hidden>/<hidden>/<hidden>/<hidden>/<hidden>
  -------------------------------------------------------------------    -------------------
    SLICE_X58Y118        FDRE (Prop_fdre_C_Q)         0.518     1.491 r  bd_0_wrapper/bd_0/bd_0_hls_inst_0/bd_0_hls_inst_0_enhanced_correlator/bd_0_hls_inst_0_enhanced_correlator_faddfsub_32ns_32ns_32_5_full_dsp_1/bd_0_hls_inst_0_enhanced_correlator_faddfsub_32ns_32ns_32_5_full_dsp_1_ip/<hidden>/<hidden>/<hidden>/<hidden>/<hidden>/<hidden>/<hidden>/<hidden>
                         net (fo=54, routed)          1.016     2.507    bd_0_wrapper/bd_0/bd_0_hls_inst_0/bd_0_hls_inst_0_enhanced_correlator/bd_0_hls_inst_0_enhanced_correlator_faddfsub_32ns_32ns_32_5_full_dsp_1/bd_0_hls_inst_0_enhanced_correlator_faddfsub_32ns_32ns_32_5_full_dsp_1_ip/<hidden>/<hidden>/<hidden>/<hidden>/<hidden>/<hidden>
    SLICE_X54Y117        LUT3 (Prop_lut3_I1_O)        0.124     2.631 r  bd_0_wrapper/bd_0/bd_0_hls_inst_0/bd_0_hls_inst_0_enhanced_correlator/bd_0_hls_inst_0_enhanced_correlator_faddfsub_32ns_32ns_32_5_full_dsp_1/bd_0_hls_inst_0_enhanced_correlator_faddfsub_32ns_32ns_32_5_full_dsp_1_ip/<hidden>/<hidden>/<hidden>/<hidden>/<hidden>/<hidden>
                         net (fo=1, routed)           1.353     3.984    bd_0_wrapper/bd_0/bd_0_hls_inst_0/bd_0_hls_inst_0_enhanced_correlator/bd_0_hls_inst_0_enhanced_correlator_faddfsub_32ns_32ns_32_5_full_dsp_1/bd_0_hls_inst_0_enhanced_correlator_faddfsub_32ns_32ns_32_5_full_dsp_1_ip/<hidden>/<hidden>/<hidden>/<hidden>/<hidden>/<hidden>
    DSP48_X2Y47          DSP48E1                                      r  bd_0_wrapper/bd_0/bd_0_hls_inst_0/bd_0_hls_inst_0_enhanced_correlator/bd_0_hls_inst_0_enhanced_correlator_faddfsub_32ns_32ns_32_5_full_dsp_1/bd_0_hls_inst_0_enhanced_correlator_faddfsub_32ns_32ns_32_5_full_dsp_1_ip/<hidden>/<hidden>/<hidden>/<hidden>/<hidden>/<hidden>
  -------------------------------------------------------------------    -------------------

                         (clock ap_clk rise edge)    10.000    10.000 r  
                                                      0.000    10.000 r  ap_clk (IN)
                         net (fo=9510, unset)         0.924    10.924    bd_0_wrapper/bd_0/bd_0_hls_inst_0/bd_0_hls_inst_0_enhanced_correlator/bd_0_hls_inst_0_enhanced_correlator_faddfsub_32ns_32ns_32_5_full_dsp_1/bd_0_hls_inst_0_enhanced_correlator_faddfsub_32ns_32ns_32_5_full_dsp_1_ip/<hidden>/<hidden>/<hidden>/<hidden>/<hidden>/<hidden>
    DSP48_X2Y47          DSP48E1                                      r  bd_0_wrapper/bd_0/bd_0_hls_inst_0/bd_0_hls_inst_0_enhanced_correlator/bd_0_hls_inst_0_enhanced_correlator_faddfsub_32ns_32ns_32_5_full_dsp_1/bd_0_hls_inst_0_enhanced_correlator_faddfsub_32ns_32ns_32_5_full_dsp_1_ip/<hidden>/<hidden>/<hidden>/<hidden>/<hidden>/<hidden>
                         clock pessimism              0.000    10.924    
                         clock uncertainty           -0.035    10.889    
    DSP48_X2Y47          DSP48E1 (Setup_dsp48e1_CLK_A[13])
                                                     -5.474     5.415    bd_0_wrapper/bd_0/bd_0_hls_inst_0/bd_0_hls_inst_0_enhanced_correlator/bd_0_hls_inst_0_enhanced_correlator_faddfsub_32ns_32ns_32_5_full_dsp_1/bd_0_hls_inst_0_enhanced_correlator_faddfsub_32ns_32ns_32_5_full_dsp_1_ip/<hidden>/<hidden>/<hidden>/<hidden>/<hidden>/<hidden>
  -------------------------------------------------------------------
                         required time                          5.415    
                         arrival time                          -3.984    
  -------------------------------------------------------------------
                         slack                                  1.431    

Slack (MET) :             1.439ns  (required time - arrival time)
  Source:                 bd_0_wrapper/bd_0/bd_0_hls_inst_0/bd_0_hls_inst_0_enhanced_correlator/bd_0_hls_inst_0_enhanced_correlator_faddfsub_32ns_32ns_32_5_full_dsp_1/bd_0_hls_inst_0_enhanced_correlator_faddfsub_32ns_32ns_32_5_full_dsp_1_ip/<hidden>/<hidden>/<hidden>/<hidden>/<hidden>/<hidden>/<hidden>/<hidden>
                            (rising edge-triggered cell FDRE clocked by ap_clk  {rise@0.000ns fall@5.000ns period=10.000ns})
  Destination:            bd_0_wrapper/bd_0/bd_0_hls_inst_0/bd_0_hls_inst_0_enhanced_correlator/bd_0_hls_inst_0_enhanced_correlator_faddfsub_32ns_32ns_32_5_full_dsp_1/bd_0_hls_inst_0_enhanced_correlator_faddfsub_32ns_32ns_32_5_full_dsp_1_ip/<hidden>/<hidden>/<hidden>/<hidden>/<hidden>/<hidden>
                            (rising edge-triggered cell DSP48E1 clocked by ap_clk  {rise@0.000ns fall@5.000ns period=10.000ns})
  Path Group:             ap_clk
  Path Type:              Setup (Max at Slow Process Corner)
  Requirement:            10.000ns  (ap_clk rise@10.000ns - ap_clk rise@0.000ns)
  Data Path Delay:        3.003ns  (logic 0.642ns (21.380%)  route 2.361ns (78.620%))
  Logic Levels:           1  (LUT3=1)
  Clock Path Skew:        -0.049ns (DCD - SCD + CPR)
    Destination Clock Delay (DCD):    0.924ns = ( 10.924 - 10.000 ) 
    Source Clock Delay      (SCD):    0.973ns
    Clock Pessimism Removal (CPR):    0.000ns
  Clock Uncertainty:      0.035ns  ((TSJ^2 + TIJ^2)^1/2 + DJ) / 2 + PE
    Total System Jitter     (TSJ):    0.071ns
    Total Input Jitter      (TIJ):    0.000ns
    Discrete Jitter          (DJ):    0.000ns
    Phase Error              (PE):    0.000ns

    Location             Delay type                Incr(ns)  Path(ns)    Netlist Resource(s)
  -------------------------------------------------------------------    -------------------
                         (clock ap_clk rise edge)     0.000     0.000 r  
                                                      0.000     0.000 r  ap_clk (IN)
                         net (fo=9510, unset)         0.973     0.973    bd_0_wrapper/bd_0/bd_0_hls_inst_0/bd_0_hls_inst_0_enhanced_correlator/bd_0_hls_inst_0_enhanced_correlator_faddfsub_32ns_32ns_32_5_full_dsp_1/bd_0_hls_inst_0_enhanced_correlator_faddfsub_32ns_32ns_32_5_full_dsp_1_ip/<hidden>/<hidden>/<hidden>/<hidden>/<hidden>/<hidden>/<hidden>/<hidden>
    SLICE_X58Y118        FDRE                                         r  bd_0_wrapper/bd_0/bd_0_hls_inst_0/bd_0_hls_inst_0_enhanced_correlator/bd_0_hls_inst_0_enhanced_correlator_faddfsub_32ns_32ns_32_5_full_dsp_1/bd_0_hls_inst_0_enhanced_correlator_faddfsub_32ns_32ns_32_5_full_dsp_1_ip/<hidden>/<hidden>/<hidden>/<hidden>/<hidden>/<hidden>/<hidden>/<hidden>
  -------------------------------------------------------------------    -------------------
    SLICE_X58Y118        FDRE (Prop_fdre_C_Q)         0.518     1.491 r  bd_0_wrapper/bd_0/bd_0_hls_inst_0/bd_0_hls_inst_0_enhanced_correlator/bd_0_hls_inst_0_enhanced_correlator_faddfsub_32ns_32ns_32_5_full_dsp_1/bd_0_hls_inst_0_enhanced_correlator_faddfsub_32ns_32ns_32_5_full_dsp_1_ip/<hidden>/<hidden>/<hidden>/<hidden>/<hidden>/<hidden>/<hidden>/<hidden>
                         net (fo=54, routed)          1.027     2.518    bd_0_wrapper/bd_0/bd_0_hls_inst_0/bd_0_hls_inst_0_enhanced_correlator/bd_0_hls_inst_0_enhanced_correlator_faddfsub_32ns_32ns_32_5_full_dsp_1/bd_0_hls_inst_0_enhanced_correlator_faddfsub_32ns_32ns_32_5_full_dsp_1_ip/<hidden>/<hidden>/<hidden>/<hidden>/<hidden>/<hidden>
    SLICE_X56Y116        LUT3 (Prop_lut3_I1_O)        0.124     2.642 r  bd_0_wrapper/bd_0/bd_0_hls_inst_0/bd_0_hls_inst_0_enhanced_correlator/bd_0_hls_inst_0_enhanced_correlator_faddfsub_32ns_32ns_32_5_full_dsp_1/bd_0_hls_inst_0_enhanced_correlator_faddfsub_32ns_32ns_32_5_full_dsp_1_ip/<hidden>/<hidden>/<hidden>/<hidden>/<hidden>/<hidden>
                         net (fo=2, routed)           1.333     3.976    bd_0_wrapper/bd_0/bd_0_hls_inst_0/bd_0_hls_inst_0_enhanced_correlator/bd_0_hls_inst_0_enhanced_correlator_faddfsub_32ns_32ns_32_5_full_dsp_1/bd_0_hls_inst_0_enhanced_correlator_faddfsub_32ns_32ns_32_5_full_dsp_1_ip/<hidden>/<hidden>/<hidden>/<hidden>/<hidden>/<hidden>
    DSP48_X2Y47          DSP48E1                                      r  bd_0_wrapper/bd_0/bd_0_hls_inst_0/bd_0_hls_inst_0_enhanced_correlator/bd_0_hls_inst_0_enhanced_correlator_faddfsub_32ns_32ns_32_5_full_dsp_1/bd_0_hls_inst_0_enhanced_correlator_faddfsub_32ns_32ns_32_5_full_dsp_1_ip/<hidden>/<hidden>/<hidden>/<hidden>/<hidden>/<hidden>
  -------------------------------------------------------------------    -------------------

                         (clock ap_clk rise edge)    10.000    10.000 r  
                                                      0.000    10.000 r  ap_clk (IN)
                         net (fo=9510, unset)         0.924    10.924    bd_0_wrapper/bd_0/bd_0_hls_inst_0/bd_0_hls_inst_0_enhanced_correlator/bd_0_hls_inst_0_enhanced_correlator_faddfsub_32ns_32ns_32_5_full_dsp_1/bd_0_hls_inst_0_enhanced_correlator_faddfsub_32ns_32ns_32_5_full_dsp_1_ip/<hidden>/<hidden>/<hidden>/<hidden>/<hidden>/<hidden>
    DSP48_X2Y47          DSP48E1                                      r  bd_0_wrapper/bd_0/bd_0_hls_inst_0/bd_0_hls_inst_0_enhanced_correlator/bd_0_hls_inst_0_enhanced_correlator_faddfsub_32ns_32ns_32_5_full_dsp_1/bd_0_hls_inst_0_enhanced_correlator_faddfsub_32ns_32ns_32_5_full_dsp_1_ip/<hidden>/<hidden>/<hidden>/<hidden>/<hidden>/<hidden>
                         clock pessimism              0.000    10.924    
                         clock uncertainty           -0.035    10.889    
    DSP48_X2Y47          DSP48E1 (Setup_dsp48e1_CLK_A[15])
                                                     -5.474     5.415    bd_0_wrapper/bd_0/bd_0_hls_inst_0/bd_0_hls_inst_0_enhanced_correlator/bd_0_hls_inst_0_enhanced_correlator_faddfsub_32ns_32ns_32_5_full_dsp_1/bd_0_hls_inst_0_enhanced_correlator_faddfsub_32ns_32ns_32_5_full_dsp_1_ip/<hidden>/<hidden>/<hidden>/<hidden>/<hidden>/<hidden>
  -------------------------------------------------------------------
                         required time                          5.415    
                         arrival time                          -3.976    
  -------------------------------------------------------------------
                         slack                                  1.439    

Slack (MET) :             1.458ns  (required time - arrival time)
  Source:                 bd_0_wrapper/bd_0/bd_0_hls_inst_0/bd_0_hls_inst_0_enhanced_correlator/bd_0_hls_inst_0_enhanced_correlator_fadd_32ns_32ns_32_5_full_dsp_1__xdcDup__1/bd_0_hls_inst_0_enhanced_correlator_fadd_32ns_32ns_32_5_full_dsp_1_ip/<hidden>/<hidden>/<hidden>/<hidden>/<hidden>/<hidden>/<hidden>/<hidden>
                            (rising edge-triggered cell FDRE clocked by ap_clk  {rise@0.000ns fall@5.000ns period=10.000ns})
  Destination:            bd_0_wrapper/bd_0/bd_0_hls_inst_0/bd_0_hls_inst_0_enhanced_correlator/bd_0_hls_inst_0_enhanced_correlator_fadd_32ns_32ns_32_5_full_dsp_1__xdcDup__1/bd_0_hls_inst_0_enhanced_correlator_fadd_32ns_32ns_32_5_full_dsp_1_ip/<hidden>/<hidden>/<hidden>/<hidden>/<hidden>/<hidden>
                            (rising edge-triggered cell DSP48E1 clocked by ap_clk  {rise@0.000ns fall@5.000ns period=10.000ns})
  Path Group:             ap_clk
  Path Type:              Setup (Max at Slow Process Corner)
  Requirement:            10.000ns  (ap_clk rise@10.000ns - ap_clk rise@0.000ns)
  Data Path Delay:        2.984ns  (logic 0.580ns (19.440%)  route 2.404ns (80.560%))
  Logic Levels:           1  (LUT3=1)
  Clock Path Skew:        -0.049ns (DCD - SCD + CPR)
    Destination Clock Delay (DCD):    0.924ns = ( 10.924 - 10.000 ) 
    Source Clock Delay      (SCD):    0.973ns
    Clock Pessimism Removal (CPR):    0.000ns
  Clock Uncertainty:      0.035ns  ((TSJ^2 + TIJ^2)^1/2 + DJ) / 2 + PE
    Total System Jitter     (TSJ):    0.071ns
    Total Input Jitter      (TIJ):    0.000ns
    Discrete Jitter          (DJ):    0.000ns
    Phase Error              (PE):    0.000ns

    Location             Delay type                Incr(ns)  Path(ns)    Netlist Resource(s)
  -------------------------------------------------------------------    -------------------
                         (clock ap_clk rise edge)     0.000     0.000 r  
                                                      0.000     0.000 r  ap_clk (IN)
                         net (fo=9510, unset)         0.973     0.973    bd_0_wrapper/bd_0/bd_0_hls_inst_0/bd_0_hls_inst_0_enhanced_correlator/bd_0_hls_inst_0_enhanced_correlator_fadd_32ns_32ns_32_5_full_dsp_1__xdcDup__1/bd_0_hls_inst_0_enhanced_correlator_fadd_32ns_32ns_32_5_full_dsp_1_ip/<hidden>/<hidden>/<hidden>/<hidden>/<hidden>/<hidden>/<hidden>/<hidden>
    SLICE_X91Y103        FDRE                                         r  bd_0_wrapper/bd_0/bd_0_hls_inst_0/bd_0_hls_inst_0_enhanced_correlator/bd_0_hls_inst_0_enhanced_correlator_fadd_32ns_32ns_32_5_full_dsp_1__xdcDup__1/bd_0_hls_inst_0_enhanced_correlator_fadd_32ns_32ns_32_5_full_dsp_1_ip/<hidden>/<hidden>/<hidden>/<hidden>/<hidden>/<hidden>/<hidden>/<hidden>
  -------------------------------------------------------------------    -------------------
    SLICE_X91Y103        FDRE (Prop_fdre_C_Q)         0.456     1.429 r  bd_0_wrapper/bd_0/bd_0_hls_inst_0/bd_0_hls_inst_0_enhanced_correlator/bd_0_hls_inst_0_enhanced_correlator_fadd_32ns_32ns_32_5_full_dsp_1__xdcDup__1/bd_0_hls_inst_0_enhanced_correlator_fadd_32ns_32ns_32_5_full_dsp_1_ip/<hidden>/<hidden>/<hidden>/<hidden>/<hidden>/<hidden>/<hidden>/<hidden>
                         net (fo=54, routed)          2.012     3.441    bd_0_wrapper/bd_0/bd_0_hls_inst_0/bd_0_hls_inst_0_enhanced_correlator/bd_0_hls_inst_0_enhanced_correlator_fadd_32ns_32ns_32_5_full_dsp_1__xdcDup__1/bd_0_hls_inst_0_enhanced_correlator_fadd_32ns_32ns_32_5_full_dsp_1_ip/<hidden>/<hidden>/<hidden>/<hidden>/<hidden>/<hidden>
    SLICE_X92Y92         LUT3 (Prop_lut3_I1_O)        0.124     3.565 r  bd_0_wrapper/bd_0/bd_0_hls_inst_0/bd_0_hls_inst_0_enhanced_correlator/bd_0_hls_inst_0_enhanced_correlator_fadd_32ns_32ns_32_5_full_dsp_1__xdcDup__1/bd_0_hls_inst_0_enhanced_correlator_fadd_32ns_32ns_32_5_full_dsp_1_ip/<hidden>/<hidden>/<hidden>/<hidden>/<hidden>/<hidden>
                         net (fo=1, routed)           0.392     3.957    bd_0_wrapper/bd_0/bd_0_hls_inst_0/bd_0_hls_inst_0_enhanced_correlator/bd_0_hls_inst_0_enhanced_correlator_fadd_32ns_32ns_32_5_full_dsp_1__xdcDup__1/bd_0_hls_inst_0_enhanced_correlator_fadd_32ns_32ns_32_5_full_dsp_1_ip/<hidden>/<hidden>/<hidden>/<hidden>/<hidden>/<hidden>
    DSP48_X3Y37          DSP48E1                                      r  bd_0_wrapper/bd_0/bd_0_hls_inst_0/bd_0_hls_inst_0_enhanced_correlator/bd_0_hls_inst_0_enhanced_correlator_fadd_32ns_32ns_32_5_full_dsp_1__xdcDup__1/bd_0_hls_inst_0_enhanced_correlator_fadd_32ns_32ns_32_5_full_dsp_1_ip/<hidden>/<hidden>/<hidden>/<hidden>/<hidden>/<hidden>
  -------------------------------------------------------------------    -------------------

                         (clock ap_clk rise edge)    10.000    10.000 r  
                                                      0.000    10.000 r  ap_clk (IN)
                         net (fo=9510, unset)         0.924    10.924    bd_0_wrapper/bd_0/bd_0_hls_inst_0/bd_0_hls_inst_0_enhanced_correlator/bd_0_hls_inst_0_enhanced_correlator_fadd_32ns_32ns_32_5_full_dsp_1__xdcDup__1/bd_0_hls_inst_0_enhanced_correlator_fadd_32ns_32ns_32_5_full_dsp_1_ip/<hidden>/<hidden>/<hidden>/<hidden>/<hidden>/<hidden>
    DSP48_X3Y37          DSP48E1                                      r  bd_0_wrapper/bd_0/bd_0_hls_inst_0/bd_0_hls_inst_0_enhanced_correlator/bd_0_hls_inst_0_enhanced_correlator_fadd_32ns_32ns_32_5_full_dsp_1__xdcDup__1/bd_0_hls_inst_0_enhanced_correlator_fadd_32ns_32ns_32_5_full_dsp_1_ip/<hidden>/<hidden>/<hidden>/<hidden>/<hidden>/<hidden>
                         clock pessimism              0.000    10.924    
                         clock uncertainty           -0.035    10.889    
    DSP48_X3Y37          DSP48E1 (Setup_dsp48e1_CLK_A[6])
                                                     -5.474     5.415    bd_0_wrapper/bd_0/bd_0_hls_inst_0/bd_0_hls_inst_0_enhanced_correlator/bd_0_hls_inst_0_enhanced_correlator_fadd_32ns_32ns_32_5_full_dsp_1__xdcDup__1/bd_0_hls_inst_0_enhanced_correlator_fadd_32ns_32ns_32_5_full_dsp_1_ip/<hidden>/<hidden>/<hidden>/<hidden>/<hidden>/<hidden>
  -------------------------------------------------------------------
                         required time                          5.415    
                         arrival time                          -3.957    
  -------------------------------------------------------------------
                         slack                                  1.458    

Slack (MET) :             1.459ns  (required time - arrival time)
  Source:                 bd_0_wrapper/bd_0/bd_0_hls_inst_0/bd_0_hls_inst_0_enhanced_correlator/bd_0_hls_inst_0_enhanced_correlator_faddfsub_32ns_32ns_32_5_full_dsp_1/bd_0_hls_inst_0_enhanced_correlator_faddfsub_32ns_32ns_32_5_full_dsp_1_ip/<hidden>/<hidden>/<hidden>/<hidden>/<hidden>/<hidden>/<hidden>/<hidden>
                            (rising edge-triggered cell FDRE clocked by ap_clk  {rise@0.000ns fall@5.000ns period=10.000ns})
  Destination:            bd_0_wrapper/bd_0/bd_0_hls_inst_0/bd_0_hls_inst_0_enhanced_correlator/bd_0_hls_inst_0_enhanced_correlator_faddfsub_32ns_32ns_32_5_full_dsp_1/bd_0_hls_inst_0_enhanced_correlator_faddfsub_32ns_32ns_32_5_full_dsp_1_ip/<hidden>/<hidden>/<hidden>/<hidden>/<hidden>/<hidden>
                            (rising edge-triggered cell DSP48E1 clocked by ap_clk  {rise@0.000ns fall@5.000ns period=10.000ns})
  Path Group:             ap_clk
  Path Type:              Setup (Max at Slow Process Corner)
  Requirement:            10.000ns  (ap_clk rise@10.000ns - ap_clk rise@0.000ns)
  Data Path Delay:        2.983ns  (logic 0.642ns (21.523%)  route 2.341ns (78.477%))
  Logic Levels:           1  (LUT3=1)
  Clock Path Skew:        -0.049ns (DCD - SCD + CPR)
    Destination Clock Delay (DCD):    0.924ns = ( 10.924 - 10.000 ) 
    Source Clock Delay      (SCD):    0.973ns
    Clock Pessimism Removal (CPR):    0.000ns
  Clock Uncertainty:      0.035ns  ((TSJ^2 + TIJ^2)^1/2 + DJ) / 2 + PE
    Total System Jitter     (TSJ):    0.071ns
    Total Input Jitter      (TIJ):    0.000ns
    Discrete Jitter          (DJ):    0.000ns
    Phase Error              (PE):    0.000ns

    Location             Delay type                Incr(ns)  Path(ns)    Netlist Resource(s)
  -------------------------------------------------------------------    -------------------
                         (clock ap_clk rise edge)     0.000     0.000 r  
                                                      0.000     0.000 r  ap_clk (IN)
                         net (fo=9510, unset)         0.973     0.973    bd_0_wrapper/bd_0/bd_0_hls_inst_0/bd_0_hls_inst_0_enhanced_correlator/bd_0_hls_inst_0_enhanced_correlator_faddfsub_32ns_32ns_32_5_full_dsp_1/bd_0_hls_inst_0_enhanced_correlator_faddfsub_32ns_32ns_32_5_full_dsp_1_ip/<hidden>/<hidden>/<hidden>/<hidden>/<hidden>/<hidden>/<hidden>/<hidden>
    SLICE_X58Y118        FDRE                                         r  bd_0_wrapper/bd_0/bd_0_hls_inst_0/bd_0_hls_inst_0_enhanced_correlator/bd_0_hls_inst_0_enhanced_correlator_faddfsub_32ns_32ns_32_5_full_dsp_1/bd_0_hls_inst_0_enhanced_correlator_faddfsub_32ns_32ns_32_5_full_dsp_1_ip/<hidden>/<hidden>/<hidden>/<hidden>/<hidden>/<hidden>/<hidden>/<hidden>
  -------------------------------------------------------------------    -------------------
    SLICE_X58Y118        FDRE (Prop_fdre_C_Q)         0.518     1.491 r  bd_0_wrapper/bd_0/bd_0_hls_inst_0/bd_0_hls_inst_0_enhanced_correlator/bd_0_hls_inst_0_enhanced_correlator_faddfsub_32ns_32ns_32_5_full_dsp_1/bd_0_hls_inst_0_enhanced_correlator_faddfsub_32ns_32ns_32_5_full_dsp_1_ip/<hidden>/<hidden>/<hidden>/<hidden>/<hidden>/<hidden>/<hidden>/<hidden>
                         net (fo=54, routed)          1.173     2.664    bd_0_wrapper/bd_0/bd_0_hls_inst_0/bd_0_hls_inst_0_enhanced_correlator/bd_0_hls_inst_0_enhanced_correlator_faddfsub_32ns_32ns_32_5_full_dsp_1/bd_0_hls_inst_0_enhanced_correlator_faddfsub_32ns_32ns_32_5_full_dsp_1_ip/<hidden>/<hidden>/<hidden>/<hidden>/<hidden>/<hidden>
    SLICE_X54Y115        LUT3 (Prop_lut3_I1_O)        0.124     2.788 r  bd_0_wrapper/bd_0/bd_0_hls_inst_0/bd_0_hls_inst_0_enhanced_correlator/bd_0_hls_inst_0_enhanced_correlator_faddfsub_32ns_32ns_32_5_full_dsp_1/bd_0_hls_inst_0_enhanced_correlator_faddfsub_32ns_32ns_32_5_full_dsp_1_ip/<hidden>/<hidden>/<hidden>/<hidden>/<hidden>/<hidden>
                         net (fo=1, routed)           1.168     3.956    bd_0_wrapper/bd_0/bd_0_hls_inst_0/bd_0_hls_inst_0_enhanced_correlator/bd_0_hls_inst_0_enhanced_correlator_faddfsub_32ns_32ns_32_5_full_dsp_1/bd_0_hls_inst_0_enhanced_correlator_faddfsub_32ns_32ns_32_5_full_dsp_1_ip/<hidden>/<hidden>/<hidden>/<hidden>/<hidden>/<hidden>
    DSP48_X2Y47          DSP48E1                                      r  bd_0_wrapper/bd_0/bd_0_hls_inst_0/bd_0_hls_inst_0_enhanced_correlator/bd_0_hls_inst_0_enhanced_correlator_faddfsub_32ns_32ns_32_5_full_dsp_1/bd_0_hls_inst_0_enhanced_correlator_faddfsub_32ns_32ns_32_5_full_dsp_1_ip/<hidden>/<hidden>/<hidden>/<hidden>/<hidden>/<hidden>
  -------------------------------------------------------------------    -------------------

                         (clock ap_clk rise edge)    10.000    10.000 r  
                                                      0.000    10.000 r  ap_clk (IN)
                         net (fo=9510, unset)         0.924    10.924    bd_0_wrapper/bd_0/bd_0_hls_inst_0/bd_0_hls_inst_0_enhanced_correlator/bd_0_hls_inst_0_enhanced_correlator_faddfsub_32ns_32ns_32_5_full_dsp_1/bd_0_hls_inst_0_enhanced_correlator_faddfsub_32ns_32ns_32_5_full_dsp_1_ip/<hidden>/<hidden>/<hidden>/<hidden>/<hidden>/<hidden>
    DSP48_X2Y47          DSP48E1                                      r  bd_0_wrapper/bd_0/bd_0_hls_inst_0/bd_0_hls_inst_0_enhanced_correlator/bd_0_hls_inst_0_enhanced_correlator_faddfsub_32ns_32ns_32_5_full_dsp_1/bd_0_hls_inst_0_enhanced_correlator_faddfsub_32ns_32ns_32_5_full_dsp_1_ip/<hidden>/<hidden>/<hidden>/<hidden>/<hidden>/<hidden>
                         clock pessimism              0.000    10.924    
                         clock uncertainty           -0.035    10.889    
    DSP48_X2Y47          DSP48E1 (Setup_dsp48e1_CLK_A[1])
                                                     -5.474     5.415    bd_0_wrapper/bd_0/bd_0_hls_inst_0/bd_0_hls_inst_0_enhanced_correlator/bd_0_hls_inst_0_enhanced_correlator_faddfsub_32ns_32ns_32_5_full_dsp_1/bd_0_hls_inst_0_enhanced_correlator_faddfsub_32ns_32ns_32_5_full_dsp_1_ip/<hidden>/<hidden>/<hidden>/<hidden>/<hidden>/<hidden>
  -------------------------------------------------------------------
                         required time                          5.415    
                         arrival time                          -3.956    
  -------------------------------------------------------------------
                         slack                                  1.459    

Slack (MET) :             1.478ns  (required time - arrival time)
  Source:                 bd_0_wrapper/bd_0/bd_0_hls_inst_0/bd_0_hls_inst_0_enhanced_correlator/bd_0_hls_inst_0_enhanced_correlator_fadd_32ns_32ns_32_5_full_dsp_1__xdcDup__1/bd_0_hls_inst_0_enhanced_correlator_fadd_32ns_32ns_32_5_full_dsp_1_ip/<hidden>/<hidden>/<hidden>/<hidden>/<hidden>/<hidden>/<hidden>/<hidden>
                            (rising edge-triggered cell FDRE clocked by ap_clk  {rise@0.000ns fall@5.000ns period=10.000ns})
  Destination:            bd_0_wrapper/bd_0/bd_0_hls_inst_0/bd_0_hls_inst_0_enhanced_correlator/bd_0_hls_inst_0_enhanced_correlator_fadd_32ns_32ns_32_5_full_dsp_1__xdcDup__1/bd_0_hls_inst_0_enhanced_correlator_fadd_32ns_32ns_32_5_full_dsp_1_ip/<hidden>/<hidden>/<hidden>/<hidden>/<hidden>/<hidden>
                            (rising edge-triggered cell DSP48E1 clocked by ap_clk  {rise@0.000ns fall@5.000ns period=10.000ns})
  Path Group:             ap_clk
  Path Type:              Setup (Max at Slow Process Corner)
  Requirement:            10.000ns  (ap_clk rise@10.000ns - ap_clk rise@0.000ns)
  Data Path Delay:        2.964ns  (logic 0.580ns (19.570%)  route 2.384ns (80.430%))
  Logic Levels:           1  (LUT3=1)
  Clock Path Skew:        -0.049ns (DCD - SCD + CPR)
    Destination Clock Delay (DCD):    0.924ns = ( 10.924 - 10.000 ) 
    Source Clock Delay      (SCD):    0.973ns
    Clock Pessimism Removal (CPR):    0.000ns
  Clock Uncertainty:      0.035ns  ((TSJ^2 + TIJ^2)^1/2 + DJ) / 2 + PE
    Total System Jitter     (TSJ):    0.071ns
    Total Input Jitter      (TIJ):    0.000ns
    Discrete Jitter          (DJ):    0.000ns
    Phase Error              (PE):    0.000ns

    Location             Delay type                Incr(ns)  Path(ns)    Netlist Resource(s)
  -------------------------------------------------------------------    -------------------
                         (clock ap_clk rise edge)     0.000     0.000 r  
                                                      0.000     0.000 r  ap_clk (IN)
                         net (fo=9510, unset)         0.973     0.973    bd_0_wrapper/bd_0/bd_0_hls_inst_0/bd_0_hls_inst_0_enhanced_correlator/bd_0_hls_inst_0_enhanced_correlator_fadd_32ns_32ns_32_5_full_dsp_1__xdcDup__1/bd_0_hls_inst_0_enhanced_correlator_fadd_32ns_32ns_32_5_full_dsp_1_ip/<hidden>/<hidden>/<hidden>/<hidden>/<hidden>/<hidden>/<hidden>/<hidden>
    SLICE_X91Y103        FDRE                                         r  bd_0_wrapper/bd_0/bd_0_hls_inst_0/bd_0_hls_inst_0_enhanced_correlator/bd_0_hls_inst_0_enhanced_correlator_fadd_32ns_32ns_32_5_full_dsp_1__xdcDup__1/bd_0_hls_inst_0_enhanced_correlator_fadd_32ns_32ns_32_5_full_dsp_1_ip/<hidden>/<hidden>/<hidden>/<hidden>/<hidden>/<hidden>/<hidden>/<hidden>
  -------------------------------------------------------------------    -------------------
    SLICE_X91Y103        FDRE (Prop_fdre_C_Q)         0.456     1.429 r  bd_0_wrapper/bd_0/bd_0_hls_inst_0/bd_0_hls_inst_0_enhanced_correlator/bd_0_hls_inst_0_enhanced_correlator_fadd_32ns_32ns_32_5_full_dsp_1__xdcDup__1/bd_0_hls_inst_0_enhanced_correlator_fadd_32ns_32ns_32_5_full_dsp_1_ip/<hidden>/<hidden>/<hidden>/<hidden>/<hidden>/<hidden>/<hidden>/<hidden>
                         net (fo=54, routed)          2.007     3.436    bd_0_wrapper/bd_0/bd_0_hls_inst_0/bd_0_hls_inst_0_enhanced_correlator/bd_0_hls_inst_0_enhanced_correlator_fadd_32ns_32ns_32_5_full_dsp_1__xdcDup__1/bd_0_hls_inst_0_enhanced_correlator_fadd_32ns_32ns_32_5_full_dsp_1_ip/<hidden>/<hidden>/<hidden>/<hidden>/<hidden>/<hidden>
    SLICE_X93Y91         LUT3 (Prop_lut3_I1_O)        0.124     3.560 r  bd_0_wrapper/bd_0/bd_0_hls_inst_0/bd_0_hls_inst_0_enhanced_correlator/bd_0_hls_inst_0_enhanced_correlator_fadd_32ns_32ns_32_5_full_dsp_1__xdcDup__1/bd_0_hls_inst_0_enhanced_correlator_fadd_32ns_32ns_32_5_full_dsp_1_ip/<hidden>/<hidden>/<hidden>/<hidden>/<hidden>/<hidden>
                         net (fo=1, routed)           0.377     3.937    bd_0_wrapper/bd_0/bd_0_hls_inst_0/bd_0_hls_inst_0_enhanced_correlator/bd_0_hls_inst_0_enhanced_correlator_fadd_32ns_32ns_32_5_full_dsp_1__xdcDup__1/bd_0_hls_inst_0_enhanced_correlator_fadd_32ns_32ns_32_5_full_dsp_1_ip/<hidden>/<hidden>/<hidden>/<hidden>/<hidden>/<hidden>
    DSP48_X3Y37          DSP48E1                                      r  bd_0_wrapper/bd_0/bd_0_hls_inst_0/bd_0_hls_inst_0_enhanced_correlator/bd_0_hls_inst_0_enhanced_correlator_fadd_32ns_32ns_32_5_full_dsp_1__xdcDup__1/bd_0_hls_inst_0_enhanced_correlator_fadd_32ns_32ns_32_5_full_dsp_1_ip/<hidden>/<hidden>/<hidden>/<hidden>/<hidden>/<hidden>
  -------------------------------------------------------------------    -------------------

                         (clock ap_clk rise edge)    10.000    10.000 r  
                                                      0.000    10.000 r  ap_clk (IN)
                         net (fo=9510, unset)         0.924    10.924    bd_0_wrapper/bd_0/bd_0_hls_inst_0/bd_0_hls_inst_0_enhanced_correlator/bd_0_hls_inst_0_enhanced_correlator_fadd_32ns_32ns_32_5_full_dsp_1__xdcDup__1/bd_0_hls_inst_0_enhanced_correlator_fadd_32ns_32ns_32_5_full_dsp_1_ip/<hidden>/<hidden>/<hidden>/<hidden>/<hidden>/<hidden>
    DSP48_X3Y37          DSP48E1                                      r  bd_0_wrapper/bd_0/bd_0_hls_inst_0/bd_0_hls_inst_0_enhanced_correlator/bd_0_hls_inst_0_enhanced_correlator_fadd_32ns_32ns_32_5_full_dsp_1__xdcDup__1/bd_0_hls_inst_0_enhanced_correlator_fadd_32ns_32ns_32_5_full_dsp_1_ip/<hidden>/<hidden>/<hidden>/<hidden>/<hidden>/<hidden>
                         clock pessimism              0.000    10.924    
                         clock uncertainty           -0.035    10.889    
    DSP48_X3Y37          DSP48E1 (Setup_dsp48e1_CLK_A[5])
                                                     -5.474     5.415    bd_0_wrapper/bd_0/bd_0_hls_inst_0/bd_0_hls_inst_0_enhanced_correlator/bd_0_hls_inst_0_enhanced_correlator_fadd_32ns_32ns_32_5_full_dsp_1__xdcDup__1/bd_0_hls_inst_0_enhanced_correlator_fadd_32ns_32ns_32_5_full_dsp_1_ip/<hidden>/<hidden>/<hidden>/<hidden>/<hidden>/<hidden>
  -------------------------------------------------------------------
                         required time                          5.415    
                         arrival time                          -3.937    
  -------------------------------------------------------------------
                         slack                                  1.478    

Slack (MET) :             1.484ns  (required time - arrival time)
  Source:                 bd_0_wrapper/bd_0/bd_0_hls_inst_0/bd_0_hls_inst_0_enhanced_correlator/bd_0_hls_inst_0_enhanced_correlator_faddfsub_32ns_32ns_32_5_full_dsp_1/bd_0_hls_inst_0_enhanced_correlator_faddfsub_32ns_32ns_32_5_full_dsp_1_ip/<hidden>/<hidden>/<hidden>/<hidden>/<hidden>/<hidden>/<hidden>
                            (rising edge-triggered cell FDRE clocked by ap_clk  {rise@0.000ns fall@5.000ns period=10.000ns})
  Destination:            bd_0_wrapper/bd_0/bd_0_hls_inst_0/bd_0_hls_inst_0_enhanced_correlator/bd_0_hls_inst_0_enhanced_correlator_faddfsub_32ns_32ns_32_5_full_dsp_1/bd_0_hls_inst_0_enhanced_correlator_faddfsub_32ns_32ns_32_5_full_dsp_1_ip/<hidden>/<hidden>/<hidden>/<hidden>/<hidden>/<hidden>
                            (rising edge-triggered cell DSP48E1 clocked by ap_clk  {rise@0.000ns fall@5.000ns period=10.000ns})
  Path Group:             ap_clk
  Path Type:              Setup (Max at Slow Process Corner)
  Requirement:            10.000ns  (ap_clk rise@10.000ns - ap_clk rise@0.000ns)
  Data Path Delay:        2.875ns  (logic 0.580ns (20.177%)  route 2.295ns (79.823%))
  Logic Levels:           1  (LUT6=1)
  Clock Path Skew:        -0.049ns (DCD - SCD + CPR)
    Destination Clock Delay (DCD):    0.924ns = ( 10.924 - 10.000 ) 
    Source Clock Delay      (SCD):    0.973ns
    Clock Pessimism Removal (CPR):    0.000ns
  Clock Uncertainty:      0.035ns  ((TSJ^2 + TIJ^2)^1/2 + DJ) / 2 + PE
    Total System Jitter     (TSJ):    0.071ns
    Total Input Jitter      (TIJ):    0.000ns
    Discrete Jitter          (DJ):    0.000ns
    Phase Error              (PE):    0.000ns

    Location             Delay type                Incr(ns)  Path(ns)    Netlist Resource(s)
  -------------------------------------------------------------------    -------------------
                         (clock ap_clk rise edge)     0.000     0.000 r  
                                                      0.000     0.000 r  ap_clk (IN)
                         net (fo=9510, unset)         0.973     0.973    bd_0_wrapper/bd_0/bd_0_hls_inst_0/bd_0_hls_inst_0_enhanced_correlator/bd_0_hls_inst_0_enhanced_correlator_faddfsub_32ns_32ns_32_5_full_dsp_1/bd_0_hls_inst_0_enhanced_correlator_faddfsub_32ns_32ns_32_5_full_dsp_1_ip/<hidden>/<hidden>/<hidden>/<hidden>/<hidden>/<hidden>/<hidden>
    SLICE_X57Y118        FDRE                                         r  bd_0_wrapper/bd_0/bd_0_hls_inst_0/bd_0_hls_inst_0_enhanced_correlator/bd_0_hls_inst_0_enhanced_correlator_faddfsub_32ns_32ns_32_5_full_dsp_1/bd_0_hls_inst_0_enhanced_correlator_faddfsub_32ns_32ns_32_5_full_dsp_1_ip/<hidden>/<hidden>/<hidden>/<hidden>/<hidden>/<hidden>/<hidden>
  -------------------------------------------------------------------    -------------------
    SLICE_X57Y118        FDRE (Prop_fdre_C_Q)         0.456     1.429 r  bd_0_wrapper/bd_0/bd_0_hls_inst_0/bd_0_hls_inst_0_enhanced_correlator/bd_0_hls_inst_0_enhanced_correlator_faddfsub_32ns_32ns_32_5_full_dsp_1/bd_0_hls_inst_0_enhanced_correlator_faddfsub_32ns_32ns_32_5_full_dsp_1_ip/<hidden>/<hidden>/<hidden>/<hidden>/<hidden>/<hidden>/<hidden>
                         net (fo=20, routed)          1.583     3.012    bd_0_wrapper/bd_0/bd_0_hls_inst_0/bd_0_hls_inst_0_enhanced_correlator/bd_0_hls_inst_0_enhanced_correlator_faddfsub_32ns_32ns_32_5_full_dsp_1/bd_0_hls_inst_0_enhanced_correlator_faddfsub_32ns_32ns_32_5_full_dsp_1_ip/<hidden>/<hidden>/<hidden>/<hidden>/<hidden>/<hidden>/<hidden>
    SLICE_X39Y118        LUT6 (Prop_lut6_I1_O)        0.124     3.136 r  bd_0_wrapper/bd_0/bd_0_hls_inst_0/bd_0_hls_inst_0_enhanced_correlator/bd_0_hls_inst_0_enhanced_correlator_faddfsub_32ns_32ns_32_5_full_dsp_1/bd_0_hls_inst_0_enhanced_correlator_faddfsub_32ns_32ns_32_5_full_dsp_1_ip/<hidden>/<hidden>/<hidden>/<hidden>/<hidden>/<hidden>/<hidden>
                         net (fo=2, routed)           0.711     3.848    bd_0_wrapper/bd_0/bd_0_hls_inst_0/bd_0_hls_inst_0_enhanced_correlator/bd_0_hls_inst_0_enhanced_correlator_faddfsub_32ns_32ns_32_5_full_dsp_1/bd_0_hls_inst_0_enhanced_correlator_faddfsub_32ns_32ns_32_5_full_dsp_1_ip/<hidden>/<hidden>/<hidden>/<hidden>/<hidden>/<hidden>
    DSP48_X2Y47          DSP48E1                                      r  bd_0_wrapper/bd_0/bd_0_hls_inst_0/bd_0_hls_inst_0_enhanced_correlator/bd_0_hls_inst_0_enhanced_correlator_faddfsub_32ns_32ns_32_5_full_dsp_1/bd_0_hls_inst_0_enhanced_correlator_faddfsub_32ns_32ns_32_5_full_dsp_1_ip/<hidden>/<hidden>/<hidden>/<hidden>/<hidden>/<hidden>
  -------------------------------------------------------------------    -------------------

                         (clock ap_clk rise edge)    10.000    10.000 r  
                                                      0.000    10.000 r  ap_clk (IN)
                         net (fo=9510, unset)         0.924    10.924    bd_0_wrapper/bd_0/bd_0_hls_inst_0/bd_0_hls_inst_0_enhanced_correlator/bd_0_hls_inst_0_enhanced_correlator_faddfsub_32ns_32ns_32_5_full_dsp_1/bd_0_hls_inst_0_enhanced_correlator_faddfsub_32ns_32ns_32_5_full_dsp_1_ip/<hidden>/<hidden>/<hidden>/<hidden>/<hidden>/<hidden>
    DSP48_X2Y47          DSP48E1                                      r  bd_0_wrapper/bd_0/bd_0_hls_inst_0/bd_0_hls_inst_0_enhanced_correlator/bd_0_hls_inst_0_enhanced_correlator_faddfsub_32ns_32ns_32_5_full_dsp_1/bd_0_hls_inst_0_enhanced_correlator_faddfsub_32ns_32ns_32_5_full_dsp_1_ip/<hidden>/<hidden>/<hidden>/<hidden>/<hidden>/<hidden>
                         clock pessimism              0.000    10.924    
                         clock uncertainty           -0.035    10.889    
    DSP48_X2Y47          DSP48E1 (Setup_dsp48e1_CLK_INMODE[2])
                                                     -5.557     5.332    bd_0_wrapper/bd_0/bd_0_hls_inst_0/bd_0_hls_inst_0_enhanced_correlator/bd_0_hls_inst_0_enhanced_correlator_faddfsub_32ns_32ns_32_5_full_dsp_1/bd_0_hls_inst_0_enhanced_correlator_faddfsub_32ns_32ns_32_5_full_dsp_1_ip/<hidden>/<hidden>/<hidden>/<hidden>/<hidden>/<hidden>
  -------------------------------------------------------------------
                         required time                          5.332    
                         arrival time                          -3.848    
  -------------------------------------------------------------------
                         slack                                  1.484    

Slack (MET) :             1.485ns  (required time - arrival time)
  Source:                 bd_0_wrapper/bd_0/bd_0_hls_inst_0/bd_0_hls_inst_0_enhanced_correlator/bd_0_hls_inst_0_enhanced_correlator_fadd_32ns_32ns_32_5_full_dsp_1__xdcDup__1/bd_0_hls_inst_0_enhanced_correlator_fadd_32ns_32ns_32_5_full_dsp_1_ip/<hidden>/<hidden>/<hidden>/<hidden>/<hidden>/<hidden>/<hidden>
                            (rising edge-triggered cell FDRE clocked by ap_clk  {rise@0.000ns fall@5.000ns period=10.000ns})
  Destination:            bd_0_wrapper/bd_0/bd_0_hls_inst_0/bd_0_hls_inst_0_enhanced_correlator/bd_0_hls_inst_0_enhanced_correlator_fadd_32ns_32ns_32_5_full_dsp_1__xdcDup__1/bd_0_hls_inst_0_enhanced_correlator_fadd_32ns_32ns_32_5_full_dsp_1_ip/<hidden>/<hidden>/<hidden>/<hidden>/<hidden>/<hidden>
                            (rising edge-triggered cell DSP48E1 clocked by ap_clk  {rise@0.000ns fall@5.000ns period=10.000ns})
  Path Group:             ap_clk
  Path Type:              Setup (Max at Slow Process Corner)
  Requirement:            10.000ns  (ap_clk rise@10.000ns - ap_clk rise@0.000ns)
  Data Path Delay:        2.874ns  (logic 0.642ns (22.339%)  route 2.232ns (77.661%))
  Logic Levels:           1  (LUT6=1)
  Clock Path Skew:        -0.049ns (DCD - SCD + CPR)
    Destination Clock Delay (DCD):    0.924ns = ( 10.924 - 10.000 ) 
    Source Clock Delay      (SCD):    0.973ns
    Clock Pessimism Removal (CPR):    0.000ns
  Clock Uncertainty:      0.035ns  ((TSJ^2 + TIJ^2)^1/2 + DJ) / 2 + PE
    Total System Jitter     (TSJ):    0.071ns
    Total Input Jitter      (TIJ):    0.000ns
    Discrete Jitter          (DJ):    0.000ns
    Phase Error              (PE):    0.000ns

    Location             Delay type                Incr(ns)  Path(ns)    Netlist Resource(s)
  -------------------------------------------------------------------    -------------------
                         (clock ap_clk rise edge)     0.000     0.000 r  
                                                      0.000     0.000 r  ap_clk (IN)
                         net (fo=9510, unset)         0.973     0.973    bd_0_wrapper/bd_0/bd_0_hls_inst_0/bd_0_hls_inst_0_enhanced_correlator/bd_0_hls_inst_0_enhanced_correlator_fadd_32ns_32ns_32_5_full_dsp_1__xdcDup__1/bd_0_hls_inst_0_enhanced_correlator_fadd_32ns_32ns_32_5_full_dsp_1_ip/<hidden>/<hidden>/<hidden>/<hidden>/<hidden>/<hidden>/<hidden>
    SLICE_X94Y102        FDRE                                         r  bd_0_wrapper/bd_0/bd_0_hls_inst_0/bd_0_hls_inst_0_enhanced_correlator/bd_0_hls_inst_0_enhanced_correlator_fadd_32ns_32ns_32_5_full_dsp_1__xdcDup__1/bd_0_hls_inst_0_enhanced_correlator_fadd_32ns_32ns_32_5_full_dsp_1_ip/<hidden>/<hidden>/<hidden>/<hidden>/<hidden>/<hidden>/<hidden>
  -------------------------------------------------------------------    -------------------
    SLICE_X94Y102        FDRE (Prop_fdre_C_Q)         0.518     1.491 r  bd_0_wrapper/bd_0/bd_0_hls_inst_0/bd_0_hls_inst_0_enhanced_correlator/bd_0_hls_inst_0_enhanced_correlator_fadd_32ns_32ns_32_5_full_dsp_1__xdcDup__1/bd_0_hls_inst_0_enhanced_correlator_fadd_32ns_32ns_32_5_full_dsp_1_ip/<hidden>/<hidden>/<hidden>/<hidden>/<hidden>/<hidden>/<hidden>
                         net (fo=19, routed)          1.382     2.873    bd_0_wrapper/bd_0/bd_0_hls_inst_0/bd_0_hls_inst_0_enhanced_correlator/bd_0_hls_inst_0_enhanced_correlator_fadd_32ns_32ns_32_5_full_dsp_1__xdcDup__1/bd_0_hls_inst_0_enhanced_correlator_fadd_32ns_32ns_32_5_full_dsp_1_ip/<hidden>/<hidden>/<hidden>/<hidden>/<hidden>/<hidden>/<hidden>
    SLICE_X94Y91         LUT6 (Prop_lut6_I3_O)        0.124     2.997 r  bd_0_wrapper/bd_0/bd_0_hls_inst_0/bd_0_hls_inst_0_enhanced_correlator/bd_0_hls_inst_0_enhanced_correlator_fadd_32ns_32ns_32_5_full_dsp_1__xdcDup__1/bd_0_hls_inst_0_enhanced_correlator_fadd_32ns_32ns_32_5_full_dsp_1_ip/<hidden>/<hidden>/<hidden>/<hidden>/<hidden>/<hidden>/<hidden>
                         net (fo=2, routed)           0.850     3.847    bd_0_wrapper/bd_0/bd_0_hls_inst_0/bd_0_hls_inst_0_enhanced_correlator/bd_0_hls_inst_0_enhanced_correlator_fadd_32ns_32ns_32_5_full_dsp_1__xdcDup__1/bd_0_hls_inst_0_enhanced_correlator_fadd_32ns_32ns_32_5_full_dsp_1_ip/<hidden>/<hidden>/<hidden>/<hidden>/<hidden>/<hidden>
    DSP48_X3Y37          DSP48E1                                      r  bd_0_wrapper/bd_0/bd_0_hls_inst_0/bd_0_hls_inst_0_enhanced_correlator/bd_0_hls_inst_0_enhanced_correlator_fadd_32ns_32ns_32_5_full_dsp_1__xdcDup__1/bd_0_hls_inst_0_enhanced_correlator_fadd_32ns_32ns_32_5_full_dsp_1_ip/<hidden>/<hidden>/<hidden>/<hidden>/<hidden>/<hidden>
  -------------------------------------------------------------------    -------------------

                         (clock ap_clk rise edge)    10.000    10.000 r  
                                                      0.000    10.000 r  ap_clk (IN)
                         net (fo=9510, unset)         0.924    10.924    bd_0_wrapper/bd_0/bd_0_hls_inst_0/bd_0_hls_inst_0_enhanced_correlator/bd_0_hls_inst_0_enhanced_correlator_fadd_32ns_32ns_32_5_full_dsp_1__xdcDup__1/bd_0_hls_inst_0_enhanced_correlator_fadd_32ns_32ns_32_5_full_dsp_1_ip/<hidden>/<hidden>/<hidden>/<hidden>/<hidden>/<hidden>
    DSP48_X3Y37          DSP48E1                                      r  bd_0_wrapper/bd_0/bd_0_hls_inst_0/bd_0_hls_inst_0_enhanced_correlator/bd_0_hls_inst_0_enhanced_correlator_fadd_32ns_32ns_32_5_full_dsp_1__xdcDup__1/bd_0_hls_inst_0_enhanced_correlator_fadd_32ns_32ns_32_5_full_dsp_1_ip/<hidden>/<hidden>/<hidden>/<hidden>/<hidden>/<hidden>
                         clock pessimism              0.000    10.924    
                         clock uncertainty           -0.035    10.889    
    DSP48_X3Y37          DSP48E1 (Setup_dsp48e1_CLK_INMODE[2])
                                                     -5.557     5.332    bd_0_wrapper/bd_0/bd_0_hls_inst_0/bd_0_hls_inst_0_enhanced_correlator/bd_0_hls_inst_0_enhanced_correlator_fadd_32ns_32ns_32_5_full_dsp_1__xdcDup__1/bd_0_hls_inst_0_enhanced_correlator_fadd_32ns_32ns_32_5_full_dsp_1_ip/<hidden>/<hidden>/<hidden>/<hidden>/<hidden>/<hidden>
  -------------------------------------------------------------------
                         required time                          5.332    
                         arrival time                          -3.847    
  -------------------------------------------------------------------
                         slack                                  1.485    

Slack (MET) :             1.492ns  (required time - arrival time)
  Source:                 bd_0_wrapper/bd_0/bd_0_hls_inst_0/bd_0_hls_inst_0_enhanced_correlator/bd_0_hls_inst_0_enhanced_correlator_faddfsub_32ns_32ns_32_5_full_dsp_1/bd_0_hls_inst_0_enhanced_correlator_faddfsub_32ns_32ns_32_5_full_dsp_1_ip/<hidden>/<hidden>/<hidden>/<hidden>/<hidden>/<hidden>/<hidden>/<hidden>
                            (rising edge-triggered cell FDRE clocked by ap_clk  {rise@0.000ns fall@5.000ns period=10.000ns})
  Destination:            bd_0_wrapper/bd_0/bd_0_hls_inst_0/bd_0_hls_inst_0_enhanced_correlator/bd_0_hls_inst_0_enhanced_correlator_faddfsub_32ns_32ns_32_5_full_dsp_1/bd_0_hls_inst_0_enhanced_correlator_faddfsub_32ns_32ns_32_5_full_dsp_1_ip/<hidden>/<hidden>/<hidden>/<hidden>/<hidden>/<hidden>
                            (rising edge-triggered cell DSP48E1 clocked by ap_clk  {rise@0.000ns fall@5.000ns period=10.000ns})
  Path Group:             ap_clk
  Path Type:              Setup (Max at Slow Process Corner)
  Requirement:            10.000ns  (ap_clk rise@10.000ns - ap_clk rise@0.000ns)
  Data Path Delay:        2.950ns  (logic 0.642ns (21.765%)  route 2.308ns (78.235%))
  Logic Levels:           1  (LUT3=1)
  Clock Path Skew:        -0.049ns (DCD - SCD + CPR)
    Destination Clock Delay (DCD):    0.924ns = ( 10.924 - 10.000 ) 
    Source Clock Delay      (SCD):    0.973ns
    Clock Pessimism Removal (CPR):    0.000ns
  Clock Uncertainty:      0.035ns  ((TSJ^2 + TIJ^2)^1/2 + DJ) / 2 + PE
    Total System Jitter     (TSJ):    0.071ns
    Total Input Jitter      (TIJ):    0.000ns
    Discrete Jitter          (DJ):    0.000ns
    Phase Error              (PE):    0.000ns

    Location             Delay type                Incr(ns)  Path(ns)    Netlist Resource(s)
  -------------------------------------------------------------------    -------------------
                         (clock ap_clk rise edge)     0.000     0.000 r  
                                                      0.000     0.000 r  ap_clk (IN)
                         net (fo=9510, unset)         0.973     0.973    bd_0_wrapper/bd_0/bd_0_hls_inst_0/bd_0_hls_inst_0_enhanced_correlator/bd_0_hls_inst_0_enhanced_correlator_faddfsub_32ns_32ns_32_5_full_dsp_1/bd_0_hls_inst_0_enhanced_correlator_faddfsub_32ns_32ns_32_5_full_dsp_1_ip/<hidden>/<hidden>/<hidden>/<hidden>/<hidden>/<hidden>/<hidden>/<hidden>
    SLICE_X58Y118        FDRE                                         r  bd_0_wrapper/bd_0/bd_0_hls_inst_0/bd_0_hls_inst_0_enhanced_correlator/bd_0_hls_inst_0_enhanced_correlator_faddfsub_32ns_32ns_32_5_full_dsp_1/bd_0_hls_inst_0_enhanced_correlator_faddfsub_32ns_32ns_32_5_full_dsp_1_ip/<hidden>/<hidden>/<hidden>/<hidden>/<hidden>/<hidden>/<hidden>/<hidden>
  -------------------------------------------------------------------    -------------------
    SLICE_X58Y118        FDRE (Prop_fdre_C_Q)         0.518     1.491 r  bd_0_wrapper/bd_0/bd_0_hls_inst_0/bd_0_hls_inst_0_enhanced_correlator/bd_0_hls_inst_0_enhanced_correlator_faddfsub_32ns_32ns_32_5_full_dsp_1/bd_0_hls_inst_0_enhanced_correlator_faddfsub_32ns_32ns_32_5_full_dsp_1_ip/<hidden>/<hidden>/<hidden>/<hidden>/<hidden>/<hidden>/<hidden>/<hidden>
                         net (fo=54, routed)          1.072     2.563    bd_0_wrapper/bd_0/bd_0_hls_inst_0/bd_0_hls_inst_0_enhanced_correlator/bd_0_hls_inst_0_enhanced_correlator_faddfsub_32ns_32ns_32_5_full_dsp_1/bd_0_hls_inst_0_enhanced_correlator_faddfsub_32ns_32ns_32_5_full_dsp_1_ip/<hidden>/<hidden>/<hidden>/<hidden>/<hidden>/<hidden>
    SLICE_X50Y117        LUT3 (Prop_lut3_I1_O)        0.124     2.687 r  bd_0_wrapper/bd_0/bd_0_hls_inst_0/bd_0_hls_inst_0_enhanced_correlator/bd_0_hls_inst_0_enhanced_correlator_faddfsub_32ns_32ns_32_5_full_dsp_1/bd_0_hls_inst_0_enhanced_correlator_faddfsub_32ns_32ns_32_5_full_dsp_1_ip/<hidden>/<hidden>/<hidden>/<hidden>/<hidden>/<hidden>
                         net (fo=2, routed)           1.236     3.923    bd_0_wrapper/bd_0/bd_0_hls_inst_0/bd_0_hls_inst_0_enhanced_correlator/bd_0_hls_inst_0_enhanced_correlator_faddfsub_32ns_32ns_32_5_full_dsp_1/bd_0_hls_inst_0_enhanced_correlator_faddfsub_32ns_32ns_32_5_full_dsp_1_ip/<hidden>/<hidden>/<hidden>/<hidden>/<hidden>/<hidden>
    DSP48_X2Y47          DSP48E1                                      r  bd_0_wrapper/bd_0/bd_0_hls_inst_0/bd_0_hls_inst_0_enhanced_correlator/bd_0_hls_inst_0_enhanced_correlator_faddfsub_32ns_32ns_32_5_full_dsp_1/bd_0_hls_inst_0_enhanced_correlator_faddfsub_32ns_32ns_32_5_full_dsp_1_ip/<hidden>/<hidden>/<hidden>/<hidden>/<hidden>/<hidden>
  -------------------------------------------------------------------    -------------------

                         (clock ap_clk rise edge)    10.000    10.000 r  
                                                      0.000    10.000 r  ap_clk (IN)
                         net (fo=9510, unset)         0.924    10.924    bd_0_wrapper/bd_0/bd_0_hls_inst_0/bd_0_hls_inst_0_enhanced_correlator/bd_0_hls_inst_0_enhanced_correlator_faddfsub_32ns_32ns_32_5_full_dsp_1/bd_0_hls_inst_0_enhanced_correlator_faddfsub_32ns_32ns_32_5_full_dsp_1_ip/<hidden>/<hidden>/<hidden>/<hidden>/<hidden>/<hidden>
    DSP48_X2Y47          DSP48E1                                      r  bd_0_wrapper/bd_0/bd_0_hls_inst_0/bd_0_hls_inst_0_enhanced_correlator/bd_0_hls_inst_0_enhanced_correlator_faddfsub_32ns_32ns_32_5_full_dsp_1/bd_0_hls_inst_0_enhanced_correlator_faddfsub_32ns_32ns_32_5_full_dsp_1_ip/<hidden>/<hidden>/<hidden>/<hidden>/<hidden>/<hidden>
                         clock pessimism              0.000    10.924    
                         clock uncertainty           -0.035    10.889    
    DSP48_X2Y47          DSP48E1 (Setup_dsp48e1_CLK_A[17])
                                                     -5.474     5.415    bd_0_wrapper/bd_0/bd_0_hls_inst_0/bd_0_hls_inst_0_enhanced_correlator/bd_0_hls_inst_0_enhanced_correlator_faddfsub_32ns_32ns_32_5_full_dsp_1/bd_0_hls_inst_0_enhanced_correlator_faddfsub_32ns_32ns_32_5_full_dsp_1_ip/<hidden>/<hidden>/<hidden>/<hidden>/<hidden>/<hidden>
  -------------------------------------------------------------------
                         required time                          5.415    
                         arrival time                          -3.923    
  -------------------------------------------------------------------
                         slack                                  1.492    





Min Delay Paths
--------------------------------------------------------------------------------------
Slack (MET) :             0.053ns  (arrival time - required time)
  Source:                 bd_0_i/hls_inst/inst/grp_sin_or_cos_float_s_fu_479/Ex_2_reg_1358_reg[7]/C
                            (rising edge-triggered cell FDRE clocked by ap_clk  {rise@0.000ns fall@5.000ns period=10.000ns})
  Destination:            bd_0_i/hls_inst/inst/grp_sin_or_cos_float_s_fu_479/Ex_2_reg_1358_pp0_iter15_reg_reg[7]_srl6/D
                            (rising edge-triggered cell SRL16E clocked by ap_clk  {rise@0.000ns fall@5.000ns period=10.000ns})
  Path Group:             ap_clk
  Path Type:              Hold (Min at Fast Process Corner)
  Requirement:            0.000ns  (ap_clk rise@0.000ns - ap_clk rise@0.000ns)
  Data Path Delay:        0.257ns  (logic 0.141ns (54.812%)  route 0.116ns (45.188%))
  Logic Levels:           0  
  Clock Path Skew:        0.022ns (DCD - SCD - CPR)
    Destination Clock Delay (DCD):    0.432ns
    Source Clock Delay      (SCD):    0.410ns
    Clock Pessimism Removal (CPR):    -0.000ns

    Location             Delay type                Incr(ns)  Path(ns)    Netlist Resource(s)
  -------------------------------------------------------------------    -------------------
                         (clock ap_clk rise edge)     0.000     0.000 r  
                                                      0.000     0.000 r  ap_clk (IN)
                         net (fo=9510, unset)         0.410     0.410    bd_0_i/hls_inst/inst/grp_sin_or_cos_float_s_fu_479/ap_clk
    SLICE_X43Y114        FDRE                                         r  bd_0_i/hls_inst/inst/grp_sin_or_cos_float_s_fu_479/Ex_2_reg_1358_reg[7]/C
  -------------------------------------------------------------------    -------------------
    SLICE_X43Y114        FDRE (Prop_fdre_C_Q)         0.141     0.551 r  bd_0_i/hls_inst/inst/grp_sin_or_cos_float_s_fu_479/Ex_2_reg_1358_reg[7]/Q
                         net (fo=1, routed)           0.116     0.667    bd_0_i/hls_inst/inst/grp_sin_or_cos_float_s_fu_479/Ex_2_reg_1358_reg_n_0_[7]
    SLICE_X46Y114        SRL16E                                       r  bd_0_i/hls_inst/inst/grp_sin_or_cos_float_s_fu_479/Ex_2_reg_1358_pp0_iter15_reg_reg[7]_srl6/D
  -------------------------------------------------------------------    -------------------

                         (clock ap_clk rise edge)     0.000     0.000 r  
                                                      0.000     0.000 r  ap_clk (IN)
                         net (fo=9510, unset)         0.432     0.432    bd_0_i/hls_inst/inst/grp_sin_or_cos_float_s_fu_479/ap_clk
    SLICE_X46Y114        SRL16E                                       r  bd_0_i/hls_inst/inst/grp_sin_or_cos_float_s_fu_479/Ex_2_reg_1358_pp0_iter15_reg_reg[7]_srl6/CLK
                         clock pessimism              0.000     0.432    
    SLICE_X46Y114        SRL16E (Hold_srl16e_CLK_D)
                                                      0.183     0.615    bd_0_i/hls_inst/inst/grp_sin_or_cos_float_s_fu_479/Ex_2_reg_1358_pp0_iter15_reg_reg[7]_srl6
  -------------------------------------------------------------------
                         required time                         -0.615    
                         arrival time                           0.667    
  -------------------------------------------------------------------
                         slack                                  0.053    

Slack (MET) :             0.070ns  (arrival time - required time)
  Source:                 bd_0_i/hls_inst/inst/gmem1_m_axi_U/bus_read/rs_rdata/data_p1_reg[23]/C
                            (rising edge-triggered cell FDRE clocked by ap_clk  {rise@0.000ns fall@5.000ns period=10.000ns})
  Destination:            bd_0_i/hls_inst/inst/gmem1_m_axi_U/load_unit_0/buff_rdata/U_fifo_mem/mem_reg/DIBDI[7]
                            (rising edge-triggered cell RAMB18E1 clocked by ap_clk  {rise@0.000ns fall@5.000ns period=10.000ns})
  Path Group:             ap_clk
  Path Type:              Hold (Min at Fast Process Corner)
  Requirement:            0.000ns  (ap_clk rise@0.000ns - ap_clk rise@0.000ns)
  Data Path Delay:        0.247ns  (logic 0.141ns (57.072%)  route 0.106ns (42.928%))
  Logic Levels:           0  
  Clock Path Skew:        0.022ns (DCD - SCD - CPR)
    Destination Clock Delay (DCD):    0.432ns
    Source Clock Delay      (SCD):    0.410ns
    Clock Pessimism Removal (CPR):    -0.000ns

    Location             Delay type                Incr(ns)  Path(ns)    Netlist Resource(s)
  -------------------------------------------------------------------    -------------------
                         (clock ap_clk rise edge)     0.000     0.000 r  
                                                      0.000     0.000 r  ap_clk (IN)
                         net (fo=9510, unset)         0.410     0.410    bd_0_i/hls_inst/inst/gmem1_m_axi_U/bus_read/rs_rdata/ap_clk
    SLICE_X55Y108        FDRE                                         r  bd_0_i/hls_inst/inst/gmem1_m_axi_U/bus_read/rs_rdata/data_p1_reg[23]/C
  -------------------------------------------------------------------    -------------------
    SLICE_X55Y108        FDRE (Prop_fdre_C_Q)         0.141     0.551 r  bd_0_i/hls_inst/inst/gmem1_m_axi_U/bus_read/rs_rdata/data_p1_reg[23]/Q
                         net (fo=1, routed)           0.106     0.657    bd_0_i/hls_inst/inst/gmem1_m_axi_U/load_unit_0/buff_rdata/U_fifo_mem/mem_reg_1[23]
    RAMB18_X3Y42         RAMB18E1                                     r  bd_0_i/hls_inst/inst/gmem1_m_axi_U/load_unit_0/buff_rdata/U_fifo_mem/mem_reg/DIBDI[7]
  -------------------------------------------------------------------    -------------------

                         (clock ap_clk rise edge)     0.000     0.000 r  
                                                      0.000     0.000 r  ap_clk (IN)
                         net (fo=9510, unset)         0.432     0.432    bd_0_i/hls_inst/inst/gmem1_m_axi_U/load_unit_0/buff_rdata/U_fifo_mem/ap_clk
    RAMB18_X3Y42         RAMB18E1                                     r  bd_0_i/hls_inst/inst/gmem1_m_axi_U/load_unit_0/buff_rdata/U_fifo_mem/mem_reg/CLKBWRCLK
                         clock pessimism              0.000     0.432    
    RAMB18_X3Y42         RAMB18E1 (Hold_ramb18e1_CLKBWRCLK_DIBDI[7])
                                                      0.155     0.587    bd_0_i/hls_inst/inst/gmem1_m_axi_U/load_unit_0/buff_rdata/U_fifo_mem/mem_reg
  -------------------------------------------------------------------
                         required time                         -0.587    
                         arrival time                           0.657    
  -------------------------------------------------------------------
                         slack                                  0.070    

Slack (MET) :             0.093ns  (arrival time - required time)
  Source:                 bd_0_i/hls_inst/inst/gmem0_m_axi_U/bus_read/rs_rdata/data_p1_reg[21]/C
                            (rising edge-triggered cell FDRE clocked by ap_clk  {rise@0.000ns fall@5.000ns period=10.000ns})
  Destination:            bd_0_i/hls_inst/inst/gmem0_m_axi_U/load_unit_0/buff_rdata/U_fifo_mem/mem_reg/DIBDI[5]
                            (rising edge-triggered cell RAMB18E1 clocked by ap_clk  {rise@0.000ns fall@5.000ns period=10.000ns})
  Path Group:             ap_clk
  Path Type:              Hold (Min at Fast Process Corner)
  Requirement:            0.000ns  (ap_clk rise@0.000ns - ap_clk rise@0.000ns)
  Data Path Delay:        0.270ns  (logic 0.141ns (52.244%)  route 0.129ns (47.756%))
  Logic Levels:           0  
  Clock Path Skew:        0.022ns (DCD - SCD - CPR)
    Destination Clock Delay (DCD):    0.432ns
    Source Clock Delay      (SCD):    0.410ns
    Clock Pessimism Removal (CPR):    -0.000ns

    Location             Delay type                Incr(ns)  Path(ns)    Netlist Resource(s)
  -------------------------------------------------------------------    -------------------
                         (clock ap_clk rise edge)     0.000     0.000 r  
                                                      0.000     0.000 r  ap_clk (IN)
                         net (fo=9510, unset)         0.410     0.410    bd_0_i/hls_inst/inst/gmem0_m_axi_U/bus_read/rs_rdata/ap_clk
    SLICE_X56Y111        FDRE                                         r  bd_0_i/hls_inst/inst/gmem0_m_axi_U/bus_read/rs_rdata/data_p1_reg[21]/C
  -------------------------------------------------------------------    -------------------
    SLICE_X56Y111        FDRE (Prop_fdre_C_Q)         0.141     0.551 r  bd_0_i/hls_inst/inst/gmem0_m_axi_U/bus_read/rs_rdata/data_p1_reg[21]/Q
                         net (fo=1, routed)           0.129     0.680    bd_0_i/hls_inst/inst/gmem0_m_axi_U/load_unit_0/buff_rdata/U_fifo_mem/mem_reg_1[21]
    RAMB18_X3Y44         RAMB18E1                                     r  bd_0_i/hls_inst/inst/gmem0_m_axi_U/load_unit_0/buff_rdata/U_fifo_mem/mem_reg/DIBDI[5]
  -------------------------------------------------------------------    -------------------

                         (clock ap_clk rise edge)     0.000     0.000 r  
                                                      0.000     0.000 r  ap_clk (IN)
                         net (fo=9510, unset)         0.432     0.432    bd_0_i/hls_inst/inst/gmem0_m_axi_U/load_unit_0/buff_rdata/U_fifo_mem/ap_clk
    RAMB18_X3Y44         RAMB18E1                                     r  bd_0_i/hls_inst/inst/gmem0_m_axi_U/load_unit_0/buff_rdata/U_fifo_mem/mem_reg/CLKBWRCLK
                         clock pessimism              0.000     0.432    
    RAMB18_X3Y44         RAMB18E1 (Hold_ramb18e1_CLKBWRCLK_DIBDI[5])
                                                      0.155     0.587    bd_0_i/hls_inst/inst/gmem0_m_axi_U/load_unit_0/buff_rdata/U_fifo_mem/mem_reg
  -------------------------------------------------------------------
                         required time                         -0.587    
                         arrival time                           0.680    
  -------------------------------------------------------------------
                         slack                                  0.093    

Slack (MET) :             0.093ns  (arrival time - required time)
  Source:                 bd_0_i/hls_inst/inst/gmem0_m_axi_U/bus_read/rs_rdata/data_p1_reg[15]/C
                            (rising edge-triggered cell FDRE clocked by ap_clk  {rise@0.000ns fall@5.000ns period=10.000ns})
  Destination:            bd_0_i/hls_inst/inst/gmem0_m_axi_U/load_unit_0/buff_rdata/U_fifo_mem/mem_reg/DIADI[15]
                            (rising edge-triggered cell RAMB18E1 clocked by ap_clk  {rise@0.000ns fall@5.000ns period=10.000ns})
  Path Group:             ap_clk
  Path Type:              Hold (Min at Fast Process Corner)
  Requirement:            0.000ns  (ap_clk rise@0.000ns - ap_clk rise@0.000ns)
  Data Path Delay:        0.270ns  (logic 0.164ns (60.728%)  route 0.106ns (39.272%))
  Logic Levels:           0  
  Clock Path Skew:        0.022ns (DCD - SCD - CPR)
    Destination Clock Delay (DCD):    0.432ns
    Source Clock Delay      (SCD):    0.410ns
    Clock Pessimism Removal (CPR):    -0.000ns

    Location             Delay type                Incr(ns)  Path(ns)    Netlist Resource(s)
  -------------------------------------------------------------------    -------------------
                         (clock ap_clk rise edge)     0.000     0.000 r  
                                                      0.000     0.000 r  ap_clk (IN)
                         net (fo=9510, unset)         0.410     0.410    bd_0_i/hls_inst/inst/gmem0_m_axi_U/bus_read/rs_rdata/ap_clk
    SLICE_X54Y113        FDRE                                         r  bd_0_i/hls_inst/inst/gmem0_m_axi_U/bus_read/rs_rdata/data_p1_reg[15]/C
  -------------------------------------------------------------------    -------------------
    SLICE_X54Y113        FDRE (Prop_fdre_C_Q)         0.164     0.574 r  bd_0_i/hls_inst/inst/gmem0_m_axi_U/bus_read/rs_rdata/data_p1_reg[15]/Q
                         net (fo=1, routed)           0.106     0.680    bd_0_i/hls_inst/inst/gmem0_m_axi_U/load_unit_0/buff_rdata/U_fifo_mem/mem_reg_1[15]
    RAMB18_X3Y44         RAMB18E1                                     r  bd_0_i/hls_inst/inst/gmem0_m_axi_U/load_unit_0/buff_rdata/U_fifo_mem/mem_reg/DIADI[15]
  -------------------------------------------------------------------    -------------------

                         (clock ap_clk rise edge)     0.000     0.000 r  
                                                      0.000     0.000 r  ap_clk (IN)
                         net (fo=9510, unset)         0.432     0.432    bd_0_i/hls_inst/inst/gmem0_m_axi_U/load_unit_0/buff_rdata/U_fifo_mem/ap_clk
    RAMB18_X3Y44         RAMB18E1                                     r  bd_0_i/hls_inst/inst/gmem0_m_axi_U/load_unit_0/buff_rdata/U_fifo_mem/mem_reg/CLKBWRCLK
                         clock pessimism              0.000     0.432    
    RAMB18_X3Y44         RAMB18E1 (Hold_ramb18e1_CLKBWRCLK_DIADI[15])
                                                      0.155     0.587    bd_0_i/hls_inst/inst/gmem0_m_axi_U/load_unit_0/buff_rdata/U_fifo_mem/mem_reg
  -------------------------------------------------------------------
                         required time                         -0.587    
                         arrival time                           0.680    
  -------------------------------------------------------------------
                         slack                                  0.093    

Slack (MET) :             0.093ns  (arrival time - required time)
  Source:                 bd_0_i/hls_inst/inst/gmem0_m_axi_U/bus_read/rs_rdata/data_p1_reg[2]/C
                            (rising edge-triggered cell FDRE clocked by ap_clk  {rise@0.000ns fall@5.000ns period=10.000ns})
  Destination:            bd_0_i/hls_inst/inst/gmem0_m_axi_U/load_unit_0/buff_rdata/U_fifo_mem/mem_reg/DIADI[2]
                            (rising edge-triggered cell RAMB18E1 clocked by ap_clk  {rise@0.000ns fall@5.000ns period=10.000ns})
  Path Group:             ap_clk
  Path Type:              Hold (Min at Fast Process Corner)
  Requirement:            0.000ns  (ap_clk rise@0.000ns - ap_clk rise@0.000ns)
  Data Path Delay:        0.270ns  (logic 0.164ns (60.728%)  route 0.106ns (39.272%))
  Logic Levels:           0  
  Clock Path Skew:        0.022ns (DCD - SCD - CPR)
    Destination Clock Delay (DCD):    0.432ns
    Source Clock Delay      (SCD):    0.410ns
    Clock Pessimism Removal (CPR):    -0.000ns

    Location             Delay type                Incr(ns)  Path(ns)    Netlist Resource(s)
  -------------------------------------------------------------------    -------------------
                         (clock ap_clk rise edge)     0.000     0.000 r  
                                                      0.000     0.000 r  ap_clk (IN)
                         net (fo=9510, unset)         0.410     0.410    bd_0_i/hls_inst/inst/gmem0_m_axi_U/bus_read/rs_rdata/ap_clk
    SLICE_X54Y111        FDRE                                         r  bd_0_i/hls_inst/inst/gmem0_m_axi_U/bus_read/rs_rdata/data_p1_reg[2]/C
  -------------------------------------------------------------------    -------------------
    SLICE_X54Y111        FDRE (Prop_fdre_C_Q)         0.164     0.574 r  bd_0_i/hls_inst/inst/gmem0_m_axi_U/bus_read/rs_rdata/data_p1_reg[2]/Q
                         net (fo=1, routed)           0.106     0.680    bd_0_i/hls_inst/inst/gmem0_m_axi_U/load_unit_0/buff_rdata/U_fifo_mem/mem_reg_1[2]
    RAMB18_X3Y44         RAMB18E1                                     r  bd_0_i/hls_inst/inst/gmem0_m_axi_U/load_unit_0/buff_rdata/U_fifo_mem/mem_reg/DIADI[2]
  -------------------------------------------------------------------    -------------------

                         (clock ap_clk rise edge)     0.000     0.000 r  
                                                      0.000     0.000 r  ap_clk (IN)
                         net (fo=9510, unset)         0.432     0.432    bd_0_i/hls_inst/inst/gmem0_m_axi_U/load_unit_0/buff_rdata/U_fifo_mem/ap_clk
    RAMB18_X3Y44         RAMB18E1                                     r  bd_0_i/hls_inst/inst/gmem0_m_axi_U/load_unit_0/buff_rdata/U_fifo_mem/mem_reg/CLKBWRCLK
                         clock pessimism              0.000     0.432    
    RAMB18_X3Y44         RAMB18E1 (Hold_ramb18e1_CLKBWRCLK_DIADI[2])
                                                      0.155     0.587    bd_0_i/hls_inst/inst/gmem0_m_axi_U/load_unit_0/buff_rdata/U_fifo_mem/mem_reg
  -------------------------------------------------------------------
                         required time                         -0.587    
                         arrival time                           0.680    
  -------------------------------------------------------------------
                         slack                                  0.093    

Slack (MET) :             0.093ns  (arrival time - required time)
  Source:                 bd_0_i/hls_inst/inst/gmem0_m_axi_U/bus_read/rs_rdata/data_p1_reg[3]/C
                            (rising edge-triggered cell FDRE clocked by ap_clk  {rise@0.000ns fall@5.000ns period=10.000ns})
  Destination:            bd_0_i/hls_inst/inst/gmem0_m_axi_U/load_unit_0/buff_rdata/U_fifo_mem/mem_reg/DIADI[3]
                            (rising edge-triggered cell RAMB18E1 clocked by ap_clk  {rise@0.000ns fall@5.000ns period=10.000ns})
  Path Group:             ap_clk
  Path Type:              Hold (Min at Fast Process Corner)
  Requirement:            0.000ns  (ap_clk rise@0.000ns - ap_clk rise@0.000ns)
  Data Path Delay:        0.270ns  (logic 0.164ns (60.728%)  route 0.106ns (39.272%))
  Logic Levels:           0  
  Clock Path Skew:        0.022ns (DCD - SCD - CPR)
    Destination Clock Delay (DCD):    0.432ns
    Source Clock Delay      (SCD):    0.410ns
    Clock Pessimism Removal (CPR):    -0.000ns

    Location             Delay type                Incr(ns)  Path(ns)    Netlist Resource(s)
  -------------------------------------------------------------------    -------------------
                         (clock ap_clk rise edge)     0.000     0.000 r  
                                                      0.000     0.000 r  ap_clk (IN)
                         net (fo=9510, unset)         0.410     0.410    bd_0_i/hls_inst/inst/gmem0_m_axi_U/bus_read/rs_rdata/ap_clk
    SLICE_X54Y111        FDRE                                         r  bd_0_i/hls_inst/inst/gmem0_m_axi_U/bus_read/rs_rdata/data_p1_reg[3]/C
  -------------------------------------------------------------------    -------------------
    SLICE_X54Y111        FDRE (Prop_fdre_C_Q)         0.164     0.574 r  bd_0_i/hls_inst/inst/gmem0_m_axi_U/bus_read/rs_rdata/data_p1_reg[3]/Q
                         net (fo=1, routed)           0.106     0.680    bd_0_i/hls_inst/inst/gmem0_m_axi_U/load_unit_0/buff_rdata/U_fifo_mem/mem_reg_1[3]
    RAMB18_X3Y44         RAMB18E1                                     r  bd_0_i/hls_inst/inst/gmem0_m_axi_U/load_unit_0/buff_rdata/U_fifo_mem/mem_reg/DIADI[3]
  -------------------------------------------------------------------    -------------------

                         (clock ap_clk rise edge)     0.000     0.000 r  
                                                      0.000     0.000 r  ap_clk (IN)
                         net (fo=9510, unset)         0.432     0.432    bd_0_i/hls_inst/inst/gmem0_m_axi_U/load_unit_0/buff_rdata/U_fifo_mem/ap_clk
    RAMB18_X3Y44         RAMB18E1                                     r  bd_0_i/hls_inst/inst/gmem0_m_axi_U/load_unit_0/buff_rdata/U_fifo_mem/mem_reg/CLKBWRCLK
                         clock pessimism              0.000     0.432    
    RAMB18_X3Y44         RAMB18E1 (Hold_ramb18e1_CLKBWRCLK_DIADI[3])
                                                      0.155     0.587    bd_0_i/hls_inst/inst/gmem0_m_axi_U/load_unit_0/buff_rdata/U_fifo_mem/mem_reg
  -------------------------------------------------------------------
                         required time                         -0.587    
                         arrival time                           0.680    
  -------------------------------------------------------------------
                         slack                                  0.093    

Slack (MET) :             0.093ns  (arrival time - required time)
  Source:                 bd_0_i/hls_inst/inst/gmem0_m_axi_U/bus_read/rs_rdata/data_p1_reg[25]/C
                            (rising edge-triggered cell FDRE clocked by ap_clk  {rise@0.000ns fall@5.000ns period=10.000ns})
  Destination:            bd_0_i/hls_inst/inst/gmem0_m_axi_U/load_unit_0/buff_rdata/U_fifo_mem/mem_reg/DIBDI[9]
                            (rising edge-triggered cell RAMB18E1 clocked by ap_clk  {rise@0.000ns fall@5.000ns period=10.000ns})
  Path Group:             ap_clk
  Path Type:              Hold (Min at Fast Process Corner)
  Requirement:            0.000ns  (ap_clk rise@0.000ns - ap_clk rise@0.000ns)
  Data Path Delay:        0.270ns  (logic 0.164ns (60.728%)  route 0.106ns (39.272%))
  Logic Levels:           0  
  Clock Path Skew:        0.022ns (DCD - SCD - CPR)
    Destination Clock Delay (DCD):    0.432ns
    Source Clock Delay      (SCD):    0.410ns
    Clock Pessimism Removal (CPR):    -0.000ns

    Location             Delay type                Incr(ns)  Path(ns)    Netlist Resource(s)
  -------------------------------------------------------------------    -------------------
                         (clock ap_clk rise edge)     0.000     0.000 r  
                                                      0.000     0.000 r  ap_clk (IN)
                         net (fo=9510, unset)         0.410     0.410    bd_0_i/hls_inst/inst/gmem0_m_axi_U/bus_read/rs_rdata/ap_clk
    SLICE_X54Y111        FDRE                                         r  bd_0_i/hls_inst/inst/gmem0_m_axi_U/bus_read/rs_rdata/data_p1_reg[25]/C
  -------------------------------------------------------------------    -------------------
    SLICE_X54Y111        FDRE (Prop_fdre_C_Q)         0.164     0.574 r  bd_0_i/hls_inst/inst/gmem0_m_axi_U/bus_read/rs_rdata/data_p1_reg[25]/Q
                         net (fo=1, routed)           0.106     0.680    bd_0_i/hls_inst/inst/gmem0_m_axi_U/load_unit_0/buff_rdata/U_fifo_mem/mem_reg_1[25]
    RAMB18_X3Y44         RAMB18E1                                     r  bd_0_i/hls_inst/inst/gmem0_m_axi_U/load_unit_0/buff_rdata/U_fifo_mem/mem_reg/DIBDI[9]
  -------------------------------------------------------------------    -------------------

                         (clock ap_clk rise edge)     0.000     0.000 r  
                                                      0.000     0.000 r  ap_clk (IN)
                         net (fo=9510, unset)         0.432     0.432    bd_0_i/hls_inst/inst/gmem0_m_axi_U/load_unit_0/buff_rdata/U_fifo_mem/ap_clk
    RAMB18_X3Y44         RAMB18E1                                     r  bd_0_i/hls_inst/inst/gmem0_m_axi_U/load_unit_0/buff_rdata/U_fifo_mem/mem_reg/CLKBWRCLK
                         clock pessimism              0.000     0.432    
    RAMB18_X3Y44         RAMB18E1 (Hold_ramb18e1_CLKBWRCLK_DIBDI[9])
                                                      0.155     0.587    bd_0_i/hls_inst/inst/gmem0_m_axi_U/load_unit_0/buff_rdata/U_fifo_mem/mem_reg
  -------------------------------------------------------------------
                         required time                         -0.587    
                         arrival time                           0.680    
  -------------------------------------------------------------------
                         slack                                  0.093    

Slack (MET) :             0.093ns  (arrival time - required time)
  Source:                 bd_0_i/hls_inst/inst/gmem1_m_axi_U/bus_read/rs_rdata/data_p1_reg[30]/C
                            (rising edge-triggered cell FDRE clocked by ap_clk  {rise@0.000ns fall@5.000ns period=10.000ns})
  Destination:            bd_0_i/hls_inst/inst/gmem1_m_axi_U/load_unit_0/buff_rdata/U_fifo_mem/mem_reg/DIBDI[14]
                            (rising edge-triggered cell RAMB18E1 clocked by ap_clk  {rise@0.000ns fall@5.000ns period=10.000ns})
  Path Group:             ap_clk
  Path Type:              Hold (Min at Fast Process Corner)
  Requirement:            0.000ns  (ap_clk rise@0.000ns - ap_clk rise@0.000ns)
  Data Path Delay:        0.270ns  (logic 0.164ns (60.728%)  route 0.106ns (39.272%))
  Logic Levels:           0  
  Clock Path Skew:        0.022ns (DCD - SCD - CPR)
    Destination Clock Delay (DCD):    0.432ns
    Source Clock Delay      (SCD):    0.410ns
    Clock Pessimism Removal (CPR):    -0.000ns

    Location             Delay type                Incr(ns)  Path(ns)    Netlist Resource(s)
  -------------------------------------------------------------------    -------------------
                         (clock ap_clk rise edge)     0.000     0.000 r  
                                                      0.000     0.000 r  ap_clk (IN)
                         net (fo=9510, unset)         0.410     0.410    bd_0_i/hls_inst/inst/gmem1_m_axi_U/bus_read/rs_rdata/ap_clk
    SLICE_X54Y107        FDRE                                         r  bd_0_i/hls_inst/inst/gmem1_m_axi_U/bus_read/rs_rdata/data_p1_reg[30]/C
  -------------------------------------------------------------------    -------------------
    SLICE_X54Y107        FDRE (Prop_fdre_C_Q)         0.164     0.574 r  bd_0_i/hls_inst/inst/gmem1_m_axi_U/bus_read/rs_rdata/data_p1_reg[30]/Q
                         net (fo=1, routed)           0.106     0.680    bd_0_i/hls_inst/inst/gmem1_m_axi_U/load_unit_0/buff_rdata/U_fifo_mem/mem_reg_1[30]
    RAMB18_X3Y42         RAMB18E1                                     r  bd_0_i/hls_inst/inst/gmem1_m_axi_U/load_unit_0/buff_rdata/U_fifo_mem/mem_reg/DIBDI[14]
  -------------------------------------------------------------------    -------------------

                         (clock ap_clk rise edge)     0.000     0.000 r  
                                                      0.000     0.000 r  ap_clk (IN)
                         net (fo=9510, unset)         0.432     0.432    bd_0_i/hls_inst/inst/gmem1_m_axi_U/load_unit_0/buff_rdata/U_fifo_mem/ap_clk
    RAMB18_X3Y42         RAMB18E1                                     r  bd_0_i/hls_inst/inst/gmem1_m_axi_U/load_unit_0/buff_rdata/U_fifo_mem/mem_reg/CLKBWRCLK
                         clock pessimism              0.000     0.432    
    RAMB18_X3Y42         RAMB18E1 (Hold_ramb18e1_CLKBWRCLK_DIBDI[14])
                                                      0.155     0.587    bd_0_i/hls_inst/inst/gmem1_m_axi_U/load_unit_0/buff_rdata/U_fifo_mem/mem_reg
  -------------------------------------------------------------------
                         required time                         -0.587    
                         arrival time                           0.680    
  -------------------------------------------------------------------
                         slack                                  0.093    

Slack (MET) :             0.094ns  (arrival time - required time)
  Source:                 bd_0_i/hls_inst/inst/gmem0_m_axi_U/bus_read/rs_rdata/data_p1_reg[24]/C
                            (rising edge-triggered cell FDRE clocked by ap_clk  {rise@0.000ns fall@5.000ns period=10.000ns})
  Destination:            bd_0_i/hls_inst/inst/gmem0_m_axi_U/load_unit_0/buff_rdata/U_fifo_mem/mem_reg/DIBDI[8]
                            (rising edge-triggered cell RAMB18E1 clocked by ap_clk  {rise@0.000ns fall@5.000ns period=10.000ns})
  Path Group:             ap_clk
  Path Type:              Hold (Min at Fast Process Corner)
  Requirement:            0.000ns  (ap_clk rise@0.000ns - ap_clk rise@0.000ns)
  Data Path Delay:        0.271ns  (logic 0.164ns (60.558%)  route 0.107ns (39.442%))
  Logic Levels:           0  
  Clock Path Skew:        0.022ns (DCD - SCD - CPR)
    Destination Clock Delay (DCD):    0.432ns
    Source Clock Delay      (SCD):    0.410ns
    Clock Pessimism Removal (CPR):    -0.000ns

    Location             Delay type                Incr(ns)  Path(ns)    Netlist Resource(s)
  -------------------------------------------------------------------    -------------------
                         (clock ap_clk rise edge)     0.000     0.000 r  
                                                      0.000     0.000 r  ap_clk (IN)
                         net (fo=9510, unset)         0.410     0.410    bd_0_i/hls_inst/inst/gmem0_m_axi_U/bus_read/rs_rdata/ap_clk
    SLICE_X54Y110        FDRE                                         r  bd_0_i/hls_inst/inst/gmem0_m_axi_U/bus_read/rs_rdata/data_p1_reg[24]/C
  -------------------------------------------------------------------    -------------------
    SLICE_X54Y110        FDRE (Prop_fdre_C_Q)         0.164     0.574 r  bd_0_i/hls_inst/inst/gmem0_m_axi_U/bus_read/rs_rdata/data_p1_reg[24]/Q
                         net (fo=1, routed)           0.107     0.681    bd_0_i/hls_inst/inst/gmem0_m_axi_U/load_unit_0/buff_rdata/U_fifo_mem/mem_reg_1[24]
    RAMB18_X3Y44         RAMB18E1                                     r  bd_0_i/hls_inst/inst/gmem0_m_axi_U/load_unit_0/buff_rdata/U_fifo_mem/mem_reg/DIBDI[8]
  -------------------------------------------------------------------    -------------------

                         (clock ap_clk rise edge)     0.000     0.000 r  
                                                      0.000     0.000 r  ap_clk (IN)
                         net (fo=9510, unset)         0.432     0.432    bd_0_i/hls_inst/inst/gmem0_m_axi_U/load_unit_0/buff_rdata/U_fifo_mem/ap_clk
    RAMB18_X3Y44         RAMB18E1                                     r  bd_0_i/hls_inst/inst/gmem0_m_axi_U/load_unit_0/buff_rdata/U_fifo_mem/mem_reg/CLKBWRCLK
                         clock pessimism              0.000     0.432    
    RAMB18_X3Y44         RAMB18E1 (Hold_ramb18e1_CLKBWRCLK_DIBDI[8])
                                                      0.155     0.587    bd_0_i/hls_inst/inst/gmem0_m_axi_U/load_unit_0/buff_rdata/U_fifo_mem/mem_reg
  -------------------------------------------------------------------
                         required time                         -0.587    
                         arrival time                           0.681    
  -------------------------------------------------------------------
                         slack                                  0.094    

Slack (MET) :             0.094ns  (arrival time - required time)
  Source:                 bd_0_i/hls_inst/inst/gmem1_m_axi_U/bus_read/rs_rdata/data_p1_reg[5]/C
                            (rising edge-triggered cell FDRE clocked by ap_clk  {rise@0.000ns fall@5.000ns period=10.000ns})
  Destination:            bd_0_i/hls_inst/inst/gmem1_m_axi_U/load_unit_0/buff_rdata/U_fifo_mem/mem_reg/DIADI[5]
                            (rising edge-triggered cell RAMB18E1 clocked by ap_clk  {rise@0.000ns fall@5.000ns period=10.000ns})
  Path Group:             ap_clk
  Path Type:              Hold (Min at Fast Process Corner)
  Requirement:            0.000ns  (ap_clk rise@0.000ns - ap_clk rise@0.000ns)
  Data Path Delay:        0.271ns  (logic 0.164ns (60.558%)  route 0.107ns (39.442%))
  Logic Levels:           0  
  Clock Path Skew:        0.022ns (DCD - SCD - CPR)
    Destination Clock Delay (DCD):    0.432ns
    Source Clock Delay      (SCD):    0.410ns
    Clock Pessimism Removal (CPR):    -0.000ns

    Location             Delay type                Incr(ns)  Path(ns)    Netlist Resource(s)
  -------------------------------------------------------------------    -------------------
                         (clock ap_clk rise edge)     0.000     0.000 r  
                                                      0.000     0.000 r  ap_clk (IN)
                         net (fo=9510, unset)         0.410     0.410    bd_0_i/hls_inst/inst/gmem1_m_axi_U/bus_read/rs_rdata/ap_clk
    SLICE_X54Y106        FDRE                                         r  bd_0_i/hls_inst/inst/gmem1_m_axi_U/bus_read/rs_rdata/data_p1_reg[5]/C
  -------------------------------------------------------------------    -------------------
    SLICE_X54Y106        FDRE (Prop_fdre_C_Q)         0.164     0.574 r  bd_0_i/hls_inst/inst/gmem1_m_axi_U/bus_read/rs_rdata/data_p1_reg[5]/Q
                         net (fo=1, routed)           0.107     0.681    bd_0_i/hls_inst/inst/gmem1_m_axi_U/load_unit_0/buff_rdata/U_fifo_mem/mem_reg_1[5]
    RAMB18_X3Y42         RAMB18E1                                     r  bd_0_i/hls_inst/inst/gmem1_m_axi_U/load_unit_0/buff_rdata/U_fifo_mem/mem_reg/DIADI[5]
  -------------------------------------------------------------------    -------------------

                         (clock ap_clk rise edge)     0.000     0.000 r  
                                                      0.000     0.000 r  ap_clk (IN)
                         net (fo=9510, unset)         0.432     0.432    bd_0_i/hls_inst/inst/gmem1_m_axi_U/load_unit_0/buff_rdata/U_fifo_mem/ap_clk
    RAMB18_X3Y42         RAMB18E1                                     r  bd_0_i/hls_inst/inst/gmem1_m_axi_U/load_unit_0/buff_rdata/U_fifo_mem/mem_reg/CLKBWRCLK
                         clock pessimism              0.000     0.432    
    RAMB18_X3Y42         RAMB18E1 (Hold_ramb18e1_CLKBWRCLK_DIADI[5])
                                                      0.155     0.587    bd_0_i/hls_inst/inst/gmem1_m_axi_U/load_unit_0/buff_rdata/U_fifo_mem/mem_reg
  -------------------------------------------------------------------
                         required time                         -0.587    
                         arrival time                           0.681    
  -------------------------------------------------------------------
                         slack                                  0.094    





Pulse Width Checks
--------------------------------------------------------------------------------------
Clock Name:         ap_clk
Waveform(ns):       { 0.000 5.000 }
Period(ns):         10.000
Sources:            { ap_clk }

Check Type        Corner  Lib Pin             Reference Pin  Required(ns)  Actual(ns)  Slack(ns)  Location       Pin
Min Period        n/a     DSP48E1/CLK         n/a            3.884         10.000      6.116      DSP48_X2Y54    bd_0_i/hls_inst/inst/grp_sin_or_cos_float_s_fu_479/mul_15ns_15s_30_1_1_U9/tmp_product/CLK
Min Period        n/a     DSP48E1/CLK         n/a            3.884         10.000      6.116      DSP48_X2Y46    bd_0_i/hls_inst/inst/grp_sin_or_cos_float_s_fu_479/mul_23s_22ns_45_1_1_U1/tmp_product__0/CLK
Min Period        n/a     DSP48E1/CLK         n/a            3.884         10.000      6.116      DSP48_X2Y52    bd_0_i/hls_inst/inst/grp_sin_or_cos_float_s_fu_479/mul_30s_29ns_58_2_1_U2/buff0_reg__0/CLK
Min Period        n/a     DSP48E1/CLK         n/a            3.884         10.000      6.116      DSP48_X2Y32    bd_0_i/hls_inst/inst/grp_sin_or_cos_float_s_fu_479/mul_80s_24ns_80_5_1_U3/buff0_reg/CLK
Min Period        n/a     DSP48E1/CLK         n/a            3.884         10.000      6.116      DSP48_X2Y31    bd_0_i/hls_inst/inst/grp_sin_or_cos_float_s_fu_495/mul_15ns_15s_30_1_1_U9/tmp_product/CLK
Min Period        n/a     DSP48E1/CLK         n/a            3.884         10.000      6.116      DSP48_X2Y39    bd_0_i/hls_inst/inst/grp_sin_or_cos_float_s_fu_495/mul_23s_22ns_45_1_1_U1/tmp_product__0/CLK
Min Period        n/a     DSP48E1/CLK         n/a            3.884         10.000      6.116      DSP48_X2Y43    bd_0_i/hls_inst/inst/grp_sin_or_cos_float_s_fu_495/mul_30s_29ns_58_2_1_U2/buff0_reg__0/CLK
Min Period        n/a     DSP48E1/CLK         n/a            3.687         10.000      6.313      DSP48_X2Y50    bd_0_i/hls_inst/inst/grp_sin_or_cos_float_s_fu_479/mul_30s_29ns_58_2_1_U2/buff0_reg__0__0/CLK
Min Period        n/a     DSP48E1/CLK         n/a            3.687         10.000      6.313      DSP48_X2Y41    bd_0_i/hls_inst/inst/grp_sin_or_cos_float_s_fu_495/mul_30s_29ns_58_2_1_U2/buff0_reg__0__0/CLK
Min Period        n/a     RAMB18E1/CLKARDCLK  n/a            2.944         10.000      7.056      RAMB18_X3Y44   bd_0_i/hls_inst/inst/gmem0_m_axi_U/load_unit_0/buff_rdata/U_fifo_mem/mem_reg/CLKARDCLK
Low Pulse Width   Slow    SRL16E/CLK          n/a            0.980         5.000       4.020      SLICE_X86Y114  bd_0_wrapper/bd_0/bd_0_hls_inst_0/bd_0_hls_inst_0_enhanced_correlator/bd_0_hls_inst_0_enhanced_correlator_fdiv_32ns_32ns_32_16_no_dsp_1__xdcDup__1/bd_0_hls_inst_0_enhanced_correlator_fdiv_32ns_32ns_32_16_no_dsp_1_ip__3/<hidden>/<hidden>/<hidden>/<hidden>/<hidden>/<hidden>
Low Pulse Width   Fast    SRL16E/CLK          n/a            0.980         5.000       4.020      SLICE_X86Y114  bd_0_wrapper/bd_0/bd_0_hls_inst_0/bd_0_hls_inst_0_enhanced_correlator/bd_0_hls_inst_0_enhanced_correlator_fdiv_32ns_32ns_32_16_no_dsp_1__xdcDup__1/bd_0_hls_inst_0_enhanced_correlator_fdiv_32ns_32ns_32_16_no_dsp_1_ip__3/<hidden>/<hidden>/<hidden>/<hidden>/<hidden>/<hidden>
Low Pulse Width   Slow    SRL16E/CLK          n/a            0.980         5.000       4.020      SLICE_X86Y114  bd_0_wrapper/bd_0/bd_0_hls_inst_0/bd_0_hls_inst_0_enhanced_correlator/bd_0_hls_inst_0_enhanced_correlator_fdiv_32ns_32ns_32_16_no_dsp_1__xdcDup__1/bd_0_hls_inst_0_enhanced_correlator_fdiv_32ns_32ns_32_16_no_dsp_1_ip__3/<hidden>/<hidden>/<hidden>/<hidden>/<hidden>/<hidden>
Low Pulse Width   Fast    SRL16E/CLK          n/a            0.980         5.000       4.020      SLICE_X86Y114  bd_0_wrapper/bd_0/bd_0_hls_inst_0/bd_0_hls_inst_0_enhanced_correlator/bd_0_hls_inst_0_enhanced_correlator_fdiv_32ns_32ns_32_16_no_dsp_1__xdcDup__1/bd_0_hls_inst_0_enhanced_correlator_fdiv_32ns_32ns_32_16_no_dsp_1_ip__3/<hidden>/<hidden>/<hidden>/<hidden>/<hidden>/<hidden>
Low Pulse Width   Slow    SRL16E/CLK          n/a            0.980         5.000       4.020      SLICE_X86Y114  bd_0_wrapper/bd_0/bd_0_hls_inst_0/bd_0_hls_inst_0_enhanced_correlator/bd_0_hls_inst_0_enhanced_correlator_fdiv_32ns_32ns_32_16_no_dsp_1__xdcDup__1/bd_0_hls_inst_0_enhanced_correlator_fdiv_32ns_32ns_32_16_no_dsp_1_ip__3/<hidden>/<hidden>/<hidden>/<hidden>/<hidden>/<hidden>
Low Pulse Width   Fast    SRL16E/CLK          n/a            0.980         5.000       4.020      SLICE_X86Y114  bd_0_wrapper/bd_0/bd_0_hls_inst_0/bd_0_hls_inst_0_enhanced_correlator/bd_0_hls_inst_0_enhanced_correlator_fdiv_32ns_32ns_32_16_no_dsp_1__xdcDup__1/bd_0_hls_inst_0_enhanced_correlator_fdiv_32ns_32ns_32_16_no_dsp_1_ip__3/<hidden>/<hidden>/<hidden>/<hidden>/<hidden>/<hidden>
Low Pulse Width   Slow    SRL16E/CLK          n/a            0.980         5.000       4.020      SLICE_X86Y114  bd_0_wrapper/bd_0/bd_0_hls_inst_0/bd_0_hls_inst_0_enhanced_correlator/bd_0_hls_inst_0_enhanced_correlator_fdiv_32ns_32ns_32_16_no_dsp_1__xdcDup__1/bd_0_hls_inst_0_enhanced_correlator_fdiv_32ns_32ns_32_16_no_dsp_1_ip__3/<hidden>/<hidden>/<hidden>/<hidden>/<hidden>/<hidden>
Low Pulse Width   Fast    SRL16E/CLK          n/a            0.980         5.000       4.020      SLICE_X86Y114  bd_0_wrapper/bd_0/bd_0_hls_inst_0/bd_0_hls_inst_0_enhanced_correlator/bd_0_hls_inst_0_enhanced_correlator_fdiv_32ns_32ns_32_16_no_dsp_1__xdcDup__1/bd_0_hls_inst_0_enhanced_correlator_fdiv_32ns_32ns_32_16_no_dsp_1_ip__3/<hidden>/<hidden>/<hidden>/<hidden>/<hidden>/<hidden>
Low Pulse Width   Slow    SRL16E/CLK          n/a            0.980         5.000       4.020      SLICE_X86Y114  bd_0_wrapper/bd_0/bd_0_hls_inst_0/bd_0_hls_inst_0_enhanced_correlator/bd_0_hls_inst_0_enhanced_correlator_fdiv_32ns_32ns_32_16_no_dsp_1__xdcDup__1/bd_0_hls_inst_0_enhanced_correlator_fdiv_32ns_32ns_32_16_no_dsp_1_ip__3/<hidden>/<hidden>/<hidden>/<hidden>/<hidden>/<hidden>
Low Pulse Width   Fast    SRL16E/CLK          n/a            0.980         5.000       4.020      SLICE_X86Y114  bd_0_wrapper/bd_0/bd_0_hls_inst_0/bd_0_hls_inst_0_enhanced_correlator/bd_0_hls_inst_0_enhanced_correlator_fdiv_32ns_32ns_32_16_no_dsp_1__xdcDup__1/bd_0_hls_inst_0_enhanced_correlator_fdiv_32ns_32ns_32_16_no_dsp_1_ip__3/<hidden>/<hidden>/<hidden>/<hidden>/<hidden>/<hidden>
High Pulse Width  Slow    SRL16E/CLK          n/a            0.980         5.000       4.020      SLICE_X86Y114  bd_0_wrapper/bd_0/bd_0_hls_inst_0/bd_0_hls_inst_0_enhanced_correlator/bd_0_hls_inst_0_enhanced_correlator_fdiv_32ns_32ns_32_16_no_dsp_1__xdcDup__1/bd_0_hls_inst_0_enhanced_correlator_fdiv_32ns_32ns_32_16_no_dsp_1_ip__3/<hidden>/<hidden>/<hidden>/<hidden>/<hidden>/<hidden>
High Pulse Width  Fast    SRL16E/CLK          n/a            0.980         5.000       4.020      SLICE_X86Y114  bd_0_wrapper/bd_0/bd_0_hls_inst_0/bd_0_hls_inst_0_enhanced_correlator/bd_0_hls_inst_0_enhanced_correlator_fdiv_32ns_32ns_32_16_no_dsp_1__xdcDup__1/bd_0_hls_inst_0_enhanced_correlator_fdiv_32ns_32ns_32_16_no_dsp_1_ip__3/<hidden>/<hidden>/<hidden>/<hidden>/<hidden>/<hidden>
High Pulse Width  Slow    SRL16E/CLK          n/a            0.980         5.000       4.020      SLICE_X86Y114  bd_0_wrapper/bd_0/bd_0_hls_inst_0/bd_0_hls_inst_0_enhanced_correlator/bd_0_hls_inst_0_enhanced_correlator_fdiv_32ns_32ns_32_16_no_dsp_1__xdcDup__1/bd_0_hls_inst_0_enhanced_correlator_fdiv_32ns_32ns_32_16_no_dsp_1_ip__3/<hidden>/<hidden>/<hidden>/<hidden>/<hidden>/<hidden>
High Pulse Width  Fast    SRL16E/CLK          n/a            0.980         5.000       4.020      SLICE_X86Y114  bd_0_wrapper/bd_0/bd_0_hls_inst_0/bd_0_hls_inst_0_enhanced_correlator/bd_0_hls_inst_0_enhanced_correlator_fdiv_32ns_32ns_32_16_no_dsp_1__xdcDup__1/bd_0_hls_inst_0_enhanced_correlator_fdiv_32ns_32ns_32_16_no_dsp_1_ip__3/<hidden>/<hidden>/<hidden>/<hidden>/<hidden>/<hidden>
High Pulse Width  Slow    SRL16E/CLK          n/a            0.980         5.000       4.020      SLICE_X86Y114  bd_0_wrapper/bd_0/bd_0_hls_inst_0/bd_0_hls_inst_0_enhanced_correlator/bd_0_hls_inst_0_enhanced_correlator_fdiv_32ns_32ns_32_16_no_dsp_1__xdcDup__1/bd_0_hls_inst_0_enhanced_correlator_fdiv_32ns_32ns_32_16_no_dsp_1_ip__3/<hidden>/<hidden>/<hidden>/<hidden>/<hidden>/<hidden>
High Pulse Width  Fast    SRL16E/CLK          n/a            0.980         5.000       4.020      SLICE_X86Y114  bd_0_wrapper/bd_0/bd_0_hls_inst_0/bd_0_hls_inst_0_enhanced_correlator/bd_0_hls_inst_0_enhanced_correlator_fdiv_32ns_32ns_32_16_no_dsp_1__xdcDup__1/bd_0_hls_inst_0_enhanced_correlator_fdiv_32ns_32ns_32_16_no_dsp_1_ip__3/<hidden>/<hidden>/<hidden>/<hidden>/<hidden>/<hidden>
High Pulse Width  Slow    SRL16E/CLK          n/a            0.980         5.000       4.020      SLICE_X86Y114  bd_0_wrapper/bd_0/bd_0_hls_inst_0/bd_0_hls_inst_0_enhanced_correlator/bd_0_hls_inst_0_enhanced_correlator_fdiv_32ns_32ns_32_16_no_dsp_1__xdcDup__1/bd_0_hls_inst_0_enhanced_correlator_fdiv_32ns_32ns_32_16_no_dsp_1_ip__3/<hidden>/<hidden>/<hidden>/<hidden>/<hidden>/<hidden>
High Pulse Width  Fast    SRL16E/CLK          n/a            0.980         5.000       4.020      SLICE_X86Y114  bd_0_wrapper/bd_0/bd_0_hls_inst_0/bd_0_hls_inst_0_enhanced_correlator/bd_0_hls_inst_0_enhanced_correlator_fdiv_32ns_32ns_32_16_no_dsp_1__xdcDup__1/bd_0_hls_inst_0_enhanced_correlator_fdiv_32ns_32ns_32_16_no_dsp_1_ip__3/<hidden>/<hidden>/<hidden>/<hidden>/<hidden>/<hidden>
High Pulse Width  Slow    SRL16E/CLK          n/a            0.980         5.000       4.020      SLICE_X86Y114  bd_0_wrapper/bd_0/bd_0_hls_inst_0/bd_0_hls_inst_0_enhanced_correlator/bd_0_hls_inst_0_enhanced_correlator_fdiv_32ns_32ns_32_16_no_dsp_1__xdcDup__1/bd_0_hls_inst_0_enhanced_correlator_fdiv_32ns_32ns_32_16_no_dsp_1_ip__3/<hidden>/<hidden>/<hidden>/<hidden>/<hidden>/<hidden>
High Pulse Width  Fast    SRL16E/CLK          n/a            0.980         5.000       4.020      SLICE_X86Y114  bd_0_wrapper/bd_0/bd_0_hls_inst_0/bd_0_hls_inst_0_enhanced_correlator/bd_0_hls_inst_0_enhanced_correlator_fdiv_32ns_32ns_32_16_no_dsp_1__xdcDup__1/bd_0_hls_inst_0_enhanced_correlator_fdiv_32ns_32ns_32_16_no_dsp_1_ip__3/<hidden>/<hidden>/<hidden>/<hidden>/<hidden>/<hidden>



--------------------------------------------------------------------------------------
Path Group:  (none)
From Clock:  ap_clk
  To Clock:  

Max Delay           211 Endpoints
Min Delay           211 Endpoints
--------------------------------------------------------------------------------------


Max Delay Paths
--------------------------------------------------------------------------------------
Slack:                    inf
  Source:                 bd_0_i/hls_inst/inst/control_s_axi_U/int_interrupt_reg/C
                            (rising edge-triggered cell FDRE clocked by ap_clk  {rise@0.000ns fall@5.000ns period=10.000ns})
  Destination:            interrupt
                            (output port)
  Path Group:             (none)
  Path Type:              Max at Slow Process Corner
  Data Path Delay:        1.491ns  (logic 0.518ns (34.742%)  route 0.973ns (65.258%))
  Logic Levels:           0  
  Clock Uncertainty:      0.025ns  ((TSJ^2 + TIJ^2)^1/2 + DJ) / 2 + PE
    Total System Jitter     (TSJ):    0.050ns
    Total Input Jitter      (TIJ):    0.000ns
    Discrete Jitter          (DJ):    0.000ns
    Phase Error              (PE):    0.000ns

    Location             Delay type                Incr(ns)  Path(ns)    Netlist Resource(s)
  -------------------------------------------------------------------    -------------------
                         (clock ap_clk rise edge)     0.000     0.000 r  
                                                      0.000     0.000 r  ap_clk (IN)
                         net (fo=9510, unset)         0.973     0.973    bd_0_i/hls_inst/inst/control_s_axi_U/ap_clk
    SLICE_X90Y130        FDRE                                         r  bd_0_i/hls_inst/inst/control_s_axi_U/int_interrupt_reg/C
  -------------------------------------------------------------------    -------------------
    SLICE_X90Y130        FDRE (Prop_fdre_C_Q)         0.518     1.491 r  bd_0_i/hls_inst/inst/control_s_axi_U/int_interrupt_reg/Q
                         net (fo=1, unset)            0.973     2.464    interrupt
                                                                      r  interrupt (OUT)
  -------------------------------------------------------------------    -------------------

Slack:                    inf
  Source:                 bd_0_i/hls_inst/inst/gmem0_m_axi_U/bus_read/rreq_burst_conv/burst_sequential/could_multi_bursts.burst_addr_base_reg[0]/C
                            (rising edge-triggered cell FDRE clocked by ap_clk  {rise@0.000ns fall@5.000ns period=10.000ns})
  Destination:            m_axi_gmem0_araddr[12]
                            (output port)
  Path Group:             (none)
  Path Type:              Max at Slow Process Corner
  Data Path Delay:        1.491ns  (logic 0.518ns (34.742%)  route 0.973ns (65.258%))
  Logic Levels:           0  
  Clock Uncertainty:      0.025ns  ((TSJ^2 + TIJ^2)^1/2 + DJ) / 2 + PE
    Total System Jitter     (TSJ):    0.050ns
    Total Input Jitter      (TIJ):    0.000ns
    Discrete Jitter          (DJ):    0.000ns
    Phase Error              (PE):    0.000ns

    Location             Delay type                Incr(ns)  Path(ns)    Netlist Resource(s)
  -------------------------------------------------------------------    -------------------
                         (clock ap_clk rise edge)     0.000     0.000 r  
                                                      0.000     0.000 r  ap_clk (IN)
                         net (fo=9510, unset)         0.973     0.973    bd_0_i/hls_inst/inst/gmem0_m_axi_U/bus_read/rreq_burst_conv/burst_sequential/ap_clk
    SLICE_X98Y137        FDRE                                         r  bd_0_i/hls_inst/inst/gmem0_m_axi_U/bus_read/rreq_burst_conv/burst_sequential/could_multi_bursts.burst_addr_base_reg[0]/C
  -------------------------------------------------------------------    -------------------
    SLICE_X98Y137        FDRE (Prop_fdre_C_Q)         0.518     1.491 r  bd_0_i/hls_inst/inst/gmem0_m_axi_U/bus_read/rreq_burst_conv/burst_sequential/could_multi_bursts.burst_addr_base_reg[0]/Q
                         net (fo=0)                   0.973     2.464    m_axi_gmem0_araddr[12]
                                                                      r  m_axi_gmem0_araddr[12] (OUT)
  -------------------------------------------------------------------    -------------------

Slack:                    inf
  Source:                 bd_0_i/hls_inst/inst/gmem0_m_axi_U/bus_read/rreq_burst_conv/burst_sequential/could_multi_bursts.burst_addr_base_reg[1]/C
                            (rising edge-triggered cell FDRE clocked by ap_clk  {rise@0.000ns fall@5.000ns period=10.000ns})
  Destination:            m_axi_gmem0_araddr[13]
                            (output port)
  Path Group:             (none)
  Path Type:              Max at Slow Process Corner
  Data Path Delay:        1.491ns  (logic 0.518ns (34.742%)  route 0.973ns (65.258%))
  Logic Levels:           0  
  Clock Uncertainty:      0.025ns  ((TSJ^2 + TIJ^2)^1/2 + DJ) / 2 + PE
    Total System Jitter     (TSJ):    0.050ns
    Total Input Jitter      (TIJ):    0.000ns
    Discrete Jitter          (DJ):    0.000ns
    Phase Error              (PE):    0.000ns

    Location             Delay type                Incr(ns)  Path(ns)    Netlist Resource(s)
  -------------------------------------------------------------------    -------------------
                         (clock ap_clk rise edge)     0.000     0.000 r  
                                                      0.000     0.000 r  ap_clk (IN)
                         net (fo=9510, unset)         0.973     0.973    bd_0_i/hls_inst/inst/gmem0_m_axi_U/bus_read/rreq_burst_conv/burst_sequential/ap_clk
    SLICE_X98Y137        FDRE                                         r  bd_0_i/hls_inst/inst/gmem0_m_axi_U/bus_read/rreq_burst_conv/burst_sequential/could_multi_bursts.burst_addr_base_reg[1]/C
  -------------------------------------------------------------------    -------------------
    SLICE_X98Y137        FDRE (Prop_fdre_C_Q)         0.518     1.491 r  bd_0_i/hls_inst/inst/gmem0_m_axi_U/bus_read/rreq_burst_conv/burst_sequential/could_multi_bursts.burst_addr_base_reg[1]/Q
                         net (fo=0)                   0.973     2.464    m_axi_gmem0_araddr[13]
                                                                      r  m_axi_gmem0_araddr[13] (OUT)
  -------------------------------------------------------------------    -------------------

Slack:                    inf
  Source:                 bd_0_i/hls_inst/inst/gmem0_m_axi_U/bus_read/rreq_burst_conv/burst_sequential/could_multi_bursts.burst_addr_base_reg[2]/C
                            (rising edge-triggered cell FDRE clocked by ap_clk  {rise@0.000ns fall@5.000ns period=10.000ns})
  Destination:            m_axi_gmem0_araddr[14]
                            (output port)
  Path Group:             (none)
  Path Type:              Max at Slow Process Corner
  Data Path Delay:        1.491ns  (logic 0.518ns (34.742%)  route 0.973ns (65.258%))
  Logic Levels:           0  
  Clock Uncertainty:      0.025ns  ((TSJ^2 + TIJ^2)^1/2 + DJ) / 2 + PE
    Total System Jitter     (TSJ):    0.050ns
    Total Input Jitter      (TIJ):    0.000ns
    Discrete Jitter          (DJ):    0.000ns
    Phase Error              (PE):    0.000ns

    Location             Delay type                Incr(ns)  Path(ns)    Netlist Resource(s)
  -------------------------------------------------------------------    -------------------
                         (clock ap_clk rise edge)     0.000     0.000 r  
                                                      0.000     0.000 r  ap_clk (IN)
                         net (fo=9510, unset)         0.973     0.973    bd_0_i/hls_inst/inst/gmem0_m_axi_U/bus_read/rreq_burst_conv/burst_sequential/ap_clk
    SLICE_X98Y137        FDRE                                         r  bd_0_i/hls_inst/inst/gmem0_m_axi_U/bus_read/rreq_burst_conv/burst_sequential/could_multi_bursts.burst_addr_base_reg[2]/C
  -------------------------------------------------------------------    -------------------
    SLICE_X98Y137        FDRE (Prop_fdre_C_Q)         0.518     1.491 r  bd_0_i/hls_inst/inst/gmem0_m_axi_U/bus_read/rreq_burst_conv/burst_sequential/could_multi_bursts.burst_addr_base_reg[2]/Q
                         net (fo=0)                   0.973     2.464    m_axi_gmem0_araddr[14]
                                                                      r  m_axi_gmem0_araddr[14] (OUT)
  -------------------------------------------------------------------    -------------------

Slack:                    inf
  Source:                 bd_0_i/hls_inst/inst/gmem0_m_axi_U/bus_read/rreq_burst_conv/burst_sequential/could_multi_bursts.burst_addr_base_reg[3]/C
                            (rising edge-triggered cell FDRE clocked by ap_clk  {rise@0.000ns fall@5.000ns period=10.000ns})
  Destination:            m_axi_gmem0_araddr[15]
                            (output port)
  Path Group:             (none)
  Path Type:              Max at Slow Process Corner
  Data Path Delay:        1.491ns  (logic 0.518ns (34.742%)  route 0.973ns (65.258%))
  Logic Levels:           0  
  Clock Uncertainty:      0.025ns  ((TSJ^2 + TIJ^2)^1/2 + DJ) / 2 + PE
    Total System Jitter     (TSJ):    0.050ns
    Total Input Jitter      (TIJ):    0.000ns
    Discrete Jitter          (DJ):    0.000ns
    Phase Error              (PE):    0.000ns

    Location             Delay type                Incr(ns)  Path(ns)    Netlist Resource(s)
  -------------------------------------------------------------------    -------------------
                         (clock ap_clk rise edge)     0.000     0.000 r  
                                                      0.000     0.000 r  ap_clk (IN)
                         net (fo=9510, unset)         0.973     0.973    bd_0_i/hls_inst/inst/gmem0_m_axi_U/bus_read/rreq_burst_conv/burst_sequential/ap_clk
    SLICE_X96Y139        FDRE                                         r  bd_0_i/hls_inst/inst/gmem0_m_axi_U/bus_read/rreq_burst_conv/burst_sequential/could_multi_bursts.burst_addr_base_reg[3]/C
  -------------------------------------------------------------------    -------------------
    SLICE_X96Y139        FDRE (Prop_fdre_C_Q)         0.518     1.491 r  bd_0_i/hls_inst/inst/gmem0_m_axi_U/bus_read/rreq_burst_conv/burst_sequential/could_multi_bursts.burst_addr_base_reg[3]/Q
                         net (fo=0)                   0.973     2.464    m_axi_gmem0_araddr[15]
                                                                      r  m_axi_gmem0_araddr[15] (OUT)
  -------------------------------------------------------------------    -------------------

Slack:                    inf
  Source:                 bd_0_i/hls_inst/inst/gmem0_m_axi_U/bus_read/rreq_burst_conv/burst_sequential/could_multi_bursts.burst_addr_base_reg[5]/C
                            (rising edge-triggered cell FDRE clocked by ap_clk  {rise@0.000ns fall@5.000ns period=10.000ns})
  Destination:            m_axi_gmem0_araddr[17]
                            (output port)
  Path Group:             (none)
  Path Type:              Max at Slow Process Corner
  Data Path Delay:        1.491ns  (logic 0.518ns (34.742%)  route 0.973ns (65.258%))
  Logic Levels:           0  
  Clock Uncertainty:      0.025ns  ((TSJ^2 + TIJ^2)^1/2 + DJ) / 2 + PE
    Total System Jitter     (TSJ):    0.050ns
    Total Input Jitter      (TIJ):    0.000ns
    Discrete Jitter          (DJ):    0.000ns
    Phase Error              (PE):    0.000ns

    Location             Delay type                Incr(ns)  Path(ns)    Netlist Resource(s)
  -------------------------------------------------------------------    -------------------
                         (clock ap_clk rise edge)     0.000     0.000 r  
                                                      0.000     0.000 r  ap_clk (IN)
                         net (fo=9510, unset)         0.973     0.973    bd_0_i/hls_inst/inst/gmem0_m_axi_U/bus_read/rreq_burst_conv/burst_sequential/ap_clk
    SLICE_X96Y139        FDRE                                         r  bd_0_i/hls_inst/inst/gmem0_m_axi_U/bus_read/rreq_burst_conv/burst_sequential/could_multi_bursts.burst_addr_base_reg[5]/C
  -------------------------------------------------------------------    -------------------
    SLICE_X96Y139        FDRE (Prop_fdre_C_Q)         0.518     1.491 r  bd_0_i/hls_inst/inst/gmem0_m_axi_U/bus_read/rreq_burst_conv/burst_sequential/could_multi_bursts.burst_addr_base_reg[5]/Q
                         net (fo=0)                   0.973     2.464    m_axi_gmem0_araddr[17]
                                                                      r  m_axi_gmem0_araddr[17] (OUT)
  -------------------------------------------------------------------    -------------------

Slack:                    inf
  Source:                 bd_0_i/hls_inst/inst/gmem0_m_axi_U/bus_read/rreq_burst_conv/burst_sequential/could_multi_bursts.burst_addr_base_reg[6]/C
                            (rising edge-triggered cell FDRE clocked by ap_clk  {rise@0.000ns fall@5.000ns period=10.000ns})
  Destination:            m_axi_gmem0_araddr[18]
                            (output port)
  Path Group:             (none)
  Path Type:              Max at Slow Process Corner
  Data Path Delay:        1.491ns  (logic 0.518ns (34.742%)  route 0.973ns (65.258%))
  Logic Levels:           0  
  Clock Uncertainty:      0.025ns  ((TSJ^2 + TIJ^2)^1/2 + DJ) / 2 + PE
    Total System Jitter     (TSJ):    0.050ns
    Total Input Jitter      (TIJ):    0.000ns
    Discrete Jitter          (DJ):    0.000ns
    Phase Error              (PE):    0.000ns

    Location             Delay type                Incr(ns)  Path(ns)    Netlist Resource(s)
  -------------------------------------------------------------------    -------------------
                         (clock ap_clk rise edge)     0.000     0.000 r  
                                                      0.000     0.000 r  ap_clk (IN)
                         net (fo=9510, unset)         0.973     0.973    bd_0_i/hls_inst/inst/gmem0_m_axi_U/bus_read/rreq_burst_conv/burst_sequential/ap_clk
    SLICE_X104Y140       FDRE                                         r  bd_0_i/hls_inst/inst/gmem0_m_axi_U/bus_read/rreq_burst_conv/burst_sequential/could_multi_bursts.burst_addr_base_reg[6]/C
  -------------------------------------------------------------------    -------------------
    SLICE_X104Y140       FDRE (Prop_fdre_C_Q)         0.518     1.491 r  bd_0_i/hls_inst/inst/gmem0_m_axi_U/bus_read/rreq_burst_conv/burst_sequential/could_multi_bursts.burst_addr_base_reg[6]/Q
                         net (fo=0)                   0.973     2.464    m_axi_gmem0_araddr[18]
                                                                      r  m_axi_gmem0_araddr[18] (OUT)
  -------------------------------------------------------------------    -------------------

Slack:                    inf
  Source:                 bd_0_i/hls_inst/inst/gmem0_m_axi_U/bus_read/rreq_burst_conv/burst_sequential/could_multi_bursts.burst_addr_base_reg[7]/C
                            (rising edge-triggered cell FDRE clocked by ap_clk  {rise@0.000ns fall@5.000ns period=10.000ns})
  Destination:            m_axi_gmem0_araddr[19]
                            (output port)
  Path Group:             (none)
  Path Type:              Max at Slow Process Corner
  Data Path Delay:        1.491ns  (logic 0.518ns (34.742%)  route 0.973ns (65.258%))
  Logic Levels:           0  
  Clock Uncertainty:      0.025ns  ((TSJ^2 + TIJ^2)^1/2 + DJ) / 2 + PE
    Total System Jitter     (TSJ):    0.050ns
    Total Input Jitter      (TIJ):    0.000ns
    Discrete Jitter          (DJ):    0.000ns
    Phase Error              (PE):    0.000ns

    Location             Delay type                Incr(ns)  Path(ns)    Netlist Resource(s)
  -------------------------------------------------------------------    -------------------
                         (clock ap_clk rise edge)     0.000     0.000 r  
                                                      0.000     0.000 r  ap_clk (IN)
                         net (fo=9510, unset)         0.973     0.973    bd_0_i/hls_inst/inst/gmem0_m_axi_U/bus_read/rreq_burst_conv/burst_sequential/ap_clk
    SLICE_X104Y140       FDRE                                         r  bd_0_i/hls_inst/inst/gmem0_m_axi_U/bus_read/rreq_burst_conv/burst_sequential/could_multi_bursts.burst_addr_base_reg[7]/C
  -------------------------------------------------------------------    -------------------
    SLICE_X104Y140       FDRE (Prop_fdre_C_Q)         0.518     1.491 r  bd_0_i/hls_inst/inst/gmem0_m_axi_U/bus_read/rreq_burst_conv/burst_sequential/could_multi_bursts.burst_addr_base_reg[7]/Q
                         net (fo=0)                   0.973     2.464    m_axi_gmem0_araddr[19]
                                                                      r  m_axi_gmem0_araddr[19] (OUT)
  -------------------------------------------------------------------    -------------------

Slack:                    inf
  Source:                 bd_0_i/hls_inst/inst/gmem0_m_axi_U/bus_read/rreq_burst_conv/burst_sequential/could_multi_bursts.burst_addr_base_reg[8]/C
                            (rising edge-triggered cell FDRE clocked by ap_clk  {rise@0.000ns fall@5.000ns period=10.000ns})
  Destination:            m_axi_gmem0_araddr[20]
                            (output port)
  Path Group:             (none)
  Path Type:              Max at Slow Process Corner
  Data Path Delay:        1.491ns  (logic 0.518ns (34.742%)  route 0.973ns (65.258%))
  Logic Levels:           0  
  Clock Uncertainty:      0.025ns  ((TSJ^2 + TIJ^2)^1/2 + DJ) / 2 + PE
    Total System Jitter     (TSJ):    0.050ns
    Total Input Jitter      (TIJ):    0.000ns
    Discrete Jitter          (DJ):    0.000ns
    Phase Error              (PE):    0.000ns

    Location             Delay type                Incr(ns)  Path(ns)    Netlist Resource(s)
  -------------------------------------------------------------------    -------------------
                         (clock ap_clk rise edge)     0.000     0.000 r  
                                                      0.000     0.000 r  ap_clk (IN)
                         net (fo=9510, unset)         0.973     0.973    bd_0_i/hls_inst/inst/gmem0_m_axi_U/bus_read/rreq_burst_conv/burst_sequential/ap_clk
    SLICE_X104Y140       FDRE                                         r  bd_0_i/hls_inst/inst/gmem0_m_axi_U/bus_read/rreq_burst_conv/burst_sequential/could_multi_bursts.burst_addr_base_reg[8]/C
  -------------------------------------------------------------------    -------------------
    SLICE_X104Y140       FDRE (Prop_fdre_C_Q)         0.518     1.491 r  bd_0_i/hls_inst/inst/gmem0_m_axi_U/bus_read/rreq_burst_conv/burst_sequential/could_multi_bursts.burst_addr_base_reg[8]/Q
                         net (fo=0)                   0.973     2.464    m_axi_gmem0_araddr[20]
                                                                      r  m_axi_gmem0_araddr[20] (OUT)
  -------------------------------------------------------------------    -------------------

Slack:                    inf
  Source:                 bd_0_i/hls_inst/inst/gmem0_m_axi_U/bus_read/rreq_burst_conv/burst_sequential/could_multi_bursts.burst_addr_base_reg[9]/C
                            (rising edge-triggered cell FDRE clocked by ap_clk  {rise@0.000ns fall@5.000ns period=10.000ns})
  Destination:            m_axi_gmem0_araddr[21]
                            (output port)
  Path Group:             (none)
  Path Type:              Max at Slow Process Corner
  Data Path Delay:        1.491ns  (logic 0.518ns (34.742%)  route 0.973ns (65.258%))
  Logic Levels:           0  
  Clock Uncertainty:      0.025ns  ((TSJ^2 + TIJ^2)^1/2 + DJ) / 2 + PE
    Total System Jitter     (TSJ):    0.050ns
    Total Input Jitter      (TIJ):    0.000ns
    Discrete Jitter          (DJ):    0.000ns
    Phase Error              (PE):    0.000ns

    Location             Delay type                Incr(ns)  Path(ns)    Netlist Resource(s)
  -------------------------------------------------------------------    -------------------
                         (clock ap_clk rise edge)     0.000     0.000 r  
                                                      0.000     0.000 r  ap_clk (IN)
                         net (fo=9510, unset)         0.973     0.973    bd_0_i/hls_inst/inst/gmem0_m_axi_U/bus_read/rreq_burst_conv/burst_sequential/ap_clk
    SLICE_X104Y140       FDRE                                         r  bd_0_i/hls_inst/inst/gmem0_m_axi_U/bus_read/rreq_burst_conv/burst_sequential/could_multi_bursts.burst_addr_base_reg[9]/C
  -------------------------------------------------------------------    -------------------
    SLICE_X104Y140       FDRE (Prop_fdre_C_Q)         0.518     1.491 r  bd_0_i/hls_inst/inst/gmem0_m_axi_U/bus_read/rreq_burst_conv/burst_sequential/could_multi_bursts.burst_addr_base_reg[9]/Q
                         net (fo=0)                   0.973     2.464    m_axi_gmem0_araddr[21]
                                                                      r  m_axi_gmem0_araddr[21] (OUT)
  -------------------------------------------------------------------    -------------------





Min Delay Paths
--------------------------------------------------------------------------------------
Slack:                    inf
  Source:                 bd_0_i/hls_inst/inst/gmem0_m_axi_U/bus_read/rreq_burst_conv/burst_sequential/could_multi_bursts.burst_addr_reg[7]/C
                            (rising edge-triggered cell FDRE clocked by ap_clk  {rise@0.000ns fall@5.000ns period=10.000ns})
  Destination:            m_axi_gmem0_araddr[7]
                            (output port)
  Path Group:             (none)
  Path Type:              Min at Fast Process Corner
  Data Path Delay:        0.538ns  (logic 0.128ns (23.786%)  route 0.410ns (76.214%))
  Logic Levels:           0  
  Clock Uncertainty:      0.025ns  ((TSJ^2 + TIJ^2)^1/2 + DJ) / 2 + PE
    Total System Jitter     (TSJ):    0.050ns
    Total Input Jitter      (TIJ):    0.000ns
    Discrete Jitter          (DJ):    0.000ns
    Phase Error              (PE):    0.000ns

    Location             Delay type                Incr(ns)  Path(ns)    Netlist Resource(s)
  -------------------------------------------------------------------    -------------------
                         (clock ap_clk rise edge)     0.000     0.000 r  
                                                      0.000     0.000 r  ap_clk (IN)
                         net (fo=9510, unset)         0.410     0.410    bd_0_i/hls_inst/inst/gmem0_m_axi_U/bus_read/rreq_burst_conv/burst_sequential/ap_clk
    SLICE_X106Y136       FDRE                                         r  bd_0_i/hls_inst/inst/gmem0_m_axi_U/bus_read/rreq_burst_conv/burst_sequential/could_multi_bursts.burst_addr_reg[7]/C
  -------------------------------------------------------------------    -------------------
    SLICE_X106Y136       FDRE (Prop_fdre_C_Q)         0.128     0.538 r  bd_0_i/hls_inst/inst/gmem0_m_axi_U/bus_read/rreq_burst_conv/burst_sequential/could_multi_bursts.burst_addr_reg[7]/Q
                         net (fo=4, unset)            0.410     0.948    m_axi_gmem0_araddr[7]
                                                                      r  m_axi_gmem0_araddr[7] (OUT)
  -------------------------------------------------------------------    -------------------

Slack:                    inf
  Source:                 bd_0_i/hls_inst/inst/gmem0_m_axi_U/bus_read/rs_rdata/s_ready_t_reg/C
                            (rising edge-triggered cell FDRE clocked by ap_clk  {rise@0.000ns fall@5.000ns period=10.000ns})
  Destination:            m_axi_gmem0_rready
                            (output port)
  Path Group:             (none)
  Path Type:              Min at Fast Process Corner
  Data Path Delay:        0.538ns  (logic 0.128ns (23.786%)  route 0.410ns (76.214%))
  Logic Levels:           0  
  Clock Uncertainty:      0.025ns  ((TSJ^2 + TIJ^2)^1/2 + DJ) / 2 + PE
    Total System Jitter     (TSJ):    0.050ns
    Total Input Jitter      (TIJ):    0.000ns
    Discrete Jitter          (DJ):    0.000ns
    Phase Error              (PE):    0.000ns

    Location             Delay type                Incr(ns)  Path(ns)    Netlist Resource(s)
  -------------------------------------------------------------------    -------------------
                         (clock ap_clk rise edge)     0.000     0.000 r  
                                                      0.000     0.000 r  ap_clk (IN)
                         net (fo=9510, unset)         0.410     0.410    bd_0_i/hls_inst/inst/gmem0_m_axi_U/bus_read/rs_rdata/ap_clk
    SLICE_X57Y113        FDRE                                         r  bd_0_i/hls_inst/inst/gmem0_m_axi_U/bus_read/rs_rdata/s_ready_t_reg/C
  -------------------------------------------------------------------    -------------------
    SLICE_X57Y113        FDRE (Prop_fdre_C_Q)         0.128     0.538 r  bd_0_i/hls_inst/inst/gmem0_m_axi_U/bus_read/rs_rdata/s_ready_t_reg/Q
                         net (fo=4, unset)            0.410     0.948    m_axi_gmem0_rready
                                                                      r  m_axi_gmem0_rready (OUT)
  -------------------------------------------------------------------    -------------------

Slack:                    inf
  Source:                 bd_0_i/hls_inst/inst/gmem1_m_axi_U/bus_read/rreq_burst_conv/burst_sequential/could_multi_bursts.burst_addr_base_reg[40]/C
                            (rising edge-triggered cell FDRE clocked by ap_clk  {rise@0.000ns fall@5.000ns period=10.000ns})
  Destination:            m_axi_gmem1_araddr[52]
                            (output port)
  Path Group:             (none)
  Path Type:              Min at Fast Process Corner
  Data Path Delay:        0.538ns  (logic 0.128ns (23.786%)  route 0.410ns (76.214%))
  Logic Levels:           0  
  Clock Uncertainty:      0.025ns  ((TSJ^2 + TIJ^2)^1/2 + DJ) / 2 + PE
    Total System Jitter     (TSJ):    0.050ns
    Total Input Jitter      (TIJ):    0.000ns
    Discrete Jitter          (DJ):    0.000ns
    Phase Error              (PE):    0.000ns

    Location             Delay type                Incr(ns)  Path(ns)    Netlist Resource(s)
  -------------------------------------------------------------------    -------------------
                         (clock ap_clk rise edge)     0.000     0.000 r  
                                                      0.000     0.000 r  ap_clk (IN)
                         net (fo=9510, unset)         0.410     0.410    bd_0_i/hls_inst/inst/gmem1_m_axi_U/bus_read/rreq_burst_conv/burst_sequential/ap_clk
    SLICE_X56Y144        FDRE                                         r  bd_0_i/hls_inst/inst/gmem1_m_axi_U/bus_read/rreq_burst_conv/burst_sequential/could_multi_bursts.burst_addr_base_reg[40]/C
  -------------------------------------------------------------------    -------------------
    SLICE_X56Y144        FDRE (Prop_fdre_C_Q)         0.128     0.538 r  bd_0_i/hls_inst/inst/gmem1_m_axi_U/bus_read/rreq_burst_conv/burst_sequential/could_multi_bursts.burst_addr_base_reg[40]/Q
                         net (fo=0)                   0.410     0.948    m_axi_gmem1_araddr[52]
                                                                      r  m_axi_gmem1_araddr[52] (OUT)
  -------------------------------------------------------------------    -------------------

Slack:                    inf
  Source:                 bd_0_i/hls_inst/inst/gmem1_m_axi_U/bus_read/rreq_burst_conv/burst_sequential/could_multi_bursts.burst_addr_base_reg[51]/C
                            (rising edge-triggered cell FDRE clocked by ap_clk  {rise@0.000ns fall@5.000ns period=10.000ns})
  Destination:            m_axi_gmem1_araddr[63]
                            (output port)
  Path Group:             (none)
  Path Type:              Min at Fast Process Corner
  Data Path Delay:        0.538ns  (logic 0.128ns (23.786%)  route 0.410ns (76.214%))
  Logic Levels:           0  
  Clock Uncertainty:      0.025ns  ((TSJ^2 + TIJ^2)^1/2 + DJ) / 2 + PE
    Total System Jitter     (TSJ):    0.050ns
    Total Input Jitter      (TIJ):    0.000ns
    Discrete Jitter          (DJ):    0.000ns
    Phase Error              (PE):    0.000ns

    Location             Delay type                Incr(ns)  Path(ns)    Netlist Resource(s)
  -------------------------------------------------------------------    -------------------
                         (clock ap_clk rise edge)     0.000     0.000 r  
                                                      0.000     0.000 r  ap_clk (IN)
                         net (fo=9510, unset)         0.410     0.410    bd_0_i/hls_inst/inst/gmem1_m_axi_U/bus_read/rreq_burst_conv/burst_sequential/ap_clk
    SLICE_X56Y148        FDRE                                         r  bd_0_i/hls_inst/inst/gmem1_m_axi_U/bus_read/rreq_burst_conv/burst_sequential/could_multi_bursts.burst_addr_base_reg[51]/C
  -------------------------------------------------------------------    -------------------
    SLICE_X56Y148        FDRE (Prop_fdre_C_Q)         0.128     0.538 r  bd_0_i/hls_inst/inst/gmem1_m_axi_U/bus_read/rreq_burst_conv/burst_sequential/could_multi_bursts.burst_addr_base_reg[51]/Q
                         net (fo=0)                   0.410     0.948    m_axi_gmem1_araddr[63]
                                                                      r  m_axi_gmem1_araddr[63] (OUT)
  -------------------------------------------------------------------    -------------------

Slack:                    inf
  Source:                 bd_0_i/hls_inst/inst/gmem1_m_axi_U/bus_read/rreq_burst_conv/burst_sequential/could_multi_bursts.burst_addr_reg[7]/C
                            (rising edge-triggered cell FDRE clocked by ap_clk  {rise@0.000ns fall@5.000ns period=10.000ns})
  Destination:            m_axi_gmem1_araddr[7]
                            (output port)
  Path Group:             (none)
  Path Type:              Min at Fast Process Corner
  Data Path Delay:        0.538ns  (logic 0.128ns (23.786%)  route 0.410ns (76.214%))
  Logic Levels:           0  
  Clock Uncertainty:      0.025ns  ((TSJ^2 + TIJ^2)^1/2 + DJ) / 2 + PE
    Total System Jitter     (TSJ):    0.050ns
    Total Input Jitter      (TIJ):    0.000ns
    Discrete Jitter          (DJ):    0.000ns
    Phase Error              (PE):    0.000ns

    Location             Delay type                Incr(ns)  Path(ns)    Netlist Resource(s)
  -------------------------------------------------------------------    -------------------
                         (clock ap_clk rise edge)     0.000     0.000 r  
                                                      0.000     0.000 r  ap_clk (IN)
                         net (fo=9510, unset)         0.410     0.410    bd_0_i/hls_inst/inst/gmem1_m_axi_U/bus_read/rreq_burst_conv/burst_sequential/ap_clk
    SLICE_X40Y144        FDRE                                         r  bd_0_i/hls_inst/inst/gmem1_m_axi_U/bus_read/rreq_burst_conv/burst_sequential/could_multi_bursts.burst_addr_reg[7]/C
  -------------------------------------------------------------------    -------------------
    SLICE_X40Y144        FDRE (Prop_fdre_C_Q)         0.128     0.538 r  bd_0_i/hls_inst/inst/gmem1_m_axi_U/bus_read/rreq_burst_conv/burst_sequential/could_multi_bursts.burst_addr_reg[7]/Q
                         net (fo=4, unset)            0.410     0.948    m_axi_gmem1_araddr[7]
                                                                      r  m_axi_gmem1_araddr[7] (OUT)
  -------------------------------------------------------------------    -------------------

Slack:                    inf
  Source:                 bd_0_i/hls_inst/inst/gmem1_m_axi_U/bus_read/rreq_burst_conv/burst_sequential/could_multi_bursts.burst_len_reg[1]/C
                            (rising edge-triggered cell FDRE clocked by ap_clk  {rise@0.000ns fall@5.000ns period=10.000ns})
  Destination:            m_axi_gmem1_arlen[1]
                            (output port)
  Path Group:             (none)
  Path Type:              Min at Fast Process Corner
  Data Path Delay:        0.538ns  (logic 0.128ns (23.786%)  route 0.410ns (76.214%))
  Logic Levels:           0  
  Clock Uncertainty:      0.025ns  ((TSJ^2 + TIJ^2)^1/2 + DJ) / 2 + PE
    Total System Jitter     (TSJ):    0.050ns
    Total Input Jitter      (TIJ):    0.000ns
    Discrete Jitter          (DJ):    0.000ns
    Phase Error              (PE):    0.000ns

    Location             Delay type                Incr(ns)  Path(ns)    Netlist Resource(s)
  -------------------------------------------------------------------    -------------------
                         (clock ap_clk rise edge)     0.000     0.000 r  
                                                      0.000     0.000 r  ap_clk (IN)
                         net (fo=9510, unset)         0.410     0.410    bd_0_i/hls_inst/inst/gmem1_m_axi_U/bus_read/rreq_burst_conv/burst_sequential/ap_clk
    SLICE_X40Y140        FDRE                                         r  bd_0_i/hls_inst/inst/gmem1_m_axi_U/bus_read/rreq_burst_conv/burst_sequential/could_multi_bursts.burst_len_reg[1]/C
  -------------------------------------------------------------------    -------------------
    SLICE_X40Y140        FDRE (Prop_fdre_C_Q)         0.128     0.538 r  bd_0_i/hls_inst/inst/gmem1_m_axi_U/bus_read/rreq_burst_conv/burst_sequential/could_multi_bursts.burst_len_reg[1]/Q
                         net (fo=0)                   0.410     0.948    m_axi_gmem1_arlen[1]
                                                                      r  m_axi_gmem1_arlen[1] (OUT)
  -------------------------------------------------------------------    -------------------

Slack:                    inf
  Source:                 bd_0_i/hls_inst/inst/gmem1_m_axi_U/bus_read/rreq_burst_conv/burst_sequential/could_multi_bursts.burst_len_reg[3]/C
                            (rising edge-triggered cell FDRE clocked by ap_clk  {rise@0.000ns fall@5.000ns period=10.000ns})
  Destination:            m_axi_gmem1_arlen[3]
                            (output port)
  Path Group:             (none)
  Path Type:              Min at Fast Process Corner
  Data Path Delay:        0.538ns  (logic 0.128ns (23.786%)  route 0.410ns (76.214%))
  Logic Levels:           0  
  Clock Uncertainty:      0.025ns  ((TSJ^2 + TIJ^2)^1/2 + DJ) / 2 + PE
    Total System Jitter     (TSJ):    0.050ns
    Total Input Jitter      (TIJ):    0.000ns
    Discrete Jitter          (DJ):    0.000ns
    Phase Error              (PE):    0.000ns

    Location             Delay type                Incr(ns)  Path(ns)    Netlist Resource(s)
  -------------------------------------------------------------------    -------------------
                         (clock ap_clk rise edge)     0.000     0.000 r  
                                                      0.000     0.000 r  ap_clk (IN)
                         net (fo=9510, unset)         0.410     0.410    bd_0_i/hls_inst/inst/gmem1_m_axi_U/bus_read/rreq_burst_conv/burst_sequential/ap_clk
    SLICE_X40Y140        FDRE                                         r  bd_0_i/hls_inst/inst/gmem1_m_axi_U/bus_read/rreq_burst_conv/burst_sequential/could_multi_bursts.burst_len_reg[3]/C
  -------------------------------------------------------------------    -------------------
    SLICE_X40Y140        FDRE (Prop_fdre_C_Q)         0.128     0.538 r  bd_0_i/hls_inst/inst/gmem1_m_axi_U/bus_read/rreq_burst_conv/burst_sequential/could_multi_bursts.burst_len_reg[3]/Q
                         net (fo=0)                   0.410     0.948    m_axi_gmem1_arlen[3]
                                                                      r  m_axi_gmem1_arlen[3] (OUT)
  -------------------------------------------------------------------    -------------------

Slack:                    inf
  Source:                 bd_0_i/hls_inst/inst/gmem1_m_axi_U/bus_read/rreq_burst_conv/burst_sequential/could_multi_bursts.burst_valid_reg/C
                            (rising edge-triggered cell FDRE clocked by ap_clk  {rise@0.000ns fall@5.000ns period=10.000ns})
  Destination:            m_axi_gmem1_arvalid
                            (output port)
  Path Group:             (none)
  Path Type:              Min at Fast Process Corner
  Data Path Delay:        0.538ns  (logic 0.128ns (23.786%)  route 0.410ns (76.214%))
  Logic Levels:           0  
  Clock Uncertainty:      0.025ns  ((TSJ^2 + TIJ^2)^1/2 + DJ) / 2 + PE
    Total System Jitter     (TSJ):    0.050ns
    Total Input Jitter      (TIJ):    0.000ns
    Discrete Jitter          (DJ):    0.000ns
    Phase Error              (PE):    0.000ns

    Location             Delay type                Incr(ns)  Path(ns)    Netlist Resource(s)
  -------------------------------------------------------------------    -------------------
                         (clock ap_clk rise edge)     0.000     0.000 r  
                                                      0.000     0.000 r  ap_clk (IN)
                         net (fo=9510, unset)         0.410     0.410    bd_0_i/hls_inst/inst/gmem1_m_axi_U/bus_read/rreq_burst_conv/burst_sequential/ap_clk
    SLICE_X40Y136        FDRE                                         r  bd_0_i/hls_inst/inst/gmem1_m_axi_U/bus_read/rreq_burst_conv/burst_sequential/could_multi_bursts.burst_valid_reg/C
  -------------------------------------------------------------------    -------------------
    SLICE_X40Y136        FDRE (Prop_fdre_C_Q)         0.128     0.538 r  bd_0_i/hls_inst/inst/gmem1_m_axi_U/bus_read/rreq_burst_conv/burst_sequential/could_multi_bursts.burst_valid_reg/Q
                         net (fo=14, unset)           0.410     0.948    m_axi_gmem1_arvalid
                                                                      r  m_axi_gmem1_arvalid (OUT)
  -------------------------------------------------------------------    -------------------

Slack:                    inf
  Source:                 bd_0_i/hls_inst/inst/control_r_s_axi_U/FSM_onehot_rstate_reg[2]/C
                            (rising edge-triggered cell FDRE clocked by ap_clk  {rise@0.000ns fall@5.000ns period=10.000ns})
  Destination:            s_axi_control_r_rvalid
                            (output port)
  Path Group:             (none)
  Path Type:              Min at Fast Process Corner
  Data Path Delay:        0.538ns  (logic 0.128ns (23.786%)  route 0.410ns (76.214%))
  Logic Levels:           0  
  Clock Uncertainty:      0.025ns  ((TSJ^2 + TIJ^2)^1/2 + DJ) / 2 + PE
    Total System Jitter     (TSJ):    0.050ns
    Total Input Jitter      (TIJ):    0.000ns
    Discrete Jitter          (DJ):    0.000ns
    Phase Error              (PE):    0.000ns

    Location             Delay type                Incr(ns)  Path(ns)    Netlist Resource(s)
  -------------------------------------------------------------------    -------------------
                         (clock ap_clk rise edge)     0.000     0.000 r  
                                                      0.000     0.000 r  ap_clk (IN)
                         net (fo=9510, unset)         0.410     0.410    bd_0_i/hls_inst/inst/control_r_s_axi_U/ap_clk
    SLICE_X87Y146        FDRE                                         r  bd_0_i/hls_inst/inst/control_r_s_axi_U/FSM_onehot_rstate_reg[2]/C
  -------------------------------------------------------------------    -------------------
    SLICE_X87Y146        FDRE (Prop_fdre_C_Q)         0.128     0.538 r  bd_0_i/hls_inst/inst/control_r_s_axi_U/FSM_onehot_rstate_reg[2]/Q
                         net (fo=2, unset)            0.410     0.948    s_axi_control_r_rvalid
                                                                      r  s_axi_control_r_rvalid (OUT)
  -------------------------------------------------------------------    -------------------

Slack:                    inf
  Source:                 bd_0_i/hls_inst/inst/control_s_axi_U/FSM_onehot_rstate_reg[2]/C
                            (rising edge-triggered cell FDRE clocked by ap_clk  {rise@0.000ns fall@5.000ns period=10.000ns})
  Destination:            s_axi_control_rvalid
                            (output port)
  Path Group:             (none)
  Path Type:              Min at Fast Process Corner
  Data Path Delay:        0.538ns  (logic 0.128ns (23.786%)  route 0.410ns (76.214%))
  Logic Levels:           0  
  Clock Uncertainty:      0.025ns  ((TSJ^2 + TIJ^2)^1/2 + DJ) / 2 + PE
    Total System Jitter     (TSJ):    0.050ns
    Total Input Jitter      (TIJ):    0.000ns
    Discrete Jitter          (DJ):    0.000ns
    Phase Error              (PE):    0.000ns

    Location             Delay type                Incr(ns)  Path(ns)    Netlist Resource(s)
  -------------------------------------------------------------------    -------------------
                         (clock ap_clk rise edge)     0.000     0.000 r  
                                                      0.000     0.000 r  ap_clk (IN)
                         net (fo=9510, unset)         0.410     0.410    bd_0_i/hls_inst/inst/control_s_axi_U/ap_clk
    SLICE_X91Y124        FDRE                                         r  bd_0_i/hls_inst/inst/control_s_axi_U/FSM_onehot_rstate_reg[2]/C
  -------------------------------------------------------------------    -------------------
    SLICE_X91Y124        FDRE (Prop_fdre_C_Q)         0.128     0.538 r  bd_0_i/hls_inst/inst/control_s_axi_U/FSM_onehot_rstate_reg[2]/Q
                         net (fo=2, unset)            0.410     0.948    s_axi_control_rvalid
                                                                      r  s_axi_control_rvalid (OUT)
  -------------------------------------------------------------------    -------------------





--------------------------------------------------------------------------------------
Path Group:  (none)
From Clock:  
  To Clock:  ap_clk

Max Delay          4454 Endpoints
Min Delay          4454 Endpoints
--------------------------------------------------------------------------------------


Max Delay Paths
--------------------------------------------------------------------------------------
Slack:                    inf
  Source:                 ap_rst_n
                            (input port)
  Destination:            bd_0_i/hls_inst/inst/gmem0_m_axi_U/bus_read/ost_ctrl_gen[0].fifo_rctl/mOutPtr_reg[1]/R
                            (rising edge-triggered cell FDRE clocked by ap_clk  {rise@0.000ns fall@5.000ns period=10.000ns})
  Path Group:             (none)
  Path Type:              Setup (Max at Slow Process Corner)
  Data Path Delay:        13.229ns  (logic 0.150ns (1.134%)  route 13.079ns (98.866%))
  Logic Levels:           1  (LUT1=1)
  Clock Path Skew:        0.924ns (DCD - SCD + CPR)
    Destination Clock Delay (DCD):    0.924ns
    Source Clock Delay      (SCD):    0.000ns
    Clock Pessimism Removal (CPR):    0.000ns
  Clock Uncertainty:      0.025ns  ((TSJ^2 + TIJ^2)^1/2 + DJ) / 2 + PE
    Total System Jitter     (TSJ):    0.050ns
    Total Input Jitter      (TIJ):    0.000ns
    Discrete Jitter          (DJ):    0.000ns
    Phase Error              (PE):    0.000ns

    Location             Delay type                Incr(ns)  Path(ns)    Netlist Resource(s)
  -------------------------------------------------------------------    -------------------
                                                      0.000     0.000 f  ap_rst_n (IN)
                         net (fo=8, unset)            0.973     0.973    bd_0_i/hls_inst/inst/gmem1_m_axi_U/bus_read/rreq_burst_conv/burst_sequential/rs_req/ap_rst_n
    SLICE_X42Y144        LUT1 (Prop_lut1_I0_O)        0.150     1.123 r  bd_0_i/hls_inst/inst/gmem1_m_axi_U/bus_read/rreq_burst_conv/burst_sequential/rs_req/could_multi_bursts.burst_valid_i_1/O
                         net (fo=1863, routed)       12.106    13.229    bd_0_i/hls_inst/inst/gmem0_m_axi_U/bus_read/ost_ctrl_gen[0].fifo_rctl/SR[0]
    SLICE_X106Y131       FDRE                                         r  bd_0_i/hls_inst/inst/gmem0_m_axi_U/bus_read/ost_ctrl_gen[0].fifo_rctl/mOutPtr_reg[1]/R
  -------------------------------------------------------------------    -------------------

                         (clock ap_clk rise edge)     0.000     0.000 r  
                                                      0.000     0.000 r  ap_clk (IN)
                         net (fo=9510, unset)         0.924     0.924    bd_0_i/hls_inst/inst/gmem0_m_axi_U/bus_read/ost_ctrl_gen[0].fifo_rctl/ap_clk
    SLICE_X106Y131       FDRE                                         r  bd_0_i/hls_inst/inst/gmem0_m_axi_U/bus_read/ost_ctrl_gen[0].fifo_rctl/mOutPtr_reg[1]/C

Slack:                    inf
  Source:                 ap_rst_n
                            (input port)
  Destination:            bd_0_i/hls_inst/inst/gmem0_m_axi_U/bus_read/ost_ctrl_gen[0].fifo_rctl/mOutPtr_reg[2]/R
                            (rising edge-triggered cell FDRE clocked by ap_clk  {rise@0.000ns fall@5.000ns period=10.000ns})
  Path Group:             (none)
  Path Type:              Setup (Max at Slow Process Corner)
  Data Path Delay:        13.229ns  (logic 0.150ns (1.134%)  route 13.079ns (98.866%))
  Logic Levels:           1  (LUT1=1)
  Clock Path Skew:        0.924ns (DCD - SCD + CPR)
    Destination Clock Delay (DCD):    0.924ns
    Source Clock Delay      (SCD):    0.000ns
    Clock Pessimism Removal (CPR):    0.000ns
  Clock Uncertainty:      0.025ns  ((TSJ^2 + TIJ^2)^1/2 + DJ) / 2 + PE
    Total System Jitter     (TSJ):    0.050ns
    Total Input Jitter      (TIJ):    0.000ns
    Discrete Jitter          (DJ):    0.000ns
    Phase Error              (PE):    0.000ns

    Location             Delay type                Incr(ns)  Path(ns)    Netlist Resource(s)
  -------------------------------------------------------------------    -------------------
                                                      0.000     0.000 f  ap_rst_n (IN)
                         net (fo=8, unset)            0.973     0.973    bd_0_i/hls_inst/inst/gmem1_m_axi_U/bus_read/rreq_burst_conv/burst_sequential/rs_req/ap_rst_n
    SLICE_X42Y144        LUT1 (Prop_lut1_I0_O)        0.150     1.123 r  bd_0_i/hls_inst/inst/gmem1_m_axi_U/bus_read/rreq_burst_conv/burst_sequential/rs_req/could_multi_bursts.burst_valid_i_1/O
                         net (fo=1863, routed)       12.106    13.229    bd_0_i/hls_inst/inst/gmem0_m_axi_U/bus_read/ost_ctrl_gen[0].fifo_rctl/SR[0]
    SLICE_X106Y131       FDRE                                         r  bd_0_i/hls_inst/inst/gmem0_m_axi_U/bus_read/ost_ctrl_gen[0].fifo_rctl/mOutPtr_reg[2]/R
  -------------------------------------------------------------------    -------------------

                         (clock ap_clk rise edge)     0.000     0.000 r  
                                                      0.000     0.000 r  ap_clk (IN)
                         net (fo=9510, unset)         0.924     0.924    bd_0_i/hls_inst/inst/gmem0_m_axi_U/bus_read/ost_ctrl_gen[0].fifo_rctl/ap_clk
    SLICE_X106Y131       FDRE                                         r  bd_0_i/hls_inst/inst/gmem0_m_axi_U/bus_read/ost_ctrl_gen[0].fifo_rctl/mOutPtr_reg[2]/C

Slack:                    inf
  Source:                 ap_rst_n
                            (input port)
  Destination:            bd_0_i/hls_inst/inst/gmem0_m_axi_U/bus_read/ost_ctrl_gen[0].fifo_rctl/mOutPtr_reg[3]/R
                            (rising edge-triggered cell FDRE clocked by ap_clk  {rise@0.000ns fall@5.000ns period=10.000ns})
  Path Group:             (none)
  Path Type:              Setup (Max at Slow Process Corner)
  Data Path Delay:        13.229ns  (logic 0.150ns (1.134%)  route 13.079ns (98.866%))
  Logic Levels:           1  (LUT1=1)
  Clock Path Skew:        0.924ns (DCD - SCD + CPR)
    Destination Clock Delay (DCD):    0.924ns
    Source Clock Delay      (SCD):    0.000ns
    Clock Pessimism Removal (CPR):    0.000ns
  Clock Uncertainty:      0.025ns  ((TSJ^2 + TIJ^2)^1/2 + DJ) / 2 + PE
    Total System Jitter     (TSJ):    0.050ns
    Total Input Jitter      (TIJ):    0.000ns
    Discrete Jitter          (DJ):    0.000ns
    Phase Error              (PE):    0.000ns

    Location             Delay type                Incr(ns)  Path(ns)    Netlist Resource(s)
  -------------------------------------------------------------------    -------------------
                                                      0.000     0.000 f  ap_rst_n (IN)
                         net (fo=8, unset)            0.973     0.973    bd_0_i/hls_inst/inst/gmem1_m_axi_U/bus_read/rreq_burst_conv/burst_sequential/rs_req/ap_rst_n
    SLICE_X42Y144        LUT1 (Prop_lut1_I0_O)        0.150     1.123 r  bd_0_i/hls_inst/inst/gmem1_m_axi_U/bus_read/rreq_burst_conv/burst_sequential/rs_req/could_multi_bursts.burst_valid_i_1/O
                         net (fo=1863, routed)       12.106    13.229    bd_0_i/hls_inst/inst/gmem0_m_axi_U/bus_read/ost_ctrl_gen[0].fifo_rctl/SR[0]
    SLICE_X106Y131       FDRE                                         r  bd_0_i/hls_inst/inst/gmem0_m_axi_U/bus_read/ost_ctrl_gen[0].fifo_rctl/mOutPtr_reg[3]/R
  -------------------------------------------------------------------    -------------------

                         (clock ap_clk rise edge)     0.000     0.000 r  
                                                      0.000     0.000 r  ap_clk (IN)
                         net (fo=9510, unset)         0.924     0.924    bd_0_i/hls_inst/inst/gmem0_m_axi_U/bus_read/ost_ctrl_gen[0].fifo_rctl/ap_clk
    SLICE_X106Y131       FDRE                                         r  bd_0_i/hls_inst/inst/gmem0_m_axi_U/bus_read/ost_ctrl_gen[0].fifo_rctl/mOutPtr_reg[3]/C

Slack:                    inf
  Source:                 ap_rst_n
                            (input port)
  Destination:            bd_0_i/hls_inst/inst/gmem0_m_axi_U/bus_read/ost_ctrl_gen[0].fifo_rctl/mOutPtr_reg[4]/R
                            (rising edge-triggered cell FDRE clocked by ap_clk  {rise@0.000ns fall@5.000ns period=10.000ns})
  Path Group:             (none)
  Path Type:              Setup (Max at Slow Process Corner)
  Data Path Delay:        13.229ns  (logic 0.150ns (1.134%)  route 13.079ns (98.866%))
  Logic Levels:           1  (LUT1=1)
  Clock Path Skew:        0.924ns (DCD - SCD + CPR)
    Destination Clock Delay (DCD):    0.924ns
    Source Clock Delay      (SCD):    0.000ns
    Clock Pessimism Removal (CPR):    0.000ns
  Clock Uncertainty:      0.025ns  ((TSJ^2 + TIJ^2)^1/2 + DJ) / 2 + PE
    Total System Jitter     (TSJ):    0.050ns
    Total Input Jitter      (TIJ):    0.000ns
    Discrete Jitter          (DJ):    0.000ns
    Phase Error              (PE):    0.000ns

    Location             Delay type                Incr(ns)  Path(ns)    Netlist Resource(s)
  -------------------------------------------------------------------    -------------------
                                                      0.000     0.000 f  ap_rst_n (IN)
                         net (fo=8, unset)            0.973     0.973    bd_0_i/hls_inst/inst/gmem1_m_axi_U/bus_read/rreq_burst_conv/burst_sequential/rs_req/ap_rst_n
    SLICE_X42Y144        LUT1 (Prop_lut1_I0_O)        0.150     1.123 r  bd_0_i/hls_inst/inst/gmem1_m_axi_U/bus_read/rreq_burst_conv/burst_sequential/rs_req/could_multi_bursts.burst_valid_i_1/O
                         net (fo=1863, routed)       12.106    13.229    bd_0_i/hls_inst/inst/gmem0_m_axi_U/bus_read/ost_ctrl_gen[0].fifo_rctl/SR[0]
    SLICE_X106Y131       FDRE                                         r  bd_0_i/hls_inst/inst/gmem0_m_axi_U/bus_read/ost_ctrl_gen[0].fifo_rctl/mOutPtr_reg[4]/R
  -------------------------------------------------------------------    -------------------

                         (clock ap_clk rise edge)     0.000     0.000 r  
                                                      0.000     0.000 r  ap_clk (IN)
                         net (fo=9510, unset)         0.924     0.924    bd_0_i/hls_inst/inst/gmem0_m_axi_U/bus_read/ost_ctrl_gen[0].fifo_rctl/ap_clk
    SLICE_X106Y131       FDRE                                         r  bd_0_i/hls_inst/inst/gmem0_m_axi_U/bus_read/ost_ctrl_gen[0].fifo_rctl/mOutPtr_reg[4]/C

Slack:                    inf
  Source:                 ap_rst_n
                            (input port)
  Destination:            bd_0_i/hls_inst/inst/gmem0_m_axi_U/bus_read/ost_ctrl_gen[0].fifo_rctl/mOutPtr_reg[0]/R
                            (rising edge-triggered cell FDRE clocked by ap_clk  {rise@0.000ns fall@5.000ns period=10.000ns})
  Path Group:             (none)
  Path Type:              Setup (Max at Slow Process Corner)
  Data Path Delay:        13.225ns  (logic 0.150ns (1.134%)  route 13.075ns (98.866%))
  Logic Levels:           1  (LUT1=1)
  Clock Path Skew:        0.924ns (DCD - SCD + CPR)
    Destination Clock Delay (DCD):    0.924ns
    Source Clock Delay      (SCD):    0.000ns
    Clock Pessimism Removal (CPR):    0.000ns
  Clock Uncertainty:      0.025ns  ((TSJ^2 + TIJ^2)^1/2 + DJ) / 2 + PE
    Total System Jitter     (TSJ):    0.050ns
    Total Input Jitter      (TIJ):    0.000ns
    Discrete Jitter          (DJ):    0.000ns
    Phase Error              (PE):    0.000ns

    Location             Delay type                Incr(ns)  Path(ns)    Netlist Resource(s)
  -------------------------------------------------------------------    -------------------
                                                      0.000     0.000 f  ap_rst_n (IN)
                         net (fo=8, unset)            0.973     0.973    bd_0_i/hls_inst/inst/gmem1_m_axi_U/bus_read/rreq_burst_conv/burst_sequential/rs_req/ap_rst_n
    SLICE_X42Y144        LUT1 (Prop_lut1_I0_O)        0.150     1.123 r  bd_0_i/hls_inst/inst/gmem1_m_axi_U/bus_read/rreq_burst_conv/burst_sequential/rs_req/could_multi_bursts.burst_valid_i_1/O
                         net (fo=1863, routed)       12.102    13.225    bd_0_i/hls_inst/inst/gmem0_m_axi_U/bus_read/ost_ctrl_gen[0].fifo_rctl/SR[0]
    SLICE_X107Y131       FDRE                                         r  bd_0_i/hls_inst/inst/gmem0_m_axi_U/bus_read/ost_ctrl_gen[0].fifo_rctl/mOutPtr_reg[0]/R
  -------------------------------------------------------------------    -------------------

                         (clock ap_clk rise edge)     0.000     0.000 r  
                                                      0.000     0.000 r  ap_clk (IN)
                         net (fo=9510, unset)         0.924     0.924    bd_0_i/hls_inst/inst/gmem0_m_axi_U/bus_read/ost_ctrl_gen[0].fifo_rctl/ap_clk
    SLICE_X107Y131       FDRE                                         r  bd_0_i/hls_inst/inst/gmem0_m_axi_U/bus_read/ost_ctrl_gen[0].fifo_rctl/mOutPtr_reg[0]/C

Slack:                    inf
  Source:                 ap_rst_n
                            (input port)
  Destination:            bd_0_i/hls_inst/inst/gmem0_m_axi_U/bus_read/rreq_burst_conv/burst_sequential/could_multi_bursts.burst_addr_reg[10]/R
                            (rising edge-triggered cell FDRE clocked by ap_clk  {rise@0.000ns fall@5.000ns period=10.000ns})
  Path Group:             (none)
  Path Type:              Setup (Max at Slow Process Corner)
  Data Path Delay:        13.222ns  (logic 0.150ns (1.134%)  route 13.072ns (98.866%))
  Logic Levels:           1  (LUT1=1)
  Clock Path Skew:        0.924ns (DCD - SCD + CPR)
    Destination Clock Delay (DCD):    0.924ns
    Source Clock Delay      (SCD):    0.000ns
    Clock Pessimism Removal (CPR):    0.000ns
  Clock Uncertainty:      0.025ns  ((TSJ^2 + TIJ^2)^1/2 + DJ) / 2 + PE
    Total System Jitter     (TSJ):    0.050ns
    Total Input Jitter      (TIJ):    0.000ns
    Discrete Jitter          (DJ):    0.000ns
    Phase Error              (PE):    0.000ns

    Location             Delay type                Incr(ns)  Path(ns)    Netlist Resource(s)
  -------------------------------------------------------------------    -------------------
                                                      0.000     0.000 f  ap_rst_n (IN)
                         net (fo=8, unset)            0.973     0.973    bd_0_i/hls_inst/inst/gmem1_m_axi_U/bus_read/rreq_burst_conv/burst_sequential/rs_req/ap_rst_n
    SLICE_X42Y144        LUT1 (Prop_lut1_I0_O)        0.150     1.123 r  bd_0_i/hls_inst/inst/gmem1_m_axi_U/bus_read/rreq_burst_conv/burst_sequential/rs_req/could_multi_bursts.burst_valid_i_1/O
                         net (fo=1863, routed)       12.099    13.222    bd_0_i/hls_inst/inst/gmem0_m_axi_U/bus_read/rreq_burst_conv/burst_sequential/SR[0]
    SLICE_X106Y137       FDRE                                         r  bd_0_i/hls_inst/inst/gmem0_m_axi_U/bus_read/rreq_burst_conv/burst_sequential/could_multi_bursts.burst_addr_reg[10]/R
  -------------------------------------------------------------------    -------------------

                         (clock ap_clk rise edge)     0.000     0.000 r  
                                                      0.000     0.000 r  ap_clk (IN)
                         net (fo=9510, unset)         0.924     0.924    bd_0_i/hls_inst/inst/gmem0_m_axi_U/bus_read/rreq_burst_conv/burst_sequential/ap_clk
    SLICE_X106Y137       FDRE                                         r  bd_0_i/hls_inst/inst/gmem0_m_axi_U/bus_read/rreq_burst_conv/burst_sequential/could_multi_bursts.burst_addr_reg[10]/C

Slack:                    inf
  Source:                 ap_rst_n
                            (input port)
  Destination:            bd_0_i/hls_inst/inst/gmem0_m_axi_U/bus_read/rreq_burst_conv/burst_sequential/could_multi_bursts.burst_addr_reg[11]/R
                            (rising edge-triggered cell FDRE clocked by ap_clk  {rise@0.000ns fall@5.000ns period=10.000ns})
  Path Group:             (none)
  Path Type:              Setup (Max at Slow Process Corner)
  Data Path Delay:        13.222ns  (logic 0.150ns (1.134%)  route 13.072ns (98.866%))
  Logic Levels:           1  (LUT1=1)
  Clock Path Skew:        0.924ns (DCD - SCD + CPR)
    Destination Clock Delay (DCD):    0.924ns
    Source Clock Delay      (SCD):    0.000ns
    Clock Pessimism Removal (CPR):    0.000ns
  Clock Uncertainty:      0.025ns  ((TSJ^2 + TIJ^2)^1/2 + DJ) / 2 + PE
    Total System Jitter     (TSJ):    0.050ns
    Total Input Jitter      (TIJ):    0.000ns
    Discrete Jitter          (DJ):    0.000ns
    Phase Error              (PE):    0.000ns

    Location             Delay type                Incr(ns)  Path(ns)    Netlist Resource(s)
  -------------------------------------------------------------------    -------------------
                                                      0.000     0.000 f  ap_rst_n (IN)
                         net (fo=8, unset)            0.973     0.973    bd_0_i/hls_inst/inst/gmem1_m_axi_U/bus_read/rreq_burst_conv/burst_sequential/rs_req/ap_rst_n
    SLICE_X42Y144        LUT1 (Prop_lut1_I0_O)        0.150     1.123 r  bd_0_i/hls_inst/inst/gmem1_m_axi_U/bus_read/rreq_burst_conv/burst_sequential/rs_req/could_multi_bursts.burst_valid_i_1/O
                         net (fo=1863, routed)       12.099    13.222    bd_0_i/hls_inst/inst/gmem0_m_axi_U/bus_read/rreq_burst_conv/burst_sequential/SR[0]
    SLICE_X106Y137       FDRE                                         r  bd_0_i/hls_inst/inst/gmem0_m_axi_U/bus_read/rreq_burst_conv/burst_sequential/could_multi_bursts.burst_addr_reg[11]/R
  -------------------------------------------------------------------    -------------------

                         (clock ap_clk rise edge)     0.000     0.000 r  
                                                      0.000     0.000 r  ap_clk (IN)
                         net (fo=9510, unset)         0.924     0.924    bd_0_i/hls_inst/inst/gmem0_m_axi_U/bus_read/rreq_burst_conv/burst_sequential/ap_clk
    SLICE_X106Y137       FDRE                                         r  bd_0_i/hls_inst/inst/gmem0_m_axi_U/bus_read/rreq_burst_conv/burst_sequential/could_multi_bursts.burst_addr_reg[11]/C

Slack:                    inf
  Source:                 ap_rst_n
                            (input port)
  Destination:            bd_0_i/hls_inst/inst/gmem0_m_axi_U/bus_read/rreq_burst_conv/burst_sequential/could_multi_bursts.burst_addr_reg[6]/R
                            (rising edge-triggered cell FDRE clocked by ap_clk  {rise@0.000ns fall@5.000ns period=10.000ns})
  Path Group:             (none)
  Path Type:              Setup (Max at Slow Process Corner)
  Data Path Delay:        13.084ns  (logic 0.150ns (1.146%)  route 12.934ns (98.854%))
  Logic Levels:           1  (LUT1=1)
  Clock Path Skew:        0.924ns (DCD - SCD + CPR)
    Destination Clock Delay (DCD):    0.924ns
    Source Clock Delay      (SCD):    0.000ns
    Clock Pessimism Removal (CPR):    0.000ns
  Clock Uncertainty:      0.025ns  ((TSJ^2 + TIJ^2)^1/2 + DJ) / 2 + PE
    Total System Jitter     (TSJ):    0.050ns
    Total Input Jitter      (TIJ):    0.000ns
    Discrete Jitter          (DJ):    0.000ns
    Phase Error              (PE):    0.000ns

    Location             Delay type                Incr(ns)  Path(ns)    Netlist Resource(s)
  -------------------------------------------------------------------    -------------------
                                                      0.000     0.000 f  ap_rst_n (IN)
                         net (fo=8, unset)            0.973     0.973    bd_0_i/hls_inst/inst/gmem1_m_axi_U/bus_read/rreq_burst_conv/burst_sequential/rs_req/ap_rst_n
    SLICE_X42Y144        LUT1 (Prop_lut1_I0_O)        0.150     1.123 r  bd_0_i/hls_inst/inst/gmem1_m_axi_U/bus_read/rreq_burst_conv/burst_sequential/rs_req/could_multi_bursts.burst_valid_i_1/O
                         net (fo=1863, routed)       11.961    13.084    bd_0_i/hls_inst/inst/gmem0_m_axi_U/bus_read/rreq_burst_conv/burst_sequential/SR[0]
    SLICE_X106Y136       FDRE                                         r  bd_0_i/hls_inst/inst/gmem0_m_axi_U/bus_read/rreq_burst_conv/burst_sequential/could_multi_bursts.burst_addr_reg[6]/R
  -------------------------------------------------------------------    -------------------

                         (clock ap_clk rise edge)     0.000     0.000 r  
                                                      0.000     0.000 r  ap_clk (IN)
                         net (fo=9510, unset)         0.924     0.924    bd_0_i/hls_inst/inst/gmem0_m_axi_U/bus_read/rreq_burst_conv/burst_sequential/ap_clk
    SLICE_X106Y136       FDRE                                         r  bd_0_i/hls_inst/inst/gmem0_m_axi_U/bus_read/rreq_burst_conv/burst_sequential/could_multi_bursts.burst_addr_reg[6]/C

Slack:                    inf
  Source:                 ap_rst_n
                            (input port)
  Destination:            bd_0_i/hls_inst/inst/gmem0_m_axi_U/bus_read/rreq_burst_conv/burst_sequential/could_multi_bursts.burst_addr_reg[7]/R
                            (rising edge-triggered cell FDRE clocked by ap_clk  {rise@0.000ns fall@5.000ns period=10.000ns})
  Path Group:             (none)
  Path Type:              Setup (Max at Slow Process Corner)
  Data Path Delay:        13.084ns  (logic 0.150ns (1.146%)  route 12.934ns (98.854%))
  Logic Levels:           1  (LUT1=1)
  Clock Path Skew:        0.924ns (DCD - SCD + CPR)
    Destination Clock Delay (DCD):    0.924ns
    Source Clock Delay      (SCD):    0.000ns
    Clock Pessimism Removal (CPR):    0.000ns
  Clock Uncertainty:      0.025ns  ((TSJ^2 + TIJ^2)^1/2 + DJ) / 2 + PE
    Total System Jitter     (TSJ):    0.050ns
    Total Input Jitter      (TIJ):    0.000ns
    Discrete Jitter          (DJ):    0.000ns
    Phase Error              (PE):    0.000ns

    Location             Delay type                Incr(ns)  Path(ns)    Netlist Resource(s)
  -------------------------------------------------------------------    -------------------
                                                      0.000     0.000 f  ap_rst_n (IN)
                         net (fo=8, unset)            0.973     0.973    bd_0_i/hls_inst/inst/gmem1_m_axi_U/bus_read/rreq_burst_conv/burst_sequential/rs_req/ap_rst_n
    SLICE_X42Y144        LUT1 (Prop_lut1_I0_O)        0.150     1.123 r  bd_0_i/hls_inst/inst/gmem1_m_axi_U/bus_read/rreq_burst_conv/burst_sequential/rs_req/could_multi_bursts.burst_valid_i_1/O
                         net (fo=1863, routed)       11.961    13.084    bd_0_i/hls_inst/inst/gmem0_m_axi_U/bus_read/rreq_burst_conv/burst_sequential/SR[0]
    SLICE_X106Y136       FDRE                                         r  bd_0_i/hls_inst/inst/gmem0_m_axi_U/bus_read/rreq_burst_conv/burst_sequential/could_multi_bursts.burst_addr_reg[7]/R
  -------------------------------------------------------------------    -------------------

                         (clock ap_clk rise edge)     0.000     0.000 r  
                                                      0.000     0.000 r  ap_clk (IN)
                         net (fo=9510, unset)         0.924     0.924    bd_0_i/hls_inst/inst/gmem0_m_axi_U/bus_read/rreq_burst_conv/burst_sequential/ap_clk
    SLICE_X106Y136       FDRE                                         r  bd_0_i/hls_inst/inst/gmem0_m_axi_U/bus_read/rreq_burst_conv/burst_sequential/could_multi_bursts.burst_addr_reg[7]/C

Slack:                    inf
  Source:                 ap_rst_n
                            (input port)
  Destination:            bd_0_i/hls_inst/inst/gmem0_m_axi_U/bus_read/rreq_burst_conv/burst_sequential/could_multi_bursts.burst_addr_reg[8]/R
                            (rising edge-triggered cell FDRE clocked by ap_clk  {rise@0.000ns fall@5.000ns period=10.000ns})
  Path Group:             (none)
  Path Type:              Setup (Max at Slow Process Corner)
  Data Path Delay:        13.084ns  (logic 0.150ns (1.146%)  route 12.934ns (98.854%))
  Logic Levels:           1  (LUT1=1)
  Clock Path Skew:        0.924ns (DCD - SCD + CPR)
    Destination Clock Delay (DCD):    0.924ns
    Source Clock Delay      (SCD):    0.000ns
    Clock Pessimism Removal (CPR):    0.000ns
  Clock Uncertainty:      0.025ns  ((TSJ^2 + TIJ^2)^1/2 + DJ) / 2 + PE
    Total System Jitter     (TSJ):    0.050ns
    Total Input Jitter      (TIJ):    0.000ns
    Discrete Jitter          (DJ):    0.000ns
    Phase Error              (PE):    0.000ns

    Location             Delay type                Incr(ns)  Path(ns)    Netlist Resource(s)
  -------------------------------------------------------------------    -------------------
                                                      0.000     0.000 f  ap_rst_n (IN)
                         net (fo=8, unset)            0.973     0.973    bd_0_i/hls_inst/inst/gmem1_m_axi_U/bus_read/rreq_burst_conv/burst_sequential/rs_req/ap_rst_n
    SLICE_X42Y144        LUT1 (Prop_lut1_I0_O)        0.150     1.123 r  bd_0_i/hls_inst/inst/gmem1_m_axi_U/bus_read/rreq_burst_conv/burst_sequential/rs_req/could_multi_bursts.burst_valid_i_1/O
                         net (fo=1863, routed)       11.961    13.084    bd_0_i/hls_inst/inst/gmem0_m_axi_U/bus_read/rreq_burst_conv/burst_sequential/SR[0]
    SLICE_X106Y136       FDRE                                         r  bd_0_i/hls_inst/inst/gmem0_m_axi_U/bus_read/rreq_burst_conv/burst_sequential/could_multi_bursts.burst_addr_reg[8]/R
  -------------------------------------------------------------------    -------------------

                         (clock ap_clk rise edge)     0.000     0.000 r  
                                                      0.000     0.000 r  ap_clk (IN)
                         net (fo=9510, unset)         0.924     0.924    bd_0_i/hls_inst/inst/gmem0_m_axi_U/bus_read/rreq_burst_conv/burst_sequential/ap_clk
    SLICE_X106Y136       FDRE                                         r  bd_0_i/hls_inst/inst/gmem0_m_axi_U/bus_read/rreq_burst_conv/burst_sequential/could_multi_bursts.burst_addr_reg[8]/C





Min Delay Paths
--------------------------------------------------------------------------------------
Slack:                    inf
  Source:                 bd_0_wrapper/bd_0/bd_0_hls_inst_0/bd_0_hls_inst_0_enhanced_correlator/bd_0_hls_inst_0_enhanced_correlator_fmul_32ns_32ns_32_4_max_dsp_1__xdcDup__1/bd_0_hls_inst_0_enhanced_correlator_fmul_32ns_32ns_32_4_max_dsp_1_ip/<hidden>/<hidden>/<hidden>/<hidden>/<hidden>/<hidden>
                            (internal pin)
  Destination:            bd_0_wrapper/bd_0/bd_0_hls_inst_0/bd_0_hls_inst_0_enhanced_correlator/bd_0_hls_inst_0_enhanced_correlator_fmul_32ns_32ns_32_4_max_dsp_1__xdcDup__1/bd_0_hls_inst_0_enhanced_correlator_fmul_32ns_32ns_32_4_max_dsp_1_ip/<hidden>/<hidden>/<hidden>/<hidden>/<hidden>/<hidden>
                            (rising edge-triggered cell DSP48E1 clocked by ap_clk  {rise@0.000ns fall@5.000ns period=10.000ns})
  Path Group:             (none)
  Path Type:              Hold (Min at Slow Process Corner)
  Data Path Delay:        0.002ns  (logic 0.000ns (0.000%)  route 0.002ns (100.000%))
  Logic Levels:           0  
  Clock Uncertainty:      0.025ns  ((TSJ^2 + TIJ^2)^1/2 + DJ) / 2 + PE
    Total System Jitter     (TSJ):    0.050ns
    Total Input Jitter      (TIJ):    0.000ns
    Discrete Jitter          (DJ):    0.000ns
    Phase Error              (PE):    0.000ns

    Location             Delay type                Incr(ns)  Path(ns)    Netlist Resource(s)
  -------------------------------------------------------------------    -------------------
    DSP48_X3Y44          DSP48E1                      0.000     0.000 r  bd_0_wrapper/bd_0/bd_0_hls_inst_0/bd_0_hls_inst_0_enhanced_correlator/bd_0_hls_inst_0_enhanced_correlator_fmul_32ns_32ns_32_4_max_dsp_1__xdcDup__1/bd_0_hls_inst_0_enhanced_correlator_fmul_32ns_32ns_32_4_max_dsp_1_ip/<hidden>/<hidden>/<hidden>/<hidden>/<hidden>/<hidden>
                         net (fo=1, routed)           0.002     0.002    bd_0_wrapper/bd_0/bd_0_hls_inst_0/bd_0_hls_inst_0_enhanced_correlator/bd_0_hls_inst_0_enhanced_correlator_fmul_32ns_32ns_32_4_max_dsp_1__xdcDup__1/bd_0_hls_inst_0_enhanced_correlator_fmul_32ns_32ns_32_4_max_dsp_1_ip/<hidden>/<hidden>/<hidden>/<hidden>/<hidden>/<hidden>
    DSP48_X3Y45          DSP48E1                                      r  bd_0_wrapper/bd_0/bd_0_hls_inst_0/bd_0_hls_inst_0_enhanced_correlator/bd_0_hls_inst_0_enhanced_correlator_fmul_32ns_32ns_32_4_max_dsp_1__xdcDup__1/bd_0_hls_inst_0_enhanced_correlator_fmul_32ns_32ns_32_4_max_dsp_1_ip/<hidden>/<hidden>/<hidden>/<hidden>/<hidden>/<hidden>
  -------------------------------------------------------------------    -------------------

                         (clock ap_clk rise edge)     0.000     0.000 r  
                                                      0.000     0.000 r  ap_clk (IN)
                         net (fo=9510, unset)         0.973     0.973    bd_0_wrapper/bd_0/bd_0_hls_inst_0/bd_0_hls_inst_0_enhanced_correlator/bd_0_hls_inst_0_enhanced_correlator_fmul_32ns_32ns_32_4_max_dsp_1__xdcDup__1/bd_0_hls_inst_0_enhanced_correlator_fmul_32ns_32ns_32_4_max_dsp_1_ip/<hidden>/<hidden>/<hidden>/<hidden>/<hidden>/<hidden>
    DSP48_X3Y45          DSP48E1                                      r  bd_0_wrapper/bd_0/bd_0_hls_inst_0/bd_0_hls_inst_0_enhanced_correlator/bd_0_hls_inst_0_enhanced_correlator_fmul_32ns_32ns_32_4_max_dsp_1__xdcDup__1/bd_0_hls_inst_0_enhanced_correlator_fmul_32ns_32ns_32_4_max_dsp_1_ip/<hidden>/<hidden>/<hidden>/<hidden>/<hidden>/<hidden>

Slack:                    inf
  Source:                 bd_0_wrapper/bd_0/bd_0_hls_inst_0/bd_0_hls_inst_0_enhanced_correlator/bd_0_hls_inst_0_enhanced_correlator_fmul_32ns_32ns_32_4_max_dsp_1__xdcDup__1/bd_0_hls_inst_0_enhanced_correlator_fmul_32ns_32ns_32_4_max_dsp_1_ip/<hidden>/<hidden>/<hidden>/<hidden>/<hidden>/<hidden>
                            (internal pin)
  Destination:            bd_0_wrapper/bd_0/bd_0_hls_inst_0/bd_0_hls_inst_0_enhanced_correlator/bd_0_hls_inst_0_enhanced_correlator_fmul_32ns_32ns_32_4_max_dsp_1__xdcDup__1/bd_0_hls_inst_0_enhanced_correlator_fmul_32ns_32ns_32_4_max_dsp_1_ip/<hidden>/<hidden>/<hidden>/<hidden>/<hidden>/<hidden>
                            (rising edge-triggered cell DSP48E1 clocked by ap_clk  {rise@0.000ns fall@5.000ns period=10.000ns})
  Path Group:             (none)
  Path Type:              Hold (Min at Slow Process Corner)
  Data Path Delay:        0.002ns  (logic 0.000ns (0.000%)  route 0.002ns (100.000%))
  Logic Levels:           0  
  Clock Uncertainty:      0.025ns  ((TSJ^2 + TIJ^2)^1/2 + DJ) / 2 + PE
    Total System Jitter     (TSJ):    0.050ns
    Total Input Jitter      (TIJ):    0.000ns
    Discrete Jitter          (DJ):    0.000ns
    Phase Error              (PE):    0.000ns

    Location             Delay type                Incr(ns)  Path(ns)    Netlist Resource(s)
  -------------------------------------------------------------------    -------------------
    DSP48_X3Y44          DSP48E1                      0.000     0.000 r  bd_0_wrapper/bd_0/bd_0_hls_inst_0/bd_0_hls_inst_0_enhanced_correlator/bd_0_hls_inst_0_enhanced_correlator_fmul_32ns_32ns_32_4_max_dsp_1__xdcDup__1/bd_0_hls_inst_0_enhanced_correlator_fmul_32ns_32ns_32_4_max_dsp_1_ip/<hidden>/<hidden>/<hidden>/<hidden>/<hidden>/<hidden>
                         net (fo=1, routed)           0.002     0.002    bd_0_wrapper/bd_0/bd_0_hls_inst_0/bd_0_hls_inst_0_enhanced_correlator/bd_0_hls_inst_0_enhanced_correlator_fmul_32ns_32ns_32_4_max_dsp_1__xdcDup__1/bd_0_hls_inst_0_enhanced_correlator_fmul_32ns_32ns_32_4_max_dsp_1_ip/<hidden>/<hidden>/<hidden>/<hidden>/<hidden>/<hidden>
    DSP48_X3Y45          DSP48E1                                      r  bd_0_wrapper/bd_0/bd_0_hls_inst_0/bd_0_hls_inst_0_enhanced_correlator/bd_0_hls_inst_0_enhanced_correlator_fmul_32ns_32ns_32_4_max_dsp_1__xdcDup__1/bd_0_hls_inst_0_enhanced_correlator_fmul_32ns_32ns_32_4_max_dsp_1_ip/<hidden>/<hidden>/<hidden>/<hidden>/<hidden>/<hidden>
  -------------------------------------------------------------------    -------------------

                         (clock ap_clk rise edge)     0.000     0.000 r  
                                                      0.000     0.000 r  ap_clk (IN)
                         net (fo=9510, unset)         0.973     0.973    bd_0_wrapper/bd_0/bd_0_hls_inst_0/bd_0_hls_inst_0_enhanced_correlator/bd_0_hls_inst_0_enhanced_correlator_fmul_32ns_32ns_32_4_max_dsp_1__xdcDup__1/bd_0_hls_inst_0_enhanced_correlator_fmul_32ns_32ns_32_4_max_dsp_1_ip/<hidden>/<hidden>/<hidden>/<hidden>/<hidden>/<hidden>
    DSP48_X3Y45          DSP48E1                                      r  bd_0_wrapper/bd_0/bd_0_hls_inst_0/bd_0_hls_inst_0_enhanced_correlator/bd_0_hls_inst_0_enhanced_correlator_fmul_32ns_32ns_32_4_max_dsp_1__xdcDup__1/bd_0_hls_inst_0_enhanced_correlator_fmul_32ns_32ns_32_4_max_dsp_1_ip/<hidden>/<hidden>/<hidden>/<hidden>/<hidden>/<hidden>

Slack:                    inf
  Source:                 bd_0_wrapper/bd_0/bd_0_hls_inst_0/bd_0_hls_inst_0_enhanced_correlator/bd_0_hls_inst_0_enhanced_correlator_fmul_32ns_32ns_32_4_max_dsp_1__xdcDup__1/bd_0_hls_inst_0_enhanced_correlator_fmul_32ns_32ns_32_4_max_dsp_1_ip/<hidden>/<hidden>/<hidden>/<hidden>/<hidden>/<hidden>
                            (internal pin)
  Destination:            bd_0_wrapper/bd_0/bd_0_hls_inst_0/bd_0_hls_inst_0_enhanced_correlator/bd_0_hls_inst_0_enhanced_correlator_fmul_32ns_32ns_32_4_max_dsp_1__xdcDup__1/bd_0_hls_inst_0_enhanced_correlator_fmul_32ns_32ns_32_4_max_dsp_1_ip/<hidden>/<hidden>/<hidden>/<hidden>/<hidden>/<hidden>
                            (rising edge-triggered cell DSP48E1 clocked by ap_clk  {rise@0.000ns fall@5.000ns period=10.000ns})
  Path Group:             (none)
  Path Type:              Hold (Min at Slow Process Corner)
  Data Path Delay:        0.002ns  (logic 0.000ns (0.000%)  route 0.002ns (100.000%))
  Logic Levels:           0  
  Clock Uncertainty:      0.025ns  ((TSJ^2 + TIJ^2)^1/2 + DJ) / 2 + PE
    Total System Jitter     (TSJ):    0.050ns
    Total Input Jitter      (TIJ):    0.000ns
    Discrete Jitter          (DJ):    0.000ns
    Phase Error              (PE):    0.000ns

    Location             Delay type                Incr(ns)  Path(ns)    Netlist Resource(s)
  -------------------------------------------------------------------    -------------------
    DSP48_X3Y44          DSP48E1                      0.000     0.000 r  bd_0_wrapper/bd_0/bd_0_hls_inst_0/bd_0_hls_inst_0_enhanced_correlator/bd_0_hls_inst_0_enhanced_correlator_fmul_32ns_32ns_32_4_max_dsp_1__xdcDup__1/bd_0_hls_inst_0_enhanced_correlator_fmul_32ns_32ns_32_4_max_dsp_1_ip/<hidden>/<hidden>/<hidden>/<hidden>/<hidden>/<hidden>
                         net (fo=1, routed)           0.002     0.002    bd_0_wrapper/bd_0/bd_0_hls_inst_0/bd_0_hls_inst_0_enhanced_correlator/bd_0_hls_inst_0_enhanced_correlator_fmul_32ns_32ns_32_4_max_dsp_1__xdcDup__1/bd_0_hls_inst_0_enhanced_correlator_fmul_32ns_32ns_32_4_max_dsp_1_ip/<hidden>/<hidden>/<hidden>/<hidden>/<hidden>/<hidden>
    DSP48_X3Y45          DSP48E1                                      r  bd_0_wrapper/bd_0/bd_0_hls_inst_0/bd_0_hls_inst_0_enhanced_correlator/bd_0_hls_inst_0_enhanced_correlator_fmul_32ns_32ns_32_4_max_dsp_1__xdcDup__1/bd_0_hls_inst_0_enhanced_correlator_fmul_32ns_32ns_32_4_max_dsp_1_ip/<hidden>/<hidden>/<hidden>/<hidden>/<hidden>/<hidden>
  -------------------------------------------------------------------    -------------------

                         (clock ap_clk rise edge)     0.000     0.000 r  
                                                      0.000     0.000 r  ap_clk (IN)
                         net (fo=9510, unset)         0.973     0.973    bd_0_wrapper/bd_0/bd_0_hls_inst_0/bd_0_hls_inst_0_enhanced_correlator/bd_0_hls_inst_0_enhanced_correlator_fmul_32ns_32ns_32_4_max_dsp_1__xdcDup__1/bd_0_hls_inst_0_enhanced_correlator_fmul_32ns_32ns_32_4_max_dsp_1_ip/<hidden>/<hidden>/<hidden>/<hidden>/<hidden>/<hidden>
    DSP48_X3Y45          DSP48E1                                      r  bd_0_wrapper/bd_0/bd_0_hls_inst_0/bd_0_hls_inst_0_enhanced_correlator/bd_0_hls_inst_0_enhanced_correlator_fmul_32ns_32ns_32_4_max_dsp_1__xdcDup__1/bd_0_hls_inst_0_enhanced_correlator_fmul_32ns_32ns_32_4_max_dsp_1_ip/<hidden>/<hidden>/<hidden>/<hidden>/<hidden>/<hidden>

Slack:                    inf
  Source:                 bd_0_wrapper/bd_0/bd_0_hls_inst_0/bd_0_hls_inst_0_enhanced_correlator/bd_0_hls_inst_0_enhanced_correlator_fmul_32ns_32ns_32_4_max_dsp_1__xdcDup__1/bd_0_hls_inst_0_enhanced_correlator_fmul_32ns_32ns_32_4_max_dsp_1_ip/<hidden>/<hidden>/<hidden>/<hidden>/<hidden>/<hidden>
                            (internal pin)
  Destination:            bd_0_wrapper/bd_0/bd_0_hls_inst_0/bd_0_hls_inst_0_enhanced_correlator/bd_0_hls_inst_0_enhanced_correlator_fmul_32ns_32ns_32_4_max_dsp_1__xdcDup__1/bd_0_hls_inst_0_enhanced_correlator_fmul_32ns_32ns_32_4_max_dsp_1_ip/<hidden>/<hidden>/<hidden>/<hidden>/<hidden>/<hidden>
                            (rising edge-triggered cell DSP48E1 clocked by ap_clk  {rise@0.000ns fall@5.000ns period=10.000ns})
  Path Group:             (none)
  Path Type:              Hold (Min at Slow Process Corner)
  Data Path Delay:        0.002ns  (logic 0.000ns (0.000%)  route 0.002ns (100.000%))
  Logic Levels:           0  
  Clock Uncertainty:      0.025ns  ((TSJ^2 + TIJ^2)^1/2 + DJ) / 2 + PE
    Total System Jitter     (TSJ):    0.050ns
    Total Input Jitter      (TIJ):    0.000ns
    Discrete Jitter          (DJ):    0.000ns
    Phase Error              (PE):    0.000ns

    Location             Delay type                Incr(ns)  Path(ns)    Netlist Resource(s)
  -------------------------------------------------------------------    -------------------
    DSP48_X3Y44          DSP48E1                      0.000     0.000 r  bd_0_wrapper/bd_0/bd_0_hls_inst_0/bd_0_hls_inst_0_enhanced_correlator/bd_0_hls_inst_0_enhanced_correlator_fmul_32ns_32ns_32_4_max_dsp_1__xdcDup__1/bd_0_hls_inst_0_enhanced_correlator_fmul_32ns_32ns_32_4_max_dsp_1_ip/<hidden>/<hidden>/<hidden>/<hidden>/<hidden>/<hidden>
                         net (fo=1, routed)           0.002     0.002    bd_0_wrapper/bd_0/bd_0_hls_inst_0/bd_0_hls_inst_0_enhanced_correlator/bd_0_hls_inst_0_enhanced_correlator_fmul_32ns_32ns_32_4_max_dsp_1__xdcDup__1/bd_0_hls_inst_0_enhanced_correlator_fmul_32ns_32ns_32_4_max_dsp_1_ip/<hidden>/<hidden>/<hidden>/<hidden>/<hidden>/<hidden>
    DSP48_X3Y45          DSP48E1                                      r  bd_0_wrapper/bd_0/bd_0_hls_inst_0/bd_0_hls_inst_0_enhanced_correlator/bd_0_hls_inst_0_enhanced_correlator_fmul_32ns_32ns_32_4_max_dsp_1__xdcDup__1/bd_0_hls_inst_0_enhanced_correlator_fmul_32ns_32ns_32_4_max_dsp_1_ip/<hidden>/<hidden>/<hidden>/<hidden>/<hidden>/<hidden>
  -------------------------------------------------------------------    -------------------

                         (clock ap_clk rise edge)     0.000     0.000 r  
                                                      0.000     0.000 r  ap_clk (IN)
                         net (fo=9510, unset)         0.973     0.973    bd_0_wrapper/bd_0/bd_0_hls_inst_0/bd_0_hls_inst_0_enhanced_correlator/bd_0_hls_inst_0_enhanced_correlator_fmul_32ns_32ns_32_4_max_dsp_1__xdcDup__1/bd_0_hls_inst_0_enhanced_correlator_fmul_32ns_32ns_32_4_max_dsp_1_ip/<hidden>/<hidden>/<hidden>/<hidden>/<hidden>/<hidden>
    DSP48_X3Y45          DSP48E1                                      r  bd_0_wrapper/bd_0/bd_0_hls_inst_0/bd_0_hls_inst_0_enhanced_correlator/bd_0_hls_inst_0_enhanced_correlator_fmul_32ns_32ns_32_4_max_dsp_1__xdcDup__1/bd_0_hls_inst_0_enhanced_correlator_fmul_32ns_32ns_32_4_max_dsp_1_ip/<hidden>/<hidden>/<hidden>/<hidden>/<hidden>/<hidden>

Slack:                    inf
  Source:                 bd_0_wrapper/bd_0/bd_0_hls_inst_0/bd_0_hls_inst_0_enhanced_correlator/bd_0_hls_inst_0_enhanced_correlator_fmul_32ns_32ns_32_4_max_dsp_1__xdcDup__1/bd_0_hls_inst_0_enhanced_correlator_fmul_32ns_32ns_32_4_max_dsp_1_ip/<hidden>/<hidden>/<hidden>/<hidden>/<hidden>/<hidden>
                            (internal pin)
  Destination:            bd_0_wrapper/bd_0/bd_0_hls_inst_0/bd_0_hls_inst_0_enhanced_correlator/bd_0_hls_inst_0_enhanced_correlator_fmul_32ns_32ns_32_4_max_dsp_1__xdcDup__1/bd_0_hls_inst_0_enhanced_correlator_fmul_32ns_32ns_32_4_max_dsp_1_ip/<hidden>/<hidden>/<hidden>/<hidden>/<hidden>/<hidden>
                            (rising edge-triggered cell DSP48E1 clocked by ap_clk  {rise@0.000ns fall@5.000ns period=10.000ns})
  Path Group:             (none)
  Path Type:              Hold (Min at Slow Process Corner)
  Data Path Delay:        0.002ns  (logic 0.000ns (0.000%)  route 0.002ns (100.000%))
  Logic Levels:           0  
  Clock Uncertainty:      0.025ns  ((TSJ^2 + TIJ^2)^1/2 + DJ) / 2 + PE
    Total System Jitter     (TSJ):    0.050ns
    Total Input Jitter      (TIJ):    0.000ns
    Discrete Jitter          (DJ):    0.000ns
    Phase Error              (PE):    0.000ns

    Location             Delay type                Incr(ns)  Path(ns)    Netlist Resource(s)
  -------------------------------------------------------------------    -------------------
    DSP48_X3Y44          DSP48E1                      0.000     0.000 r  bd_0_wrapper/bd_0/bd_0_hls_inst_0/bd_0_hls_inst_0_enhanced_correlator/bd_0_hls_inst_0_enhanced_correlator_fmul_32ns_32ns_32_4_max_dsp_1__xdcDup__1/bd_0_hls_inst_0_enhanced_correlator_fmul_32ns_32ns_32_4_max_dsp_1_ip/<hidden>/<hidden>/<hidden>/<hidden>/<hidden>/<hidden>
                         net (fo=1, routed)           0.002     0.002    bd_0_wrapper/bd_0/bd_0_hls_inst_0/bd_0_hls_inst_0_enhanced_correlator/bd_0_hls_inst_0_enhanced_correlator_fmul_32ns_32ns_32_4_max_dsp_1__xdcDup__1/bd_0_hls_inst_0_enhanced_correlator_fmul_32ns_32ns_32_4_max_dsp_1_ip/<hidden>/<hidden>/<hidden>/<hidden>/<hidden>/<hidden>
    DSP48_X3Y45          DSP48E1                                      r  bd_0_wrapper/bd_0/bd_0_hls_inst_0/bd_0_hls_inst_0_enhanced_correlator/bd_0_hls_inst_0_enhanced_correlator_fmul_32ns_32ns_32_4_max_dsp_1__xdcDup__1/bd_0_hls_inst_0_enhanced_correlator_fmul_32ns_32ns_32_4_max_dsp_1_ip/<hidden>/<hidden>/<hidden>/<hidden>/<hidden>/<hidden>
  -------------------------------------------------------------------    -------------------

                         (clock ap_clk rise edge)     0.000     0.000 r  
                                                      0.000     0.000 r  ap_clk (IN)
                         net (fo=9510, unset)         0.973     0.973    bd_0_wrapper/bd_0/bd_0_hls_inst_0/bd_0_hls_inst_0_enhanced_correlator/bd_0_hls_inst_0_enhanced_correlator_fmul_32ns_32ns_32_4_max_dsp_1__xdcDup__1/bd_0_hls_inst_0_enhanced_correlator_fmul_32ns_32ns_32_4_max_dsp_1_ip/<hidden>/<hidden>/<hidden>/<hidden>/<hidden>/<hidden>
    DSP48_X3Y45          DSP48E1                                      r  bd_0_wrapper/bd_0/bd_0_hls_inst_0/bd_0_hls_inst_0_enhanced_correlator/bd_0_hls_inst_0_enhanced_correlator_fmul_32ns_32ns_32_4_max_dsp_1__xdcDup__1/bd_0_hls_inst_0_enhanced_correlator_fmul_32ns_32ns_32_4_max_dsp_1_ip/<hidden>/<hidden>/<hidden>/<hidden>/<hidden>/<hidden>

Slack:                    inf
  Source:                 bd_0_wrapper/bd_0/bd_0_hls_inst_0/bd_0_hls_inst_0_enhanced_correlator/bd_0_hls_inst_0_enhanced_correlator_fmul_32ns_32ns_32_4_max_dsp_1__xdcDup__1/bd_0_hls_inst_0_enhanced_correlator_fmul_32ns_32ns_32_4_max_dsp_1_ip/<hidden>/<hidden>/<hidden>/<hidden>/<hidden>/<hidden>
                            (internal pin)
  Destination:            bd_0_wrapper/bd_0/bd_0_hls_inst_0/bd_0_hls_inst_0_enhanced_correlator/bd_0_hls_inst_0_enhanced_correlator_fmul_32ns_32ns_32_4_max_dsp_1__xdcDup__1/bd_0_hls_inst_0_enhanced_correlator_fmul_32ns_32ns_32_4_max_dsp_1_ip/<hidden>/<hidden>/<hidden>/<hidden>/<hidden>/<hidden>
                            (rising edge-triggered cell DSP48E1 clocked by ap_clk  {rise@0.000ns fall@5.000ns period=10.000ns})
  Path Group:             (none)
  Path Type:              Hold (Min at Slow Process Corner)
  Data Path Delay:        0.002ns  (logic 0.000ns (0.000%)  route 0.002ns (100.000%))
  Logic Levels:           0  
  Clock Uncertainty:      0.025ns  ((TSJ^2 + TIJ^2)^1/2 + DJ) / 2 + PE
    Total System Jitter     (TSJ):    0.050ns
    Total Input Jitter      (TIJ):    0.000ns
    Discrete Jitter          (DJ):    0.000ns
    Phase Error              (PE):    0.000ns

    Location             Delay type                Incr(ns)  Path(ns)    Netlist Resource(s)
  -------------------------------------------------------------------    -------------------
    DSP48_X3Y44          DSP48E1                      0.000     0.000 r  bd_0_wrapper/bd_0/bd_0_hls_inst_0/bd_0_hls_inst_0_enhanced_correlator/bd_0_hls_inst_0_enhanced_correlator_fmul_32ns_32ns_32_4_max_dsp_1__xdcDup__1/bd_0_hls_inst_0_enhanced_correlator_fmul_32ns_32ns_32_4_max_dsp_1_ip/<hidden>/<hidden>/<hidden>/<hidden>/<hidden>/<hidden>
                         net (fo=1, routed)           0.002     0.002    bd_0_wrapper/bd_0/bd_0_hls_inst_0/bd_0_hls_inst_0_enhanced_correlator/bd_0_hls_inst_0_enhanced_correlator_fmul_32ns_32ns_32_4_max_dsp_1__xdcDup__1/bd_0_hls_inst_0_enhanced_correlator_fmul_32ns_32ns_32_4_max_dsp_1_ip/<hidden>/<hidden>/<hidden>/<hidden>/<hidden>/<hidden>
    DSP48_X3Y45          DSP48E1                                      r  bd_0_wrapper/bd_0/bd_0_hls_inst_0/bd_0_hls_inst_0_enhanced_correlator/bd_0_hls_inst_0_enhanced_correlator_fmul_32ns_32ns_32_4_max_dsp_1__xdcDup__1/bd_0_hls_inst_0_enhanced_correlator_fmul_32ns_32ns_32_4_max_dsp_1_ip/<hidden>/<hidden>/<hidden>/<hidden>/<hidden>/<hidden>
  -------------------------------------------------------------------    -------------------

                         (clock ap_clk rise edge)     0.000     0.000 r  
                                                      0.000     0.000 r  ap_clk (IN)
                         net (fo=9510, unset)         0.973     0.973    bd_0_wrapper/bd_0/bd_0_hls_inst_0/bd_0_hls_inst_0_enhanced_correlator/bd_0_hls_inst_0_enhanced_correlator_fmul_32ns_32ns_32_4_max_dsp_1__xdcDup__1/bd_0_hls_inst_0_enhanced_correlator_fmul_32ns_32ns_32_4_max_dsp_1_ip/<hidden>/<hidden>/<hidden>/<hidden>/<hidden>/<hidden>
    DSP48_X3Y45          DSP48E1                                      r  bd_0_wrapper/bd_0/bd_0_hls_inst_0/bd_0_hls_inst_0_enhanced_correlator/bd_0_hls_inst_0_enhanced_correlator_fmul_32ns_32ns_32_4_max_dsp_1__xdcDup__1/bd_0_hls_inst_0_enhanced_correlator_fmul_32ns_32ns_32_4_max_dsp_1_ip/<hidden>/<hidden>/<hidden>/<hidden>/<hidden>/<hidden>

Slack:                    inf
  Source:                 bd_0_wrapper/bd_0/bd_0_hls_inst_0/bd_0_hls_inst_0_enhanced_correlator/bd_0_hls_inst_0_enhanced_correlator_fmul_32ns_32ns_32_4_max_dsp_1__xdcDup__1/bd_0_hls_inst_0_enhanced_correlator_fmul_32ns_32ns_32_4_max_dsp_1_ip/<hidden>/<hidden>/<hidden>/<hidden>/<hidden>/<hidden>
                            (internal pin)
  Destination:            bd_0_wrapper/bd_0/bd_0_hls_inst_0/bd_0_hls_inst_0_enhanced_correlator/bd_0_hls_inst_0_enhanced_correlator_fmul_32ns_32ns_32_4_max_dsp_1__xdcDup__1/bd_0_hls_inst_0_enhanced_correlator_fmul_32ns_32ns_32_4_max_dsp_1_ip/<hidden>/<hidden>/<hidden>/<hidden>/<hidden>/<hidden>
                            (rising edge-triggered cell DSP48E1 clocked by ap_clk  {rise@0.000ns fall@5.000ns period=10.000ns})
  Path Group:             (none)
  Path Type:              Hold (Min at Slow Process Corner)
  Data Path Delay:        0.002ns  (logic 0.000ns (0.000%)  route 0.002ns (100.000%))
  Logic Levels:           0  
  Clock Uncertainty:      0.025ns  ((TSJ^2 + TIJ^2)^1/2 + DJ) / 2 + PE
    Total System Jitter     (TSJ):    0.050ns
    Total Input Jitter      (TIJ):    0.000ns
    Discrete Jitter          (DJ):    0.000ns
    Phase Error              (PE):    0.000ns

    Location             Delay type                Incr(ns)  Path(ns)    Netlist Resource(s)
  -------------------------------------------------------------------    -------------------
    DSP48_X3Y44          DSP48E1                      0.000     0.000 r  bd_0_wrapper/bd_0/bd_0_hls_inst_0/bd_0_hls_inst_0_enhanced_correlator/bd_0_hls_inst_0_enhanced_correlator_fmul_32ns_32ns_32_4_max_dsp_1__xdcDup__1/bd_0_hls_inst_0_enhanced_correlator_fmul_32ns_32ns_32_4_max_dsp_1_ip/<hidden>/<hidden>/<hidden>/<hidden>/<hidden>/<hidden>
                         net (fo=1, routed)           0.002     0.002    bd_0_wrapper/bd_0/bd_0_hls_inst_0/bd_0_hls_inst_0_enhanced_correlator/bd_0_hls_inst_0_enhanced_correlator_fmul_32ns_32ns_32_4_max_dsp_1__xdcDup__1/bd_0_hls_inst_0_enhanced_correlator_fmul_32ns_32ns_32_4_max_dsp_1_ip/<hidden>/<hidden>/<hidden>/<hidden>/<hidden>/<hidden>
    DSP48_X3Y45          DSP48E1                                      r  bd_0_wrapper/bd_0/bd_0_hls_inst_0/bd_0_hls_inst_0_enhanced_correlator/bd_0_hls_inst_0_enhanced_correlator_fmul_32ns_32ns_32_4_max_dsp_1__xdcDup__1/bd_0_hls_inst_0_enhanced_correlator_fmul_32ns_32ns_32_4_max_dsp_1_ip/<hidden>/<hidden>/<hidden>/<hidden>/<hidden>/<hidden>
  -------------------------------------------------------------------    -------------------

                         (clock ap_clk rise edge)     0.000     0.000 r  
                                                      0.000     0.000 r  ap_clk (IN)
                         net (fo=9510, unset)         0.973     0.973    bd_0_wrapper/bd_0/bd_0_hls_inst_0/bd_0_hls_inst_0_enhanced_correlator/bd_0_hls_inst_0_enhanced_correlator_fmul_32ns_32ns_32_4_max_dsp_1__xdcDup__1/bd_0_hls_inst_0_enhanced_correlator_fmul_32ns_32ns_32_4_max_dsp_1_ip/<hidden>/<hidden>/<hidden>/<hidden>/<hidden>/<hidden>
    DSP48_X3Y45          DSP48E1                                      r  bd_0_wrapper/bd_0/bd_0_hls_inst_0/bd_0_hls_inst_0_enhanced_correlator/bd_0_hls_inst_0_enhanced_correlator_fmul_32ns_32ns_32_4_max_dsp_1__xdcDup__1/bd_0_hls_inst_0_enhanced_correlator_fmul_32ns_32ns_32_4_max_dsp_1_ip/<hidden>/<hidden>/<hidden>/<hidden>/<hidden>/<hidden>

Slack:                    inf
  Source:                 bd_0_wrapper/bd_0/bd_0_hls_inst_0/bd_0_hls_inst_0_enhanced_correlator/bd_0_hls_inst_0_enhanced_correlator_fmul_32ns_32ns_32_4_max_dsp_1__xdcDup__1/bd_0_hls_inst_0_enhanced_correlator_fmul_32ns_32ns_32_4_max_dsp_1_ip/<hidden>/<hidden>/<hidden>/<hidden>/<hidden>/<hidden>
                            (internal pin)
  Destination:            bd_0_wrapper/bd_0/bd_0_hls_inst_0/bd_0_hls_inst_0_enhanced_correlator/bd_0_hls_inst_0_enhanced_correlator_fmul_32ns_32ns_32_4_max_dsp_1__xdcDup__1/bd_0_hls_inst_0_enhanced_correlator_fmul_32ns_32ns_32_4_max_dsp_1_ip/<hidden>/<hidden>/<hidden>/<hidden>/<hidden>/<hidden>
                            (rising edge-triggered cell DSP48E1 clocked by ap_clk  {rise@0.000ns fall@5.000ns period=10.000ns})
  Path Group:             (none)
  Path Type:              Hold (Min at Slow Process Corner)
  Data Path Delay:        0.002ns  (logic 0.000ns (0.000%)  route 0.002ns (100.000%))
  Logic Levels:           0  
  Clock Uncertainty:      0.025ns  ((TSJ^2 + TIJ^2)^1/2 + DJ) / 2 + PE
    Total System Jitter     (TSJ):    0.050ns
    Total Input Jitter      (TIJ):    0.000ns
    Discrete Jitter          (DJ):    0.000ns
    Phase Error              (PE):    0.000ns

    Location             Delay type                Incr(ns)  Path(ns)    Netlist Resource(s)
  -------------------------------------------------------------------    -------------------
    DSP48_X3Y44          DSP48E1                      0.000     0.000 r  bd_0_wrapper/bd_0/bd_0_hls_inst_0/bd_0_hls_inst_0_enhanced_correlator/bd_0_hls_inst_0_enhanced_correlator_fmul_32ns_32ns_32_4_max_dsp_1__xdcDup__1/bd_0_hls_inst_0_enhanced_correlator_fmul_32ns_32ns_32_4_max_dsp_1_ip/<hidden>/<hidden>/<hidden>/<hidden>/<hidden>/<hidden>
                         net (fo=1, routed)           0.002     0.002    bd_0_wrapper/bd_0/bd_0_hls_inst_0/bd_0_hls_inst_0_enhanced_correlator/bd_0_hls_inst_0_enhanced_correlator_fmul_32ns_32ns_32_4_max_dsp_1__xdcDup__1/bd_0_hls_inst_0_enhanced_correlator_fmul_32ns_32ns_32_4_max_dsp_1_ip/<hidden>/<hidden>/<hidden>/<hidden>/<hidden>/<hidden>
    DSP48_X3Y45          DSP48E1                                      r  bd_0_wrapper/bd_0/bd_0_hls_inst_0/bd_0_hls_inst_0_enhanced_correlator/bd_0_hls_inst_0_enhanced_correlator_fmul_32ns_32ns_32_4_max_dsp_1__xdcDup__1/bd_0_hls_inst_0_enhanced_correlator_fmul_32ns_32ns_32_4_max_dsp_1_ip/<hidden>/<hidden>/<hidden>/<hidden>/<hidden>/<hidden>
  -------------------------------------------------------------------    -------------------

                         (clock ap_clk rise edge)     0.000     0.000 r  
                                                      0.000     0.000 r  ap_clk (IN)
                         net (fo=9510, unset)         0.973     0.973    bd_0_wrapper/bd_0/bd_0_hls_inst_0/bd_0_hls_inst_0_enhanced_correlator/bd_0_hls_inst_0_enhanced_correlator_fmul_32ns_32ns_32_4_max_dsp_1__xdcDup__1/bd_0_hls_inst_0_enhanced_correlator_fmul_32ns_32ns_32_4_max_dsp_1_ip/<hidden>/<hidden>/<hidden>/<hidden>/<hidden>/<hidden>
    DSP48_X3Y45          DSP48E1                                      r  bd_0_wrapper/bd_0/bd_0_hls_inst_0/bd_0_hls_inst_0_enhanced_correlator/bd_0_hls_inst_0_enhanced_correlator_fmul_32ns_32ns_32_4_max_dsp_1__xdcDup__1/bd_0_hls_inst_0_enhanced_correlator_fmul_32ns_32ns_32_4_max_dsp_1_ip/<hidden>/<hidden>/<hidden>/<hidden>/<hidden>/<hidden>

Slack:                    inf
  Source:                 bd_0_wrapper/bd_0/bd_0_hls_inst_0/bd_0_hls_inst_0_enhanced_correlator/bd_0_hls_inst_0_enhanced_correlator_fmul_32ns_32ns_32_4_max_dsp_1__xdcDup__1/bd_0_hls_inst_0_enhanced_correlator_fmul_32ns_32ns_32_4_max_dsp_1_ip/<hidden>/<hidden>/<hidden>/<hidden>/<hidden>/<hidden>
                            (internal pin)
  Destination:            bd_0_wrapper/bd_0/bd_0_hls_inst_0/bd_0_hls_inst_0_enhanced_correlator/bd_0_hls_inst_0_enhanced_correlator_fmul_32ns_32ns_32_4_max_dsp_1__xdcDup__1/bd_0_hls_inst_0_enhanced_correlator_fmul_32ns_32ns_32_4_max_dsp_1_ip/<hidden>/<hidden>/<hidden>/<hidden>/<hidden>/<hidden>
                            (rising edge-triggered cell DSP48E1 clocked by ap_clk  {rise@0.000ns fall@5.000ns period=10.000ns})
  Path Group:             (none)
  Path Type:              Hold (Min at Slow Process Corner)
  Data Path Delay:        0.002ns  (logic 0.000ns (0.000%)  route 0.002ns (100.000%))
  Logic Levels:           0  
  Clock Uncertainty:      0.025ns  ((TSJ^2 + TIJ^2)^1/2 + DJ) / 2 + PE
    Total System Jitter     (TSJ):    0.050ns
    Total Input Jitter      (TIJ):    0.000ns
    Discrete Jitter          (DJ):    0.000ns
    Phase Error              (PE):    0.000ns

    Location             Delay type                Incr(ns)  Path(ns)    Netlist Resource(s)
  -------------------------------------------------------------------    -------------------
    DSP48_X3Y44          DSP48E1                      0.000     0.000 r  bd_0_wrapper/bd_0/bd_0_hls_inst_0/bd_0_hls_inst_0_enhanced_correlator/bd_0_hls_inst_0_enhanced_correlator_fmul_32ns_32ns_32_4_max_dsp_1__xdcDup__1/bd_0_hls_inst_0_enhanced_correlator_fmul_32ns_32ns_32_4_max_dsp_1_ip/<hidden>/<hidden>/<hidden>/<hidden>/<hidden>/<hidden>
                         net (fo=1, routed)           0.002     0.002    bd_0_wrapper/bd_0/bd_0_hls_inst_0/bd_0_hls_inst_0_enhanced_correlator/bd_0_hls_inst_0_enhanced_correlator_fmul_32ns_32ns_32_4_max_dsp_1__xdcDup__1/bd_0_hls_inst_0_enhanced_correlator_fmul_32ns_32ns_32_4_max_dsp_1_ip/<hidden>/<hidden>/<hidden>/<hidden>/<hidden>/<hidden>
    DSP48_X3Y45          DSP48E1                                      r  bd_0_wrapper/bd_0/bd_0_hls_inst_0/bd_0_hls_inst_0_enhanced_correlator/bd_0_hls_inst_0_enhanced_correlator_fmul_32ns_32ns_32_4_max_dsp_1__xdcDup__1/bd_0_hls_inst_0_enhanced_correlator_fmul_32ns_32ns_32_4_max_dsp_1_ip/<hidden>/<hidden>/<hidden>/<hidden>/<hidden>/<hidden>
  -------------------------------------------------------------------    -------------------

                         (clock ap_clk rise edge)     0.000     0.000 r  
                                                      0.000     0.000 r  ap_clk (IN)
                         net (fo=9510, unset)         0.973     0.973    bd_0_wrapper/bd_0/bd_0_hls_inst_0/bd_0_hls_inst_0_enhanced_correlator/bd_0_hls_inst_0_enhanced_correlator_fmul_32ns_32ns_32_4_max_dsp_1__xdcDup__1/bd_0_hls_inst_0_enhanced_correlator_fmul_32ns_32ns_32_4_max_dsp_1_ip/<hidden>/<hidden>/<hidden>/<hidden>/<hidden>/<hidden>
    DSP48_X3Y45          DSP48E1                                      r  bd_0_wrapper/bd_0/bd_0_hls_inst_0/bd_0_hls_inst_0_enhanced_correlator/bd_0_hls_inst_0_enhanced_correlator_fmul_32ns_32ns_32_4_max_dsp_1__xdcDup__1/bd_0_hls_inst_0_enhanced_correlator_fmul_32ns_32ns_32_4_max_dsp_1_ip/<hidden>/<hidden>/<hidden>/<hidden>/<hidden>/<hidden>

Slack:                    inf
  Source:                 bd_0_wrapper/bd_0/bd_0_hls_inst_0/bd_0_hls_inst_0_enhanced_correlator/bd_0_hls_inst_0_enhanced_correlator_fmul_32ns_32ns_32_4_max_dsp_1__xdcDup__1/bd_0_hls_inst_0_enhanced_correlator_fmul_32ns_32ns_32_4_max_dsp_1_ip/<hidden>/<hidden>/<hidden>/<hidden>/<hidden>/<hidden>
                            (internal pin)
  Destination:            bd_0_wrapper/bd_0/bd_0_hls_inst_0/bd_0_hls_inst_0_enhanced_correlator/bd_0_hls_inst_0_enhanced_correlator_fmul_32ns_32ns_32_4_max_dsp_1__xdcDup__1/bd_0_hls_inst_0_enhanced_correlator_fmul_32ns_32ns_32_4_max_dsp_1_ip/<hidden>/<hidden>/<hidden>/<hidden>/<hidden>/<hidden>
                            (rising edge-triggered cell DSP48E1 clocked by ap_clk  {rise@0.000ns fall@5.000ns period=10.000ns})
  Path Group:             (none)
  Path Type:              Hold (Min at Slow Process Corner)
  Data Path Delay:        0.002ns  (logic 0.000ns (0.000%)  route 0.002ns (100.000%))
  Logic Levels:           0  
  Clock Uncertainty:      0.025ns  ((TSJ^2 + TIJ^2)^1/2 + DJ) / 2 + PE
    Total System Jitter     (TSJ):    0.050ns
    Total Input Jitter      (TIJ):    0.000ns
    Discrete Jitter          (DJ):    0.000ns
    Phase Error              (PE):    0.000ns

    Location             Delay type                Incr(ns)  Path(ns)    Netlist Resource(s)
  -------------------------------------------------------------------    -------------------
    DSP48_X3Y44          DSP48E1                      0.000     0.000 r  bd_0_wrapper/bd_0/bd_0_hls_inst_0/bd_0_hls_inst_0_enhanced_correlator/bd_0_hls_inst_0_enhanced_correlator_fmul_32ns_32ns_32_4_max_dsp_1__xdcDup__1/bd_0_hls_inst_0_enhanced_correlator_fmul_32ns_32ns_32_4_max_dsp_1_ip/<hidden>/<hidden>/<hidden>/<hidden>/<hidden>/<hidden>
                         net (fo=1, routed)           0.002     0.002    bd_0_wrapper/bd_0/bd_0_hls_inst_0/bd_0_hls_inst_0_enhanced_correlator/bd_0_hls_inst_0_enhanced_correlator_fmul_32ns_32ns_32_4_max_dsp_1__xdcDup__1/bd_0_hls_inst_0_enhanced_correlator_fmul_32ns_32ns_32_4_max_dsp_1_ip/<hidden>/<hidden>/<hidden>/<hidden>/<hidden>/<hidden>
    DSP48_X3Y45          DSP48E1                                      r  bd_0_wrapper/bd_0/bd_0_hls_inst_0/bd_0_hls_inst_0_enhanced_correlator/bd_0_hls_inst_0_enhanced_correlator_fmul_32ns_32ns_32_4_max_dsp_1__xdcDup__1/bd_0_hls_inst_0_enhanced_correlator_fmul_32ns_32ns_32_4_max_dsp_1_ip/<hidden>/<hidden>/<hidden>/<hidden>/<hidden>/<hidden>
  -------------------------------------------------------------------    -------------------

                         (clock ap_clk rise edge)     0.000     0.000 r  
                                                      0.000     0.000 r  ap_clk (IN)
                         net (fo=9510, unset)         0.973     0.973    bd_0_wrapper/bd_0/bd_0_hls_inst_0/bd_0_hls_inst_0_enhanced_correlator/bd_0_hls_inst_0_enhanced_correlator_fmul_32ns_32ns_32_4_max_dsp_1__xdcDup__1/bd_0_hls_inst_0_enhanced_correlator_fmul_32ns_32ns_32_4_max_dsp_1_ip/<hidden>/<hidden>/<hidden>/<hidden>/<hidden>/<hidden>
    DSP48_X3Y45          DSP48E1                                      r  bd_0_wrapper/bd_0/bd_0_hls_inst_0/bd_0_hls_inst_0_enhanced_correlator/bd_0_hls_inst_0_enhanced_correlator_fmul_32ns_32ns_32_4_max_dsp_1__xdcDup__1/bd_0_hls_inst_0_enhanced_correlator_fmul_32ns_32ns_32_4_max_dsp_1_ip/<hidden>/<hidden>/<hidden>/<hidden>/<hidden>/<hidden>





