Compiling the CXX compiler identification source file "CMakeCXXCompilerId.cpp" failed.
Compiler: /opt/Xilinx/2025.2/Vitis/gnu/microblaze/lin/bin/mb-g++ 
Build flags: 
Id flags:  

The output was:
1
/opt/Xilinx/2025.2/gnu/microblaze/lin/x86_64-oesdk-linux/usr/bin/microblaze-xilinx-elf/microblaze-xilinx-elf-ld.real: cannot find -lxil: No such file or directory
collect2.real: error: ld returned 1 exit status


Compiling the C compiler identification source file "CMakeCCompilerId.c" failed.
Compiler: /opt/Xilinx/2025.2/Vitis/gnu/microblaze/lin/bin/mb-gcc 
Build flags: 
Id flags:  

The output was:
1
/opt/Xilinx/2025.2/gnu/microblaze/lin/x86_64-oesdk-linux/usr/bin/microblaze-xilinx-elf/microblaze-xilinx-elf-ld.real: cannot find -lxil: No such file or directory
collect2.real: error: ld returned 1 exit status


Detecting CXX compiler ABI info failed to compile with the following output:
Change Dir: /home/johan2/Documents/fpga/zynq-pynq-gnss-receiver/build/CMakeFiles/CMakeTmp

Run Build Command(s):/opt/Xilinx/2025.2/Vitis/bin/ninja cmTC_9fe72 && [1/2] Building CXX object CMakeFiles/cmTC_9fe72.dir/CMakeCXXCompilerABI.cpp.o
Using built-in specs.
COLLECT_GCC=/opt/Xilinx/2025.2/Vitis/gnu/microblaze/lin/bin/../x86_64-oesdk-linux/usr/bin/microblaze-xilinx-elf/microblaze-xilinx-elf-g++.real
Target: microblaze-xilinx-elf
Configured with: ../../../../../../work-shared/gcc-13.3.0-r0/gcc-13.3.0/configure --build=x86_64-linux --host=x86_64-oesdk-linux --target=microblaze-xilinx-elf --prefix=/usr/local/oe-sdk-hardcoded-buildpath/sysroots/x86_64-oesdk-linux/usr --exec_prefix=/usr/local/oe-sdk-hardcoded-buildpath/sysroots/x86_64-oesdk-linux/usr --bindir=/usr/local/oe-sdk-hardcoded-buildpath/sysroots/x86_64-oesdk-linux/usr/bin/microblaze-xilinx-elf --sbindir=/usr/local/oe-sdk-hardcoded-buildpath/sysroots/x86_64-oesdk-linux/usr/bin/microblaze-xilinx-elf --libexecdir=/usr/local/oe-sdk-hardcoded-buildpath/sysroots/x86_64-oesdk-linux/usr/libexec/microblaze-xilinx-elf --datadir=/usr/local/oe-sdk-hardcoded-buildpath/sysroots/x86_64-oesdk-linux/usr/share --sysconfdir=/usr/local/oe-sdk-hardcoded-buildpath/sysroots/x86_64-oesdk-linux/etc --sharedstatedir=/usr/local/oe-sdk-hardcoded-buildpath/sysroots/x86_64-oesdk-linux/com --localstatedir=/usr/local/oe-sdk-hardcoded-buildpath/sysroots/x86_64-oesdk-linux/var --libdir=/usr/local/oe-sdk-hardcoded-buildpath/sysroots/x86_64-oesdk-linux/usr/lib/microblaze-xilinx-elf --includedir=/usr/local/oe-sdk-hardcoded-buildpath/sysroots/x86_64-oesdk-linux/usr/include --oldincludedir=/usr/local/oe-sdk-hardcoded-buildpath/sysroots/x86_64-oesdk-linux/usr/include --infodir=/usr/local/oe-sdk-hardcoded-buildpath/sysroots/x86_64-oesdk-linux/usr/share/info --mandir=/usr/local/oe-sdk-hardcoded-buildpath/sysroots/x86_64-oesdk-linux/usr/share/man --disable-silent-rules --disable-dependency-tracking --with-libtool-sysroot=/host --with-gnu-ld --enable-shared --enable-languages=c,c++,fortran --enable-threads=posix --enable-multilib --enable-c99 --enable-long-long --enable-libstdcxx-pch --program-prefix=microblaze-xilinx-elf- --without-local-prefix --disable-install-libiberty --disable-libssp --enable-libitm --enable-lto --disable-bootstrap --with-system-zlib --enable-linker-build-id --with-ppl=no --with-cloog=no --enable-checking=release --enable-cheaders=c_global --without-isl --with-gxx-include-dir=/not/exist/usr/include/c++/13.3.0 --with-build-time-tools=/host-native/usr/microblaze-xilinx-elf/bin --with-sysroot=/not/exist --with-build-sysroot=/host --with-plugin-ld=ld --enable-poison-system-directories --disable-static --enable-nls --with-glibc-version=2.28 --enable-initfini-array --enable-multilib --disable-initfini_array --disable-__cxa_atexit --disable-libstdcxx-pch --with-newlib --disable-threads --enable-plugins --with-gnu-as --disable-libitm --disable-tm-clone-registry --without-long-double-128 --with-sysroot=/not/exist
Thread model: single
Supported LTO compression algorithms: zlib zstd
gcc version 13.3.0 (GCC) 
COLLECT_GCC_OPTIONS='--sysroot=/opt/Xilinx/2025.2/Vitis/gnu/microblaze/lin/bin/../microblazeeb-xilinx-elf' '-v' '-o' 'CMakeFiles/cmTC_9fe72.dir/CMakeCXXCompilerABI.cpp.o' '-c' '-dumpdir' 'CMakeFiles/cmTC_9fe72.dir/'
 /opt/Xilinx/2025.2/gnu/microblaze/lin/x86_64-oesdk-linux/usr/bin/microblaze-xilinx-elf/../../libexec/microblaze-xilinx-elf/gcc/microblaze-xilinx-elf/13.3.0/cc1plus -quiet -v -iprefix /opt/Xilinx/2025.2/gnu/microblaze/lin/x86_64-oesdk-linux/usr/bin/microblaze-xilinx-elf/../../lib/microblaze-xilinx-elf/gcc/microblaze-xilinx-elf/13.3.0/ -isysroot /opt/Xilinx/2025.2/Vitis/gnu/microblaze/lin/bin/../microblazeeb-xilinx-elf /usr/share/cmake-3.22/Modules/CMakeCXXCompilerABI.cpp -quiet -dumpdir CMakeFiles/cmTC_9fe72.dir/ -dumpbase CMakeCXXCompilerABI.cpp.cpp -dumpbase-ext .cpp -version -o /tmp/cciB9Wkv.s
GNU C++17 (GCC) version 13.3.0 (microblaze-xilinx-elf)
	compiled by GNU C version 13.3.0, GMP version 6.3.0, MPFR version 4.2.1, MPC version 1.3.1, isl version none
GGC heuristics: --param ggc-min-expand=100 --param ggc-min-heapsize=131072
ignoring nonexistent directory "/opt/Xilinx/2025.2/gnu/microblaze/lin/x86_64-oesdk-linux/usr/bin/microblaze-xilinx-elf/../../lib/microblaze-xilinx-elf/gcc/microblaze-xilinx-elf/13.3.0/../../../../../microblaze-xilinx-elf/include"
ignoring duplicate directory "/opt/Xilinx/2025.2/gnu/microblaze/lin/x86_64-oesdk-linux/usr/bin/microblaze-xilinx-elf/../../lib/microblaze-xilinx-elf/gcc/../../../lib/microblaze-xilinx-elf/gcc/microblaze-xilinx-elf/13.3.0/include"
ignoring nonexistent directory "/opt/Xilinx/2025.2/Vitis/gnu/microblaze/lin/bin/../microblazeeb-xilinx-elf/usr/lib/microblaze-xilinx-elf/13.3.0/include"
ignoring nonexistent directory "/opt/Xilinx/2025.2/Vitis/gnu/microblaze/lin/bin/../microblazeeb-xilinx-elf/usr/local/include"
ignoring duplicate directory "/opt/Xilinx/2025.2/gnu/microblaze/lin/x86_64-oesdk-linux/usr/bin/microblaze-xilinx-elf/../../lib/microblaze-xilinx-elf/gcc/../../../lib/microblaze-xilinx-elf/gcc/microblaze-xilinx-elf/13.3.0/include-fixed"
ignoring nonexistent directory "/opt/Xilinx/2025.2/gnu/microblaze/lin/x86_64-oesdk-linux/usr/bin/microblaze-xilinx-elf/../../lib/microblaze-xilinx-elf/gcc/../../../lib/microblaze-xilinx-elf/gcc/microblaze-xilinx-elf/13.3.0/../../../../../microblaze-xilinx-elf/include"
#include "..." search starts here:
#include <...> search starts here:
 /opt/Xilinx/2025.2/gnu/microblaze/lin/x86_64-oesdk-linux/usr/bin/microblaze-xilinx-elf/../../lib/microblaze-xilinx-elf/gcc/microblaze-xilinx-elf/13.3.0/include
 /opt/Xilinx/2025.2/gnu/microblaze/lin/x86_64-oesdk-linux/usr/bin/microblaze-xilinx-elf/../../lib/microblaze-xilinx-elf/gcc/microblaze-xilinx-elf/13.3.0/include-fixed
 /opt/Xilinx/2025.2/Vitis/gnu/microblaze/lin/bin/../microblazeeb-xilinx-elf/usr/include/c++/13.3.0
 /opt/Xilinx/2025.2/Vitis/gnu/microblaze/lin/bin/../microblazeeb-xilinx-elf/usr/include/c++/13.3.0/microblaze-xilinx-elf
 /opt/Xilinx/2025.2/Vitis/gnu/microblaze/lin/bin/../microblazeeb-xilinx-elf/usr/include/c++/13.3.0/backward
 /opt/Xilinx/2025.2/Vitis/gnu/microblaze/lin/bin/../microblazeeb-xilinx-elf/usr/include/
End of search list.
Compiler executable checksum: 5ee332ca6c15a39532a83f3839ef2841
COLLECT_GCC_OPTIONS='--sysroot=/opt/Xilinx/2025.2/Vitis/gnu/microblaze/lin/bin/../microblazeeb-xilinx-elf' '-v' '-o' 'CMakeFiles/cmTC_9fe72.dir/CMakeCXXCompilerABI.cpp.o' '-c' '-dumpdir' 'CMakeFiles/cmTC_9fe72.dir/'
 /opt/Xilinx/2025.2/gnu/microblaze/lin/x86_64-oesdk-linux/usr/bin/microblaze-xilinx-elf/../../libexec/microblaze-xilinx-elf/gcc/microblaze-xilinx-elf/13.3.0/as -v -o CMakeFiles/cmTC_9fe72.dir/CMakeCXXCompilerABI.cpp.o /tmp/cciB9Wkv.s
GNU assembler version 2.42.0 (microblaze-xilinx-elf) using BFD version (GNU Binutils) 2.42.0.20240723
COMPILER_PATH=/opt/Xilinx/2025.2/gnu/microblaze/lin/x86_64-oesdk-linux/usr/bin/microblaze-xilinx-elf/../../libexec/microblaze-xilinx-elf/gcc/microblaze-xilinx-elf/13.3.0/:/opt/Xilinx/2025.2/gnu/microblaze/lin/x86_64-oesdk-linux/usr/bin/microblaze-xilinx-elf/../../libexec/microblaze-xilinx-elf/gcc/
LIBRARY_PATH=/opt/Xilinx/2025.2/gnu/microblaze/lin/x86_64-oesdk-linux/usr/bin/microblaze-xilinx-elf/../../lib/microblaze-xilinx-elf/gcc/microblaze-xilinx-elf/13.3.0/:/opt/Xilinx/2025.2/gnu/microblaze/lin/x86_64-oesdk-linux/usr/bin/microblaze-xilinx-elf/../../lib/microblaze-xilinx-elf/gcc/:/opt/Xilinx/2025.2/Vitis/gnu/microblaze/lin/bin/../microblazeeb-xilinx-elf/usr/lib/microblaze-xilinx-elf/13.3.0/:/opt/Xilinx/2025.2/Vitis/gnu/microblaze/lin/bin/../microblazeeb-xilinx-elf/usr/lib/
COLLECT_GCC_OPTIONS='--sysroot=/opt/Xilinx/2025.2/Vitis/gnu/microblaze/lin/bin/../microblazeeb-xilinx-elf' '-v' '-o' 'CMakeFiles/cmTC_9fe72.dir/CMakeCXXCompilerABI.cpp.o' '-c' '-dumpdir' 'CMakeFiles/cmTC_9fe72.dir/CMakeCXXCompilerABI.cpp.'
[2/2] Linking CXX executable cmTC_9fe72
FAILED: cmTC_9fe72 
: && /opt/Xilinx/2025.2/Vitis/gnu/microblaze/lin/bin/mb-g++  -v CMakeFiles/cmTC_9fe72.dir/CMakeCXXCompilerABI.cpp.o -o cmTC_9fe72   && :
Using built-in specs.
COLLECT_GCC=/opt/Xilinx/2025.2/Vitis/gnu/microblaze/lin/bin/../x86_64-oesdk-linux/usr/bin/microblaze-xilinx-elf/microblaze-xilinx-elf-g++.real
COLLECT_LTO_WRAPPER=/opt/Xilinx/2025.2/gnu/microblaze/lin/x86_64-oesdk-linux/usr/bin/microblaze-xilinx-elf/../../libexec/microblaze-xilinx-elf/gcc/microblaze-xilinx-elf/13.3.0/lto-wrapper
Target: microblaze-xilinx-elf
Configured with: ../../../../../../work-shared/gcc-13.3.0-r0/gcc-13.3.0/configure --build=x86_64-linux --host=x86_64-oesdk-linux --target=microblaze-xilinx-elf --prefix=/usr/local/oe-sdk-hardcoded-buildpath/sysroots/x86_64-oesdk-linux/usr --exec_prefix=/usr/local/oe-sdk-hardcoded-buildpath/sysroots/x86_64-oesdk-linux/usr --bindir=/usr/local/oe-sdk-hardcoded-buildpath/sysroots/x86_64-oesdk-linux/usr/bin/microblaze-xilinx-elf --sbindir=/usr/local/oe-sdk-hardcoded-buildpath/sysroots/x86_64-oesdk-linux/usr/bin/microblaze-xilinx-elf --libexecdir=/usr/local/oe-sdk-hardcoded-buildpath/sysroots/x86_64-oesdk-linux/usr/libexec/microblaze-xilinx-elf --datadir=/usr/local/oe-sdk-hardcoded-buildpath/sysroots/x86_64-oesdk-linux/usr/share --sysconfdir=/usr/local/oe-sdk-hardcoded-buildpath/sysroots/x86_64-oesdk-linux/etc --sharedstatedir=/usr/local/oe-sdk-hardcoded-buildpath/sysroots/x86_64-oesdk-linux/com --localstatedir=/usr/local/oe-sdk-hardcoded-buildpath/sysroots/x86_64-oesdk-linux/var --libdir=/usr/local/oe-sdk-hardcoded-buildpath/sysroots/x86_64-oesdk-linux/usr/lib/microblaze-xilinx-elf --includedir=/usr/local/oe-sdk-hardcoded-buildpath/sysroots/x86_64-oesdk-linux/usr/include --oldincludedir=/usr/local/oe-sdk-hardcoded-buildpath/sysroots/x86_64-oesdk-linux/usr/include --infodir=/usr/local/oe-sdk-hardcoded-buildpath/sysroots/x86_64-oesdk-linux/usr/share/info --mandir=/usr/local/oe-sdk-hardcoded-buildpath/sysroots/x86_64-oesdk-linux/usr/share/man --disable-silent-rules --disable-dependency-tracking --with-libtool-sysroot=/host --with-gnu-ld --enable-shared --enable-languages=c,c++,fortran --enable-threads=posix --enable-multilib --enable-c99 --enable-long-long --enable-libstdcxx-pch --program-prefix=microblaze-xilinx-elf- --without-local-prefix --disable-install-libiberty --disable-libssp --enable-libitm --enable-lto --disable-bootstrap --with-system-zlib --enable-linker-build-id --with-ppl=no --with-cloog=no --enable-checking=release --enable-cheaders=c_global --without-isl --with-gxx-include-dir=/not/exist/usr/include/c++/13.3.0 --with-build-time-tools=/host-native/usr/microblaze-xilinx-elf/bin --with-sysroot=/not/exist --with-build-sysroot=/host --with-plugin-ld=ld --enable-poison-system-directories --disable-static --enable-nls --with-glibc-version=2.28 --enable-initfini-array --enable-multilib --disable-initfini_array --disable-__cxa_atexit --disable-libstdcxx-pch --with-newlib --disable-threads --enable-plugins --with-gnu-as --disable-libitm --disable-tm-clone-registry --without-long-double-128 --with-sysroot=/not/exist
Thread model: single
Supported LTO compression algorithms: zlib zstd
gcc version 13.3.0 (GCC) 
COMPILER_PATH=/opt/Xilinx/2025.2/gnu/microblaze/lin/x86_64-oesdk-linux/usr/bin/microblaze-xilinx-elf/../../libexec/microblaze-xilinx-elf/gcc/microblaze-xilinx-elf/13.3.0/:/opt/Xilinx/2025.2/gnu/microblaze/lin/x86_64-oesdk-linux/usr/bin/microblaze-xilinx-elf/../../libexec/microblaze-xilinx-elf/gcc/
LIBRARY_PATH=/opt/Xilinx/2025.2/gnu/microblaze/lin/x86_64-oesdk-linux/usr/bin/microblaze-xilinx-elf/../../lib/microblaze-xilinx-elf/gcc/microblaze-xilinx-elf/13.3.0/:/opt/Xilinx/2025.2/gnu/microblaze/lin/x86_64-oesdk-linux/usr/bin/microblaze-xilinx-elf/../../lib/microblaze-xilinx-elf/gcc/:/opt/Xilinx/2025.2/Vitis/gnu/microblaze/lin/bin/../microblazeeb-xilinx-elf/usr/lib/microblaze-xilinx-elf/13.3.0/:/opt/Xilinx/2025.2/Vitis/gnu/microblaze/lin/bin/../microblazeeb-xilinx-elf/usr/lib/
COLLECT_GCC_OPTIONS='--sysroot=/opt/Xilinx/2025.2/Vitis/gnu/microblaze/lin/bin/../microblazeeb-xilinx-elf' '-v' '-o' 'cmTC_9fe72' '-dumpdir' 'cmTC_9fe72.'
 /opt/Xilinx/2025.2/gnu/microblaze/lin/x86_64-oesdk-linux/usr/bin/microblaze-xilinx-elf/../../libexec/microblaze-xilinx-elf/gcc/microblaze-xilinx-elf/13.3.0/collect2 -plugin /opt/Xilinx/2025.2/gnu/microblaze/lin/x86_64-oesdk-linux/usr/bin/microblaze-xilinx-elf/../../libexec/microblaze-xilinx-elf/gcc/microblaze-xilinx-elf/13.3.0/liblto_plugin.so -plugin-opt=/opt/Xilinx/2025.2/gnu/microblaze/lin/x86_64-oesdk-linux/usr/bin/microblaze-xilinx-elf/../../libexec/microblaze-xilinx-elf/gcc/microblaze-xilinx-elf/13.3.0/lto-wrapper -plugin-opt=-fresolution=/tmp/ccRyMpU8.res -plugin-opt=-pass-through=-lgcc -plugin-opt=-pass-through=-lgloss -plugin-opt=-pass-through=-lxil -plugin-opt=-pass-through=-lc -plugin-opt=-pass-through=-lm -plugin-opt=-pass-through=-lgcc --sysroot=/opt/Xilinx/2025.2/Vitis/gnu/microblaze/lin/bin/../microblazeeb-xilinx-elf --build-id -N -relax -G 0 -dT /opt/Xilinx/2025.2/Vitis/gnu/microblaze/lin/bin/../microblazeeb-xilinx-elf/usr/lib/xilinx.ld -o cmTC_9fe72 /opt/Xilinx/2025.2/Vitis/gnu/microblaze/lin/bin/../microblazeeb-xilinx-elf/usr/lib/crt0.o /opt/Xilinx/2025.2/Vitis/gnu/microblaze/lin/bin/../microblazeeb-xilinx-elf/usr/lib/microblaze-xilinx-elf/13.3.0/crti.o /opt/Xilinx/2025.2/Vitis/gnu/microblaze/lin/bin/../microblazeeb-xilinx-elf/usr/lib/microblaze-xilinx-elf/13.3.0/crtbegin.o /opt/Xilinx/2025.2/Vitis/gnu/microblaze/lin/bin/../microblazeeb-xilinx-elf/usr/lib/crtinit.o -L/opt/Xilinx/2025.2/gnu/microblaze/lin/x86_64-oesdk-linux/usr/bin/microblaze-xilinx-elf/../../lib/microblaze-xilinx-elf/gcc/microblaze-xilinx-elf/13.3.0 -L/opt/Xilinx/2025.2/gnu/microblaze/lin/x86_64-oesdk-linux/usr/bin/microblaze-xilinx-elf/../../lib/microblaze-xilinx-elf/gcc -L/opt/Xilinx/2025.2/Vitis/gnu/microblaze/lin/bin/../microblazeeb-xilinx-elf/usr/lib/microblaze-xilinx-elf/13.3.0 -L/opt/Xilinx/2025.2/Vitis/gnu/microblaze/lin/bin/../microblazeeb-xilinx-elf/usr/lib CMakeFiles/cmTC_9fe72.dir/CMakeCXXCompilerABI.cpp.o --build-id=none -lstdc++ -lm -lgcc -start-group -lgloss -lxil -lc -lm -end-group -lgcc /opt/Xilinx/2025.2/Vitis/gnu/microblaze/lin/bin/../microblazeeb-xilinx-elf/usr/lib/microblaze-xilinx-elf/13.3.0/crtend.o /opt/Xilinx/2025.2/Vitis/gnu/microblaze/lin/bin/../microblazeeb-xilinx-elf/usr/lib/microblaze-xilinx-elf/13.3.0/crtn.o
/opt/Xilinx/2025.2/gnu/microblaze/lin/x86_64-oesdk-linux/usr/bin/microblaze-xilinx-elf/microblaze-xilinx-elf-ld.real: cannot find -lxil: No such file or directory
collect2.real: error: ld returned 1 exit status
ninja: build stopped: subcommand failed.




Determining if the CXX compiler works failed with the following output:
Change Dir: /home/johan2/Documents/fpga/zynq-pynq-gnss-receiver/build/CMakeFiles/CMakeTmp

Run Build Command(s):/opt/Xilinx/2025.2/Vitis/bin/ninja cmTC_76c73 && [1/2] Building CXX object CMakeFiles/cmTC_76c73.dir/testCXXCompiler.cxx.o
[2/2] Linking CXX executable cmTC_76c73
FAILED: cmTC_76c73 
: && /opt/Xilinx/2025.2/Vitis/gnu/microblaze/lin/bin/mb-g++   CMakeFiles/cmTC_76c73.dir/testCXXCompiler.cxx.o -o cmTC_76c73   && :
/opt/Xilinx/2025.2/gnu/microblaze/lin/x86_64-oesdk-linux/usr/bin/microblaze-xilinx-elf/microblaze-xilinx-elf-ld.real: cannot find -lxil: No such file or directory
collect2.real: error: ld returned 1 exit status
ninja: build stopped: subcommand failed.



Compiling the CXX compiler identification source file "CMakeCXXCompilerId.cpp" failed.
Compiler: /opt/Xilinx/2025.2/Vitis/gnu/microblaze/lin/bin/mb-g++ 
Build flags: 
Id flags:  

The output was:
1
/opt/Xilinx/2025.2/gnu/microblaze/lin/x86_64-oesdk-linux/usr/bin/microblaze-xilinx-elf/microblaze-xilinx-elf-ld.real: cannot find -lxil: No such file or directory
collect2.real: error: ld returned 1 exit status


Compiling the C compiler identification source file "CMakeCCompilerId.c" failed.
Compiler: /opt/Xilinx/2025.2/Vitis/gnu/microblaze/lin/bin/mb-gcc 
Build flags: 
Id flags:  

The output was:
1
/opt/Xilinx/2025.2/gnu/microblaze/lin/x86_64-oesdk-linux/usr/bin/microblaze-xilinx-elf/microblaze-xilinx-elf-ld.real: cannot find -lxil: No such file or directory
collect2.real: error: ld returned 1 exit status


Detecting CXX compiler ABI info failed to compile with the following output:
Change Dir: /home/johan2/Documents/fpga/zynq-pynq-gnss-receiver/build/CMakeFiles/CMakeTmp

Run Build Command(s):/opt/Xilinx/2025.2/Vitis/bin/ninja cmTC_ab518 && [1/2] Building CXX object CMakeFiles/cmTC_ab518.dir/CMakeCXXCompilerABI.cpp.o
Using built-in specs.
COLLECT_GCC=/opt/Xilinx/2025.2/Vitis/gnu/microblaze/lin/bin/../x86_64-oesdk-linux/usr/bin/microblaze-xilinx-elf/microblaze-xilinx-elf-g++.real
Target: microblaze-xilinx-elf
Configured with: ../../../../../../work-shared/gcc-13.3.0-r0/gcc-13.3.0/configure --build=x86_64-linux --host=x86_64-oesdk-linux --target=microblaze-xilinx-elf --prefix=/usr/local/oe-sdk-hardcoded-buildpath/sysroots/x86_64-oesdk-linux/usr --exec_prefix=/usr/local/oe-sdk-hardcoded-buildpath/sysroots/x86_64-oesdk-linux/usr --bindir=/usr/local/oe-sdk-hardcoded-buildpath/sysroots/x86_64-oesdk-linux/usr/bin/microblaze-xilinx-elf --sbindir=/usr/local/oe-sdk-hardcoded-buildpath/sysroots/x86_64-oesdk-linux/usr/bin/microblaze-xilinx-elf --libexecdir=/usr/local/oe-sdk-hardcoded-buildpath/sysroots/x86_64-oesdk-linux/usr/libexec/microblaze-xilinx-elf --datadir=/usr/local/oe-sdk-hardcoded-buildpath/sysroots/x86_64-oesdk-linux/usr/share --sysconfdir=/usr/local/oe-sdk-hardcoded-buildpath/sysroots/x86_64-oesdk-linux/etc --sharedstatedir=/usr/local/oe-sdk-hardcoded-buildpath/sysroots/x86_64-oesdk-linux/com --localstatedir=/usr/local/oe-sdk-hardcoded-buildpath/sysroots/x86_64-oesdk-linux/var --libdir=/usr/local/oe-sdk-hardcoded-buildpath/sysroots/x86_64-oesdk-linux/usr/lib/microblaze-xilinx-elf --includedir=/usr/local/oe-sdk-hardcoded-buildpath/sysroots/x86_64-oesdk-linux/usr/include --oldincludedir=/usr/local/oe-sdk-hardcoded-buildpath/sysroots/x86_64-oesdk-linux/usr/include --infodir=/usr/local/oe-sdk-hardcoded-buildpath/sysroots/x86_64-oesdk-linux/usr/share/info --mandir=/usr/local/oe-sdk-hardcoded-buildpath/sysroots/x86_64-oesdk-linux/usr/share/man --disable-silent-rules --disable-dependency-tracking --with-libtool-sysroot=/host --with-gnu-ld --enable-shared --enable-languages=c,c++,fortran --enable-threads=posix --enable-multilib --enable-c99 --enable-long-long --enable-libstdcxx-pch --program-prefix=microblaze-xilinx-elf- --without-local-prefix --disable-install-libiberty --disable-libssp --enable-libitm --enable-lto --disable-bootstrap --with-system-zlib --enable-linker-build-id --with-ppl=no --with-cloog=no --enable-checking=release --enable-cheaders=c_global --without-isl --with-gxx-include-dir=/not/exist/usr/include/c++/13.3.0 --with-build-time-tools=/host-native/usr/microblaze-xilinx-elf/bin --with-sysroot=/not/exist --with-build-sysroot=/host --with-plugin-ld=ld --enable-poison-system-directories --disable-static --enable-nls --with-glibc-version=2.28 --enable-initfini-array --enable-multilib --disable-initfini_array --disable-__cxa_atexit --disable-libstdcxx-pch --with-newlib --disable-threads --enable-plugins --with-gnu-as --disable-libitm --disable-tm-clone-registry --without-long-double-128 --with-sysroot=/not/exist
Thread model: single
Supported LTO compression algorithms: zlib zstd
gcc version 13.3.0 (GCC) 
COLLECT_GCC_OPTIONS='--sysroot=/opt/Xilinx/2025.2/Vitis/gnu/microblaze/lin/bin/../microblazeeb-xilinx-elf' '-v' '-o' 'CMakeFiles/cmTC_ab518.dir/CMakeCXXCompilerABI.cpp.o' '-c' '-dumpdir' 'CMakeFiles/cmTC_ab518.dir/'
 /opt/Xilinx/2025.2/gnu/microblaze/lin/x86_64-oesdk-linux/usr/bin/microblaze-xilinx-elf/../../libexec/microblaze-xilinx-elf/gcc/microblaze-xilinx-elf/13.3.0/cc1plus -quiet -v -iprefix /opt/Xilinx/2025.2/gnu/microblaze/lin/x86_64-oesdk-linux/usr/bin/microblaze-xilinx-elf/../../lib/microblaze-xilinx-elf/gcc/microblaze-xilinx-elf/13.3.0/ -isysroot /opt/Xilinx/2025.2/Vitis/gnu/microblaze/lin/bin/../microblazeeb-xilinx-elf /usr/share/cmake-3.22/Modules/CMakeCXXCompilerABI.cpp -quiet -dumpdir CMakeFiles/cmTC_ab518.dir/ -dumpbase CMakeCXXCompilerABI.cpp.cpp -dumpbase-ext .cpp -version -o /tmp/cc9bsNLN.s
GNU C++17 (GCC) version 13.3.0 (microblaze-xilinx-elf)
	compiled by GNU C version 13.3.0, GMP version 6.3.0, MPFR version 4.2.1, MPC version 1.3.1, isl version none
GGC heuristics: --param ggc-min-expand=100 --param ggc-min-heapsize=131072
ignoring nonexistent directory "/opt/Xilinx/2025.2/gnu/microblaze/lin/x86_64-oesdk-linux/usr/bin/microblaze-xilinx-elf/../../lib/microblaze-xilinx-elf/gcc/microblaze-xilinx-elf/13.3.0/../../../../../microblaze-xilinx-elf/include"
ignoring duplicate directory "/opt/Xilinx/2025.2/gnu/microblaze/lin/x86_64-oesdk-linux/usr/bin/microblaze-xilinx-elf/../../lib/microblaze-xilinx-elf/gcc/../../../lib/microblaze-xilinx-elf/gcc/microblaze-xilinx-elf/13.3.0/include"
ignoring nonexistent directory "/opt/Xilinx/2025.2/Vitis/gnu/microblaze/lin/bin/../microblazeeb-xilinx-elf/usr/lib/microblaze-xilinx-elf/13.3.0/include"
ignoring nonexistent directory "/opt/Xilinx/2025.2/Vitis/gnu/microblaze/lin/bin/../microblazeeb-xilinx-elf/usr/local/include"
ignoring duplicate directory "/opt/Xilinx/2025.2/gnu/microblaze/lin/x86_64-oesdk-linux/usr/bin/microblaze-xilinx-elf/../../lib/microblaze-xilinx-elf/gcc/../../../lib/microblaze-xilinx-elf/gcc/microblaze-xilinx-elf/13.3.0/include-fixed"
ignoring nonexistent directory "/opt/Xilinx/2025.2/gnu/microblaze/lin/x86_64-oesdk-linux/usr/bin/microblaze-xilinx-elf/../../lib/microblaze-xilinx-elf/gcc/../../../lib/microblaze-xilinx-elf/gcc/microblaze-xilinx-elf/13.3.0/../../../../../microblaze-xilinx-elf/include"
#include "..." search starts here:
#include <...> search starts here:
 /opt/Xilinx/2025.2/gnu/microblaze/lin/x86_64-oesdk-linux/usr/bin/microblaze-xilinx-elf/../../lib/microblaze-xilinx-elf/gcc/microblaze-xilinx-elf/13.3.0/include
 /opt/Xilinx/2025.2/gnu/microblaze/lin/x86_64-oesdk-linux/usr/bin/microblaze-xilinx-elf/../../lib/microblaze-xilinx-elf/gcc/microblaze-xilinx-elf/13.3.0/include-fixed
 /opt/Xilinx/2025.2/Vitis/gnu/microblaze/lin/bin/../microblazeeb-xilinx-elf/usr/include/c++/13.3.0
 /opt/Xilinx/2025.2/Vitis/gnu/microblaze/lin/bin/../microblazeeb-xilinx-elf/usr/include/c++/13.3.0/microblaze-xilinx-elf
 /opt/Xilinx/2025.2/Vitis/gnu/microblaze/lin/bin/../microblazeeb-xilinx-elf/usr/include/c++/13.3.0/backward
 /opt/Xilinx/2025.2/Vitis/gnu/microblaze/lin/bin/../microblazeeb-xilinx-elf/usr/include/
End of search list.
Compiler executable checksum: 5ee332ca6c15a39532a83f3839ef2841
COLLECT_GCC_OPTIONS='--sysroot=/opt/Xilinx/2025.2/Vitis/gnu/microblaze/lin/bin/../microblazeeb-xilinx-elf' '-v' '-o' 'CMakeFiles/cmTC_ab518.dir/CMakeCXXCompilerABI.cpp.o' '-c' '-dumpdir' 'CMakeFiles/cmTC_ab518.dir/'
 /opt/Xilinx/2025.2/gnu/microblaze/lin/x86_64-oesdk-linux/usr/bin/microblaze-xilinx-elf/../../libexec/microblaze-xilinx-elf/gcc/microblaze-xilinx-elf/13.3.0/as -v -o CMakeFiles/cmTC_ab518.dir/CMakeCXXCompilerABI.cpp.o /tmp/cc9bsNLN.s
GNU assembler version 2.42.0 (microblaze-xilinx-elf) using BFD version (GNU Binutils) 2.42.0.20240723
COMPILER_PATH=/opt/Xilinx/2025.2/gnu/microblaze/lin/x86_64-oesdk-linux/usr/bin/microblaze-xilinx-elf/../../libexec/microblaze-xilinx-elf/gcc/microblaze-xilinx-elf/13.3.0/:/opt/Xilinx/2025.2/gnu/microblaze/lin/x86_64-oesdk-linux/usr/bin/microblaze-xilinx-elf/../../libexec/microblaze-xilinx-elf/gcc/
LIBRARY_PATH=/opt/Xilinx/2025.2/gnu/microblaze/lin/x86_64-oesdk-linux/usr/bin/microblaze-xilinx-elf/../../lib/microblaze-xilinx-elf/gcc/microblaze-xilinx-elf/13.3.0/:/opt/Xilinx/2025.2/gnu/microblaze/lin/x86_64-oesdk-linux/usr/bin/microblaze-xilinx-elf/../../lib/microblaze-xilinx-elf/gcc/:/opt/Xilinx/2025.2/Vitis/gnu/microblaze/lin/bin/../microblazeeb-xilinx-elf/usr/lib/microblaze-xilinx-elf/13.3.0/:/opt/Xilinx/2025.2/Vitis/gnu/microblaze/lin/bin/../microblazeeb-xilinx-elf/usr/lib/
COLLECT_GCC_OPTIONS='--sysroot=/opt/Xilinx/2025.2/Vitis/gnu/microblaze/lin/bin/../microblazeeb-xilinx-elf' '-v' '-o' 'CMakeFiles/cmTC_ab518.dir/CMakeCXXCompilerABI.cpp.o' '-c' '-dumpdir' 'CMakeFiles/cmTC_ab518.dir/CMakeCXXCompilerABI.cpp.'
[2/2] Linking CXX executable cmTC_ab518
FAILED: cmTC_ab518 
: && /opt/Xilinx/2025.2/Vitis/gnu/microblaze/lin/bin/mb-g++  -v CMakeFiles/cmTC_ab518.dir/CMakeCXXCompilerABI.cpp.o -o cmTC_ab518   && :
Using built-in specs.
COLLECT_GCC=/opt/Xilinx/2025.2/Vitis/gnu/microblaze/lin/bin/../x86_64-oesdk-linux/usr/bin/microblaze-xilinx-elf/microblaze-xilinx-elf-g++.real
COLLECT_LTO_WRAPPER=/opt/Xilinx/2025.2/gnu/microblaze/lin/x86_64-oesdk-linux/usr/bin/microblaze-xilinx-elf/../../libexec/microblaze-xilinx-elf/gcc/microblaze-xilinx-elf/13.3.0/lto-wrapper
Target: microblaze-xilinx-elf
Configured with: ../../../../../../work-shared/gcc-13.3.0-r0/gcc-13.3.0/configure --build=x86_64-linux --host=x86_64-oesdk-linux --target=microblaze-xilinx-elf --prefix=/usr/local/oe-sdk-hardcoded-buildpath/sysroots/x86_64-oesdk-linux/usr --exec_prefix=/usr/local/oe-sdk-hardcoded-buildpath/sysroots/x86_64-oesdk-linux/usr --bindir=/usr/local/oe-sdk-hardcoded-buildpath/sysroots/x86_64-oesdk-linux/usr/bin/microblaze-xilinx-elf --sbindir=/usr/local/oe-sdk-hardcoded-buildpath/sysroots/x86_64-oesdk-linux/usr/bin/microblaze-xilinx-elf --libexecdir=/usr/local/oe-sdk-hardcoded-buildpath/sysroots/x86_64-oesdk-linux/usr/libexec/microblaze-xilinx-elf --datadir=/usr/local/oe-sdk-hardcoded-buildpath/sysroots/x86_64-oesdk-linux/usr/share --sysconfdir=/usr/local/oe-sdk-hardcoded-buildpath/sysroots/x86_64-oesdk-linux/etc --sharedstatedir=/usr/local/oe-sdk-hardcoded-buildpath/sysroots/x86_64-oesdk-linux/com --localstatedir=/usr/local/oe-sdk-hardcoded-buildpath/sysroots/x86_64-oesdk-linux/var --libdir=/usr/local/oe-sdk-hardcoded-buildpath/sysroots/x86_64-oesdk-linux/usr/lib/microblaze-xilinx-elf --includedir=/usr/local/oe-sdk-hardcoded-buildpath/sysroots/x86_64-oesdk-linux/usr/include --oldincludedir=/usr/local/oe-sdk-hardcoded-buildpath/sysroots/x86_64-oesdk-linux/usr/include --infodir=/usr/local/oe-sdk-hardcoded-buildpath/sysroots/x86_64-oesdk-linux/usr/share/info --mandir=/usr/local/oe-sdk-hardcoded-buildpath/sysroots/x86_64-oesdk-linux/usr/share/man --disable-silent-rules --disable-dependency-tracking --with-libtool-sysroot=/host --with-gnu-ld --enable-shared --enable-languages=c,c++,fortran --enable-threads=posix --enable-multilib --enable-c99 --enable-long-long --enable-libstdcxx-pch --program-prefix=microblaze-xilinx-elf- --without-local-prefix --disable-install-libiberty --disable-libssp --enable-libitm --enable-lto --disable-bootstrap --with-system-zlib --enable-linker-build-id --with-ppl=no --with-cloog=no --enable-checking=release --enable-cheaders=c_global --without-isl --with-gxx-include-dir=/not/exist/usr/include/c++/13.3.0 --with-build-time-tools=/host-native/usr/microblaze-xilinx-elf/bin --with-sysroot=/not/exist --with-build-sysroot=/host --with-plugin-ld=ld --enable-poison-system-directories --disable-static --enable-nls --with-glibc-version=2.28 --enable-initfini-array --enable-multilib --disable-initfini_array --disable-__cxa_atexit --disable-libstdcxx-pch --with-newlib --disable-threads --enable-plugins --with-gnu-as --disable-libitm --disable-tm-clone-registry --without-long-double-128 --with-sysroot=/not/exist
Thread model: single
Supported LTO compression algorithms: zlib zstd
gcc version 13.3.0 (GCC) 
COMPILER_PATH=/opt/Xilinx/2025.2/gnu/microblaze/lin/x86_64-oesdk-linux/usr/bin/microblaze-xilinx-elf/../../libexec/microblaze-xilinx-elf/gcc/microblaze-xilinx-elf/13.3.0/:/opt/Xilinx/2025.2/gnu/microblaze/lin/x86_64-oesdk-linux/usr/bin/microblaze-xilinx-elf/../../libexec/microblaze-xilinx-elf/gcc/
LIBRARY_PATH=/opt/Xilinx/2025.2/gnu/microblaze/lin/x86_64-oesdk-linux/usr/bin/microblaze-xilinx-elf/../../lib/microblaze-xilinx-elf/gcc/microblaze-xilinx-elf/13.3.0/:/opt/Xilinx/2025.2/gnu/microblaze/lin/x86_64-oesdk-linux/usr/bin/microblaze-xilinx-elf/../../lib/microblaze-xilinx-elf/gcc/:/opt/Xilinx/2025.2/Vitis/gnu/microblaze/lin/bin/../microblazeeb-xilinx-elf/usr/lib/microblaze-xilinx-elf/13.3.0/:/opt/Xilinx/2025.2/Vitis/gnu/microblaze/lin/bin/../microblazeeb-xilinx-elf/usr/lib/
COLLECT_GCC_OPTIONS='--sysroot=/opt/Xilinx/2025.2/Vitis/gnu/microblaze/lin/bin/../microblazeeb-xilinx-elf' '-v' '-o' 'cmTC_ab518' '-dumpdir' 'cmTC_ab518.'
 /opt/Xilinx/2025.2/gnu/microblaze/lin/x86_64-oesdk-linux/usr/bin/microblaze-xilinx-elf/../../libexec/microblaze-xilinx-elf/gcc/microblaze-xilinx-elf/13.3.0/collect2 -plugin /opt/Xilinx/2025.2/gnu/microblaze/lin/x86_64-oesdk-linux/usr/bin/microblaze-xilinx-elf/../../libexec/microblaze-xilinx-elf/gcc/microblaze-xilinx-elf/13.3.0/liblto_plugin.so -plugin-opt=/opt/Xilinx/2025.2/gnu/microblaze/lin/x86_64-oesdk-linux/usr/bin/microblaze-xilinx-elf/../../libexec/microblaze-xilinx-elf/gcc/microblaze-xilinx-elf/13.3.0/lto-wrapper -plugin-opt=-fresolution=/tmp/ccIRG86i.res -plugin-opt=-pass-through=-lgcc -plugin-opt=-pass-through=-lgloss -plugin-opt=-pass-through=-lxil -plugin-opt=-pass-through=-lc -plugin-opt=-pass-through=-lm -plugin-opt=-pass-through=-lgcc --sysroot=/opt/Xilinx/2025.2/Vitis/gnu/microblaze/lin/bin/../microblazeeb-xilinx-elf --build-id -N -relax -G 0 -dT /opt/Xilinx/2025.2/Vitis/gnu/microblaze/lin/bin/../microblazeeb-xilinx-elf/usr/lib/xilinx.ld -o cmTC_ab518 /opt/Xilinx/2025.2/Vitis/gnu/microblaze/lin/bin/../microblazeeb-xilinx-elf/usr/lib/crt0.o /opt/Xilinx/2025.2/Vitis/gnu/microblaze/lin/bin/../microblazeeb-xilinx-elf/usr/lib/microblaze-xilinx-elf/13.3.0/crti.o /opt/Xilinx/2025.2/Vitis/gnu/microblaze/lin/bin/../microblazeeb-xilinx-elf/usr/lib/microblaze-xilinx-elf/13.3.0/crtbegin.o /opt/Xilinx/2025.2/Vitis/gnu/microblaze/lin/bin/../microblazeeb-xilinx-elf/usr/lib/crtinit.o -L/opt/Xilinx/2025.2/gnu/microblaze/lin/x86_64-oesdk-linux/usr/bin/microblaze-xilinx-elf/../../lib/microblaze-xilinx-elf/gcc/microblaze-xilinx-elf/13.3.0 -L/opt/Xilinx/2025.2/gnu/microblaze/lin/x86_64-oesdk-linux/usr/bin/microblaze-xilinx-elf/../../lib/microblaze-xilinx-elf/gcc -L/opt/Xilinx/2025.2/Vitis/gnu/microblaze/lin/bin/../microblazeeb-xilinx-elf/usr/lib/microblaze-xilinx-elf/13.3.0 -L/opt/Xilinx/2025.2/Vitis/gnu/microblaze/lin/bin/../microblazeeb-xilinx-elf/usr/lib CMakeFiles/cmTC_ab518.dir/CMakeCXXCompilerABI.cpp.o --build-id=none -lstdc++ -lm -lgcc -start-group -lgloss -lxil -lc -lm -end-group -lgcc /opt/Xilinx/2025.2/Vitis/gnu/microblaze/lin/bin/../microblazeeb-xilinx-elf/usr/lib/microblaze-xilinx-elf/13.3.0/crtend.o /opt/Xilinx/2025.2/Vitis/gnu/microblaze/lin/bin/../microblazeeb-xilinx-elf/usr/lib/microblaze-xilinx-elf/13.3.0/crtn.o
/opt/Xilinx/2025.2/gnu/microblaze/lin/x86_64-oesdk-linux/usr/bin/microblaze-xilinx-elf/microblaze-xilinx-elf-ld.real: cannot find -lxil: No such file or directory
collect2.real: error: ld returned 1 exit status
ninja: build stopped: subcommand failed.




Determining if the CXX compiler works failed with the following output:
Change Dir: /home/johan2/Documents/fpga/zynq-pynq-gnss-receiver/build/CMakeFiles/CMakeTmp

Run Build Command(s):/opt/Xilinx/2025.2/Vitis/bin/ninja cmTC_3a510 && [1/2] Building CXX object CMakeFiles/cmTC_3a510.dir/testCXXCompiler.cxx.o
[2/2] Linking CXX executable cmTC_3a510
FAILED: cmTC_3a510 
: && /opt/Xilinx/2025.2/Vitis/gnu/microblaze/lin/bin/mb-g++   CMakeFiles/cmTC_3a510.dir/testCXXCompiler.cxx.o -o cmTC_3a510   && :
/opt/Xilinx/2025.2/gnu/microblaze/lin/x86_64-oesdk-linux/usr/bin/microblaze-xilinx-elf/microblaze-xilinx-elf-ld.real: cannot find -lxil: No such file or directory
collect2.real: error: ld returned 1 exit status
ninja: build stopped: subcommand failed.



Compiling the CXX compiler identification source file "CMakeCXXCompilerId.cpp" failed.
Compiler: /opt/Xilinx/2025.2/Vitis/gnu/microblaze/lin/bin/mb-g++ 
Build flags: 
Id flags:  

The output was:
1
/opt/Xilinx/2025.2/gnu/microblaze/lin/x86_64-oesdk-linux/usr/bin/microblaze-xilinx-elf/microblaze-xilinx-elf-ld.real: cannot find -lxil: No such file or directory
collect2.real: error: ld returned 1 exit status


Compiling the C compiler identification source file "CMakeCCompilerId.c" failed.
Compiler: /opt/Xilinx/2025.2/Vitis/gnu/microblaze/lin/bin/mb-gcc 
Build flags: 
Id flags:  

The output was:
1
/opt/Xilinx/2025.2/gnu/microblaze/lin/x86_64-oesdk-linux/usr/bin/microblaze-xilinx-elf/microblaze-xilinx-elf-ld.real: cannot find -lxil: No such file or directory
collect2.real: error: ld returned 1 exit status


Detecting CXX compiler ABI info failed to compile with the following output:
Change Dir: /home/johan2/Documents/fpga/zynq-pynq-gnss-receiver/build/CMakeFiles/CMakeTmp

Run Build Command(s):/opt/Xilinx/2025.2/Vitis/bin/ninja cmTC_e412d && [1/2] Building CXX object CMakeFiles/cmTC_e412d.dir/CMakeCXXCompilerABI.cpp.o
Using built-in specs.
COLLECT_GCC=/opt/Xilinx/2025.2/Vitis/gnu/microblaze/lin/bin/../x86_64-oesdk-linux/usr/bin/microblaze-xilinx-elf/microblaze-xilinx-elf-g++.real
Target: microblaze-xilinx-elf
Configured with: ../../../../../../work-shared/gcc-13.3.0-r0/gcc-13.3.0/configure --build=x86_64-linux --host=x86_64-oesdk-linux --target=microblaze-xilinx-elf --prefix=/usr/local/oe-sdk-hardcoded-buildpath/sysroots/x86_64-oesdk-linux/usr --exec_prefix=/usr/local/oe-sdk-hardcoded-buildpath/sysroots/x86_64-oesdk-linux/usr --bindir=/usr/local/oe-sdk-hardcoded-buildpath/sysroots/x86_64-oesdk-linux/usr/bin/microblaze-xilinx-elf --sbindir=/usr/local/oe-sdk-hardcoded-buildpath/sysroots/x86_64-oesdk-linux/usr/bin/microblaze-xilinx-elf --libexecdir=/usr/local/oe-sdk-hardcoded-buildpath/sysroots/x86_64-oesdk-linux/usr/libexec/microblaze-xilinx-elf --datadir=/usr/local/oe-sdk-hardcoded-buildpath/sysroots/x86_64-oesdk-linux/usr/share --sysconfdir=/usr/local/oe-sdk-hardcoded-buildpath/sysroots/x86_64-oesdk-linux/etc --sharedstatedir=/usr/local/oe-sdk-hardcoded-buildpath/sysroots/x86_64-oesdk-linux/com --localstatedir=/usr/local/oe-sdk-hardcoded-buildpath/sysroots/x86_64-oesdk-linux/var --libdir=/usr/local/oe-sdk-hardcoded-buildpath/sysroots/x86_64-oesdk-linux/usr/lib/microblaze-xilinx-elf --includedir=/usr/local/oe-sdk-hardcoded-buildpath/sysroots/x86_64-oesdk-linux/usr/include --oldincludedir=/usr/local/oe-sdk-hardcoded-buildpath/sysroots/x86_64-oesdk-linux/usr/include --infodir=/usr/local/oe-sdk-hardcoded-buildpath/sysroots/x86_64-oesdk-linux/usr/share/info --mandir=/usr/local/oe-sdk-hardcoded-buildpath/sysroots/x86_64-oesdk-linux/usr/share/man --disable-silent-rules --disable-dependency-tracking --with-libtool-sysroot=/host --with-gnu-ld --enable-shared --enable-languages=c,c++,fortran --enable-threads=posix --enable-multilib --enable-c99 --enable-long-long --enable-libstdcxx-pch --program-prefix=microblaze-xilinx-elf- --without-local-prefix --disable-install-libiberty --disable-libssp --enable-libitm --enable-lto --disable-bootstrap --with-system-zlib --enable-linker-build-id --with-ppl=no --with-cloog=no --enable-checking=release --enable-cheaders=c_global --without-isl --with-gxx-include-dir=/not/exist/usr/include/c++/13.3.0 --with-build-time-tools=/host-native/usr/microblaze-xilinx-elf/bin --with-sysroot=/not/exist --with-build-sysroot=/host --with-plugin-ld=ld --enable-poison-system-directories --disable-static --enable-nls --with-glibc-version=2.28 --enable-initfini-array --enable-multilib --disable-initfini_array --disable-__cxa_atexit --disable-libstdcxx-pch --with-newlib --disable-threads --enable-plugins --with-gnu-as --disable-libitm --disable-tm-clone-registry --without-long-double-128 --with-sysroot=/not/exist
Thread model: single
Supported LTO compression algorithms: zlib zstd
gcc version 13.3.0 (GCC) 
COLLECT_GCC_OPTIONS='--sysroot=/opt/Xilinx/2025.2/Vitis/gnu/microblaze/lin/bin/../microblazeeb-xilinx-elf' '-v' '-o' 'CMakeFiles/cmTC_e412d.dir/CMakeCXXCompilerABI.cpp.o' '-c' '-dumpdir' 'CMakeFiles/cmTC_e412d.dir/'
 /opt/Xilinx/2025.2/gnu/microblaze/lin/x86_64-oesdk-linux/usr/bin/microblaze-xilinx-elf/../../libexec/microblaze-xilinx-elf/gcc/microblaze-xilinx-elf/13.3.0/cc1plus -quiet -v -iprefix /opt/Xilinx/2025.2/gnu/microblaze/lin/x86_64-oesdk-linux/usr/bin/microblaze-xilinx-elf/../../lib/microblaze-xilinx-elf/gcc/microblaze-xilinx-elf/13.3.0/ -isysroot /opt/Xilinx/2025.2/Vitis/gnu/microblaze/lin/bin/../microblazeeb-xilinx-elf /usr/share/cmake-3.22/Modules/CMakeCXXCompilerABI.cpp -quiet -dumpdir CMakeFiles/cmTC_e412d.dir/ -dumpbase CMakeCXXCompilerABI.cpp.cpp -dumpbase-ext .cpp -version -o /tmp/cciaQXOP.s
GNU C++17 (GCC) version 13.3.0 (microblaze-xilinx-elf)
	compiled by GNU C version 13.3.0, GMP version 6.3.0, MPFR version 4.2.1, MPC version 1.3.1, isl version none
GGC heuristics: --param ggc-min-expand=100 --param ggc-min-heapsize=131072
ignoring nonexistent directory "/opt/Xilinx/2025.2/gnu/microblaze/lin/x86_64-oesdk-linux/usr/bin/microblaze-xilinx-elf/../../lib/microblaze-xilinx-elf/gcc/microblaze-xilinx-elf/13.3.0/../../../../../microblaze-xilinx-elf/include"
ignoring duplicate directory "/opt/Xilinx/2025.2/gnu/microblaze/lin/x86_64-oesdk-linux/usr/bin/microblaze-xilinx-elf/../../lib/microblaze-xilinx-elf/gcc/../../../lib/microblaze-xilinx-elf/gcc/microblaze-xilinx-elf/13.3.0/include"
ignoring nonexistent directory "/opt/Xilinx/2025.2/Vitis/gnu/microblaze/lin/bin/../microblazeeb-xilinx-elf/usr/lib/microblaze-xilinx-elf/13.3.0/include"
ignoring nonexistent directory "/opt/Xilinx/2025.2/Vitis/gnu/microblaze/lin/bin/../microblazeeb-xilinx-elf/usr/local/include"
ignoring duplicate directory "/opt/Xilinx/2025.2/gnu/microblaze/lin/x86_64-oesdk-linux/usr/bin/microblaze-xilinx-elf/../../lib/microblaze-xilinx-elf/gcc/../../../lib/microblaze-xilinx-elf/gcc/microblaze-xilinx-elf/13.3.0/include-fixed"
ignoring nonexistent directory "/opt/Xilinx/2025.2/gnu/microblaze/lin/x86_64-oesdk-linux/usr/bin/microblaze-xilinx-elf/../../lib/microblaze-xilinx-elf/gcc/../../../lib/microblaze-xilinx-elf/gcc/microblaze-xilinx-elf/13.3.0/../../../../../microblaze-xilinx-elf/include"
#include "..." search starts here:
#include <...> search starts here:
 /opt/Xilinx/2025.2/gnu/microblaze/lin/x86_64-oesdk-linux/usr/bin/microblaze-xilinx-elf/../../lib/microblaze-xilinx-elf/gcc/microblaze-xilinx-elf/13.3.0/include
 /opt/Xilinx/2025.2/gnu/microblaze/lin/x86_64-oesdk-linux/usr/bin/microblaze-xilinx-elf/../../lib/microblaze-xilinx-elf/gcc/microblaze-xilinx-elf/13.3.0/include-fixed
 /opt/Xilinx/2025.2/Vitis/gnu/microblaze/lin/bin/../microblazeeb-xilinx-elf/usr/include/c++/13.3.0
 /opt/Xilinx/2025.2/Vitis/gnu/microblaze/lin/bin/../microblazeeb-xilinx-elf/usr/include/c++/13.3.0/microblaze-xilinx-elf
 /opt/Xilinx/2025.2/Vitis/gnu/microblaze/lin/bin/../microblazeeb-xilinx-elf/usr/include/c++/13.3.0/backward
 /opt/Xilinx/2025.2/Vitis/gnu/microblaze/lin/bin/../microblazeeb-xilinx-elf/usr/include/
End of search list.
Compiler executable checksum: 5ee332ca6c15a39532a83f3839ef2841
COLLECT_GCC_OPTIONS='--sysroot=/opt/Xilinx/2025.2/Vitis/gnu/microblaze/lin/bin/../microblazeeb-xilinx-elf' '-v' '-o' 'CMakeFiles/cmTC_e412d.dir/CMakeCXXCompilerABI.cpp.o' '-c' '-dumpdir' 'CMakeFiles/cmTC_e412d.dir/'
 /opt/Xilinx/2025.2/gnu/microblaze/lin/x86_64-oesdk-linux/usr/bin/microblaze-xilinx-elf/../../libexec/microblaze-xilinx-elf/gcc/microblaze-xilinx-elf/13.3.0/as -v -o CMakeFiles/cmTC_e412d.dir/CMakeCXXCompilerABI.cpp.o /tmp/cciaQXOP.s
GNU assembler version 2.42.0 (microblaze-xilinx-elf) using BFD version (GNU Binutils) 2.42.0.20240723
COMPILER_PATH=/opt/Xilinx/2025.2/gnu/microblaze/lin/x86_64-oesdk-linux/usr/bin/microblaze-xilinx-elf/../../libexec/microblaze-xilinx-elf/gcc/microblaze-xilinx-elf/13.3.0/:/opt/Xilinx/2025.2/gnu/microblaze/lin/x86_64-oesdk-linux/usr/bin/microblaze-xilinx-elf/../../libexec/microblaze-xilinx-elf/gcc/
LIBRARY_PATH=/opt/Xilinx/2025.2/gnu/microblaze/lin/x86_64-oesdk-linux/usr/bin/microblaze-xilinx-elf/../../lib/microblaze-xilinx-elf/gcc/microblaze-xilinx-elf/13.3.0/:/opt/Xilinx/2025.2/gnu/microblaze/lin/x86_64-oesdk-linux/usr/bin/microblaze-xilinx-elf/../../lib/microblaze-xilinx-elf/gcc/:/opt/Xilinx/2025.2/Vitis/gnu/microblaze/lin/bin/../microblazeeb-xilinx-elf/usr/lib/microblaze-xilinx-elf/13.3.0/:/opt/Xilinx/2025.2/Vitis/gnu/microblaze/lin/bin/../microblazeeb-xilinx-elf/usr/lib/
COLLECT_GCC_OPTIONS='--sysroot=/opt/Xilinx/2025.2/Vitis/gnu/microblaze/lin/bin/../microblazeeb-xilinx-elf' '-v' '-o' 'CMakeFiles/cmTC_e412d.dir/CMakeCXXCompilerABI.cpp.o' '-c' '-dumpdir' 'CMakeFiles/cmTC_e412d.dir/CMakeCXXCompilerABI.cpp.'
[2/2] Linking CXX executable cmTC_e412d
FAILED: cmTC_e412d 
: && /opt/Xilinx/2025.2/Vitis/gnu/microblaze/lin/bin/mb-g++  -v CMakeFiles/cmTC_e412d.dir/CMakeCXXCompilerABI.cpp.o -o cmTC_e412d   && :
Using built-in specs.
COLLECT_GCC=/opt/Xilinx/2025.2/Vitis/gnu/microblaze/lin/bin/../x86_64-oesdk-linux/usr/bin/microblaze-xilinx-elf/microblaze-xilinx-elf-g++.real
COLLECT_LTO_WRAPPER=/opt/Xilinx/2025.2/gnu/microblaze/lin/x86_64-oesdk-linux/usr/bin/microblaze-xilinx-elf/../../libexec/microblaze-xilinx-elf/gcc/microblaze-xilinx-elf/13.3.0/lto-wrapper
Target: microblaze-xilinx-elf
Configured with: ../../../../../../work-shared/gcc-13.3.0-r0/gcc-13.3.0/configure --build=x86_64-linux --host=x86_64-oesdk-linux --target=microblaze-xilinx-elf --prefix=/usr/local/oe-sdk-hardcoded-buildpath/sysroots/x86_64-oesdk-linux/usr --exec_prefix=/usr/local/oe-sdk-hardcoded-buildpath/sysroots/x86_64-oesdk-linux/usr --bindir=/usr/local/oe-sdk-hardcoded-buildpath/sysroots/x86_64-oesdk-linux/usr/bin/microblaze-xilinx-elf --sbindir=/usr/local/oe-sdk-hardcoded-buildpath/sysroots/x86_64-oesdk-linux/usr/bin/microblaze-xilinx-elf --libexecdir=/usr/local/oe-sdk-hardcoded-buildpath/sysroots/x86_64-oesdk-linux/usr/libexec/microblaze-xilinx-elf --datadir=/usr/local/oe-sdk-hardcoded-buildpath/sysroots/x86_64-oesdk-linux/usr/share --sysconfdir=/usr/local/oe-sdk-hardcoded-buildpath/sysroots/x86_64-oesdk-linux/etc --sharedstatedir=/usr/local/oe-sdk-hardcoded-buildpath/sysroots/x86_64-oesdk-linux/com --localstatedir=/usr/local/oe-sdk-hardcoded-buildpath/sysroots/x86_64-oesdk-linux/var --libdir=/usr/local/oe-sdk-hardcoded-buildpath/sysroots/x86_64-oesdk-linux/usr/lib/microblaze-xilinx-elf --includedir=/usr/local/oe-sdk-hardcoded-buildpath/sysroots/x86_64-oesdk-linux/usr/include --oldincludedir=/usr/local/oe-sdk-hardcoded-buildpath/sysroots/x86_64-oesdk-linux/usr/include --infodir=/usr/local/oe-sdk-hardcoded-buildpath/sysroots/x86_64-oesdk-linux/usr/share/info --mandir=/usr/local/oe-sdk-hardcoded-buildpath/sysroots/x86_64-oesdk-linux/usr/share/man --disable-silent-rules --disable-dependency-tracking --with-libtool-sysroot=/host --with-gnu-ld --enable-shared --enable-languages=c,c++,fortran --enable-threads=posix --enable-multilib --enable-c99 --enable-long-long --enable-libstdcxx-pch --program-prefix=microblaze-xilinx-elf- --without-local-prefix --disable-install-libiberty --disable-libssp --enable-libitm --enable-lto --disable-bootstrap --with-system-zlib --enable-linker-build-id --with-ppl=no --with-cloog=no --enable-checking=release --enable-cheaders=c_global --without-isl --with-gxx-include-dir=/not/exist/usr/include/c++/13.3.0 --with-build-time-tools=/host-native/usr/microblaze-xilinx-elf/bin --with-sysroot=/not/exist --with-build-sysroot=/host --with-plugin-ld=ld --enable-poison-system-directories --disable-static --enable-nls --with-glibc-version=2.28 --enable-initfini-array --enable-multilib --disable-initfini_array --disable-__cxa_atexit --disable-libstdcxx-pch --with-newlib --disable-threads --enable-plugins --with-gnu-as --disable-libitm --disable-tm-clone-registry --without-long-double-128 --with-sysroot=/not/exist
Thread model: single
Supported LTO compression algorithms: zlib zstd
gcc version 13.3.0 (GCC) 
COMPILER_PATH=/opt/Xilinx/2025.2/gnu/microblaze/lin/x86_64-oesdk-linux/usr/bin/microblaze-xilinx-elf/../../libexec/microblaze-xilinx-elf/gcc/microblaze-xilinx-elf/13.3.0/:/opt/Xilinx/2025.2/gnu/microblaze/lin/x86_64-oesdk-linux/usr/bin/microblaze-xilinx-elf/../../libexec/microblaze-xilinx-elf/gcc/
LIBRARY_PATH=/opt/Xilinx/2025.2/gnu/microblaze/lin/x86_64-oesdk-linux/usr/bin/microblaze-xilinx-elf/../../lib/microblaze-xilinx-elf/gcc/microblaze-xilinx-elf/13.3.0/:/opt/Xilinx/2025.2/gnu/microblaze/lin/x86_64-oesdk-linux/usr/bin/microblaze-xilinx-elf/../../lib/microblaze-xilinx-elf/gcc/:/opt/Xilinx/2025.2/Vitis/gnu/microblaze/lin/bin/../microblazeeb-xilinx-elf/usr/lib/microblaze-xilinx-elf/13.3.0/:/opt/Xilinx/2025.2/Vitis/gnu/microblaze/lin/bin/../microblazeeb-xilinx-elf/usr/lib/
COLLECT_GCC_OPTIONS='--sysroot=/opt/Xilinx/2025.2/Vitis/gnu/microblaze/lin/bin/../microblazeeb-xilinx-elf' '-v' '-o' 'cmTC_e412d' '-dumpdir' 'cmTC_e412d.'
 /opt/Xilinx/2025.2/gnu/microblaze/lin/x86_64-oesdk-linux/usr/bin/microblaze-xilinx-elf/../../libexec/microblaze-xilinx-elf/gcc/microblaze-xilinx-elf/13.3.0/collect2 -plugin /opt/Xilinx/2025.2/gnu/microblaze/lin/x86_64-oesdk-linux/usr/bin/microblaze-xilinx-elf/../../libexec/microblaze-xilinx-elf/gcc/microblaze-xilinx-elf/13.3.0/liblto_plugin.so -plugin-opt=/opt/Xilinx/2025.2/gnu/microblaze/lin/x86_64-oesdk-linux/usr/bin/microblaze-xilinx-elf/../../libexec/microblaze-xilinx-elf/gcc/microblaze-xilinx-elf/13.3.0/lto-wrapper -plugin-opt=-fresolution=/tmp/ccqo0vv9.res -plugin-opt=-pass-through=-lgcc -plugin-opt=-pass-through=-lgloss -plugin-opt=-pass-through=-lxil -plugin-opt=-pass-through=-lc -plugin-opt=-pass-through=-lm -plugin-opt=-pass-through=-lgcc --sysroot=/opt/Xilinx/2025.2/Vitis/gnu/microblaze/lin/bin/../microblazeeb-xilinx-elf --build-id -N -relax -G 0 -dT /opt/Xilinx/2025.2/Vitis/gnu/microblaze/lin/bin/../microblazeeb-xilinx-elf/usr/lib/xilinx.ld -o cmTC_e412d /opt/Xilinx/2025.2/Vitis/gnu/microblaze/lin/bin/../microblazeeb-xilinx-elf/usr/lib/crt0.o /opt/Xilinx/2025.2/Vitis/gnu/microblaze/lin/bin/../microblazeeb-xilinx-elf/usr/lib/microblaze-xilinx-elf/13.3.0/crti.o /opt/Xilinx/2025.2/Vitis/gnu/microblaze/lin/bin/../microblazeeb-xilinx-elf/usr/lib/microblaze-xilinx-elf/13.3.0/crtbegin.o /opt/Xilinx/2025.2/Vitis/gnu/microblaze/lin/bin/../microblazeeb-xilinx-elf/usr/lib/crtinit.o -L/opt/Xilinx/2025.2/gnu/microblaze/lin/x86_64-oesdk-linux/usr/bin/microblaze-xilinx-elf/../../lib/microblaze-xilinx-elf/gcc/microblaze-xilinx-elf/13.3.0 -L/opt/Xilinx/2025.2/gnu/microblaze/lin/x86_64-oesdk-linux/usr/bin/microblaze-xilinx-elf/../../lib/microblaze-xilinx-elf/gcc -L/opt/Xilinx/2025.2/Vitis/gnu/microblaze/lin/bin/../microblazeeb-xilinx-elf/usr/lib/microblaze-xilinx-elf/13.3.0 -L/opt/Xilinx/2025.2/Vitis/gnu/microblaze/lin/bin/../microblazeeb-xilinx-elf/usr/lib CMakeFiles/cmTC_e412d.dir/CMakeCXXCompilerABI.cpp.o --build-id=none -lstdc++ -lm -lgcc -start-group -lgloss -lxil -lc -lm -end-group -lgcc /opt/Xilinx/2025.2/Vitis/gnu/microblaze/lin/bin/../microblazeeb-xilinx-elf/usr/lib/microblaze-xilinx-elf/13.3.0/crtend.o /opt/Xilinx/2025.2/Vitis/gnu/microblaze/lin/bin/../microblazeeb-xilinx-elf/usr/lib/microblaze-xilinx-elf/13.3.0/crtn.o
/opt/Xilinx/2025.2/gnu/microblaze/lin/x86_64-oesdk-linux/usr/bin/microblaze-xilinx-elf/microblaze-xilinx-elf-ld.real: cannot find -lxil: No such file or directory
collect2.real: error: ld returned 1 exit status
ninja: build stopped: subcommand failed.




Determining if the CXX compiler works failed with the following output:
Change Dir: /home/johan2/Documents/fpga/zynq-pynq-gnss-receiver/build/CMakeFiles/CMakeTmp

Run Build Command(s):/opt/Xilinx/2025.2/Vitis/bin/ninja cmTC_91662 && [1/2] Building CXX object CMakeFiles/cmTC_91662.dir/testCXXCompiler.cxx.o
[2/2] Linking CXX executable cmTC_91662
FAILED: cmTC_91662 
: && /opt/Xilinx/2025.2/Vitis/gnu/microblaze/lin/bin/mb-g++   CMakeFiles/cmTC_91662.dir/testCXXCompiler.cxx.o -o cmTC_91662   && :
/opt/Xilinx/2025.2/gnu/microblaze/lin/x86_64-oesdk-linux/usr/bin/microblaze-xilinx-elf/microblaze-xilinx-elf-ld.real: cannot find -lxil: No such file or directory
collect2.real: error: ld returned 1 exit status
ninja: build stopped: subcommand failed.



Compiling the CXX compiler identification source file "CMakeCXXCompilerId.cpp" failed.
Compiler: /opt/Xilinx/2025.2/Vitis/gnu/microblaze/lin/bin/mb-g++ 
Build flags: 
Id flags:  

The output was:
1
/opt/Xilinx/2025.2/gnu/microblaze/lin/x86_64-oesdk-linux/usr/bin/microblaze-xilinx-elf/microblaze-xilinx-elf-ld.real: cannot find -lxil: No such file or directory
collect2.real: error: ld returned 1 exit status


Compiling the C compiler identification source file "CMakeCCompilerId.c" failed.
Compiler: /opt/Xilinx/2025.2/Vitis/gnu/microblaze/lin/bin/mb-gcc 
Build flags: 
Id flags:  

The output was:
1
/opt/Xilinx/2025.2/gnu/microblaze/lin/x86_64-oesdk-linux/usr/bin/microblaze-xilinx-elf/microblaze-xilinx-elf-ld.real: cannot find -lxil: No such file or directory
collect2.real: error: ld returned 1 exit status


Detecting CXX compiler ABI info failed to compile with the following output:
Change Dir: /home/johan2/Documents/fpga/zynq-pynq-gnss-receiver/build/CMakeFiles/CMakeTmp

Run Build Command(s):/opt/Xilinx/2025.2/Vitis/bin/ninja cmTC_f70ae && [1/2] Building CXX object CMakeFiles/cmTC_f70ae.dir/CMakeCXXCompilerABI.cpp.o
Using built-in specs.
COLLECT_GCC=/opt/Xilinx/2025.2/Vitis/gnu/microblaze/lin/bin/../x86_64-oesdk-linux/usr/bin/microblaze-xilinx-elf/microblaze-xilinx-elf-g++.real
Target: microblaze-xilinx-elf
Configured with: ../../../../../../work-shared/gcc-13.3.0-r0/gcc-13.3.0/configure --build=x86_64-linux --host=x86_64-oesdk-linux --target=microblaze-xilinx-elf --prefix=/usr/local/oe-sdk-hardcoded-buildpath/sysroots/x86_64-oesdk-linux/usr --exec_prefix=/usr/local/oe-sdk-hardcoded-buildpath/sysroots/x86_64-oesdk-linux/usr --bindir=/usr/local/oe-sdk-hardcoded-buildpath/sysroots/x86_64-oesdk-linux/usr/bin/microblaze-xilinx-elf --sbindir=/usr/local/oe-sdk-hardcoded-buildpath/sysroots/x86_64-oesdk-linux/usr/bin/microblaze-xilinx-elf --libexecdir=/usr/local/oe-sdk-hardcoded-buildpath/sysroots/x86_64-oesdk-linux/usr/libexec/microblaze-xilinx-elf --datadir=/usr/local/oe-sdk-hardcoded-buildpath/sysroots/x86_64-oesdk-linux/usr/share --sysconfdir=/usr/local/oe-sdk-hardcoded-buildpath/sysroots/x86_64-oesdk-linux/etc --sharedstatedir=/usr/local/oe-sdk-hardcoded-buildpath/sysroots/x86_64-oesdk-linux/com --localstatedir=/usr/local/oe-sdk-hardcoded-buildpath/sysroots/x86_64-oesdk-linux/var --libdir=/usr/local/oe-sdk-hardcoded-buildpath/sysroots/x86_64-oesdk-linux/usr/lib/microblaze-xilinx-elf --includedir=/usr/local/oe-sdk-hardcoded-buildpath/sysroots/x86_64-oesdk-linux/usr/include --oldincludedir=/usr/local/oe-sdk-hardcoded-buildpath/sysroots/x86_64-oesdk-linux/usr/include --infodir=/usr/local/oe-sdk-hardcoded-buildpath/sysroots/x86_64-oesdk-linux/usr/share/info --mandir=/usr/local/oe-sdk-hardcoded-buildpath/sysroots/x86_64-oesdk-linux/usr/share/man --disable-silent-rules --disable-dependency-tracking --with-libtool-sysroot=/host --with-gnu-ld --enable-shared --enable-languages=c,c++,fortran --enable-threads=posix --enable-multilib --enable-c99 --enable-long-long --enable-libstdcxx-pch --program-prefix=microblaze-xilinx-elf- --without-local-prefix --disable-install-libiberty --disable-libssp --enable-libitm --enable-lto --disable-bootstrap --with-system-zlib --enable-linker-build-id --with-ppl=no --with-cloog=no --enable-checking=release --enable-cheaders=c_global --without-isl --with-gxx-include-dir=/not/exist/usr/include/c++/13.3.0 --with-build-time-tools=/host-native/usr/microblaze-xilinx-elf/bin --with-sysroot=/not/exist --with-build-sysroot=/host --with-plugin-ld=ld --enable-poison-system-directories --disable-static --enable-nls --with-glibc-version=2.28 --enable-initfini-array --enable-multilib --disable-initfini_array --disable-__cxa_atexit --disable-libstdcxx-pch --with-newlib --disable-threads --enable-plugins --with-gnu-as --disable-libitm --disable-tm-clone-registry --without-long-double-128 --with-sysroot=/not/exist
Thread model: single
Supported LTO compression algorithms: zlib zstd
gcc version 13.3.0 (GCC) 
COLLECT_GCC_OPTIONS='--sysroot=/opt/Xilinx/2025.2/Vitis/gnu/microblaze/lin/bin/../microblazeeb-xilinx-elf' '-v' '-o' 'CMakeFiles/cmTC_f70ae.dir/CMakeCXXCompilerABI.cpp.o' '-c' '-dumpdir' 'CMakeFiles/cmTC_f70ae.dir/'
 /opt/Xilinx/2025.2/gnu/microblaze/lin/x86_64-oesdk-linux/usr/bin/microblaze-xilinx-elf/../../libexec/microblaze-xilinx-elf/gcc/microblaze-xilinx-elf/13.3.0/cc1plus -quiet -v -iprefix /opt/Xilinx/2025.2/gnu/microblaze/lin/x86_64-oesdk-linux/usr/bin/microblaze-xilinx-elf/../../lib/microblaze-xilinx-elf/gcc/microblaze-xilinx-elf/13.3.0/ -isysroot /opt/Xilinx/2025.2/Vitis/gnu/microblaze/lin/bin/../microblazeeb-xilinx-elf /usr/share/cmake-3.22/Modules/CMakeCXXCompilerABI.cpp -quiet -dumpdir CMakeFiles/cmTC_f70ae.dir/ -dumpbase CMakeCXXCompilerABI.cpp.cpp -dumpbase-ext .cpp -version -o /tmp/cchrPBui.s
GNU C++17 (GCC) version 13.3.0 (microblaze-xilinx-elf)
	compiled by GNU C version 13.3.0, GMP version 6.3.0, MPFR version 4.2.1, MPC version 1.3.1, isl version none
GGC heuristics: --param ggc-min-expand=100 --param ggc-min-heapsize=131072
ignoring nonexistent directory "/opt/Xilinx/2025.2/gnu/microblaze/lin/x86_64-oesdk-linux/usr/bin/microblaze-xilinx-elf/../../lib/microblaze-xilinx-elf/gcc/microblaze-xilinx-elf/13.3.0/../../../../../microblaze-xilinx-elf/include"
ignoring duplicate directory "/opt/Xilinx/2025.2/gnu/microblaze/lin/x86_64-oesdk-linux/usr/bin/microblaze-xilinx-elf/../../lib/microblaze-xilinx-elf/gcc/../../../lib/microblaze-xilinx-elf/gcc/microblaze-xilinx-elf/13.3.0/include"
ignoring nonexistent directory "/opt/Xilinx/2025.2/Vitis/gnu/microblaze/lin/bin/../microblazeeb-xilinx-elf/usr/lib/microblaze-xilinx-elf/13.3.0/include"
ignoring nonexistent directory "/opt/Xilinx/2025.2/Vitis/gnu/microblaze/lin/bin/../microblazeeb-xilinx-elf/usr/local/include"
ignoring duplicate directory "/opt/Xilinx/2025.2/gnu/microblaze/lin/x86_64-oesdk-linux/usr/bin/microblaze-xilinx-elf/../../lib/microblaze-xilinx-elf/gcc/../../../lib/microblaze-xilinx-elf/gcc/microblaze-xilinx-elf/13.3.0/include-fixed"
ignoring nonexistent directory "/opt/Xilinx/2025.2/gnu/microblaze/lin/x86_64-oesdk-linux/usr/bin/microblaze-xilinx-elf/../../lib/microblaze-xilinx-elf/gcc/../../../lib/microblaze-xilinx-elf/gcc/microblaze-xilinx-elf/13.3.0/../../../../../microblaze-xilinx-elf/include"
#include "..." search starts here:
#include <...> search starts here:
 /opt/Xilinx/2025.2/gnu/microblaze/lin/x86_64-oesdk-linux/usr/bin/microblaze-xilinx-elf/../../lib/microblaze-xilinx-elf/gcc/microblaze-xilinx-elf/13.3.0/include
 /opt/Xilinx/2025.2/gnu/microblaze/lin/x86_64-oesdk-linux/usr/bin/microblaze-xilinx-elf/../../lib/microblaze-xilinx-elf/gcc/microblaze-xilinx-elf/13.3.0/include-fixed
 /opt/Xilinx/2025.2/Vitis/gnu/microblaze/lin/bin/../microblazeeb-xilinx-elf/usr/include/c++/13.3.0
 /opt/Xilinx/2025.2/Vitis/gnu/microblaze/lin/bin/../microblazeeb-xilinx-elf/usr/include/c++/13.3.0/microblaze-xilinx-elf
 /opt/Xilinx/2025.2/Vitis/gnu/microblaze/lin/bin/../microblazeeb-xilinx-elf/usr/include/c++/13.3.0/backward
 /opt/Xilinx/2025.2/Vitis/gnu/microblaze/lin/bin/../microblazeeb-xilinx-elf/usr/include/
End of search list.
Compiler executable checksum: 5ee332ca6c15a39532a83f3839ef2841
COLLECT_GCC_OPTIONS='--sysroot=/opt/Xilinx/2025.2/Vitis/gnu/microblaze/lin/bin/../microblazeeb-xilinx-elf' '-v' '-o' 'CMakeFiles/cmTC_f70ae.dir/CMakeCXXCompilerABI.cpp.o' '-c' '-dumpdir' 'CMakeFiles/cmTC_f70ae.dir/'
 /opt/Xilinx/2025.2/gnu/microblaze/lin/x86_64-oesdk-linux/usr/bin/microblaze-xilinx-elf/../../libexec/microblaze-xilinx-elf/gcc/microblaze-xilinx-elf/13.3.0/as -v -o CMakeFiles/cmTC_f70ae.dir/CMakeCXXCompilerABI.cpp.o /tmp/cchrPBui.s
GNU assembler version 2.42.0 (microblaze-xilinx-elf) using BFD version (GNU Binutils) 2.42.0.20240723
COMPILER_PATH=/opt/Xilinx/2025.2/gnu/microblaze/lin/x86_64-oesdk-linux/usr/bin/microblaze-xilinx-elf/../../libexec/microblaze-xilinx-elf/gcc/microblaze-xilinx-elf/13.3.0/:/opt/Xilinx/2025.2/gnu/microblaze/lin/x86_64-oesdk-linux/usr/bin/microblaze-xilinx-elf/../../libexec/microblaze-xilinx-elf/gcc/
LIBRARY_PATH=/opt/Xilinx/2025.2/gnu/microblaze/lin/x86_64-oesdk-linux/usr/bin/microblaze-xilinx-elf/../../lib/microblaze-xilinx-elf/gcc/microblaze-xilinx-elf/13.3.0/:/opt/Xilinx/2025.2/gnu/microblaze/lin/x86_64-oesdk-linux/usr/bin/microblaze-xilinx-elf/../../lib/microblaze-xilinx-elf/gcc/:/opt/Xilinx/2025.2/Vitis/gnu/microblaze/lin/bin/../microblazeeb-xilinx-elf/usr/lib/microblaze-xilinx-elf/13.3.0/:/opt/Xilinx/2025.2/Vitis/gnu/microblaze/lin/bin/../microblazeeb-xilinx-elf/usr/lib/
COLLECT_GCC_OPTIONS='--sysroot=/opt/Xilinx/2025.2/Vitis/gnu/microblaze/lin/bin/../microblazeeb-xilinx-elf' '-v' '-o' 'CMakeFiles/cmTC_f70ae.dir/CMakeCXXCompilerABI.cpp.o' '-c' '-dumpdir' 'CMakeFiles/cmTC_f70ae.dir/CMakeCXXCompilerABI.cpp.'
[2/2] Linking CXX executable cmTC_f70ae
FAILED: cmTC_f70ae 
: && /opt/Xilinx/2025.2/Vitis/gnu/microblaze/lin/bin/mb-g++  -v CMakeFiles/cmTC_f70ae.dir/CMakeCXXCompilerABI.cpp.o -o cmTC_f70ae   && :
Using built-in specs.
COLLECT_GCC=/opt/Xilinx/2025.2/Vitis/gnu/microblaze/lin/bin/../x86_64-oesdk-linux/usr/bin/microblaze-xilinx-elf/microblaze-xilinx-elf-g++.real
COLLECT_LTO_WRAPPER=/opt/Xilinx/2025.2/gnu/microblaze/lin/x86_64-oesdk-linux/usr/bin/microblaze-xilinx-elf/../../libexec/microblaze-xilinx-elf/gcc/microblaze-xilinx-elf/13.3.0/lto-wrapper
Target: microblaze-xilinx-elf
Configured with: ../../../../../../work-shared/gcc-13.3.0-r0/gcc-13.3.0/configure --build=x86_64-linux --host=x86_64-oesdk-linux --target=microblaze-xilinx-elf --prefix=/usr/local/oe-sdk-hardcoded-buildpath/sysroots/x86_64-oesdk-linux/usr --exec_prefix=/usr/local/oe-sdk-hardcoded-buildpath/sysroots/x86_64-oesdk-linux/usr --bindir=/usr/local/oe-sdk-hardcoded-buildpath/sysroots/x86_64-oesdk-linux/usr/bin/microblaze-xilinx-elf --sbindir=/usr/local/oe-sdk-hardcoded-buildpath/sysroots/x86_64-oesdk-linux/usr/bin/microblaze-xilinx-elf --libexecdir=/usr/local/oe-sdk-hardcoded-buildpath/sysroots/x86_64-oesdk-linux/usr/libexec/microblaze-xilinx-elf --datadir=/usr/local/oe-sdk-hardcoded-buildpath/sysroots/x86_64-oesdk-linux/usr/share --sysconfdir=/usr/local/oe-sdk-hardcoded-buildpath/sysroots/x86_64-oesdk-linux/etc --sharedstatedir=/usr/local/oe-sdk-hardcoded-buildpath/sysroots/x86_64-oesdk-linux/com --localstatedir=/usr/local/oe-sdk-hardcoded-buildpath/sysroots/x86_64-oesdk-linux/var --libdir=/usr/local/oe-sdk-hardcoded-buildpath/sysroots/x86_64-oesdk-linux/usr/lib/microblaze-xilinx-elf --includedir=/usr/local/oe-sdk-hardcoded-buildpath/sysroots/x86_64-oesdk-linux/usr/include --oldincludedir=/usr/local/oe-sdk-hardcoded-buildpath/sysroots/x86_64-oesdk-linux/usr/include --infodir=/usr/local/oe-sdk-hardcoded-buildpath/sysroots/x86_64-oesdk-linux/usr/share/info --mandir=/usr/local/oe-sdk-hardcoded-buildpath/sysroots/x86_64-oesdk-linux/usr/share/man --disable-silent-rules --disable-dependency-tracking --with-libtool-sysroot=/host --with-gnu-ld --enable-shared --enable-languages=c,c++,fortran --enable-threads=posix --enable-multilib --enable-c99 --enable-long-long --enable-libstdcxx-pch --program-prefix=microblaze-xilinx-elf- --without-local-prefix --disable-install-libiberty --disable-libssp --enable-libitm --enable-lto --disable-bootstrap --with-system-zlib --enable-linker-build-id --with-ppl=no --with-cloog=no --enable-checking=release --enable-cheaders=c_global --without-isl --with-gxx-include-dir=/not/exist/usr/include/c++/13.3.0 --with-build-time-tools=/host-native/usr/microblaze-xilinx-elf/bin --with-sysroot=/not/exist --with-build-sysroot=/host --with-plugin-ld=ld --enable-poison-system-directories --disable-static --enable-nls --with-glibc-version=2.28 --enable-initfini-array --enable-multilib --disable-initfini_array --disable-__cxa_atexit --disable-libstdcxx-pch --with-newlib --disable-threads --enable-plugins --with-gnu-as --disable-libitm --disable-tm-clone-registry --without-long-double-128 --with-sysroot=/not/exist
Thread model: single
Supported LTO compression algorithms: zlib zstd
gcc version 13.3.0 (GCC) 
COMPILER_PATH=/opt/Xilinx/2025.2/gnu/microblaze/lin/x86_64-oesdk-linux/usr/bin/microblaze-xilinx-elf/../../libexec/microblaze-xilinx-elf/gcc/microblaze-xilinx-elf/13.3.0/:/opt/Xilinx/2025.2/gnu/microblaze/lin/x86_64-oesdk-linux/usr/bin/microblaze-xilinx-elf/../../libexec/microblaze-xilinx-elf/gcc/
LIBRARY_PATH=/opt/Xilinx/2025.2/gnu/microblaze/lin/x86_64-oesdk-linux/usr/bin/microblaze-xilinx-elf/../../lib/microblaze-xilinx-elf/gcc/microblaze-xilinx-elf/13.3.0/:/opt/Xilinx/2025.2/gnu/microblaze/lin/x86_64-oesdk-linux/usr/bin/microblaze-xilinx-elf/../../lib/microblaze-xilinx-elf/gcc/:/opt/Xilinx/2025.2/Vitis/gnu/microblaze/lin/bin/../microblazeeb-xilinx-elf/usr/lib/microblaze-xilinx-elf/13.3.0/:/opt/Xilinx/2025.2/Vitis/gnu/microblaze/lin/bin/../microblazeeb-xilinx-elf/usr/lib/
COLLECT_GCC_OPTIONS='--sysroot=/opt/Xilinx/2025.2/Vitis/gnu/microblaze/lin/bin/../microblazeeb-xilinx-elf' '-v' '-o' 'cmTC_f70ae' '-dumpdir' 'cmTC_f70ae.'
 /opt/Xilinx/2025.2/gnu/microblaze/lin/x86_64-oesdk-linux/usr/bin/microblaze-xilinx-elf/../../libexec/microblaze-xilinx-elf/gcc/microblaze-xilinx-elf/13.3.0/collect2 -plugin /opt/Xilinx/2025.2/gnu/microblaze/lin/x86_64-oesdk-linux/usr/bin/microblaze-xilinx-elf/../../libexec/microblaze-xilinx-elf/gcc/microblaze-xilinx-elf/13.3.0/liblto_plugin.so -plugin-opt=/opt/Xilinx/2025.2/gnu/microblaze/lin/x86_64-oesdk-linux/usr/bin/microblaze-xilinx-elf/../../libexec/microblaze-xilinx-elf/gcc/microblaze-xilinx-elf/13.3.0/lto-wrapper -plugin-opt=-fresolution=/tmp/ccgYY8f9.res -plugin-opt=-pass-through=-lgcc -plugin-opt=-pass-through=-lgloss -plugin-opt=-pass-through=-lxil -plugin-opt=-pass-through=-lc -plugin-opt=-pass-through=-lm -plugin-opt=-pass-through=-lgcc --sysroot=/opt/Xilinx/2025.2/Vitis/gnu/microblaze/lin/bin/../microblazeeb-xilinx-elf --build-id -N -relax -G 0 -dT /opt/Xilinx/2025.2/Vitis/gnu/microblaze/lin/bin/../microblazeeb-xilinx-elf/usr/lib/xilinx.ld -o cmTC_f70ae /opt/Xilinx/2025.2/Vitis/gnu/microblaze/lin/bin/../microblazeeb-xilinx-elf/usr/lib/crt0.o /opt/Xilinx/2025.2/Vitis/gnu/microblaze/lin/bin/../microblazeeb-xilinx-elf/usr/lib/microblaze-xilinx-elf/13.3.0/crti.o /opt/Xilinx/2025.2/Vitis/gnu/microblaze/lin/bin/../microblazeeb-xilinx-elf/usr/lib/microblaze-xilinx-elf/13.3.0/crtbegin.o /opt/Xilinx/2025.2/Vitis/gnu/microblaze/lin/bin/../microblazeeb-xilinx-elf/usr/lib/crtinit.o -L/opt/Xilinx/2025.2/gnu/microblaze/lin/x86_64-oesdk-linux/usr/bin/microblaze-xilinx-elf/../../lib/microblaze-xilinx-elf/gcc/microblaze-xilinx-elf/13.3.0 -L/opt/Xilinx/2025.2/gnu/microblaze/lin/x86_64-oesdk-linux/usr/bin/microblaze-xilinx-elf/../../lib/microblaze-xilinx-elf/gcc -L/opt/Xilinx/2025.2/Vitis/gnu/microblaze/lin/bin/../microblazeeb-xilinx-elf/usr/lib/microblaze-xilinx-elf/13.3.0 -L/opt/Xilinx/2025.2/Vitis/gnu/microblaze/lin/bin/../microblazeeb-xilinx-elf/usr/lib CMakeFiles/cmTC_f70ae.dir/CMakeCXXCompilerABI.cpp.o --build-id=none -lstdc++ -lm -lgcc -start-group -lgloss -lxil -lc -lm -end-group -lgcc /opt/Xilinx/2025.2/Vitis/gnu/microblaze/lin/bin/../microblazeeb-xilinx-elf/usr/lib/microblaze-xilinx-elf/13.3.0/crtend.o /opt/Xilinx/2025.2/Vitis/gnu/microblaze/lin/bin/../microblazeeb-xilinx-elf/usr/lib/microblaze-xilinx-elf/13.3.0/crtn.o
/opt/Xilinx/2025.2/gnu/microblaze/lin/x86_64-oesdk-linux/usr/bin/microblaze-xilinx-elf/microblaze-xilinx-elf-ld.real: cannot find -lxil: No such file or directory
collect2.real: error: ld returned 1 exit status
ninja: build stopped: subcommand failed.




Determining if the CXX compiler works failed with the following output:
Change Dir: /home/johan2/Documents/fpga/zynq-pynq-gnss-receiver/build/CMakeFiles/CMakeTmp

Run Build Command(s):/opt/Xilinx/2025.2/Vitis/bin/ninja cmTC_35eda && [1/2] Building CXX object CMakeFiles/cmTC_35eda.dir/testCXXCompiler.cxx.o
[2/2] Linking CXX executable cmTC_35eda
FAILED: cmTC_35eda 
: && /opt/Xilinx/2025.2/Vitis/gnu/microblaze/lin/bin/mb-g++   CMakeFiles/cmTC_35eda.dir/testCXXCompiler.cxx.o -o cmTC_35eda   && :
/opt/Xilinx/2025.2/gnu/microblaze/lin/x86_64-oesdk-linux/usr/bin/microblaze-xilinx-elf/microblaze-xilinx-elf-ld.real: cannot find -lxil: No such file or directory
collect2.real: error: ld returned 1 exit status
ninja: build stopped: subcommand failed.



Compiling the CXX compiler identification source file "CMakeCXXCompilerId.cpp" failed.
Compiler: /opt/Xilinx/2025.2/Vitis/gnu/microblaze/lin/bin/mb-g++ 
Build flags: 
Id flags:  

The output was:
1
/opt/Xilinx/2025.2/gnu/microblaze/lin/x86_64-oesdk-linux/usr/bin/microblaze-xilinx-elf/microblaze-xilinx-elf-ld.real: cannot find -lxil: No such file or directory
collect2.real: error: ld returned 1 exit status


Compiling the C compiler identification source file "CMakeCCompilerId.c" failed.
Compiler: /opt/Xilinx/2025.2/Vitis/gnu/microblaze/lin/bin/mb-gcc 
Build flags: 
Id flags:  

The output was:
1
/opt/Xilinx/2025.2/gnu/microblaze/lin/x86_64-oesdk-linux/usr/bin/microblaze-xilinx-elf/microblaze-xilinx-elf-ld.real: cannot find -lxil: No such file or directory
collect2.real: error: ld returned 1 exit status


Detecting CXX compiler ABI info failed to compile with the following output:
Change Dir: /home/johan2/Documents/fpga/zynq-pynq-gnss-receiver/build/CMakeFiles/CMakeTmp

Run Build Command(s):/opt/Xilinx/2025.2/Vitis/bin/ninja cmTC_50b17 && [1/2] Building CXX object CMakeFiles/cmTC_50b17.dir/CMakeCXXCompilerABI.cpp.o
Using built-in specs.
COLLECT_GCC=/opt/Xilinx/2025.2/Vitis/gnu/microblaze/lin/bin/../x86_64-oesdk-linux/usr/bin/microblaze-xilinx-elf/microblaze-xilinx-elf-g++.real
Target: microblaze-xilinx-elf
Configured with: ../../../../../../work-shared/gcc-13.3.0-r0/gcc-13.3.0/configure --build=x86_64-linux --host=x86_64-oesdk-linux --target=microblaze-xilinx-elf --prefix=/usr/local/oe-sdk-hardcoded-buildpath/sysroots/x86_64-oesdk-linux/usr --exec_prefix=/usr/local/oe-sdk-hardcoded-buildpath/sysroots/x86_64-oesdk-linux/usr --bindir=/usr/local/oe-sdk-hardcoded-buildpath/sysroots/x86_64-oesdk-linux/usr/bin/microblaze-xilinx-elf --sbindir=/usr/local/oe-sdk-hardcoded-buildpath/sysroots/x86_64-oesdk-linux/usr/bin/microblaze-xilinx-elf --libexecdir=/usr/local/oe-sdk-hardcoded-buildpath/sysroots/x86_64-oesdk-linux/usr/libexec/microblaze-xilinx-elf --datadir=/usr/local/oe-sdk-hardcoded-buildpath/sysroots/x86_64-oesdk-linux/usr/share --sysconfdir=/usr/local/oe-sdk-hardcoded-buildpath/sysroots/x86_64-oesdk-linux/etc --sharedstatedir=/usr/local/oe-sdk-hardcoded-buildpath/sysroots/x86_64-oesdk-linux/com --localstatedir=/usr/local/oe-sdk-hardcoded-buildpath/sysroots/x86_64-oesdk-linux/var --libdir=/usr/local/oe-sdk-hardcoded-buildpath/sysroots/x86_64-oesdk-linux/usr/lib/microblaze-xilinx-elf --includedir=/usr/local/oe-sdk-hardcoded-buildpath/sysroots/x86_64-oesdk-linux/usr/include --oldincludedir=/usr/local/oe-sdk-hardcoded-buildpath/sysroots/x86_64-oesdk-linux/usr/include --infodir=/usr/local/oe-sdk-hardcoded-buildpath/sysroots/x86_64-oesdk-linux/usr/share/info --mandir=/usr/local/oe-sdk-hardcoded-buildpath/sysroots/x86_64-oesdk-linux/usr/share/man --disable-silent-rules --disable-dependency-tracking --with-libtool-sysroot=/host --with-gnu-ld --enable-shared --enable-languages=c,c++,fortran --enable-threads=posix --enable-multilib --enable-c99 --enable-long-long --enable-libstdcxx-pch --program-prefix=microblaze-xilinx-elf- --without-local-prefix --disable-install-libiberty --disable-libssp --enable-libitm --enable-lto --disable-bootstrap --with-system-zlib --enable-linker-build-id --with-ppl=no --with-cloog=no --enable-checking=release --enable-cheaders=c_global --without-isl --with-gxx-include-dir=/not/exist/usr/include/c++/13.3.0 --with-build-time-tools=/host-native/usr/microblaze-xilinx-elf/bin --with-sysroot=/not/exist --with-build-sysroot=/host --with-plugin-ld=ld --enable-poison-system-directories --disable-static --enable-nls --with-glibc-version=2.28 --enable-initfini-array --enable-multilib --disable-initfini_array --disable-__cxa_atexit --disable-libstdcxx-pch --with-newlib --disable-threads --enable-plugins --with-gnu-as --disable-libitm --disable-tm-clone-registry --without-long-double-128 --with-sysroot=/not/exist
Thread model: single
Supported LTO compression algorithms: zlib zstd
gcc version 13.3.0 (GCC) 
COLLECT_GCC_OPTIONS='--sysroot=/opt/Xilinx/2025.2/Vitis/gnu/microblaze/lin/bin/../microblazeeb-xilinx-elf' '-v' '-o' 'CMakeFiles/cmTC_50b17.dir/CMakeCXXCompilerABI.cpp.o' '-c' '-dumpdir' 'CMakeFiles/cmTC_50b17.dir/'
 /opt/Xilinx/2025.2/gnu/microblaze/lin/x86_64-oesdk-linux/usr/bin/microblaze-xilinx-elf/../../libexec/microblaze-xilinx-elf/gcc/microblaze-xilinx-elf/13.3.0/cc1plus -quiet -v -iprefix /opt/Xilinx/2025.2/gnu/microblaze/lin/x86_64-oesdk-linux/usr/bin/microblaze-xilinx-elf/../../lib/microblaze-xilinx-elf/gcc/microblaze-xilinx-elf/13.3.0/ -isysroot /opt/Xilinx/2025.2/Vitis/gnu/microblaze/lin/bin/../microblazeeb-xilinx-elf /usr/share/cmake-3.22/Modules/CMakeCXXCompilerABI.cpp -quiet -dumpdir CMakeFiles/cmTC_50b17.dir/ -dumpbase CMakeCXXCompilerABI.cpp.cpp -dumpbase-ext .cpp -version -o /tmp/ccRWABct.s
GNU C++17 (GCC) version 13.3.0 (microblaze-xilinx-elf)
	compiled by GNU C version 13.3.0, GMP version 6.3.0, MPFR version 4.2.1, MPC version 1.3.1, isl version none
GGC heuristics: --param ggc-min-expand=100 --param ggc-min-heapsize=131072
ignoring nonexistent directory "/opt/Xilinx/2025.2/gnu/microblaze/lin/x86_64-oesdk-linux/usr/bin/microblaze-xilinx-elf/../../lib/microblaze-xilinx-elf/gcc/microblaze-xilinx-elf/13.3.0/../../../../../microblaze-xilinx-elf/include"
ignoring duplicate directory "/opt/Xilinx/2025.2/gnu/microblaze/lin/x86_64-oesdk-linux/usr/bin/microblaze-xilinx-elf/../../lib/microblaze-xilinx-elf/gcc/../../../lib/microblaze-xilinx-elf/gcc/microblaze-xilinx-elf/13.3.0/include"
ignoring nonexistent directory "/opt/Xilinx/2025.2/Vitis/gnu/microblaze/lin/bin/../microblazeeb-xilinx-elf/usr/lib/microblaze-xilinx-elf/13.3.0/include"
ignoring nonexistent directory "/opt/Xilinx/2025.2/Vitis/gnu/microblaze/lin/bin/../microblazeeb-xilinx-elf/usr/local/include"
ignoring duplicate directory "/opt/Xilinx/2025.2/gnu/microblaze/lin/x86_64-oesdk-linux/usr/bin/microblaze-xilinx-elf/../../lib/microblaze-xilinx-elf/gcc/../../../lib/microblaze-xilinx-elf/gcc/microblaze-xilinx-elf/13.3.0/include-fixed"
ignoring nonexistent directory "/opt/Xilinx/2025.2/gnu/microblaze/lin/x86_64-oesdk-linux/usr/bin/microblaze-xilinx-elf/../../lib/microblaze-xilinx-elf/gcc/../../../lib/microblaze-xilinx-elf/gcc/microblaze-xilinx-elf/13.3.0/../../../../../microblaze-xilinx-elf/include"
#include "..." search starts here:
#include <...> search starts here:
 /opt/Xilinx/2025.2/gnu/microblaze/lin/x86_64-oesdk-linux/usr/bin/microblaze-xilinx-elf/../../lib/microblaze-xilinx-elf/gcc/microblaze-xilinx-elf/13.3.0/include
 /opt/Xilinx/2025.2/gnu/microblaze/lin/x86_64-oesdk-linux/usr/bin/microblaze-xilinx-elf/../../lib/microblaze-xilinx-elf/gcc/microblaze-xilinx-elf/13.3.0/include-fixed
 /opt/Xilinx/2025.2/Vitis/gnu/microblaze/lin/bin/../microblazeeb-xilinx-elf/usr/include/c++/13.3.0
 /opt/Xilinx/2025.2/Vitis/gnu/microblaze/lin/bin/../microblazeeb-xilinx-elf/usr/include/c++/13.3.0/microblaze-xilinx-elf
 /opt/Xilinx/2025.2/Vitis/gnu/microblaze/lin/bin/../microblazeeb-xilinx-elf/usr/include/c++/13.3.0/backward
 /opt/Xilinx/2025.2/Vitis/gnu/microblaze/lin/bin/../microblazeeb-xilinx-elf/usr/include/
End of search list.
Compiler executable checksum: 5ee332ca6c15a39532a83f3839ef2841
COLLECT_GCC_OPTIONS='--sysroot=/opt/Xilinx/2025.2/Vitis/gnu/microblaze/lin/bin/../microblazeeb-xilinx-elf' '-v' '-o' 'CMakeFiles/cmTC_50b17.dir/CMakeCXXCompilerABI.cpp.o' '-c' '-dumpdir' 'CMakeFiles/cmTC_50b17.dir/'
 /opt/Xilinx/2025.2/gnu/microblaze/lin/x86_64-oesdk-linux/usr/bin/microblaze-xilinx-elf/../../libexec/microblaze-xilinx-elf/gcc/microblaze-xilinx-elf/13.3.0/as -v -o CMakeFiles/cmTC_50b17.dir/CMakeCXXCompilerABI.cpp.o /tmp/ccRWABct.s
GNU assembler version 2.42.0 (microblaze-xilinx-elf) using BFD version (GNU Binutils) 2.42.0.20240723
COMPILER_PATH=/opt/Xilinx/2025.2/gnu/microblaze/lin/x86_64-oesdk-linux/usr/bin/microblaze-xilinx-elf/../../libexec/microblaze-xilinx-elf/gcc/microblaze-xilinx-elf/13.3.0/:/opt/Xilinx/2025.2/gnu/microblaze/lin/x86_64-oesdk-linux/usr/bin/microblaze-xilinx-elf/../../libexec/microblaze-xilinx-elf/gcc/
LIBRARY_PATH=/opt/Xilinx/2025.2/gnu/microblaze/lin/x86_64-oesdk-linux/usr/bin/microblaze-xilinx-elf/../../lib/microblaze-xilinx-elf/gcc/microblaze-xilinx-elf/13.3.0/:/opt/Xilinx/2025.2/gnu/microblaze/lin/x86_64-oesdk-linux/usr/bin/microblaze-xilinx-elf/../../lib/microblaze-xilinx-elf/gcc/:/opt/Xilinx/2025.2/Vitis/gnu/microblaze/lin/bin/../microblazeeb-xilinx-elf/usr/lib/microblaze-xilinx-elf/13.3.0/:/opt/Xilinx/2025.2/Vitis/gnu/microblaze/lin/bin/../microblazeeb-xilinx-elf/usr/lib/
COLLECT_GCC_OPTIONS='--sysroot=/opt/Xilinx/2025.2/Vitis/gnu/microblaze/lin/bin/../microblazeeb-xilinx-elf' '-v' '-o' 'CMakeFiles/cmTC_50b17.dir/CMakeCXXCompilerABI.cpp.o' '-c' '-dumpdir' 'CMakeFiles/cmTC_50b17.dir/CMakeCXXCompilerABI.cpp.'
[2/2] Linking CXX executable cmTC_50b17
FAILED: cmTC_50b17 
: && /opt/Xilinx/2025.2/Vitis/gnu/microblaze/lin/bin/mb-g++  -v CMakeFiles/cmTC_50b17.dir/CMakeCXXCompilerABI.cpp.o -o cmTC_50b17   && :
Using built-in specs.
COLLECT_GCC=/opt/Xilinx/2025.2/Vitis/gnu/microblaze/lin/bin/../x86_64-oesdk-linux/usr/bin/microblaze-xilinx-elf/microblaze-xilinx-elf-g++.real
COLLECT_LTO_WRAPPER=/opt/Xilinx/2025.2/gnu/microblaze/lin/x86_64-oesdk-linux/usr/bin/microblaze-xilinx-elf/../../libexec/microblaze-xilinx-elf/gcc/microblaze-xilinx-elf/13.3.0/lto-wrapper
Target: microblaze-xilinx-elf
Configured with: ../../../../../../work-shared/gcc-13.3.0-r0/gcc-13.3.0/configure --build=x86_64-linux --host=x86_64-oesdk-linux --target=microblaze-xilinx-elf --prefix=/usr/local/oe-sdk-hardcoded-buildpath/sysroots/x86_64-oesdk-linux/usr --exec_prefix=/usr/local/oe-sdk-hardcoded-buildpath/sysroots/x86_64-oesdk-linux/usr --bindir=/usr/local/oe-sdk-hardcoded-buildpath/sysroots/x86_64-oesdk-linux/usr/bin/microblaze-xilinx-elf --sbindir=/usr/local/oe-sdk-hardcoded-buildpath/sysroots/x86_64-oesdk-linux/usr/bin/microblaze-xilinx-elf --libexecdir=/usr/local/oe-sdk-hardcoded-buildpath/sysroots/x86_64-oesdk-linux/usr/libexec/microblaze-xilinx-elf --datadir=/usr/local/oe-sdk-hardcoded-buildpath/sysroots/x86_64-oesdk-linux/usr/share --sysconfdir=/usr/local/oe-sdk-hardcoded-buildpath/sysroots/x86_64-oesdk-linux/etc --sharedstatedir=/usr/local/oe-sdk-hardcoded-buildpath/sysroots/x86_64-oesdk-linux/com --localstatedir=/usr/local/oe-sdk-hardcoded-buildpath/sysroots/x86_64-oesdk-linux/var --libdir=/usr/local/oe-sdk-hardcoded-buildpath/sysroots/x86_64-oesdk-linux/usr/lib/microblaze-xilinx-elf --includedir=/usr/local/oe-sdk-hardcoded-buildpath/sysroots/x86_64-oesdk-linux/usr/include --oldincludedir=/usr/local/oe-sdk-hardcoded-buildpath/sysroots/x86_64-oesdk-linux/usr/include --infodir=/usr/local/oe-sdk-hardcoded-buildpath/sysroots/x86_64-oesdk-linux/usr/share/info --mandir=/usr/local/oe-sdk-hardcoded-buildpath/sysroots/x86_64-oesdk-linux/usr/share/man --disable-silent-rules --disable-dependency-tracking --with-libtool-sysroot=/host --with-gnu-ld --enable-shared --enable-languages=c,c++,fortran --enable-threads=posix --enable-multilib --enable-c99 --enable-long-long --enable-libstdcxx-pch --program-prefix=microblaze-xilinx-elf- --without-local-prefix --disable-install-libiberty --disable-libssp --enable-libitm --enable-lto --disable-bootstrap --with-system-zlib --enable-linker-build-id --with-ppl=no --with-cloog=no --enable-checking=release --enable-cheaders=c_global --without-isl --with-gxx-include-dir=/not/exist/usr/include/c++/13.3.0 --with-build-time-tools=/host-native/usr/microblaze-xilinx-elf/bin --with-sysroot=/not/exist --with-build-sysroot=/host --with-plugin-ld=ld --enable-poison-system-directories --disable-static --enable-nls --with-glibc-version=2.28 --enable-initfini-array --enable-multilib --disable-initfini_array --disable-__cxa_atexit --disable-libstdcxx-pch --with-newlib --disable-threads --enable-plugins --with-gnu-as --disable-libitm --disable-tm-clone-registry --without-long-double-128 --with-sysroot=/not/exist
Thread model: single
Supported LTO compression algorithms: zlib zstd
gcc version 13.3.0 (GCC) 
COMPILER_PATH=/opt/Xilinx/2025.2/gnu/microblaze/lin/x86_64-oesdk-linux/usr/bin/microblaze-xilinx-elf/../../libexec/microblaze-xilinx-elf/gcc/microblaze-xilinx-elf/13.3.0/:/opt/Xilinx/2025.2/gnu/microblaze/lin/x86_64-oesdk-linux/usr/bin/microblaze-xilinx-elf/../../libexec/microblaze-xilinx-elf/gcc/
LIBRARY_PATH=/opt/Xilinx/2025.2/gnu/microblaze/lin/x86_64-oesdk-linux/usr/bin/microblaze-xilinx-elf/../../lib/microblaze-xilinx-elf/gcc/microblaze-xilinx-elf/13.3.0/:/opt/Xilinx/2025.2/gnu/microblaze/lin/x86_64-oesdk-linux/usr/bin/microblaze-xilinx-elf/../../lib/microblaze-xilinx-elf/gcc/:/opt/Xilinx/2025.2/Vitis/gnu/microblaze/lin/bin/../microblazeeb-xilinx-elf/usr/lib/microblaze-xilinx-elf/13.3.0/:/opt/Xilinx/2025.2/Vitis/gnu/microblaze/lin/bin/../microblazeeb-xilinx-elf/usr/lib/
COLLECT_GCC_OPTIONS='--sysroot=/opt/Xilinx/2025.2/Vitis/gnu/microblaze/lin/bin/../microblazeeb-xilinx-elf' '-v' '-o' 'cmTC_50b17' '-dumpdir' 'cmTC_50b17.'
 /opt/Xilinx/2025.2/gnu/microblaze/lin/x86_64-oesdk-linux/usr/bin/microblaze-xilinx-elf/../../libexec/microblaze-xilinx-elf/gcc/microblaze-xilinx-elf/13.3.0/collect2 -plugin /opt/Xilinx/2025.2/gnu/microblaze/lin/x86_64-oesdk-linux/usr/bin/microblaze-xilinx-elf/../../libexec/microblaze-xilinx-elf/gcc/microblaze-xilinx-elf/13.3.0/liblto_plugin.so -plugin-opt=/opt/Xilinx/2025.2/gnu/microblaze/lin/x86_64-oesdk-linux/usr/bin/microblaze-xilinx-elf/../../libexec/microblaze-xilinx-elf/gcc/microblaze-xilinx-elf/13.3.0/lto-wrapper -plugin-opt=-fresolution=/tmp/ccrcDNua.res -plugin-opt=-pass-through=-lgcc -plugin-opt=-pass-through=-lgloss -plugin-opt=-pass-through=-lxil -plugin-opt=-pass-through=-lc -plugin-opt=-pass-through=-lm -plugin-opt=-pass-through=-lgcc --sysroot=/opt/Xilinx/2025.2/Vitis/gnu/microblaze/lin/bin/../microblazeeb-xilinx-elf --build-id -N -relax -G 0 -dT /opt/Xilinx/2025.2/Vitis/gnu/microblaze/lin/bin/../microblazeeb-xilinx-elf/usr/lib/xilinx.ld -o cmTC_50b17 /opt/Xilinx/2025.2/Vitis/gnu/microblaze/lin/bin/../microblazeeb-xilinx-elf/usr/lib/crt0.o /opt/Xilinx/2025.2/Vitis/gnu/microblaze/lin/bin/../microblazeeb-xilinx-elf/usr/lib/microblaze-xilinx-elf/13.3.0/crti.o /opt/Xilinx/2025.2/Vitis/gnu/microblaze/lin/bin/../microblazeeb-xilinx-elf/usr/lib/microblaze-xilinx-elf/13.3.0/crtbegin.o /opt/Xilinx/2025.2/Vitis/gnu/microblaze/lin/bin/../microblazeeb-xilinx-elf/usr/lib/crtinit.o -L/opt/Xilinx/2025.2/gnu/microblaze/lin/x86_64-oesdk-linux/usr/bin/microblaze-xilinx-elf/../../lib/microblaze-xilinx-elf/gcc/microblaze-xilinx-elf/13.3.0 -L/opt/Xilinx/2025.2/gnu/microblaze/lin/x86_64-oesdk-linux/usr/bin/microblaze-xilinx-elf/../../lib/microblaze-xilinx-elf/gcc -L/opt/Xilinx/2025.2/Vitis/gnu/microblaze/lin/bin/../microblazeeb-xilinx-elf/usr/lib/microblaze-xilinx-elf/13.3.0 -L/opt/Xilinx/2025.2/Vitis/gnu/microblaze/lin/bin/../microblazeeb-xilinx-elf/usr/lib CMakeFiles/cmTC_50b17.dir/CMakeCXXCompilerABI.cpp.o --build-id=none -lstdc++ -lm -lgcc -start-group -lgloss -lxil -lc -lm -end-group -lgcc /opt/Xilinx/2025.2/Vitis/gnu/microblaze/lin/bin/../microblazeeb-xilinx-elf/usr/lib/microblaze-xilinx-elf/13.3.0/crtend.o /opt/Xilinx/2025.2/Vitis/gnu/microblaze/lin/bin/../microblazeeb-xilinx-elf/usr/lib/microblaze-xilinx-elf/13.3.0/crtn.o
/opt/Xilinx/2025.2/gnu/microblaze/lin/x86_64-oesdk-linux/usr/bin/microblaze-xilinx-elf/microblaze-xilinx-elf-ld.real: cannot find -lxil: No such file or directory
collect2.real: error: ld returned 1 exit status
ninja: build stopped: subcommand failed.




Determining if the CXX compiler works failed with the following output:
Change Dir: /home/johan2/Documents/fpga/zynq-pynq-gnss-receiver/build/CMakeFiles/CMakeTmp

Run Build Command(s):/opt/Xilinx/2025.2/Vitis/bin/ninja cmTC_79d2b && [1/2] Building CXX object CMakeFiles/cmTC_79d2b.dir/testCXXCompiler.cxx.o
[2/2] Linking CXX executable cmTC_79d2b
FAILED: cmTC_79d2b 
: && /opt/Xilinx/2025.2/Vitis/gnu/microblaze/lin/bin/mb-g++   CMakeFiles/cmTC_79d2b.dir/testCXXCompiler.cxx.o -o cmTC_79d2b   && :
/opt/Xilinx/2025.2/gnu/microblaze/lin/x86_64-oesdk-linux/usr/bin/microblaze-xilinx-elf/microblaze-xilinx-elf-ld.real: cannot find -lxil: No such file or directory
collect2.real: error: ld returned 1 exit status
ninja: build stopped: subcommand failed.



Compiling the CXX compiler identification source file "CMakeCXXCompilerId.cpp" failed.
Compiler: /opt/Xilinx/2025.2/Vitis/gnu/microblaze/lin/bin/mb-g++ 
Build flags: 
Id flags:  

The output was:
1
/opt/Xilinx/2025.2/gnu/microblaze/lin/x86_64-oesdk-linux/usr/bin/microblaze-xilinx-elf/microblaze-xilinx-elf-ld.real: cannot find -lxil: No such file or directory
collect2.real: error: ld returned 1 exit status


Compiling the C compiler identification source file "CMakeCCompilerId.c" failed.
Compiler: /opt/Xilinx/2025.2/Vitis/gnu/microblaze/lin/bin/mb-gcc 
Build flags: 
Id flags:  

The output was:
1
/opt/Xilinx/2025.2/gnu/microblaze/lin/x86_64-oesdk-linux/usr/bin/microblaze-xilinx-elf/microblaze-xilinx-elf-ld.real: cannot find -lxil: No such file or directory
collect2.real: error: ld returned 1 exit status


Detecting CXX compiler ABI info failed to compile with the following output:
Change Dir: /home/johan2/Documents/fpga/zynq-pynq-gnss-receiver/build/CMakeFiles/CMakeTmp

Run Build Command(s):/opt/Xilinx/2025.2/Vitis/bin/ninja cmTC_effcd && [1/2] Building CXX object CMakeFiles/cmTC_effcd.dir/CMakeCXXCompilerABI.cpp.o
Using built-in specs.
COLLECT_GCC=/opt/Xilinx/2025.2/Vitis/gnu/microblaze/lin/bin/../x86_64-oesdk-linux/usr/bin/microblaze-xilinx-elf/microblaze-xilinx-elf-g++.real
Target: microblaze-xilinx-elf
Configured with: ../../../../../../work-shared/gcc-13.3.0-r0/gcc-13.3.0/configure --build=x86_64-linux --host=x86_64-oesdk-linux --target=microblaze-xilinx-elf --prefix=/usr/local/oe-sdk-hardcoded-buildpath/sysroots/x86_64-oesdk-linux/usr --exec_prefix=/usr/local/oe-sdk-hardcoded-buildpath/sysroots/x86_64-oesdk-linux/usr --bindir=/usr/local/oe-sdk-hardcoded-buildpath/sysroots/x86_64-oesdk-linux/usr/bin/microblaze-xilinx-elf --sbindir=/usr/local/oe-sdk-hardcoded-buildpath/sysroots/x86_64-oesdk-linux/usr/bin/microblaze-xilinx-elf --libexecdir=/usr/local/oe-sdk-hardcoded-buildpath/sysroots/x86_64-oesdk-linux/usr/libexec/microblaze-xilinx-elf --datadir=/usr/local/oe-sdk-hardcoded-buildpath/sysroots/x86_64-oesdk-linux/usr/share --sysconfdir=/usr/local/oe-sdk-hardcoded-buildpath/sysroots/x86_64-oesdk-linux/etc --sharedstatedir=/usr/local/oe-sdk-hardcoded-buildpath/sysroots/x86_64-oesdk-linux/com --localstatedir=/usr/local/oe-sdk-hardcoded-buildpath/sysroots/x86_64-oesdk-linux/var --libdir=/usr/local/oe-sdk-hardcoded-buildpath/sysroots/x86_64-oesdk-linux/usr/lib/microblaze-xilinx-elf --includedir=/usr/local/oe-sdk-hardcoded-buildpath/sysroots/x86_64-oesdk-linux/usr/include --oldincludedir=/usr/local/oe-sdk-hardcoded-buildpath/sysroots/x86_64-oesdk-linux/usr/include --infodir=/usr/local/oe-sdk-hardcoded-buildpath/sysroots/x86_64-oesdk-linux/usr/share/info --mandir=/usr/local/oe-sdk-hardcoded-buildpath/sysroots/x86_64-oesdk-linux/usr/share/man --disable-silent-rules --disable-dependency-tracking --with-libtool-sysroot=/host --with-gnu-ld --enable-shared --enable-languages=c,c++,fortran --enable-threads=posix --enable-multilib --enable-c99 --enable-long-long --enable-libstdcxx-pch --program-prefix=microblaze-xilinx-elf- --without-local-prefix --disable-install-libiberty --disable-libssp --enable-libitm --enable-lto --disable-bootstrap --with-system-zlib --enable-linker-build-id --with-ppl=no --with-cloog=no --enable-checking=release --enable-cheaders=c_global --without-isl --with-gxx-include-dir=/not/exist/usr/include/c++/13.3.0 --with-build-time-tools=/host-native/usr/microblaze-xilinx-elf/bin --with-sysroot=/not/exist --with-build-sysroot=/host --with-plugin-ld=ld --enable-poison-system-directories --disable-static --enable-nls --with-glibc-version=2.28 --enable-initfini-array --enable-multilib --disable-initfini_array --disable-__cxa_atexit --disable-libstdcxx-pch --with-newlib --disable-threads --enable-plugins --with-gnu-as --disable-libitm --disable-tm-clone-registry --without-long-double-128 --with-sysroot=/not/exist
Thread model: single
Supported LTO compression algorithms: zlib zstd
gcc version 13.3.0 (GCC) 
COLLECT_GCC_OPTIONS='--sysroot=/opt/Xilinx/2025.2/Vitis/gnu/microblaze/lin/bin/../microblazeeb-xilinx-elf' '-v' '-o' 'CMakeFiles/cmTC_effcd.dir/CMakeCXXCompilerABI.cpp.o' '-c' '-dumpdir' 'CMakeFiles/cmTC_effcd.dir/'
 /opt/Xilinx/2025.2/gnu/microblaze/lin/x86_64-oesdk-linux/usr/bin/microblaze-xilinx-elf/../../libexec/microblaze-xilinx-elf/gcc/microblaze-xilinx-elf/13.3.0/cc1plus -quiet -v -iprefix /opt/Xilinx/2025.2/gnu/microblaze/lin/x86_64-oesdk-linux/usr/bin/microblaze-xilinx-elf/../../lib/microblaze-xilinx-elf/gcc/microblaze-xilinx-elf/13.3.0/ -isysroot /opt/Xilinx/2025.2/Vitis/gnu/microblaze/lin/bin/../microblazeeb-xilinx-elf /usr/share/cmake-3.22/Modules/CMakeCXXCompilerABI.cpp -quiet -dumpdir CMakeFiles/cmTC_effcd.dir/ -dumpbase CMakeCXXCompilerABI.cpp.cpp -dumpbase-ext .cpp -version -o /tmp/ccbGJr7C.s
GNU C++17 (GCC) version 13.3.0 (microblaze-xilinx-elf)
	compiled by GNU C version 13.3.0, GMP version 6.3.0, MPFR version 4.2.1, MPC version 1.3.1, isl version none
GGC heuristics: --param ggc-min-expand=100 --param ggc-min-heapsize=131072
ignoring nonexistent directory "/opt/Xilinx/2025.2/gnu/microblaze/lin/x86_64-oesdk-linux/usr/bin/microblaze-xilinx-elf/../../lib/microblaze-xilinx-elf/gcc/microblaze-xilinx-elf/13.3.0/../../../../../microblaze-xilinx-elf/include"
ignoring duplicate directory "/opt/Xilinx/2025.2/gnu/microblaze/lin/x86_64-oesdk-linux/usr/bin/microblaze-xilinx-elf/../../lib/microblaze-xilinx-elf/gcc/../../../lib/microblaze-xilinx-elf/gcc/microblaze-xilinx-elf/13.3.0/include"
ignoring nonexistent directory "/opt/Xilinx/2025.2/Vitis/gnu/microblaze/lin/bin/../microblazeeb-xilinx-elf/usr/lib/microblaze-xilinx-elf/13.3.0/include"
ignoring nonexistent directory "/opt/Xilinx/2025.2/Vitis/gnu/microblaze/lin/bin/../microblazeeb-xilinx-elf/usr/local/include"
ignoring duplicate directory "/opt/Xilinx/2025.2/gnu/microblaze/lin/x86_64-oesdk-linux/usr/bin/microblaze-xilinx-elf/../../lib/microblaze-xilinx-elf/gcc/../../../lib/microblaze-xilinx-elf/gcc/microblaze-xilinx-elf/13.3.0/include-fixed"
ignoring nonexistent directory "/opt/Xilinx/2025.2/gnu/microblaze/lin/x86_64-oesdk-linux/usr/bin/microblaze-xilinx-elf/../../lib/microblaze-xilinx-elf/gcc/../../../lib/microblaze-xilinx-elf/gcc/microblaze-xilinx-elf/13.3.0/../../../../../microblaze-xilinx-elf/include"
#include "..." search starts here:
#include <...> search starts here:
 /opt/Xilinx/2025.2/gnu/microblaze/lin/x86_64-oesdk-linux/usr/bin/microblaze-xilinx-elf/../../lib/microblaze-xilinx-elf/gcc/microblaze-xilinx-elf/13.3.0/include
 /opt/Xilinx/2025.2/gnu/microblaze/lin/x86_64-oesdk-linux/usr/bin/microblaze-xilinx-elf/../../lib/microblaze-xilinx-elf/gcc/microblaze-xilinx-elf/13.3.0/include-fixed
 /opt/Xilinx/2025.2/Vitis/gnu/microblaze/lin/bin/../microblazeeb-xilinx-elf/usr/include/c++/13.3.0
 /opt/Xilinx/2025.2/Vitis/gnu/microblaze/lin/bin/../microblazeeb-xilinx-elf/usr/include/c++/13.3.0/microblaze-xilinx-elf
 /opt/Xilinx/2025.2/Vitis/gnu/microblaze/lin/bin/../microblazeeb-xilinx-elf/usr/include/c++/13.3.0/backward
 /opt/Xilinx/2025.2/Vitis/gnu/microblaze/lin/bin/../microblazeeb-xilinx-elf/usr/include/
End of search list.
Compiler executable checksum: 5ee332ca6c15a39532a83f3839ef2841
COLLECT_GCC_OPTIONS='--sysroot=/opt/Xilinx/2025.2/Vitis/gnu/microblaze/lin/bin/../microblazeeb-xilinx-elf' '-v' '-o' 'CMakeFiles/cmTC_effcd.dir/CMakeCXXCompilerABI.cpp.o' '-c' '-dumpdir' 'CMakeFiles/cmTC_effcd.dir/'
 /opt/Xilinx/2025.2/gnu/microblaze/lin/x86_64-oesdk-linux/usr/bin/microblaze-xilinx-elf/../../libexec/microblaze-xilinx-elf/gcc/microblaze-xilinx-elf/13.3.0/as -v -o CMakeFiles/cmTC_effcd.dir/CMakeCXXCompilerABI.cpp.o /tmp/ccbGJr7C.s
GNU assembler version 2.42.0 (microblaze-xilinx-elf) using BFD version (GNU Binutils) 2.42.0.20240723
COMPILER_PATH=/opt/Xilinx/2025.2/gnu/microblaze/lin/x86_64-oesdk-linux/usr/bin/microblaze-xilinx-elf/../../libexec/microblaze-xilinx-elf/gcc/microblaze-xilinx-elf/13.3.0/:/opt/Xilinx/2025.2/gnu/microblaze/lin/x86_64-oesdk-linux/usr/bin/microblaze-xilinx-elf/../../libexec/microblaze-xilinx-elf/gcc/
LIBRARY_PATH=/opt/Xilinx/2025.2/gnu/microblaze/lin/x86_64-oesdk-linux/usr/bin/microblaze-xilinx-elf/../../lib/microblaze-xilinx-elf/gcc/microblaze-xilinx-elf/13.3.0/:/opt/Xilinx/2025.2/gnu/microblaze/lin/x86_64-oesdk-linux/usr/bin/microblaze-xilinx-elf/../../lib/microblaze-xilinx-elf/gcc/:/opt/Xilinx/2025.2/Vitis/gnu/microblaze/lin/bin/../microblazeeb-xilinx-elf/usr/lib/microblaze-xilinx-elf/13.3.0/:/opt/Xilinx/2025.2/Vitis/gnu/microblaze/lin/bin/../microblazeeb-xilinx-elf/usr/lib/
COLLECT_GCC_OPTIONS='--sysroot=/opt/Xilinx/2025.2/Vitis/gnu/microblaze/lin/bin/../microblazeeb-xilinx-elf' '-v' '-o' 'CMakeFiles/cmTC_effcd.dir/CMakeCXXCompilerABI.cpp.o' '-c' '-dumpdir' 'CMakeFiles/cmTC_effcd.dir/CMakeCXXCompilerABI.cpp.'
[2/2] Linking CXX executable cmTC_effcd
FAILED: cmTC_effcd 
: && /opt/Xilinx/2025.2/Vitis/gnu/microblaze/lin/bin/mb-g++  -v CMakeFiles/cmTC_effcd.dir/CMakeCXXCompilerABI.cpp.o -o cmTC_effcd   && :
Using built-in specs.
COLLECT_GCC=/opt/Xilinx/2025.2/Vitis/gnu/microblaze/lin/bin/../x86_64-oesdk-linux/usr/bin/microblaze-xilinx-elf/microblaze-xilinx-elf-g++.real
COLLECT_LTO_WRAPPER=/opt/Xilinx/2025.2/gnu/microblaze/lin/x86_64-oesdk-linux/usr/bin/microblaze-xilinx-elf/../../libexec/microblaze-xilinx-elf/gcc/microblaze-xilinx-elf/13.3.0/lto-wrapper
Target: microblaze-xilinx-elf
Configured with: ../../../../../../work-shared/gcc-13.3.0-r0/gcc-13.3.0/configure --build=x86_64-linux --host=x86_64-oesdk-linux --target=microblaze-xilinx-elf --prefix=/usr/local/oe-sdk-hardcoded-buildpath/sysroots/x86_64-oesdk-linux/usr --exec_prefix=/usr/local/oe-sdk-hardcoded-buildpath/sysroots/x86_64-oesdk-linux/usr --bindir=/usr/local/oe-sdk-hardcoded-buildpath/sysroots/x86_64-oesdk-linux/usr/bin/microblaze-xilinx-elf --sbindir=/usr/local/oe-sdk-hardcoded-buildpath/sysroots/x86_64-oesdk-linux/usr/bin/microblaze-xilinx-elf --libexecdir=/usr/local/oe-sdk-hardcoded-buildpath/sysroots/x86_64-oesdk-linux/usr/libexec/microblaze-xilinx-elf --datadir=/usr/local/oe-sdk-hardcoded-buildpath/sysroots/x86_64-oesdk-linux/usr/share --sysconfdir=/usr/local/oe-sdk-hardcoded-buildpath/sysroots/x86_64-oesdk-linux/etc --sharedstatedir=/usr/local/oe-sdk-hardcoded-buildpath/sysroots/x86_64-oesdk-linux/com --localstatedir=/usr/local/oe-sdk-hardcoded-buildpath/sysroots/x86_64-oesdk-linux/var --libdir=/usr/local/oe-sdk-hardcoded-buildpath/sysroots/x86_64-oesdk-linux/usr/lib/microblaze-xilinx-elf --includedir=/usr/local/oe-sdk-hardcoded-buildpath/sysroots/x86_64-oesdk-linux/usr/include --oldincludedir=/usr/local/oe-sdk-hardcoded-buildpath/sysroots/x86_64-oesdk-linux/usr/include --infodir=/usr/local/oe-sdk-hardcoded-buildpath/sysroots/x86_64-oesdk-linux/usr/share/info --mandir=/usr/local/oe-sdk-hardcoded-buildpath/sysroots/x86_64-oesdk-linux/usr/share/man --disable-silent-rules --disable-dependency-tracking --with-libtool-sysroot=/host --with-gnu-ld --enable-shared --enable-languages=c,c++,fortran --enable-threads=posix --enable-multilib --enable-c99 --enable-long-long --enable-libstdcxx-pch --program-prefix=microblaze-xilinx-elf- --without-local-prefix --disable-install-libiberty --disable-libssp --enable-libitm --enable-lto --disable-bootstrap --with-system-zlib --enable-linker-build-id --with-ppl=no --with-cloog=no --enable-checking=release --enable-cheaders=c_global --without-isl --with-gxx-include-dir=/not/exist/usr/include/c++/13.3.0 --with-build-time-tools=/host-native/usr/microblaze-xilinx-elf/bin --with-sysroot=/not/exist --with-build-sysroot=/host --with-plugin-ld=ld --enable-poison-system-directories --disable-static --enable-nls --with-glibc-version=2.28 --enable-initfini-array --enable-multilib --disable-initfini_array --disable-__cxa_atexit --disable-libstdcxx-pch --with-newlib --disable-threads --enable-plugins --with-gnu-as --disable-libitm --disable-tm-clone-registry --without-long-double-128 --with-sysroot=/not/exist
Thread model: single
Supported LTO compression algorithms: zlib zstd
gcc version 13.3.0 (GCC) 
COMPILER_PATH=/opt/Xilinx/2025.2/gnu/microblaze/lin/x86_64-oesdk-linux/usr/bin/microblaze-xilinx-elf/../../libexec/microblaze-xilinx-elf/gcc/microblaze-xilinx-elf/13.3.0/:/opt/Xilinx/2025.2/gnu/microblaze/lin/x86_64-oesdk-linux/usr/bin/microblaze-xilinx-elf/../../libexec/microblaze-xilinx-elf/gcc/
LIBRARY_PATH=/opt/Xilinx/2025.2/gnu/microblaze/lin/x86_64-oesdk-linux/usr/bin/microblaze-xilinx-elf/../../lib/microblaze-xilinx-elf/gcc/microblaze-xilinx-elf/13.3.0/:/opt/Xilinx/2025.2/gnu/microblaze/lin/x86_64-oesdk-linux/usr/bin/microblaze-xilinx-elf/../../lib/microblaze-xilinx-elf/gcc/:/opt/Xilinx/2025.2/Vitis/gnu/microblaze/lin/bin/../microblazeeb-xilinx-elf/usr/lib/microblaze-xilinx-elf/13.3.0/:/opt/Xilinx/2025.2/Vitis/gnu/microblaze/lin/bin/../microblazeeb-xilinx-elf/usr/lib/
COLLECT_GCC_OPTIONS='--sysroot=/opt/Xilinx/2025.2/Vitis/gnu/microblaze/lin/bin/../microblazeeb-xilinx-elf' '-v' '-o' 'cmTC_effcd' '-dumpdir' 'cmTC_effcd.'
 /opt/Xilinx/2025.2/gnu/microblaze/lin/x86_64-oesdk-linux/usr/bin/microblaze-xilinx-elf/../../libexec/microblaze-xilinx-elf/gcc/microblaze-xilinx-elf/13.3.0/collect2 -plugin /opt/Xilinx/2025.2/gnu/microblaze/lin/x86_64-oesdk-linux/usr/bin/microblaze-xilinx-elf/../../libexec/microblaze-xilinx-elf/gcc/microblaze-xilinx-elf/13.3.0/liblto_plugin.so -plugin-opt=/opt/Xilinx/2025.2/gnu/microblaze/lin/x86_64-oesdk-linux/usr/bin/microblaze-xilinx-elf/../../libexec/microblaze-xilinx-elf/gcc/microblaze-xilinx-elf/13.3.0/lto-wrapper -plugin-opt=-fresolution=/tmp/cckJZoP7.res -plugin-opt=-pass-through=-lgcc -plugin-opt=-pass-through=-lgloss -plugin-opt=-pass-through=-lxil -plugin-opt=-pass-through=-lc -plugin-opt=-pass-through=-lm -plugin-opt=-pass-through=-lgcc --sysroot=/opt/Xilinx/2025.2/Vitis/gnu/microblaze/lin/bin/../microblazeeb-xilinx-elf --build-id -N -relax -G 0 -dT /opt/Xilinx/2025.2/Vitis/gnu/microblaze/lin/bin/../microblazeeb-xilinx-elf/usr/lib/xilinx.ld -o cmTC_effcd /opt/Xilinx/2025.2/Vitis/gnu/microblaze/lin/bin/../microblazeeb-xilinx-elf/usr/lib/crt0.o /opt/Xilinx/2025.2/Vitis/gnu/microblaze/lin/bin/../microblazeeb-xilinx-elf/usr/lib/microblaze-xilinx-elf/13.3.0/crti.o /opt/Xilinx/2025.2/Vitis/gnu/microblaze/lin/bin/../microblazeeb-xilinx-elf/usr/lib/microblaze-xilinx-elf/13.3.0/crtbegin.o /opt/Xilinx/2025.2/Vitis/gnu/microblaze/lin/bin/../microblazeeb-xilinx-elf/usr/lib/crtinit.o -L/opt/Xilinx/2025.2/gnu/microblaze/lin/x86_64-oesdk-linux/usr/bin/microblaze-xilinx-elf/../../lib/microblaze-xilinx-elf/gcc/microblaze-xilinx-elf/13.3.0 -L/opt/Xilinx/2025.2/gnu/microblaze/lin/x86_64-oesdk-linux/usr/bin/microblaze-xilinx-elf/../../lib/microblaze-xilinx-elf/gcc -L/opt/Xilinx/2025.2/Vitis/gnu/microblaze/lin/bin/../microblazeeb-xilinx-elf/usr/lib/microblaze-xilinx-elf/13.3.0 -L/opt/Xilinx/2025.2/Vitis/gnu/microblaze/lin/bin/../microblazeeb-xilinx-elf/usr/lib CMakeFiles/cmTC_effcd.dir/CMakeCXXCompilerABI.cpp.o --build-id=none -lstdc++ -lm -lgcc -start-group -lgloss -lxil -lc -lm -end-group -lgcc /opt/Xilinx/2025.2/Vitis/gnu/microblaze/lin/bin/../microblazeeb-xilinx-elf/usr/lib/microblaze-xilinx-elf/13.3.0/crtend.o /opt/Xilinx/2025.2/Vitis/gnu/microblaze/lin/bin/../microblazeeb-xilinx-elf/usr/lib/microblaze-xilinx-elf/13.3.0/crtn.o
/opt/Xilinx/2025.2/gnu/microblaze/lin/x86_64-oesdk-linux/usr/bin/microblaze-xilinx-elf/microblaze-xilinx-elf-ld.real: cannot find -lxil: No such file or directory
collect2.real: error: ld returned 1 exit status
ninja: build stopped: subcommand failed.




Determining if the CXX compiler works failed with the following output:
Change Dir: /home/johan2/Documents/fpga/zynq-pynq-gnss-receiver/build/CMakeFiles/CMakeTmp

Run Build Command(s):/opt/Xilinx/2025.2/Vitis/bin/ninja cmTC_ba03d && [1/2] Building CXX object CMakeFiles/cmTC_ba03d.dir/testCXXCompiler.cxx.o
[2/2] Linking CXX executable cmTC_ba03d
FAILED: cmTC_ba03d 
: && /opt/Xilinx/2025.2/Vitis/gnu/microblaze/lin/bin/mb-g++   CMakeFiles/cmTC_ba03d.dir/testCXXCompiler.cxx.o -o cmTC_ba03d   && :
/opt/Xilinx/2025.2/gnu/microblaze/lin/x86_64-oesdk-linux/usr/bin/microblaze-xilinx-elf/microblaze-xilinx-elf-ld.real: cannot find -lxil: No such file or directory
collect2.real: error: ld returned 1 exit status
ninja: build stopped: subcommand failed.



Compiling the CXX compiler identification source file "CMakeCXXCompilerId.cpp" failed.
Compiler: /opt/Xilinx/2025.2/Vitis/gnu/microblaze/lin/bin/mb-g++ 
Build flags: 
Id flags:  

The output was:
1
/opt/Xilinx/2025.2/gnu/microblaze/lin/x86_64-oesdk-linux/usr/bin/microblaze-xilinx-elf/microblaze-xilinx-elf-ld.real: cannot find -lxil: No such file or directory
collect2.real: error: ld returned 1 exit status


Compiling the C compiler identification source file "CMakeCCompilerId.c" failed.
Compiler: /opt/Xilinx/2025.2/Vitis/gnu/microblaze/lin/bin/mb-gcc 
Build flags: 
Id flags:  

The output was:
1
/opt/Xilinx/2025.2/gnu/microblaze/lin/x86_64-oesdk-linux/usr/bin/microblaze-xilinx-elf/microblaze-xilinx-elf-ld.real: cannot find -lxil: No such file or directory
collect2.real: error: ld returned 1 exit status


Detecting CXX compiler ABI info failed to compile with the following output:
Change Dir: /home/johan2/Documents/fpga/zynq-pynq-gnss-receiver/build/CMakeFiles/CMakeTmp

Run Build Command(s):/opt/Xilinx/2025.2/Vitis/bin/ninja cmTC_5bf75 && [1/2] Building CXX object CMakeFiles/cmTC_5bf75.dir/CMakeCXXCompilerABI.cpp.o
Using built-in specs.
COLLECT_GCC=/opt/Xilinx/2025.2/Vitis/gnu/microblaze/lin/bin/../x86_64-oesdk-linux/usr/bin/microblaze-xilinx-elf/microblaze-xilinx-elf-g++.real
Target: microblaze-xilinx-elf
Configured with: ../../../../../../work-shared/gcc-13.3.0-r0/gcc-13.3.0/configure --build=x86_64-linux --host=x86_64-oesdk-linux --target=microblaze-xilinx-elf --prefix=/usr/local/oe-sdk-hardcoded-buildpath/sysroots/x86_64-oesdk-linux/usr --exec_prefix=/usr/local/oe-sdk-hardcoded-buildpath/sysroots/x86_64-oesdk-linux/usr --bindir=/usr/local/oe-sdk-hardcoded-buildpath/sysroots/x86_64-oesdk-linux/usr/bin/microblaze-xilinx-elf --sbindir=/usr/local/oe-sdk-hardcoded-buildpath/sysroots/x86_64-oesdk-linux/usr/bin/microblaze-xilinx-elf --libexecdir=/usr/local/oe-sdk-hardcoded-buildpath/sysroots/x86_64-oesdk-linux/usr/libexec/microblaze-xilinx-elf --datadir=/usr/local/oe-sdk-hardcoded-buildpath/sysroots/x86_64-oesdk-linux/usr/share --sysconfdir=/usr/local/oe-sdk-hardcoded-buildpath/sysroots/x86_64-oesdk-linux/etc --sharedstatedir=/usr/local/oe-sdk-hardcoded-buildpath/sysroots/x86_64-oesdk-linux/com --localstatedir=/usr/local/oe-sdk-hardcoded-buildpath/sysroots/x86_64-oesdk-linux/var --libdir=/usr/local/oe-sdk-hardcoded-buildpath/sysroots/x86_64-oesdk-linux/usr/lib/microblaze-xilinx-elf --includedir=/usr/local/oe-sdk-hardcoded-buildpath/sysroots/x86_64-oesdk-linux/usr/include --oldincludedir=/usr/local/oe-sdk-hardcoded-buildpath/sysroots/x86_64-oesdk-linux/usr/include --infodir=/usr/local/oe-sdk-hardcoded-buildpath/sysroots/x86_64-oesdk-linux/usr/share/info --mandir=/usr/local/oe-sdk-hardcoded-buildpath/sysroots/x86_64-oesdk-linux/usr/share/man --disable-silent-rules --disable-dependency-tracking --with-libtool-sysroot=/host --with-gnu-ld --enable-shared --enable-languages=c,c++,fortran --enable-threads=posix --enable-multilib --enable-c99 --enable-long-long --enable-libstdcxx-pch --program-prefix=microblaze-xilinx-elf- --without-local-prefix --disable-install-libiberty --disable-libssp --enable-libitm --enable-lto --disable-bootstrap --with-system-zlib --enable-linker-build-id --with-ppl=no --with-cloog=no --enable-checking=release --enable-cheaders=c_global --without-isl --with-gxx-include-dir=/not/exist/usr/include/c++/13.3.0 --with-build-time-tools=/host-native/usr/microblaze-xilinx-elf/bin --with-sysroot=/not/exist --with-build-sysroot=/host --with-plugin-ld=ld --enable-poison-system-directories --disable-static --enable-nls --with-glibc-version=2.28 --enable-initfini-array --enable-multilib --disable-initfini_array --disable-__cxa_atexit --disable-libstdcxx-pch --with-newlib --disable-threads --enable-plugins --with-gnu-as --disable-libitm --disable-tm-clone-registry --without-long-double-128 --with-sysroot=/not/exist
Thread model: single
Supported LTO compression algorithms: zlib zstd
gcc version 13.3.0 (GCC) 
COLLECT_GCC_OPTIONS='--sysroot=/opt/Xilinx/2025.2/Vitis/gnu/microblaze/lin/bin/../microblazeeb-xilinx-elf' '-v' '-o' 'CMakeFiles/cmTC_5bf75.dir/CMakeCXXCompilerABI.cpp.o' '-c' '-dumpdir' 'CMakeFiles/cmTC_5bf75.dir/'
 /opt/Xilinx/2025.2/gnu/microblaze/lin/x86_64-oesdk-linux/usr/bin/microblaze-xilinx-elf/../../libexec/microblaze-xilinx-elf/gcc/microblaze-xilinx-elf/13.3.0/cc1plus -quiet -v -iprefix /opt/Xilinx/2025.2/gnu/microblaze/lin/x86_64-oesdk-linux/usr/bin/microblaze-xilinx-elf/../../lib/microblaze-xilinx-elf/gcc/microblaze-xilinx-elf/13.3.0/ -isysroot /opt/Xilinx/2025.2/Vitis/gnu/microblaze/lin/bin/../microblazeeb-xilinx-elf /usr/share/cmake-3.22/Modules/CMakeCXXCompilerABI.cpp -quiet -dumpdir CMakeFiles/cmTC_5bf75.dir/ -dumpbase CMakeCXXCompilerABI.cpp.cpp -dumpbase-ext .cpp -version -o /tmp/ccPgulHA.s
GNU C++17 (GCC) version 13.3.0 (microblaze-xilinx-elf)
	compiled by GNU C version 13.3.0, GMP version 6.3.0, MPFR version 4.2.1, MPC version 1.3.1, isl version none
GGC heuristics: --param ggc-min-expand=100 --param ggc-min-heapsize=131072
ignoring nonexistent directory "/opt/Xilinx/2025.2/gnu/microblaze/lin/x86_64-oesdk-linux/usr/bin/microblaze-xilinx-elf/../../lib/microblaze-xilinx-elf/gcc/microblaze-xilinx-elf/13.3.0/../../../../../microblaze-xilinx-elf/include"
ignoring duplicate directory "/opt/Xilinx/2025.2/gnu/microblaze/lin/x86_64-oesdk-linux/usr/bin/microblaze-xilinx-elf/../../lib/microblaze-xilinx-elf/gcc/../../../lib/microblaze-xilinx-elf/gcc/microblaze-xilinx-elf/13.3.0/include"
ignoring nonexistent directory "/opt/Xilinx/2025.2/Vitis/gnu/microblaze/lin/bin/../microblazeeb-xilinx-elf/usr/lib/microblaze-xilinx-elf/13.3.0/include"
ignoring nonexistent directory "/opt/Xilinx/2025.2/Vitis/gnu/microblaze/lin/bin/../microblazeeb-xilinx-elf/usr/local/include"
ignoring duplicate directory "/opt/Xilinx/2025.2/gnu/microblaze/lin/x86_64-oesdk-linux/usr/bin/microblaze-xilinx-elf/../../lib/microblaze-xilinx-elf/gcc/../../../lib/microblaze-xilinx-elf/gcc/microblaze-xilinx-elf/13.3.0/include-fixed"
ignoring nonexistent directory "/opt/Xilinx/2025.2/gnu/microblaze/lin/x86_64-oesdk-linux/usr/bin/microblaze-xilinx-elf/../../lib/microblaze-xilinx-elf/gcc/../../../lib/microblaze-xilinx-elf/gcc/microblaze-xilinx-elf/13.3.0/../../../../../microblaze-xilinx-elf/include"
#include "..." search starts here:
#include <...> search starts here:
 /opt/Xilinx/2025.2/gnu/microblaze/lin/x86_64-oesdk-linux/usr/bin/microblaze-xilinx-elf/../../lib/microblaze-xilinx-elf/gcc/microblaze-xilinx-elf/13.3.0/include
 /opt/Xilinx/2025.2/gnu/microblaze/lin/x86_64-oesdk-linux/usr/bin/microblaze-xilinx-elf/../../lib/microblaze-xilinx-elf/gcc/microblaze-xilinx-elf/13.3.0/include-fixed
 /opt/Xilinx/2025.2/Vitis/gnu/microblaze/lin/bin/../microblazeeb-xilinx-elf/usr/include/c++/13.3.0
 /opt/Xilinx/2025.2/Vitis/gnu/microblaze/lin/bin/../microblazeeb-xilinx-elf/usr/include/c++/13.3.0/microblaze-xilinx-elf
 /opt/Xilinx/2025.2/Vitis/gnu/microblaze/lin/bin/../microblazeeb-xilinx-elf/usr/include/c++/13.3.0/backward
 /opt/Xilinx/2025.2/Vitis/gnu/microblaze/lin/bin/../microblazeeb-xilinx-elf/usr/include/
End of search list.
Compiler executable checksum: 5ee332ca6c15a39532a83f3839ef2841
COLLECT_GCC_OPTIONS='--sysroot=/opt/Xilinx/2025.2/Vitis/gnu/microblaze/lin/bin/../microblazeeb-xilinx-elf' '-v' '-o' 'CMakeFiles/cmTC_5bf75.dir/CMakeCXXCompilerABI.cpp.o' '-c' '-dumpdir' 'CMakeFiles/cmTC_5bf75.dir/'
 /opt/Xilinx/2025.2/gnu/microblaze/lin/x86_64-oesdk-linux/usr/bin/microblaze-xilinx-elf/../../libexec/microblaze-xilinx-elf/gcc/microblaze-xilinx-elf/13.3.0/as -v -o CMakeFiles/cmTC_5bf75.dir/CMakeCXXCompilerABI.cpp.o /tmp/ccPgulHA.s
GNU assembler version 2.42.0 (microblaze-xilinx-elf) using BFD version (GNU Binutils) 2.42.0.20240723
COMPILER_PATH=/opt/Xilinx/2025.2/gnu/microblaze/lin/x86_64-oesdk-linux/usr/bin/microblaze-xilinx-elf/../../libexec/microblaze-xilinx-elf/gcc/microblaze-xilinx-elf/13.3.0/:/opt/Xilinx/2025.2/gnu/microblaze/lin/x86_64-oesdk-linux/usr/bin/microblaze-xilinx-elf/../../libexec/microblaze-xilinx-elf/gcc/
LIBRARY_PATH=/opt/Xilinx/2025.2/gnu/microblaze/lin/x86_64-oesdk-linux/usr/bin/microblaze-xilinx-elf/../../lib/microblaze-xilinx-elf/gcc/microblaze-xilinx-elf/13.3.0/:/opt/Xilinx/2025.2/gnu/microblaze/lin/x86_64-oesdk-linux/usr/bin/microblaze-xilinx-elf/../../lib/microblaze-xilinx-elf/gcc/:/opt/Xilinx/2025.2/Vitis/gnu/microblaze/lin/bin/../microblazeeb-xilinx-elf/usr/lib/microblaze-xilinx-elf/13.3.0/:/opt/Xilinx/2025.2/Vitis/gnu/microblaze/lin/bin/../microblazeeb-xilinx-elf/usr/lib/
COLLECT_GCC_OPTIONS='--sysroot=/opt/Xilinx/2025.2/Vitis/gnu/microblaze/lin/bin/../microblazeeb-xilinx-elf' '-v' '-o' 'CMakeFiles/cmTC_5bf75.dir/CMakeCXXCompilerABI.cpp.o' '-c' '-dumpdir' 'CMakeFiles/cmTC_5bf75.dir/CMakeCXXCompilerABI.cpp.'
[2/2] Linking CXX executable cmTC_5bf75
FAILED: cmTC_5bf75 
: && /opt/Xilinx/2025.2/Vitis/gnu/microblaze/lin/bin/mb-g++  -v CMakeFiles/cmTC_5bf75.dir/CMakeCXXCompilerABI.cpp.o -o cmTC_5bf75   && :
Using built-in specs.
COLLECT_GCC=/opt/Xilinx/2025.2/Vitis/gnu/microblaze/lin/bin/../x86_64-oesdk-linux/usr/bin/microblaze-xilinx-elf/microblaze-xilinx-elf-g++.real
COLLECT_LTO_WRAPPER=/opt/Xilinx/2025.2/gnu/microblaze/lin/x86_64-oesdk-linux/usr/bin/microblaze-xilinx-elf/../../libexec/microblaze-xilinx-elf/gcc/microblaze-xilinx-elf/13.3.0/lto-wrapper
Target: microblaze-xilinx-elf
Configured with: ../../../../../../work-shared/gcc-13.3.0-r0/gcc-13.3.0/configure --build=x86_64-linux --host=x86_64-oesdk-linux --target=microblaze-xilinx-elf --prefix=/usr/local/oe-sdk-hardcoded-buildpath/sysroots/x86_64-oesdk-linux/usr --exec_prefix=/usr/local/oe-sdk-hardcoded-buildpath/sysroots/x86_64-oesdk-linux/usr --bindir=/usr/local/oe-sdk-hardcoded-buildpath/sysroots/x86_64-oesdk-linux/usr/bin/microblaze-xilinx-elf --sbindir=/usr/local/oe-sdk-hardcoded-buildpath/sysroots/x86_64-oesdk-linux/usr/bin/microblaze-xilinx-elf --libexecdir=/usr/local/oe-sdk-hardcoded-buildpath/sysroots/x86_64-oesdk-linux/usr/libexec/microblaze-xilinx-elf --datadir=/usr/local/oe-sdk-hardcoded-buildpath/sysroots/x86_64-oesdk-linux/usr/share --sysconfdir=/usr/local/oe-sdk-hardcoded-buildpath/sysroots/x86_64-oesdk-linux/etc --sharedstatedir=/usr/local/oe-sdk-hardcoded-buildpath/sysroots/x86_64-oesdk-linux/com --localstatedir=/usr/local/oe-sdk-hardcoded-buildpath/sysroots/x86_64-oesdk-linux/var --libdir=/usr/local/oe-sdk-hardcoded-buildpath/sysroots/x86_64-oesdk-linux/usr/lib/microblaze-xilinx-elf --includedir=/usr/local/oe-sdk-hardcoded-buildpath/sysroots/x86_64-oesdk-linux/usr/include --oldincludedir=/usr/local/oe-sdk-hardcoded-buildpath/sysroots/x86_64-oesdk-linux/usr/include --infodir=/usr/local/oe-sdk-hardcoded-buildpath/sysroots/x86_64-oesdk-linux/usr/share/info --mandir=/usr/local/oe-sdk-hardcoded-buildpath/sysroots/x86_64-oesdk-linux/usr/share/man --disable-silent-rules --disable-dependency-tracking --with-libtool-sysroot=/host --with-gnu-ld --enable-shared --enable-languages=c,c++,fortran --enable-threads=posix --enable-multilib --enable-c99 --enable-long-long --enable-libstdcxx-pch --program-prefix=microblaze-xilinx-elf- --without-local-prefix --disable-install-libiberty --disable-libssp --enable-libitm --enable-lto --disable-bootstrap --with-system-zlib --enable-linker-build-id --with-ppl=no --with-cloog=no --enable-checking=release --enable-cheaders=c_global --without-isl --with-gxx-include-dir=/not/exist/usr/include/c++/13.3.0 --with-build-time-tools=/host-native/usr/microblaze-xilinx-elf/bin --with-sysroot=/not/exist --with-build-sysroot=/host --with-plugin-ld=ld --enable-poison-system-directories --disable-static --enable-nls --with-glibc-version=2.28 --enable-initfini-array --enable-multilib --disable-initfini_array --disable-__cxa_atexit --disable-libstdcxx-pch --with-newlib --disable-threads --enable-plugins --with-gnu-as --disable-libitm --disable-tm-clone-registry --without-long-double-128 --with-sysroot=/not/exist
Thread model: single
Supported LTO compression algorithms: zlib zstd
gcc version 13.3.0 (GCC) 
COMPILER_PATH=/opt/Xilinx/2025.2/gnu/microblaze/lin/x86_64-oesdk-linux/usr/bin/microblaze-xilinx-elf/../../libexec/microblaze-xilinx-elf/gcc/microblaze-xilinx-elf/13.3.0/:/opt/Xilinx/2025.2/gnu/microblaze/lin/x86_64-oesdk-linux/usr/bin/microblaze-xilinx-elf/../../libexec/microblaze-xilinx-elf/gcc/
LIBRARY_PATH=/opt/Xilinx/2025.2/gnu/microblaze/lin/x86_64-oesdk-linux/usr/bin/microblaze-xilinx-elf/../../lib/microblaze-xilinx-elf/gcc/microblaze-xilinx-elf/13.3.0/:/opt/Xilinx/2025.2/gnu/microblaze/lin/x86_64-oesdk-linux/usr/bin/microblaze-xilinx-elf/../../lib/microblaze-xilinx-elf/gcc/:/opt/Xilinx/2025.2/Vitis/gnu/microblaze/lin/bin/../microblazeeb-xilinx-elf/usr/lib/microblaze-xilinx-elf/13.3.0/:/opt/Xilinx/2025.2/Vitis/gnu/microblaze/lin/bin/../microblazeeb-xilinx-elf/usr/lib/
COLLECT_GCC_OPTIONS='--sysroot=/opt/Xilinx/2025.2/Vitis/gnu/microblaze/lin/bin/../microblazeeb-xilinx-elf' '-v' '-o' 'cmTC_5bf75' '-dumpdir' 'cmTC_5bf75.'
 /opt/Xilinx/2025.2/gnu/microblaze/lin/x86_64-oesdk-linux/usr/bin/microblaze-xilinx-elf/../../libexec/microblaze-xilinx-elf/gcc/microblaze-xilinx-elf/13.3.0/collect2 -plugin /opt/Xilinx/2025.2/gnu/microblaze/lin/x86_64-oesdk-linux/usr/bin/microblaze-xilinx-elf/../../libexec/microblaze-xilinx-elf/gcc/microblaze-xilinx-elf/13.3.0/liblto_plugin.so -plugin-opt=/opt/Xilinx/2025.2/gnu/microblaze/lin/x86_64-oesdk-linux/usr/bin/microblaze-xilinx-elf/../../libexec/microblaze-xilinx-elf/gcc/microblaze-xilinx-elf/13.3.0/lto-wrapper -plugin-opt=-fresolution=/tmp/ccDJfq8C.res -plugin-opt=-pass-through=-lgcc -plugin-opt=-pass-through=-lgloss -plugin-opt=-pass-through=-lxil -plugin-opt=-pass-through=-lc -plugin-opt=-pass-through=-lm -plugin-opt=-pass-through=-lgcc --sysroot=/opt/Xilinx/2025.2/Vitis/gnu/microblaze/lin/bin/../microblazeeb-xilinx-elf --build-id -N -relax -G 0 -dT /opt/Xilinx/2025.2/Vitis/gnu/microblaze/lin/bin/../microblazeeb-xilinx-elf/usr/lib/xilinx.ld -o cmTC_5bf75 /opt/Xilinx/2025.2/Vitis/gnu/microblaze/lin/bin/../microblazeeb-xilinx-elf/usr/lib/crt0.o /opt/Xilinx/2025.2/Vitis/gnu/microblaze/lin/bin/../microblazeeb-xilinx-elf/usr/lib/microblaze-xilinx-elf/13.3.0/crti.o /opt/Xilinx/2025.2/Vitis/gnu/microblaze/lin/bin/../microblazeeb-xilinx-elf/usr/lib/microblaze-xilinx-elf/13.3.0/crtbegin.o /opt/Xilinx/2025.2/Vitis/gnu/microblaze/lin/bin/../microblazeeb-xilinx-elf/usr/lib/crtinit.o -L/opt/Xilinx/2025.2/gnu/microblaze/lin/x86_64-oesdk-linux/usr/bin/microblaze-xilinx-elf/../../lib/microblaze-xilinx-elf/gcc/microblaze-xilinx-elf/13.3.0 -L/opt/Xilinx/2025.2/gnu/microblaze/lin/x86_64-oesdk-linux/usr/bin/microblaze-xilinx-elf/../../lib/microblaze-xilinx-elf/gcc -L/opt/Xilinx/2025.2/Vitis/gnu/microblaze/lin/bin/../microblazeeb-xilinx-elf/usr/lib/microblaze-xilinx-elf/13.3.0 -L/opt/Xilinx/2025.2/Vitis/gnu/microblaze/lin/bin/../microblazeeb-xilinx-elf/usr/lib CMakeFiles/cmTC_5bf75.dir/CMakeCXXCompilerABI.cpp.o --build-id=none -lstdc++ -lm -lgcc -start-group -lgloss -lxil -lc -lm -end-group -lgcc /opt/Xilinx/2025.2/Vitis/gnu/microblaze/lin/bin/../microblazeeb-xilinx-elf/usr/lib/microblaze-xilinx-elf/13.3.0/crtend.o /opt/Xilinx/2025.2/Vitis/gnu/microblaze/lin/bin/../microblazeeb-xilinx-elf/usr/lib/microblaze-xilinx-elf/13.3.0/crtn.o
/opt/Xilinx/2025.2/gnu/microblaze/lin/x86_64-oesdk-linux/usr/bin/microblaze-xilinx-elf/microblaze-xilinx-elf-ld.real: cannot find -lxil: No such file or directory
collect2.real: error: ld returned 1 exit status
ninja: build stopped: subcommand failed.




Determining if the CXX compiler works failed with the following output:
Change Dir: /home/johan2/Documents/fpga/zynq-pynq-gnss-receiver/build/CMakeFiles/CMakeTmp

Run Build Command(s):/opt/Xilinx/2025.2/Vitis/bin/ninja cmTC_7ee83 && [1/2] Building CXX object CMakeFiles/cmTC_7ee83.dir/testCXXCompiler.cxx.o
[2/2] Linking CXX executable cmTC_7ee83
FAILED: cmTC_7ee83 
: && /opt/Xilinx/2025.2/Vitis/gnu/microblaze/lin/bin/mb-g++   CMakeFiles/cmTC_7ee83.dir/testCXXCompiler.cxx.o -o cmTC_7ee83   && :
/opt/Xilinx/2025.2/gnu/microblaze/lin/x86_64-oesdk-linux/usr/bin/microblaze-xilinx-elf/microblaze-xilinx-elf-ld.real: cannot find -lxil: No such file or directory
collect2.real: error: ld returned 1 exit status
ninja: build stopped: subcommand failed.



Compiling the CXX compiler identification source file "CMakeCXXCompilerId.cpp" failed.
Compiler: /opt/Xilinx/2025.2/Vitis/gnu/microblaze/lin/bin/mb-g++ 
Build flags: 
Id flags:  

The output was:
1
/opt/Xilinx/2025.2/gnu/microblaze/lin/x86_64-oesdk-linux/usr/bin/microblaze-xilinx-elf/microblaze-xilinx-elf-ld.real: cannot find -lxil: No such file or directory
collect2.real: error: ld returned 1 exit status


Compiling the C compiler identification source file "CMakeCCompilerId.c" failed.
Compiler: /opt/Xilinx/2025.2/Vitis/gnu/microblaze/lin/bin/mb-gcc 
Build flags: 
Id flags:  

The output was:
1
/opt/Xilinx/2025.2/gnu/microblaze/lin/x86_64-oesdk-linux/usr/bin/microblaze-xilinx-elf/microblaze-xilinx-elf-ld.real: cannot find -lxil: No such file or directory
collect2.real: error: ld returned 1 exit status


Detecting CXX compiler ABI info failed to compile with the following output:
Change Dir: /home/johan2/Documents/fpga/zynq-pynq-gnss-receiver/build/CMakeFiles/CMakeTmp

Run Build Command(s):/opt/Xilinx/2025.2/Vitis/bin/ninja cmTC_56790 && [1/2] Building CXX object CMakeFiles/cmTC_56790.dir/CMakeCXXCompilerABI.cpp.o
Using built-in specs.
COLLECT_GCC=/opt/Xilinx/2025.2/Vitis/gnu/microblaze/lin/bin/../x86_64-oesdk-linux/usr/bin/microblaze-xilinx-elf/microblaze-xilinx-elf-g++.real
Target: microblaze-xilinx-elf
Configured with: ../../../../../../work-shared/gcc-13.3.0-r0/gcc-13.3.0/configure --build=x86_64-linux --host=x86_64-oesdk-linux --target=microblaze-xilinx-elf --prefix=/usr/local/oe-sdk-hardcoded-buildpath/sysroots/x86_64-oesdk-linux/usr --exec_prefix=/usr/local/oe-sdk-hardcoded-buildpath/sysroots/x86_64-oesdk-linux/usr --bindir=/usr/local/oe-sdk-hardcoded-buildpath/sysroots/x86_64-oesdk-linux/usr/bin/microblaze-xilinx-elf --sbindir=/usr/local/oe-sdk-hardcoded-buildpath/sysroots/x86_64-oesdk-linux/usr/bin/microblaze-xilinx-elf --libexecdir=/usr/local/oe-sdk-hardcoded-buildpath/sysroots/x86_64-oesdk-linux/usr/libexec/microblaze-xilinx-elf --datadir=/usr/local/oe-sdk-hardcoded-buildpath/sysroots/x86_64-oesdk-linux/usr/share --sysconfdir=/usr/local/oe-sdk-hardcoded-buildpath/sysroots/x86_64-oesdk-linux/etc --sharedstatedir=/usr/local/oe-sdk-hardcoded-buildpath/sysroots/x86_64-oesdk-linux/com --localstatedir=/usr/local/oe-sdk-hardcoded-buildpath/sysroots/x86_64-oesdk-linux/var --libdir=/usr/local/oe-sdk-hardcoded-buildpath/sysroots/x86_64-oesdk-linux/usr/lib/microblaze-xilinx-elf --includedir=/usr/local/oe-sdk-hardcoded-buildpath/sysroots/x86_64-oesdk-linux/usr/include --oldincludedir=/usr/local/oe-sdk-hardcoded-buildpath/sysroots/x86_64-oesdk-linux/usr/include --infodir=/usr/local/oe-sdk-hardcoded-buildpath/sysroots/x86_64-oesdk-linux/usr/share/info --mandir=/usr/local/oe-sdk-hardcoded-buildpath/sysroots/x86_64-oesdk-linux/usr/share/man --disable-silent-rules --disable-dependency-tracking --with-libtool-sysroot=/host --with-gnu-ld --enable-shared --enable-languages=c,c++,fortran --enable-threads=posix --enable-multilib --enable-c99 --enable-long-long --enable-libstdcxx-pch --program-prefix=microblaze-xilinx-elf- --without-local-prefix --disable-install-libiberty --disable-libssp --enable-libitm --enable-lto --disable-bootstrap --with-system-zlib --enable-linker-build-id --with-ppl=no --with-cloog=no --enable-checking=release --enable-cheaders=c_global --without-isl --with-gxx-include-dir=/not/exist/usr/include/c++/13.3.0 --with-build-time-tools=/host-native/usr/microblaze-xilinx-elf/bin --with-sysroot=/not/exist --with-build-sysroot=/host --with-plugin-ld=ld --enable-poison-system-directories --disable-static --enable-nls --with-glibc-version=2.28 --enable-initfini-array --enable-multilib --disable-initfini_array --disable-__cxa_atexit --disable-libstdcxx-pch --with-newlib --disable-threads --enable-plugins --with-gnu-as --disable-libitm --disable-tm-clone-registry --without-long-double-128 --with-sysroot=/not/exist
Thread model: single
Supported LTO compression algorithms: zlib zstd
gcc version 13.3.0 (GCC) 
COLLECT_GCC_OPTIONS='--sysroot=/opt/Xilinx/2025.2/Vitis/gnu/microblaze/lin/bin/../microblazeeb-xilinx-elf' '-v' '-o' 'CMakeFiles/cmTC_56790.dir/CMakeCXXCompilerABI.cpp.o' '-c' '-dumpdir' 'CMakeFiles/cmTC_56790.dir/'
 /opt/Xilinx/2025.2/gnu/microblaze/lin/x86_64-oesdk-linux/usr/bin/microblaze-xilinx-elf/../../libexec/microblaze-xilinx-elf/gcc/microblaze-xilinx-elf/13.3.0/cc1plus -quiet -v -iprefix /opt/Xilinx/2025.2/gnu/microblaze/lin/x86_64-oesdk-linux/usr/bin/microblaze-xilinx-elf/../../lib/microblaze-xilinx-elf/gcc/microblaze-xilinx-elf/13.3.0/ -isysroot /opt/Xilinx/2025.2/Vitis/gnu/microblaze/lin/bin/../microblazeeb-xilinx-elf /usr/share/cmake-3.22/Modules/CMakeCXXCompilerABI.cpp -quiet -dumpdir CMakeFiles/cmTC_56790.dir/ -dumpbase CMakeCXXCompilerABI.cpp.cpp -dumpbase-ext .cpp -version -o /tmp/ccDOQxrJ.s
GNU C++17 (GCC) version 13.3.0 (microblaze-xilinx-elf)
	compiled by GNU C version 13.3.0, GMP version 6.3.0, MPFR version 4.2.1, MPC version 1.3.1, isl version none
GGC heuristics: --param ggc-min-expand=100 --param ggc-min-heapsize=131072
ignoring nonexistent directory "/opt/Xilinx/2025.2/gnu/microblaze/lin/x86_64-oesdk-linux/usr/bin/microblaze-xilinx-elf/../../lib/microblaze-xilinx-elf/gcc/microblaze-xilinx-elf/13.3.0/../../../../../microblaze-xilinx-elf/include"
ignoring duplicate directory "/opt/Xilinx/2025.2/gnu/microblaze/lin/x86_64-oesdk-linux/usr/bin/microblaze-xilinx-elf/../../lib/microblaze-xilinx-elf/gcc/../../../lib/microblaze-xilinx-elf/gcc/microblaze-xilinx-elf/13.3.0/include"
ignoring nonexistent directory "/opt/Xilinx/2025.2/Vitis/gnu/microblaze/lin/bin/../microblazeeb-xilinx-elf/usr/lib/microblaze-xilinx-elf/13.3.0/include"
ignoring nonexistent directory "/opt/Xilinx/2025.2/Vitis/gnu/microblaze/lin/bin/../microblazeeb-xilinx-elf/usr/local/include"
ignoring duplicate directory "/opt/Xilinx/2025.2/gnu/microblaze/lin/x86_64-oesdk-linux/usr/bin/microblaze-xilinx-elf/../../lib/microblaze-xilinx-elf/gcc/../../../lib/microblaze-xilinx-elf/gcc/microblaze-xilinx-elf/13.3.0/include-fixed"
ignoring nonexistent directory "/opt/Xilinx/2025.2/gnu/microblaze/lin/x86_64-oesdk-linux/usr/bin/microblaze-xilinx-elf/../../lib/microblaze-xilinx-elf/gcc/../../../lib/microblaze-xilinx-elf/gcc/microblaze-xilinx-elf/13.3.0/../../../../../microblaze-xilinx-elf/include"
#include "..." search starts here:
#include <...> search starts here:
 /opt/Xilinx/2025.2/gnu/microblaze/lin/x86_64-oesdk-linux/usr/bin/microblaze-xilinx-elf/../../lib/microblaze-xilinx-elf/gcc/microblaze-xilinx-elf/13.3.0/include
 /opt/Xilinx/2025.2/gnu/microblaze/lin/x86_64-oesdk-linux/usr/bin/microblaze-xilinx-elf/../../lib/microblaze-xilinx-elf/gcc/microblaze-xilinx-elf/13.3.0/include-fixed
 /opt/Xilinx/2025.2/Vitis/gnu/microblaze/lin/bin/../microblazeeb-xilinx-elf/usr/include/c++/13.3.0
 /opt/Xilinx/2025.2/Vitis/gnu/microblaze/lin/bin/../microblazeeb-xilinx-elf/usr/include/c++/13.3.0/microblaze-xilinx-elf
 /opt/Xilinx/2025.2/Vitis/gnu/microblaze/lin/bin/../microblazeeb-xilinx-elf/usr/include/c++/13.3.0/backward
 /opt/Xilinx/2025.2/Vitis/gnu/microblaze/lin/bin/../microblazeeb-xilinx-elf/usr/include/
End of search list.
Compiler executable checksum: 5ee332ca6c15a39532a83f3839ef2841
COLLECT_GCC_OPTIONS='--sysroot=/opt/Xilinx/2025.2/Vitis/gnu/microblaze/lin/bin/../microblazeeb-xilinx-elf' '-v' '-o' 'CMakeFiles/cmTC_56790.dir/CMakeCXXCompilerABI.cpp.o' '-c' '-dumpdir' 'CMakeFiles/cmTC_56790.dir/'
 /opt/Xilinx/2025.2/gnu/microblaze/lin/x86_64-oesdk-linux/usr/bin/microblaze-xilinx-elf/../../libexec/microblaze-xilinx-elf/gcc/microblaze-xilinx-elf/13.3.0/as -v -o CMakeFiles/cmTC_56790.dir/CMakeCXXCompilerABI.cpp.o /tmp/ccDOQxrJ.s
GNU assembler version 2.42.0 (microblaze-xilinx-elf) using BFD version (GNU Binutils) 2.42.0.20240723
COMPILER_PATH=/opt/Xilinx/2025.2/gnu/microblaze/lin/x86_64-oesdk-linux/usr/bin/microblaze-xilinx-elf/../../libexec/microblaze-xilinx-elf/gcc/microblaze-xilinx-elf/13.3.0/:/opt/Xilinx/2025.2/gnu/microblaze/lin/x86_64-oesdk-linux/usr/bin/microblaze-xilinx-elf/../../libexec/microblaze-xilinx-elf/gcc/
LIBRARY_PATH=/opt/Xilinx/2025.2/gnu/microblaze/lin/x86_64-oesdk-linux/usr/bin/microblaze-xilinx-elf/../../lib/microblaze-xilinx-elf/gcc/microblaze-xilinx-elf/13.3.0/:/opt/Xilinx/2025.2/gnu/microblaze/lin/x86_64-oesdk-linux/usr/bin/microblaze-xilinx-elf/../../lib/microblaze-xilinx-elf/gcc/:/opt/Xilinx/2025.2/Vitis/gnu/microblaze/lin/bin/../microblazeeb-xilinx-elf/usr/lib/microblaze-xilinx-elf/13.3.0/:/opt/Xilinx/2025.2/Vitis/gnu/microblaze/lin/bin/../microblazeeb-xilinx-elf/usr/lib/
COLLECT_GCC_OPTIONS='--sysroot=/opt/Xilinx/2025.2/Vitis/gnu/microblaze/lin/bin/../microblazeeb-xilinx-elf' '-v' '-o' 'CMakeFiles/cmTC_56790.dir/CMakeCXXCompilerABI.cpp.o' '-c' '-dumpdir' 'CMakeFiles/cmTC_56790.dir/CMakeCXXCompilerABI.cpp.'
[2/2] Linking CXX executable cmTC_56790
FAILED: cmTC_56790 
: && /opt/Xilinx/2025.2/Vitis/gnu/microblaze/lin/bin/mb-g++  -v CMakeFiles/cmTC_56790.dir/CMakeCXXCompilerABI.cpp.o -o cmTC_56790   && :
Using built-in specs.
COLLECT_GCC=/opt/Xilinx/2025.2/Vitis/gnu/microblaze/lin/bin/../x86_64-oesdk-linux/usr/bin/microblaze-xilinx-elf/microblaze-xilinx-elf-g++.real
COLLECT_LTO_WRAPPER=/opt/Xilinx/2025.2/gnu/microblaze/lin/x86_64-oesdk-linux/usr/bin/microblaze-xilinx-elf/../../libexec/microblaze-xilinx-elf/gcc/microblaze-xilinx-elf/13.3.0/lto-wrapper
Target: microblaze-xilinx-elf
Configured with: ../../../../../../work-shared/gcc-13.3.0-r0/gcc-13.3.0/configure --build=x86_64-linux --host=x86_64-oesdk-linux --target=microblaze-xilinx-elf --prefix=/usr/local/oe-sdk-hardcoded-buildpath/sysroots/x86_64-oesdk-linux/usr --exec_prefix=/usr/local/oe-sdk-hardcoded-buildpath/sysroots/x86_64-oesdk-linux/usr --bindir=/usr/local/oe-sdk-hardcoded-buildpath/sysroots/x86_64-oesdk-linux/usr/bin/microblaze-xilinx-elf --sbindir=/usr/local/oe-sdk-hardcoded-buildpath/sysroots/x86_64-oesdk-linux/usr/bin/microblaze-xilinx-elf --libexecdir=/usr/local/oe-sdk-hardcoded-buildpath/sysroots/x86_64-oesdk-linux/usr/libexec/microblaze-xilinx-elf --datadir=/usr/local/oe-sdk-hardcoded-buildpath/sysroots/x86_64-oesdk-linux/usr/share --sysconfdir=/usr/local/oe-sdk-hardcoded-buildpath/sysroots/x86_64-oesdk-linux/etc --sharedstatedir=/usr/local/oe-sdk-hardcoded-buildpath/sysroots/x86_64-oesdk-linux/com --localstatedir=/usr/local/oe-sdk-hardcoded-buildpath/sysroots/x86_64-oesdk-linux/var --libdir=/usr/local/oe-sdk-hardcoded-buildpath/sysroots/x86_64-oesdk-linux/usr/lib/microblaze-xilinx-elf --includedir=/usr/local/oe-sdk-hardcoded-buildpath/sysroots/x86_64-oesdk-linux/usr/include --oldincludedir=/usr/local/oe-sdk-hardcoded-buildpath/sysroots/x86_64-oesdk-linux/usr/include --infodir=/usr/local/oe-sdk-hardcoded-buildpath/sysroots/x86_64-oesdk-linux/usr/share/info --mandir=/usr/local/oe-sdk-hardcoded-buildpath/sysroots/x86_64-oesdk-linux/usr/share/man --disable-silent-rules --disable-dependency-tracking --with-libtool-sysroot=/host --with-gnu-ld --enable-shared --enable-languages=c,c++,fortran --enable-threads=posix --enable-multilib --enable-c99 --enable-long-long --enable-libstdcxx-pch --program-prefix=microblaze-xilinx-elf- --without-local-prefix --disable-install-libiberty --disable-libssp --enable-libitm --enable-lto --disable-bootstrap --with-system-zlib --enable-linker-build-id --with-ppl=no --with-cloog=no --enable-checking=release --enable-cheaders=c_global --without-isl --with-gxx-include-dir=/not/exist/usr/include/c++/13.3.0 --with-build-time-tools=/host-native/usr/microblaze-xilinx-elf/bin --with-sysroot=/not/exist --with-build-sysroot=/host --with-plugin-ld=ld --enable-poison-system-directories --disable-static --enable-nls --with-glibc-version=2.28 --enable-initfini-array --enable-multilib --disable-initfini_array --disable-__cxa_atexit --disable-libstdcxx-pch --with-newlib --disable-threads --enable-plugins --with-gnu-as --disable-libitm --disable-tm-clone-registry --without-long-double-128 --with-sysroot=/not/exist
Thread model: single
Supported LTO compression algorithms: zlib zstd
gcc version 13.3.0 (GCC) 
COMPILER_PATH=/opt/Xilinx/2025.2/gnu/microblaze/lin/x86_64-oesdk-linux/usr/bin/microblaze-xilinx-elf/../../libexec/microblaze-xilinx-elf/gcc/microblaze-xilinx-elf/13.3.0/:/opt/Xilinx/2025.2/gnu/microblaze/lin/x86_64-oesdk-linux/usr/bin/microblaze-xilinx-elf/../../libexec/microblaze-xilinx-elf/gcc/
LIBRARY_PATH=/opt/Xilinx/2025.2/gnu/microblaze/lin/x86_64-oesdk-linux/usr/bin/microblaze-xilinx-elf/../../lib/microblaze-xilinx-elf/gcc/microblaze-xilinx-elf/13.3.0/:/opt/Xilinx/2025.2/gnu/microblaze/lin/x86_64-oesdk-linux/usr/bin/microblaze-xilinx-elf/../../lib/microblaze-xilinx-elf/gcc/:/opt/Xilinx/2025.2/Vitis/gnu/microblaze/lin/bin/../microblazeeb-xilinx-elf/usr/lib/microblaze-xilinx-elf/13.3.0/:/opt/Xilinx/2025.2/Vitis/gnu/microblaze/lin/bin/../microblazeeb-xilinx-elf/usr/lib/
COLLECT_GCC_OPTIONS='--sysroot=/opt/Xilinx/2025.2/Vitis/gnu/microblaze/lin/bin/../microblazeeb-xilinx-elf' '-v' '-o' 'cmTC_56790' '-dumpdir' 'cmTC_56790.'
 /opt/Xilinx/2025.2/gnu/microblaze/lin/x86_64-oesdk-linux/usr/bin/microblaze-xilinx-elf/../../libexec/microblaze-xilinx-elf/gcc/microblaze-xilinx-elf/13.3.0/collect2 -plugin /opt/Xilinx/2025.2/gnu/microblaze/lin/x86_64-oesdk-linux/usr/bin/microblaze-xilinx-elf/../../libexec/microblaze-xilinx-elf/gcc/microblaze-xilinx-elf/13.3.0/liblto_plugin.so -plugin-opt=/opt/Xilinx/2025.2/gnu/microblaze/lin/x86_64-oesdk-linux/usr/bin/microblaze-xilinx-elf/../../libexec/microblaze-xilinx-elf/gcc/microblaze-xilinx-elf/13.3.0/lto-wrapper -plugin-opt=-fresolution=/tmp/ccQE33E8.res -plugin-opt=-pass-through=-lgcc -plugin-opt=-pass-through=-lgloss -plugin-opt=-pass-through=-lxil -plugin-opt=-pass-through=-lc -plugin-opt=-pass-through=-lm -plugin-opt=-pass-through=-lgcc --sysroot=/opt/Xilinx/2025.2/Vitis/gnu/microblaze/lin/bin/../microblazeeb-xilinx-elf --build-id -N -relax -G 0 -dT /opt/Xilinx/2025.2/Vitis/gnu/microblaze/lin/bin/../microblazeeb-xilinx-elf/usr/lib/xilinx.ld -o cmTC_56790 /opt/Xilinx/2025.2/Vitis/gnu/microblaze/lin/bin/../microblazeeb-xilinx-elf/usr/lib/crt0.o /opt/Xilinx/2025.2/Vitis/gnu/microblaze/lin/bin/../microblazeeb-xilinx-elf/usr/lib/microblaze-xilinx-elf/13.3.0/crti.o /opt/Xilinx/2025.2/Vitis/gnu/microblaze/lin/bin/../microblazeeb-xilinx-elf/usr/lib/microblaze-xilinx-elf/13.3.0/crtbegin.o /opt/Xilinx/2025.2/Vitis/gnu/microblaze/lin/bin/../microblazeeb-xilinx-elf/usr/lib/crtinit.o -L/opt/Xilinx/2025.2/gnu/microblaze/lin/x86_64-oesdk-linux/usr/bin/microblaze-xilinx-elf/../../lib/microblaze-xilinx-elf/gcc/microblaze-xilinx-elf/13.3.0 -L/opt/Xilinx/2025.2/gnu/microblaze/lin/x86_64-oesdk-linux/usr/bin/microblaze-xilinx-elf/../../lib/microblaze-xilinx-elf/gcc -L/opt/Xilinx/2025.2/Vitis/gnu/microblaze/lin/bin/../microblazeeb-xilinx-elf/usr/lib/microblaze-xilinx-elf/13.3.0 -L/opt/Xilinx/2025.2/Vitis/gnu/microblaze/lin/bin/../microblazeeb-xilinx-elf/usr/lib CMakeFiles/cmTC_56790.dir/CMakeCXXCompilerABI.cpp.o --build-id=none -lstdc++ -lm -lgcc -start-group -lgloss -lxil -lc -lm -end-group -lgcc /opt/Xilinx/2025.2/Vitis/gnu/microblaze/lin/bin/../microblazeeb-xilinx-elf/usr/lib/microblaze-xilinx-elf/13.3.0/crtend.o /opt/Xilinx/2025.2/Vitis/gnu/microblaze/lin/bin/../microblazeeb-xilinx-elf/usr/lib/microblaze-xilinx-elf/13.3.0/crtn.o
/opt/Xilinx/2025.2/gnu/microblaze/lin/x86_64-oesdk-linux/usr/bin/microblaze-xilinx-elf/microblaze-xilinx-elf-ld.real: cannot find -lxil: No such file or directory
collect2.real: error: ld returned 1 exit status
ninja: build stopped: subcommand failed.




Determining if the CXX compiler works failed with the following output:
Change Dir: /home/johan2/Documents/fpga/zynq-pynq-gnss-receiver/build/CMakeFiles/CMakeTmp

Run Build Command(s):/opt/Xilinx/2025.2/Vitis/bin/ninja cmTC_4ef16 && [1/2] Building CXX object CMakeFiles/cmTC_4ef16.dir/testCXXCompiler.cxx.o
[2/2] Linking CXX executable cmTC_4ef16
FAILED: cmTC_4ef16 
: && /opt/Xilinx/2025.2/Vitis/gnu/microblaze/lin/bin/mb-g++   CMakeFiles/cmTC_4ef16.dir/testCXXCompiler.cxx.o -o cmTC_4ef16   && :
/opt/Xilinx/2025.2/gnu/microblaze/lin/x86_64-oesdk-linux/usr/bin/microblaze-xilinx-elf/microblaze-xilinx-elf-ld.real: cannot find -lxil: No such file or directory
collect2.real: error: ld returned 1 exit status
ninja: build stopped: subcommand failed.



Compiling the CXX compiler identification source file "CMakeCXXCompilerId.cpp" failed.
Compiler: /opt/Xilinx/2025.2/Vitis/gnu/microblaze/lin/bin/mb-g++ 
Build flags: 
Id flags:  

The output was:
1
/opt/Xilinx/2025.2/gnu/microblaze/lin/x86_64-oesdk-linux/usr/bin/microblaze-xilinx-elf/microblaze-xilinx-elf-ld.real: cannot find -lxil: No such file or directory
collect2.real: error: ld returned 1 exit status


Compiling the C compiler identification source file "CMakeCCompilerId.c" failed.
Compiler: /opt/Xilinx/2025.2/Vitis/gnu/microblaze/lin/bin/mb-gcc 
Build flags: 
Id flags:  

The output was:
1
/opt/Xilinx/2025.2/gnu/microblaze/lin/x86_64-oesdk-linux/usr/bin/microblaze-xilinx-elf/microblaze-xilinx-elf-ld.real: cannot find -lxil: No such file or directory
collect2.real: error: ld returned 1 exit status


Detecting CXX compiler ABI info failed to compile with the following output:
Change Dir: /home/johan2/Documents/fpga/zynq-pynq-gnss-receiver/build/CMakeFiles/CMakeTmp

Run Build Command(s):/opt/Xilinx/2025.2/Vitis/bin/ninja cmTC_159f2 && [1/2] Building CXX object CMakeFiles/cmTC_159f2.dir/CMakeCXXCompilerABI.cpp.o
Using built-in specs.
COLLECT_GCC=/opt/Xilinx/2025.2/Vitis/gnu/microblaze/lin/bin/../x86_64-oesdk-linux/usr/bin/microblaze-xilinx-elf/microblaze-xilinx-elf-g++.real
Target: microblaze-xilinx-elf
Configured with: ../../../../../../work-shared/gcc-13.3.0-r0/gcc-13.3.0/configure --build=x86_64-linux --host=x86_64-oesdk-linux --target=microblaze-xilinx-elf --prefix=/usr/local/oe-sdk-hardcoded-buildpath/sysroots/x86_64-oesdk-linux/usr --exec_prefix=/usr/local/oe-sdk-hardcoded-buildpath/sysroots/x86_64-oesdk-linux/usr --bindir=/usr/local/oe-sdk-hardcoded-buildpath/sysroots/x86_64-oesdk-linux/usr/bin/microblaze-xilinx-elf --sbindir=/usr/local/oe-sdk-hardcoded-buildpath/sysroots/x86_64-oesdk-linux/usr/bin/microblaze-xilinx-elf --libexecdir=/usr/local/oe-sdk-hardcoded-buildpath/sysroots/x86_64-oesdk-linux/usr/libexec/microblaze-xilinx-elf --datadir=/usr/local/oe-sdk-hardcoded-buildpath/sysroots/x86_64-oesdk-linux/usr/share --sysconfdir=/usr/local/oe-sdk-hardcoded-buildpath/sysroots/x86_64-oesdk-linux/etc --sharedstatedir=/usr/local/oe-sdk-hardcoded-buildpath/sysroots/x86_64-oesdk-linux/com --localstatedir=/usr/local/oe-sdk-hardcoded-buildpath/sysroots/x86_64-oesdk-linux/var --libdir=/usr/local/oe-sdk-hardcoded-buildpath/sysroots/x86_64-oesdk-linux/usr/lib/microblaze-xilinx-elf --includedir=/usr/local/oe-sdk-hardcoded-buildpath/sysroots/x86_64-oesdk-linux/usr/include --oldincludedir=/usr/local/oe-sdk-hardcoded-buildpath/sysroots/x86_64-oesdk-linux/usr/include --infodir=/usr/local/oe-sdk-hardcoded-buildpath/sysroots/x86_64-oesdk-linux/usr/share/info --mandir=/usr/local/oe-sdk-hardcoded-buildpath/sysroots/x86_64-oesdk-linux/usr/share/man --disable-silent-rules --disable-dependency-tracking --with-libtool-sysroot=/host --with-gnu-ld --enable-shared --enable-languages=c,c++,fortran --enable-threads=posix --enable-multilib --enable-c99 --enable-long-long --enable-libstdcxx-pch --program-prefix=microblaze-xilinx-elf- --without-local-prefix --disable-install-libiberty --disable-libssp --enable-libitm --enable-lto --disable-bootstrap --with-system-zlib --enable-linker-build-id --with-ppl=no --with-cloog=no --enable-checking=release --enable-cheaders=c_global --without-isl --with-gxx-include-dir=/not/exist/usr/include/c++/13.3.0 --with-build-time-tools=/host-native/usr/microblaze-xilinx-elf/bin --with-sysroot=/not/exist --with-build-sysroot=/host --with-plugin-ld=ld --enable-poison-system-directories --disable-static --enable-nls --with-glibc-version=2.28 --enable-initfini-array --enable-multilib --disable-initfini_array --disable-__cxa_atexit --disable-libstdcxx-pch --with-newlib --disable-threads --enable-plugins --with-gnu-as --disable-libitm --disable-tm-clone-registry --without-long-double-128 --with-sysroot=/not/exist
Thread model: single
Supported LTO compression algorithms: zlib zstd
gcc version 13.3.0 (GCC) 
COLLECT_GCC_OPTIONS='--sysroot=/opt/Xilinx/2025.2/Vitis/gnu/microblaze/lin/bin/../microblazeeb-xilinx-elf' '-v' '-o' 'CMakeFiles/cmTC_159f2.dir/CMakeCXXCompilerABI.cpp.o' '-c' '-dumpdir' 'CMakeFiles/cmTC_159f2.dir/'
 /opt/Xilinx/2025.2/gnu/microblaze/lin/x86_64-oesdk-linux/usr/bin/microblaze-xilinx-elf/../../libexec/microblaze-xilinx-elf/gcc/microblaze-xilinx-elf/13.3.0/cc1plus -quiet -v -iprefix /opt/Xilinx/2025.2/gnu/microblaze/lin/x86_64-oesdk-linux/usr/bin/microblaze-xilinx-elf/../../lib/microblaze-xilinx-elf/gcc/microblaze-xilinx-elf/13.3.0/ -isysroot /opt/Xilinx/2025.2/Vitis/gnu/microblaze/lin/bin/../microblazeeb-xilinx-elf /usr/share/cmake-3.22/Modules/CMakeCXXCompilerABI.cpp -quiet -dumpdir CMakeFiles/cmTC_159f2.dir/ -dumpbase CMakeCXXCompilerABI.cpp.cpp -dumpbase-ext .cpp -version -o /tmp/ccHJEbHo.s
GNU C++17 (GCC) version 13.3.0 (microblaze-xilinx-elf)
	compiled by GNU C version 13.3.0, GMP version 6.3.0, MPFR version 4.2.1, MPC version 1.3.1, isl version none
GGC heuristics: --param ggc-min-expand=100 --param ggc-min-heapsize=131072
ignoring nonexistent directory "/opt/Xilinx/2025.2/gnu/microblaze/lin/x86_64-oesdk-linux/usr/bin/microblaze-xilinx-elf/../../lib/microblaze-xilinx-elf/gcc/microblaze-xilinx-elf/13.3.0/../../../../../microblaze-xilinx-elf/include"
ignoring duplicate directory "/opt/Xilinx/2025.2/gnu/microblaze/lin/x86_64-oesdk-linux/usr/bin/microblaze-xilinx-elf/../../lib/microblaze-xilinx-elf/gcc/../../../lib/microblaze-xilinx-elf/gcc/microblaze-xilinx-elf/13.3.0/include"
ignoring nonexistent directory "/opt/Xilinx/2025.2/Vitis/gnu/microblaze/lin/bin/../microblazeeb-xilinx-elf/usr/lib/microblaze-xilinx-elf/13.3.0/include"
ignoring nonexistent directory "/opt/Xilinx/2025.2/Vitis/gnu/microblaze/lin/bin/../microblazeeb-xilinx-elf/usr/local/include"
ignoring duplicate directory "/opt/Xilinx/2025.2/gnu/microblaze/lin/x86_64-oesdk-linux/usr/bin/microblaze-xilinx-elf/../../lib/microblaze-xilinx-elf/gcc/../../../lib/microblaze-xilinx-elf/gcc/microblaze-xilinx-elf/13.3.0/include-fixed"
ignoring nonexistent directory "/opt/Xilinx/2025.2/gnu/microblaze/lin/x86_64-oesdk-linux/usr/bin/microblaze-xilinx-elf/../../lib/microblaze-xilinx-elf/gcc/../../../lib/microblaze-xilinx-elf/gcc/microblaze-xilinx-elf/13.3.0/../../../../../microblaze-xilinx-elf/include"
#include "..." search starts here:
#include <...> search starts here:
 /opt/Xilinx/2025.2/gnu/microblaze/lin/x86_64-oesdk-linux/usr/bin/microblaze-xilinx-elf/../../lib/microblaze-xilinx-elf/gcc/microblaze-xilinx-elf/13.3.0/include
 /opt/Xilinx/2025.2/gnu/microblaze/lin/x86_64-oesdk-linux/usr/bin/microblaze-xilinx-elf/../../lib/microblaze-xilinx-elf/gcc/microblaze-xilinx-elf/13.3.0/include-fixed
 /opt/Xilinx/2025.2/Vitis/gnu/microblaze/lin/bin/../microblazeeb-xilinx-elf/usr/include/c++/13.3.0
 /opt/Xilinx/2025.2/Vitis/gnu/microblaze/lin/bin/../microblazeeb-xilinx-elf/usr/include/c++/13.3.0/microblaze-xilinx-elf
 /opt/Xilinx/2025.2/Vitis/gnu/microblaze/lin/bin/../microblazeeb-xilinx-elf/usr/include/c++/13.3.0/backward
 /opt/Xilinx/2025.2/Vitis/gnu/microblaze/lin/bin/../microblazeeb-xilinx-elf/usr/include/
End of search list.
Compiler executable checksum: 5ee332ca6c15a39532a83f3839ef2841
COLLECT_GCC_OPTIONS='--sysroot=/opt/Xilinx/2025.2/Vitis/gnu/microblaze/lin/bin/../microblazeeb-xilinx-elf' '-v' '-o' 'CMakeFiles/cmTC_159f2.dir/CMakeCXXCompilerABI.cpp.o' '-c' '-dumpdir' 'CMakeFiles/cmTC_159f2.dir/'
 /opt/Xilinx/2025.2/gnu/microblaze/lin/x86_64-oesdk-linux/usr/bin/microblaze-xilinx-elf/../../libexec/microblaze-xilinx-elf/gcc/microblaze-xilinx-elf/13.3.0/as -v -o CMakeFiles/cmTC_159f2.dir/CMakeCXXCompilerABI.cpp.o /tmp/ccHJEbHo.s
GNU assembler version 2.42.0 (microblaze-xilinx-elf) using BFD version (GNU Binutils) 2.42.0.20240723
COMPILER_PATH=/opt/Xilinx/2025.2/gnu/microblaze/lin/x86_64-oesdk-linux/usr/bin/microblaze-xilinx-elf/../../libexec/microblaze-xilinx-elf/gcc/microblaze-xilinx-elf/13.3.0/:/opt/Xilinx/2025.2/gnu/microblaze/lin/x86_64-oesdk-linux/usr/bin/microblaze-xilinx-elf/../../libexec/microblaze-xilinx-elf/gcc/
LIBRARY_PATH=/opt/Xilinx/2025.2/gnu/microblaze/lin/x86_64-oesdk-linux/usr/bin/microblaze-xilinx-elf/../../lib/microblaze-xilinx-elf/gcc/microblaze-xilinx-elf/13.3.0/:/opt/Xilinx/2025.2/gnu/microblaze/lin/x86_64-oesdk-linux/usr/bin/microblaze-xilinx-elf/../../lib/microblaze-xilinx-elf/gcc/:/opt/Xilinx/2025.2/Vitis/gnu/microblaze/lin/bin/../microblazeeb-xilinx-elf/usr/lib/microblaze-xilinx-elf/13.3.0/:/opt/Xilinx/2025.2/Vitis/gnu/microblaze/lin/bin/../microblazeeb-xilinx-elf/usr/lib/
COLLECT_GCC_OPTIONS='--sysroot=/opt/Xilinx/2025.2/Vitis/gnu/microblaze/lin/bin/../microblazeeb-xilinx-elf' '-v' '-o' 'CMakeFiles/cmTC_159f2.dir/CMakeCXXCompilerABI.cpp.o' '-c' '-dumpdir' 'CMakeFiles/cmTC_159f2.dir/CMakeCXXCompilerABI.cpp.'
[2/2] Linking CXX executable cmTC_159f2
FAILED: cmTC_159f2 
: && /opt/Xilinx/2025.2/Vitis/gnu/microblaze/lin/bin/mb-g++  -v CMakeFiles/cmTC_159f2.dir/CMakeCXXCompilerABI.cpp.o -o cmTC_159f2   && :
Using built-in specs.
COLLECT_GCC=/opt/Xilinx/2025.2/Vitis/gnu/microblaze/lin/bin/../x86_64-oesdk-linux/usr/bin/microblaze-xilinx-elf/microblaze-xilinx-elf-g++.real
COLLECT_LTO_WRAPPER=/opt/Xilinx/2025.2/gnu/microblaze/lin/x86_64-oesdk-linux/usr/bin/microblaze-xilinx-elf/../../libexec/microblaze-xilinx-elf/gcc/microblaze-xilinx-elf/13.3.0/lto-wrapper
Target: microblaze-xilinx-elf
Configured with: ../../../../../../work-shared/gcc-13.3.0-r0/gcc-13.3.0/configure --build=x86_64-linux --host=x86_64-oesdk-linux --target=microblaze-xilinx-elf --prefix=/usr/local/oe-sdk-hardcoded-buildpath/sysroots/x86_64-oesdk-linux/usr --exec_prefix=/usr/local/oe-sdk-hardcoded-buildpath/sysroots/x86_64-oesdk-linux/usr --bindir=/usr/local/oe-sdk-hardcoded-buildpath/sysroots/x86_64-oesdk-linux/usr/bin/microblaze-xilinx-elf --sbindir=/usr/local/oe-sdk-hardcoded-buildpath/sysroots/x86_64-oesdk-linux/usr/bin/microblaze-xilinx-elf --libexecdir=/usr/local/oe-sdk-hardcoded-buildpath/sysroots/x86_64-oesdk-linux/usr/libexec/microblaze-xilinx-elf --datadir=/usr/local/oe-sdk-hardcoded-buildpath/sysroots/x86_64-oesdk-linux/usr/share --sysconfdir=/usr/local/oe-sdk-hardcoded-buildpath/sysroots/x86_64-oesdk-linux/etc --sharedstatedir=/usr/local/oe-sdk-hardcoded-buildpath/sysroots/x86_64-oesdk-linux/com --localstatedir=/usr/local/oe-sdk-hardcoded-buildpath/sysroots/x86_64-oesdk-linux/var --libdir=/usr/local/oe-sdk-hardcoded-buildpath/sysroots/x86_64-oesdk-linux/usr/lib/microblaze-xilinx-elf --includedir=/usr/local/oe-sdk-hardcoded-buildpath/sysroots/x86_64-oesdk-linux/usr/include --oldincludedir=/usr/local/oe-sdk-hardcoded-buildpath/sysroots/x86_64-oesdk-linux/usr/include --infodir=/usr/local/oe-sdk-hardcoded-buildpath/sysroots/x86_64-oesdk-linux/usr/share/info --mandir=/usr/local/oe-sdk-hardcoded-buildpath/sysroots/x86_64-oesdk-linux/usr/share/man --disable-silent-rules --disable-dependency-tracking --with-libtool-sysroot=/host --with-gnu-ld --enable-shared --enable-languages=c,c++,fortran --enable-threads=posix --enable-multilib --enable-c99 --enable-long-long --enable-libstdcxx-pch --program-prefix=microblaze-xilinx-elf- --without-local-prefix --disable-install-libiberty --disable-libssp --enable-libitm --enable-lto --disable-bootstrap --with-system-zlib --enable-linker-build-id --with-ppl=no --with-cloog=no --enable-checking=release --enable-cheaders=c_global --without-isl --with-gxx-include-dir=/not/exist/usr/include/c++/13.3.0 --with-build-time-tools=/host-native/usr/microblaze-xilinx-elf/bin --with-sysroot=/not/exist --with-build-sysroot=/host --with-plugin-ld=ld --enable-poison-system-directories --disable-static --enable-nls --with-glibc-version=2.28 --enable-initfini-array --enable-multilib --disable-initfini_array --disable-__cxa_atexit --disable-libstdcxx-pch --with-newlib --disable-threads --enable-plugins --with-gnu-as --disable-libitm --disable-tm-clone-registry --without-long-double-128 --with-sysroot=/not/exist
Thread model: single
Supported LTO compression algorithms: zlib zstd
gcc version 13.3.0 (GCC) 
COMPILER_PATH=/opt/Xilinx/2025.2/gnu/microblaze/lin/x86_64-oesdk-linux/usr/bin/microblaze-xilinx-elf/../../libexec/microblaze-xilinx-elf/gcc/microblaze-xilinx-elf/13.3.0/:/opt/Xilinx/2025.2/gnu/microblaze/lin/x86_64-oesdk-linux/usr/bin/microblaze-xilinx-elf/../../libexec/microblaze-xilinx-elf/gcc/
LIBRARY_PATH=/opt/Xilinx/2025.2/gnu/microblaze/lin/x86_64-oesdk-linux/usr/bin/microblaze-xilinx-elf/../../lib/microblaze-xilinx-elf/gcc/microblaze-xilinx-elf/13.3.0/:/opt/Xilinx/2025.2/gnu/microblaze/lin/x86_64-oesdk-linux/usr/bin/microblaze-xilinx-elf/../../lib/microblaze-xilinx-elf/gcc/:/opt/Xilinx/2025.2/Vitis/gnu/microblaze/lin/bin/../microblazeeb-xilinx-elf/usr/lib/microblaze-xilinx-elf/13.3.0/:/opt/Xilinx/2025.2/Vitis/gnu/microblaze/lin/bin/../microblazeeb-xilinx-elf/usr/lib/
COLLECT_GCC_OPTIONS='--sysroot=/opt/Xilinx/2025.2/Vitis/gnu/microblaze/lin/bin/../microblazeeb-xilinx-elf' '-v' '-o' 'cmTC_159f2' '-dumpdir' 'cmTC_159f2.'
 /opt/Xilinx/2025.2/gnu/microblaze/lin/x86_64-oesdk-linux/usr/bin/microblaze-xilinx-elf/../../libexec/microblaze-xilinx-elf/gcc/microblaze-xilinx-elf/13.3.0/collect2 -plugin /opt/Xilinx/2025.2/gnu/microblaze/lin/x86_64-oesdk-linux/usr/bin/microblaze-xilinx-elf/../../libexec/microblaze-xilinx-elf/gcc/microblaze-xilinx-elf/13.3.0/liblto_plugin.so -plugin-opt=/opt/Xilinx/2025.2/gnu/microblaze/lin/x86_64-oesdk-linux/usr/bin/microblaze-xilinx-elf/../../libexec/microblaze-xilinx-elf/gcc/microblaze-xilinx-elf/13.3.0/lto-wrapper -plugin-opt=-fresolution=/tmp/ccdMOreB.res -plugin-opt=-pass-through=-lgcc -plugin-opt=-pass-through=-lgloss -plugin-opt=-pass-through=-lxil -plugin-opt=-pass-through=-lc -plugin-opt=-pass-through=-lm -plugin-opt=-pass-through=-lgcc --sysroot=/opt/Xilinx/2025.2/Vitis/gnu/microblaze/lin/bin/../microblazeeb-xilinx-elf --build-id -N -relax -G 0 -dT /opt/Xilinx/2025.2/Vitis/gnu/microblaze/lin/bin/../microblazeeb-xilinx-elf/usr/lib/xilinx.ld -o cmTC_159f2 /opt/Xilinx/2025.2/Vitis/gnu/microblaze/lin/bin/../microblazeeb-xilinx-elf/usr/lib/crt0.o /opt/Xilinx/2025.2/Vitis/gnu/microblaze/lin/bin/../microblazeeb-xilinx-elf/usr/lib/microblaze-xilinx-elf/13.3.0/crti.o /opt/Xilinx/2025.2/Vitis/gnu/microblaze/lin/bin/../microblazeeb-xilinx-elf/usr/lib/microblaze-xilinx-elf/13.3.0/crtbegin.o /opt/Xilinx/2025.2/Vitis/gnu/microblaze/lin/bin/../microblazeeb-xilinx-elf/usr/lib/crtinit.o -L/opt/Xilinx/2025.2/gnu/microblaze/lin/x86_64-oesdk-linux/usr/bin/microblaze-xilinx-elf/../../lib/microblaze-xilinx-elf/gcc/microblaze-xilinx-elf/13.3.0 -L/opt/Xilinx/2025.2/gnu/microblaze/lin/x86_64-oesdk-linux/usr/bin/microblaze-xilinx-elf/../../lib/microblaze-xilinx-elf/gcc -L/opt/Xilinx/2025.2/Vitis/gnu/microblaze/lin/bin/../microblazeeb-xilinx-elf/usr/lib/microblaze-xilinx-elf/13.3.0 -L/opt/Xilinx/2025.2/Vitis/gnu/microblaze/lin/bin/../microblazeeb-xilinx-elf/usr/lib CMakeFiles/cmTC_159f2.dir/CMakeCXXCompilerABI.cpp.o --build-id=none -lstdc++ -lm -lgcc -start-group -lgloss -lxil -lc -lm -end-group -lgcc /opt/Xilinx/2025.2/Vitis/gnu/microblaze/lin/bin/../microblazeeb-xilinx-elf/usr/lib/microblaze-xilinx-elf/13.3.0/crtend.o /opt/Xilinx/2025.2/Vitis/gnu/microblaze/lin/bin/../microblazeeb-xilinx-elf/usr/lib/microblaze-xilinx-elf/13.3.0/crtn.o
/opt/Xilinx/2025.2/gnu/microblaze/lin/x86_64-oesdk-linux/usr/bin/microblaze-xilinx-elf/microblaze-xilinx-elf-ld.real: cannot find -lxil: No such file or directory
collect2.real: error: ld returned 1 exit status
ninja: build stopped: subcommand failed.




Determining if the CXX compiler works failed with the following output:
Change Dir: /home/johan2/Documents/fpga/zynq-pynq-gnss-receiver/build/CMakeFiles/CMakeTmp

Run Build Command(s):/opt/Xilinx/2025.2/Vitis/bin/ninja cmTC_d600a && [1/2] Building CXX object CMakeFiles/cmTC_d600a.dir/testCXXCompiler.cxx.o
[2/2] Linking CXX executable cmTC_d600a
FAILED: cmTC_d600a 
: && /opt/Xilinx/2025.2/Vitis/gnu/microblaze/lin/bin/mb-g++   CMakeFiles/cmTC_d600a.dir/testCXXCompiler.cxx.o -o cmTC_d600a   && :
/opt/Xilinx/2025.2/gnu/microblaze/lin/x86_64-oesdk-linux/usr/bin/microblaze-xilinx-elf/microblaze-xilinx-elf-ld.real: cannot find -lxil: No such file or directory
collect2.real: error: ld returned 1 exit status
ninja: build stopped: subcommand failed.



Compiling the CXX compiler identification source file "CMakeCXXCompilerId.cpp" failed.
Compiler: /opt/Xilinx/2025.2/Vitis/gnu/microblaze/lin/bin/mb-g++ 
Build flags: 
Id flags:  

The output was:
1
/opt/Xilinx/2025.2/gnu/microblaze/lin/x86_64-oesdk-linux/usr/bin/microblaze-xilinx-elf/microblaze-xilinx-elf-ld.real: cannot find -lxil: No such file or directory
collect2.real: error: ld returned 1 exit status


Compiling the C compiler identification source file "CMakeCCompilerId.c" failed.
Compiler: /opt/Xilinx/2025.2/Vitis/gnu/microblaze/lin/bin/mb-gcc 
Build flags: 
Id flags:  

The output was:
1
/opt/Xilinx/2025.2/gnu/microblaze/lin/x86_64-oesdk-linux/usr/bin/microblaze-xilinx-elf/microblaze-xilinx-elf-ld.real: cannot find -lxil: No such file or directory
collect2.real: error: ld returned 1 exit status


Detecting CXX compiler ABI info failed to compile with the following output:
Change Dir: /home/johan2/Documents/fpga/zynq-pynq-gnss-receiver/build/CMakeFiles/CMakeTmp

Run Build Command(s):/opt/Xilinx/2025.2/Vitis/bin/ninja cmTC_61446 && [1/2] Building CXX object CMakeFiles/cmTC_61446.dir/CMakeCXXCompilerABI.cpp.o
Using built-in specs.
COLLECT_GCC=/opt/Xilinx/2025.2/Vitis/gnu/microblaze/lin/bin/../x86_64-oesdk-linux/usr/bin/microblaze-xilinx-elf/microblaze-xilinx-elf-g++.real
Target: microblaze-xilinx-elf
Configured with: ../../../../../../work-shared/gcc-13.3.0-r0/gcc-13.3.0/configure --build=x86_64-linux --host=x86_64-oesdk-linux --target=microblaze-xilinx-elf --prefix=/usr/local/oe-sdk-hardcoded-buildpath/sysroots/x86_64-oesdk-linux/usr --exec_prefix=/usr/local/oe-sdk-hardcoded-buildpath/sysroots/x86_64-oesdk-linux/usr --bindir=/usr/local/oe-sdk-hardcoded-buildpath/sysroots/x86_64-oesdk-linux/usr/bin/microblaze-xilinx-elf --sbindir=/usr/local/oe-sdk-hardcoded-buildpath/sysroots/x86_64-oesdk-linux/usr/bin/microblaze-xilinx-elf --libexecdir=/usr/local/oe-sdk-hardcoded-buildpath/sysroots/x86_64-oesdk-linux/usr/libexec/microblaze-xilinx-elf --datadir=/usr/local/oe-sdk-hardcoded-buildpath/sysroots/x86_64-oesdk-linux/usr/share --sysconfdir=/usr/local/oe-sdk-hardcoded-buildpath/sysroots/x86_64-oesdk-linux/etc --sharedstatedir=/usr/local/oe-sdk-hardcoded-buildpath/sysroots/x86_64-oesdk-linux/com --localstatedir=/usr/local/oe-sdk-hardcoded-buildpath/sysroots/x86_64-oesdk-linux/var --libdir=/usr/local/oe-sdk-hardcoded-buildpath/sysroots/x86_64-oesdk-linux/usr/lib/microblaze-xilinx-elf --includedir=/usr/local/oe-sdk-hardcoded-buildpath/sysroots/x86_64-oesdk-linux/usr/include --oldincludedir=/usr/local/oe-sdk-hardcoded-buildpath/sysroots/x86_64-oesdk-linux/usr/include --infodir=/usr/local/oe-sdk-hardcoded-buildpath/sysroots/x86_64-oesdk-linux/usr/share/info --mandir=/usr/local/oe-sdk-hardcoded-buildpath/sysroots/x86_64-oesdk-linux/usr/share/man --disable-silent-rules --disable-dependency-tracking --with-libtool-sysroot=/host --with-gnu-ld --enable-shared --enable-languages=c,c++,fortran --enable-threads=posix --enable-multilib --enable-c99 --enable-long-long --enable-libstdcxx-pch --program-prefix=microblaze-xilinx-elf- --without-local-prefix --disable-install-libiberty --disable-libssp --enable-libitm --enable-lto --disable-bootstrap --with-system-zlib --enable-linker-build-id --with-ppl=no --with-cloog=no --enable-checking=release --enable-cheaders=c_global --without-isl --with-gxx-include-dir=/not/exist/usr/include/c++/13.3.0 --with-build-time-tools=/host-native/usr/microblaze-xilinx-elf/bin --with-sysroot=/not/exist --with-build-sysroot=/host --with-plugin-ld=ld --enable-poison-system-directories --disable-static --enable-nls --with-glibc-version=2.28 --enable-initfini-array --enable-multilib --disable-initfini_array --disable-__cxa_atexit --disable-libstdcxx-pch --with-newlib --disable-threads --enable-plugins --with-gnu-as --disable-libitm --disable-tm-clone-registry --without-long-double-128 --with-sysroot=/not/exist
Thread model: single
Supported LTO compression algorithms: zlib zstd
gcc version 13.3.0 (GCC) 
COLLECT_GCC_OPTIONS='--sysroot=/opt/Xilinx/2025.2/Vitis/gnu/microblaze/lin/bin/../microblazeeb-xilinx-elf' '-v' '-o' 'CMakeFiles/cmTC_61446.dir/CMakeCXXCompilerABI.cpp.o' '-c' '-dumpdir' 'CMakeFiles/cmTC_61446.dir/'
 /opt/Xilinx/2025.2/gnu/microblaze/lin/x86_64-oesdk-linux/usr/bin/microblaze-xilinx-elf/../../libexec/microblaze-xilinx-elf/gcc/microblaze-xilinx-elf/13.3.0/cc1plus -quiet -v -iprefix /opt/Xilinx/2025.2/gnu/microblaze/lin/x86_64-oesdk-linux/usr/bin/microblaze-xilinx-elf/../../lib/microblaze-xilinx-elf/gcc/microblaze-xilinx-elf/13.3.0/ -isysroot /opt/Xilinx/2025.2/Vitis/gnu/microblaze/lin/bin/../microblazeeb-xilinx-elf /usr/share/cmake-3.22/Modules/CMakeCXXCompilerABI.cpp -quiet -dumpdir CMakeFiles/cmTC_61446.dir/ -dumpbase CMakeCXXCompilerABI.cpp.cpp -dumpbase-ext .cpp -version -o /tmp/cc2k2NBC.s
GNU C++17 (GCC) version 13.3.0 (microblaze-xilinx-elf)
	compiled by GNU C version 13.3.0, GMP version 6.3.0, MPFR version 4.2.1, MPC version 1.3.1, isl version none
GGC heuristics: --param ggc-min-expand=100 --param ggc-min-heapsize=131072
ignoring nonexistent directory "/opt/Xilinx/2025.2/gnu/microblaze/lin/x86_64-oesdk-linux/usr/bin/microblaze-xilinx-elf/../../lib/microblaze-xilinx-elf/gcc/microblaze-xilinx-elf/13.3.0/../../../../../microblaze-xilinx-elf/include"
ignoring duplicate directory "/opt/Xilinx/2025.2/gnu/microblaze/lin/x86_64-oesdk-linux/usr/bin/microblaze-xilinx-elf/../../lib/microblaze-xilinx-elf/gcc/../../../lib/microblaze-xilinx-elf/gcc/microblaze-xilinx-elf/13.3.0/include"
ignoring nonexistent directory "/opt/Xilinx/2025.2/Vitis/gnu/microblaze/lin/bin/../microblazeeb-xilinx-elf/usr/lib/microblaze-xilinx-elf/13.3.0/include"
ignoring nonexistent directory "/opt/Xilinx/2025.2/Vitis/gnu/microblaze/lin/bin/../microblazeeb-xilinx-elf/usr/local/include"
ignoring duplicate directory "/opt/Xilinx/2025.2/gnu/microblaze/lin/x86_64-oesdk-linux/usr/bin/microblaze-xilinx-elf/../../lib/microblaze-xilinx-elf/gcc/../../../lib/microblaze-xilinx-elf/gcc/microblaze-xilinx-elf/13.3.0/include-fixed"
ignoring nonexistent directory "/opt/Xilinx/2025.2/gnu/microblaze/lin/x86_64-oesdk-linux/usr/bin/microblaze-xilinx-elf/../../lib/microblaze-xilinx-elf/gcc/../../../lib/microblaze-xilinx-elf/gcc/microblaze-xilinx-elf/13.3.0/../../../../../microblaze-xilinx-elf/include"
#include "..." search starts here:
#include <...> search starts here:
 /opt/Xilinx/2025.2/gnu/microblaze/lin/x86_64-oesdk-linux/usr/bin/microblaze-xilinx-elf/../../lib/microblaze-xilinx-elf/gcc/microblaze-xilinx-elf/13.3.0/include
 /opt/Xilinx/2025.2/gnu/microblaze/lin/x86_64-oesdk-linux/usr/bin/microblaze-xilinx-elf/../../lib/microblaze-xilinx-elf/gcc/microblaze-xilinx-elf/13.3.0/include-fixed
 /opt/Xilinx/2025.2/Vitis/gnu/microblaze/lin/bin/../microblazeeb-xilinx-elf/usr/include/c++/13.3.0
 /opt/Xilinx/2025.2/Vitis/gnu/microblaze/lin/bin/../microblazeeb-xilinx-elf/usr/include/c++/13.3.0/microblaze-xilinx-elf
 /opt/Xilinx/2025.2/Vitis/gnu/microblaze/lin/bin/../microblazeeb-xilinx-elf/usr/include/c++/13.3.0/backward
 /opt/Xilinx/2025.2/Vitis/gnu/microblaze/lin/bin/../microblazeeb-xilinx-elf/usr/include/
End of search list.
Compiler executable checksum: 5ee332ca6c15a39532a83f3839ef2841
COLLECT_GCC_OPTIONS='--sysroot=/opt/Xilinx/2025.2/Vitis/gnu/microblaze/lin/bin/../microblazeeb-xilinx-elf' '-v' '-o' 'CMakeFiles/cmTC_61446.dir/CMakeCXXCompilerABI.cpp.o' '-c' '-dumpdir' 'CMakeFiles/cmTC_61446.dir/'
 /opt/Xilinx/2025.2/gnu/microblaze/lin/x86_64-oesdk-linux/usr/bin/microblaze-xilinx-elf/../../libexec/microblaze-xilinx-elf/gcc/microblaze-xilinx-elf/13.3.0/as -v -o CMakeFiles/cmTC_61446.dir/CMakeCXXCompilerABI.cpp.o /tmp/cc2k2NBC.s
GNU assembler version 2.42.0 (microblaze-xilinx-elf) using BFD version (GNU Binutils) 2.42.0.20240723
COMPILER_PATH=/opt/Xilinx/2025.2/gnu/microblaze/lin/x86_64-oesdk-linux/usr/bin/microblaze-xilinx-elf/../../libexec/microblaze-xilinx-elf/gcc/microblaze-xilinx-elf/13.3.0/:/opt/Xilinx/2025.2/gnu/microblaze/lin/x86_64-oesdk-linux/usr/bin/microblaze-xilinx-elf/../../libexec/microblaze-xilinx-elf/gcc/
LIBRARY_PATH=/opt/Xilinx/2025.2/gnu/microblaze/lin/x86_64-oesdk-linux/usr/bin/microblaze-xilinx-elf/../../lib/microblaze-xilinx-elf/gcc/microblaze-xilinx-elf/13.3.0/:/opt/Xilinx/2025.2/gnu/microblaze/lin/x86_64-oesdk-linux/usr/bin/microblaze-xilinx-elf/../../lib/microblaze-xilinx-elf/gcc/:/opt/Xilinx/2025.2/Vitis/gnu/microblaze/lin/bin/../microblazeeb-xilinx-elf/usr/lib/microblaze-xilinx-elf/13.3.0/:/opt/Xilinx/2025.2/Vitis/gnu/microblaze/lin/bin/../microblazeeb-xilinx-elf/usr/lib/
COLLECT_GCC_OPTIONS='--sysroot=/opt/Xilinx/2025.2/Vitis/gnu/microblaze/lin/bin/../microblazeeb-xilinx-elf' '-v' '-o' 'CMakeFiles/cmTC_61446.dir/CMakeCXXCompilerABI.cpp.o' '-c' '-dumpdir' 'CMakeFiles/cmTC_61446.dir/CMakeCXXCompilerABI.cpp.'
[2/2] Linking CXX executable cmTC_61446
FAILED: cmTC_61446 
: && /opt/Xilinx/2025.2/Vitis/gnu/microblaze/lin/bin/mb-g++  -v CMakeFiles/cmTC_61446.dir/CMakeCXXCompilerABI.cpp.o -o cmTC_61446   && :
Using built-in specs.
COLLECT_GCC=/opt/Xilinx/2025.2/Vitis/gnu/microblaze/lin/bin/../x86_64-oesdk-linux/usr/bin/microblaze-xilinx-elf/microblaze-xilinx-elf-g++.real
COLLECT_LTO_WRAPPER=/opt/Xilinx/2025.2/gnu/microblaze/lin/x86_64-oesdk-linux/usr/bin/microblaze-xilinx-elf/../../libexec/microblaze-xilinx-elf/gcc/microblaze-xilinx-elf/13.3.0/lto-wrapper
Target: microblaze-xilinx-elf
Configured with: ../../../../../../work-shared/gcc-13.3.0-r0/gcc-13.3.0/configure --build=x86_64-linux --host=x86_64-oesdk-linux --target=microblaze-xilinx-elf --prefix=/usr/local/oe-sdk-hardcoded-buildpath/sysroots/x86_64-oesdk-linux/usr --exec_prefix=/usr/local/oe-sdk-hardcoded-buildpath/sysroots/x86_64-oesdk-linux/usr --bindir=/usr/local/oe-sdk-hardcoded-buildpath/sysroots/x86_64-oesdk-linux/usr/bin/microblaze-xilinx-elf --sbindir=/usr/local/oe-sdk-hardcoded-buildpath/sysroots/x86_64-oesdk-linux/usr/bin/microblaze-xilinx-elf --libexecdir=/usr/local/oe-sdk-hardcoded-buildpath/sysroots/x86_64-oesdk-linux/usr/libexec/microblaze-xilinx-elf --datadir=/usr/local/oe-sdk-hardcoded-buildpath/sysroots/x86_64-oesdk-linux/usr/share --sysconfdir=/usr/local/oe-sdk-hardcoded-buildpath/sysroots/x86_64-oesdk-linux/etc --sharedstatedir=/usr/local/oe-sdk-hardcoded-buildpath/sysroots/x86_64-oesdk-linux/com --localstatedir=/usr/local/oe-sdk-hardcoded-buildpath/sysroots/x86_64-oesdk-linux/var --libdir=/usr/local/oe-sdk-hardcoded-buildpath/sysroots/x86_64-oesdk-linux/usr/lib/microblaze-xilinx-elf --includedir=/usr/local/oe-sdk-hardcoded-buildpath/sysroots/x86_64-oesdk-linux/usr/include --oldincludedir=/usr/local/oe-sdk-hardcoded-buildpath/sysroots/x86_64-oesdk-linux/usr/include --infodir=/usr/local/oe-sdk-hardcoded-buildpath/sysroots/x86_64-oesdk-linux/usr/share/info --mandir=/usr/local/oe-sdk-hardcoded-buildpath/sysroots/x86_64-oesdk-linux/usr/share/man --disable-silent-rules --disable-dependency-tracking --with-libtool-sysroot=/host --with-gnu-ld --enable-shared --enable-languages=c,c++,fortran --enable-threads=posix --enable-multilib --enable-c99 --enable-long-long --enable-libstdcxx-pch --program-prefix=microblaze-xilinx-elf- --without-local-prefix --disable-install-libiberty --disable-libssp --enable-libitm --enable-lto --disable-bootstrap --with-system-zlib --enable-linker-build-id --with-ppl=no --with-cloog=no --enable-checking=release --enable-cheaders=c_global --without-isl --with-gxx-include-dir=/not/exist/usr/include/c++/13.3.0 --with-build-time-tools=/host-native/usr/microblaze-xilinx-elf/bin --with-sysroot=/not/exist --with-build-sysroot=/host --with-plugin-ld=ld --enable-poison-system-directories --disable-static --enable-nls --with-glibc-version=2.28 --enable-initfini-array --enable-multilib --disable-initfini_array --disable-__cxa_atexit --disable-libstdcxx-pch --with-newlib --disable-threads --enable-plugins --with-gnu-as --disable-libitm --disable-tm-clone-registry --without-long-double-128 --with-sysroot=/not/exist
Thread model: single
Supported LTO compression algorithms: zlib zstd
gcc version 13.3.0 (GCC) 
COMPILER_PATH=/opt/Xilinx/2025.2/gnu/microblaze/lin/x86_64-oesdk-linux/usr/bin/microblaze-xilinx-elf/../../libexec/microblaze-xilinx-elf/gcc/microblaze-xilinx-elf/13.3.0/:/opt/Xilinx/2025.2/gnu/microblaze/lin/x86_64-oesdk-linux/usr/bin/microblaze-xilinx-elf/../../libexec/microblaze-xilinx-elf/gcc/
LIBRARY_PATH=/opt/Xilinx/2025.2/gnu/microblaze/lin/x86_64-oesdk-linux/usr/bin/microblaze-xilinx-elf/../../lib/microblaze-xilinx-elf/gcc/microblaze-xilinx-elf/13.3.0/:/opt/Xilinx/2025.2/gnu/microblaze/lin/x86_64-oesdk-linux/usr/bin/microblaze-xilinx-elf/../../lib/microblaze-xilinx-elf/gcc/:/opt/Xilinx/2025.2/Vitis/gnu/microblaze/lin/bin/../microblazeeb-xilinx-elf/usr/lib/microblaze-xilinx-elf/13.3.0/:/opt/Xilinx/2025.2/Vitis/gnu/microblaze/lin/bin/../microblazeeb-xilinx-elf/usr/lib/
COLLECT_GCC_OPTIONS='--sysroot=/opt/Xilinx/2025.2/Vitis/gnu/microblaze/lin/bin/../microblazeeb-xilinx-elf' '-v' '-o' 'cmTC_61446' '-dumpdir' 'cmTC_61446.'
 /opt/Xilinx/2025.2/gnu/microblaze/lin/x86_64-oesdk-linux/usr/bin/microblaze-xilinx-elf/../../libexec/microblaze-xilinx-elf/gcc/microblaze-xilinx-elf/13.3.0/collect2 -plugin /opt/Xilinx/2025.2/gnu/microblaze/lin/x86_64-oesdk-linux/usr/bin/microblaze-xilinx-elf/../../libexec/microblaze-xilinx-elf/gcc/microblaze-xilinx-elf/13.3.0/liblto_plugin.so -plugin-opt=/opt/Xilinx/2025.2/gnu/microblaze/lin/x86_64-oesdk-linux/usr/bin/microblaze-xilinx-elf/../../libexec/microblaze-xilinx-elf/gcc/microblaze-xilinx-elf/13.3.0/lto-wrapper -plugin-opt=-fresolution=/tmp/ccLSEHq3.res -plugin-opt=-pass-through=-lgcc -plugin-opt=-pass-through=-lgloss -plugin-opt=-pass-through=-lxil -plugin-opt=-pass-through=-lc -plugin-opt=-pass-through=-lm -plugin-opt=-pass-through=-lgcc --sysroot=/opt/Xilinx/2025.2/Vitis/gnu/microblaze/lin/bin/../microblazeeb-xilinx-elf --build-id -N -relax -G 0 -dT /opt/Xilinx/2025.2/Vitis/gnu/microblaze/lin/bin/../microblazeeb-xilinx-elf/usr/lib/xilinx.ld -o cmTC_61446 /opt/Xilinx/2025.2/Vitis/gnu/microblaze/lin/bin/../microblazeeb-xilinx-elf/usr/lib/crt0.o /opt/Xilinx/2025.2/Vitis/gnu/microblaze/lin/bin/../microblazeeb-xilinx-elf/usr/lib/microblaze-xilinx-elf/13.3.0/crti.o /opt/Xilinx/2025.2/Vitis/gnu/microblaze/lin/bin/../microblazeeb-xilinx-elf/usr/lib/microblaze-xilinx-elf/13.3.0/crtbegin.o /opt/Xilinx/2025.2/Vitis/gnu/microblaze/lin/bin/../microblazeeb-xilinx-elf/usr/lib/crtinit.o -L/opt/Xilinx/2025.2/gnu/microblaze/lin/x86_64-oesdk-linux/usr/bin/microblaze-xilinx-elf/../../lib/microblaze-xilinx-elf/gcc/microblaze-xilinx-elf/13.3.0 -L/opt/Xilinx/2025.2/gnu/microblaze/lin/x86_64-oesdk-linux/usr/bin/microblaze-xilinx-elf/../../lib/microblaze-xilinx-elf/gcc -L/opt/Xilinx/2025.2/Vitis/gnu/microblaze/lin/bin/../microblazeeb-xilinx-elf/usr/lib/microblaze-xilinx-elf/13.3.0 -L/opt/Xilinx/2025.2/Vitis/gnu/microblaze/lin/bin/../microblazeeb-xilinx-elf/usr/lib CMakeFiles/cmTC_61446.dir/CMakeCXXCompilerABI.cpp.o --build-id=none -lstdc++ -lm -lgcc -start-group -lgloss -lxil -lc -lm -end-group -lgcc /opt/Xilinx/2025.2/Vitis/gnu/microblaze/lin/bin/../microblazeeb-xilinx-elf/usr/lib/microblaze-xilinx-elf/13.3.0/crtend.o /opt/Xilinx/2025.2/Vitis/gnu/microblaze/lin/bin/../microblazeeb-xilinx-elf/usr/lib/microblaze-xilinx-elf/13.3.0/crtn.o
/opt/Xilinx/2025.2/gnu/microblaze/lin/x86_64-oesdk-linux/usr/bin/microblaze-xilinx-elf/microblaze-xilinx-elf-ld.real: cannot find -lxil: No such file or directory
collect2.real: error: ld returned 1 exit status
ninja: build stopped: subcommand failed.




Determining if the CXX compiler works failed with the following output:
Change Dir: /home/johan2/Documents/fpga/zynq-pynq-gnss-receiver/build/CMakeFiles/CMakeTmp

Run Build Command(s):/opt/Xilinx/2025.2/Vitis/bin/ninja cmTC_326a3 && [1/2] Building CXX object CMakeFiles/cmTC_326a3.dir/testCXXCompiler.cxx.o
[2/2] Linking CXX executable cmTC_326a3
FAILED: cmTC_326a3 
: && /opt/Xilinx/2025.2/Vitis/gnu/microblaze/lin/bin/mb-g++   CMakeFiles/cmTC_326a3.dir/testCXXCompiler.cxx.o -o cmTC_326a3   && :
/opt/Xilinx/2025.2/gnu/microblaze/lin/x86_64-oesdk-linux/usr/bin/microblaze-xilinx-elf/microblaze-xilinx-elf-ld.real: cannot find -lxil: No such file or directory
collect2.real: error: ld returned 1 exit status
ninja: build stopped: subcommand failed.



Compiling the CXX compiler identification source file "CMakeCXXCompilerId.cpp" failed.
Compiler: /opt/Xilinx/2025.2/Vitis/gnu/microblaze/lin/bin/mb-g++ 
Build flags: 
Id flags:  

The output was:
1
/opt/Xilinx/2025.2/gnu/microblaze/lin/x86_64-oesdk-linux/usr/bin/microblaze-xilinx-elf/microblaze-xilinx-elf-ld.real: cannot find -lxil: No such file or directory
collect2.real: error: ld returned 1 exit status


Compiling the C compiler identification source file "CMakeCCompilerId.c" failed.
Compiler: /opt/Xilinx/2025.2/Vitis/gnu/microblaze/lin/bin/mb-gcc 
Build flags: 
Id flags:  

The output was:
1
/opt/Xilinx/2025.2/gnu/microblaze/lin/x86_64-oesdk-linux/usr/bin/microblaze-xilinx-elf/microblaze-xilinx-elf-ld.real: cannot find -lxil: No such file or directory
collect2.real: error: ld returned 1 exit status


Detecting CXX compiler ABI info failed to compile with the following output:
Change Dir: /home/johan2/Documents/fpga/zynq-pynq-gnss-receiver/build/CMakeFiles/CMakeTmp

Run Build Command(s):/opt/Xilinx/2025.2/Vitis/bin/ninja cmTC_2f069 && [1/2] Building CXX object CMakeFiles/cmTC_2f069.dir/CMakeCXXCompilerABI.cpp.o
Using built-in specs.
COLLECT_GCC=/opt/Xilinx/2025.2/Vitis/gnu/microblaze/lin/bin/../x86_64-oesdk-linux/usr/bin/microblaze-xilinx-elf/microblaze-xilinx-elf-g++.real
Target: microblaze-xilinx-elf
Configured with: ../../../../../../work-shared/gcc-13.3.0-r0/gcc-13.3.0/configure --build=x86_64-linux --host=x86_64-oesdk-linux --target=microblaze-xilinx-elf --prefix=/usr/local/oe-sdk-hardcoded-buildpath/sysroots/x86_64-oesdk-linux/usr --exec_prefix=/usr/local/oe-sdk-hardcoded-buildpath/sysroots/x86_64-oesdk-linux/usr --bindir=/usr/local/oe-sdk-hardcoded-buildpath/sysroots/x86_64-oesdk-linux/usr/bin/microblaze-xilinx-elf --sbindir=/usr/local/oe-sdk-hardcoded-buildpath/sysroots/x86_64-oesdk-linux/usr/bin/microblaze-xilinx-elf --libexecdir=/usr/local/oe-sdk-hardcoded-buildpath/sysroots/x86_64-oesdk-linux/usr/libexec/microblaze-xilinx-elf --datadir=/usr/local/oe-sdk-hardcoded-buildpath/sysroots/x86_64-oesdk-linux/usr/share --sysconfdir=/usr/local/oe-sdk-hardcoded-buildpath/sysroots/x86_64-oesdk-linux/etc --sharedstatedir=/usr/local/oe-sdk-hardcoded-buildpath/sysroots/x86_64-oesdk-linux/com --localstatedir=/usr/local/oe-sdk-hardcoded-buildpath/sysroots/x86_64-oesdk-linux/var --libdir=/usr/local/oe-sdk-hardcoded-buildpath/sysroots/x86_64-oesdk-linux/usr/lib/microblaze-xilinx-elf --includedir=/usr/local/oe-sdk-hardcoded-buildpath/sysroots/x86_64-oesdk-linux/usr/include --oldincludedir=/usr/local/oe-sdk-hardcoded-buildpath/sysroots/x86_64-oesdk-linux/usr/include --infodir=/usr/local/oe-sdk-hardcoded-buildpath/sysroots/x86_64-oesdk-linux/usr/share/info --mandir=/usr/local/oe-sdk-hardcoded-buildpath/sysroots/x86_64-oesdk-linux/usr/share/man --disable-silent-rules --disable-dependency-tracking --with-libtool-sysroot=/host --with-gnu-ld --enable-shared --enable-languages=c,c++,fortran --enable-threads=posix --enable-multilib --enable-c99 --enable-long-long --enable-libstdcxx-pch --program-prefix=microblaze-xilinx-elf- --without-local-prefix --disable-install-libiberty --disable-libssp --enable-libitm --enable-lto --disable-bootstrap --with-system-zlib --enable-linker-build-id --with-ppl=no --with-cloog=no --enable-checking=release --enable-cheaders=c_global --without-isl --with-gxx-include-dir=/not/exist/usr/include/c++/13.3.0 --with-build-time-tools=/host-native/usr/microblaze-xilinx-elf/bin --with-sysroot=/not/exist --with-build-sysroot=/host --with-plugin-ld=ld --enable-poison-system-directories --disable-static --enable-nls --with-glibc-version=2.28 --enable-initfini-array --enable-multilib --disable-initfini_array --disable-__cxa_atexit --disable-libstdcxx-pch --with-newlib --disable-threads --enable-plugins --with-gnu-as --disable-libitm --disable-tm-clone-registry --without-long-double-128 --with-sysroot=/not/exist
Thread model: single
Supported LTO compression algorithms: zlib zstd
gcc version 13.3.0 (GCC) 
COLLECT_GCC_OPTIONS='--sysroot=/opt/Xilinx/2025.2/Vitis/gnu/microblaze/lin/bin/../microblazeeb-xilinx-elf' '-v' '-o' 'CMakeFiles/cmTC_2f069.dir/CMakeCXXCompilerABI.cpp.o' '-c' '-dumpdir' 'CMakeFiles/cmTC_2f069.dir/'
 /opt/Xilinx/2025.2/gnu/microblaze/lin/x86_64-oesdk-linux/usr/bin/microblaze-xilinx-elf/../../libexec/microblaze-xilinx-elf/gcc/microblaze-xilinx-elf/13.3.0/cc1plus -quiet -v -iprefix /opt/Xilinx/2025.2/gnu/microblaze/lin/x86_64-oesdk-linux/usr/bin/microblaze-xilinx-elf/../../lib/microblaze-xilinx-elf/gcc/microblaze-xilinx-elf/13.3.0/ -isysroot /opt/Xilinx/2025.2/Vitis/gnu/microblaze/lin/bin/../microblazeeb-xilinx-elf /usr/share/cmake-3.22/Modules/CMakeCXXCompilerABI.cpp -quiet -dumpdir CMakeFiles/cmTC_2f069.dir/ -dumpbase CMakeCXXCompilerABI.cpp.cpp -dumpbase-ext .cpp -version -o /tmp/ccR4h8V1.s
GNU C++17 (GCC) version 13.3.0 (microblaze-xilinx-elf)
	compiled by GNU C version 13.3.0, GMP version 6.3.0, MPFR version 4.2.1, MPC version 1.3.1, isl version none
GGC heuristics: --param ggc-min-expand=100 --param ggc-min-heapsize=131072
ignoring nonexistent directory "/opt/Xilinx/2025.2/gnu/microblaze/lin/x86_64-oesdk-linux/usr/bin/microblaze-xilinx-elf/../../lib/microblaze-xilinx-elf/gcc/microblaze-xilinx-elf/13.3.0/../../../../../microblaze-xilinx-elf/include"
ignoring duplicate directory "/opt/Xilinx/2025.2/gnu/microblaze/lin/x86_64-oesdk-linux/usr/bin/microblaze-xilinx-elf/../../lib/microblaze-xilinx-elf/gcc/../../../lib/microblaze-xilinx-elf/gcc/microblaze-xilinx-elf/13.3.0/include"
ignoring nonexistent directory "/opt/Xilinx/2025.2/Vitis/gnu/microblaze/lin/bin/../microblazeeb-xilinx-elf/usr/lib/microblaze-xilinx-elf/13.3.0/include"
ignoring nonexistent directory "/opt/Xilinx/2025.2/Vitis/gnu/microblaze/lin/bin/../microblazeeb-xilinx-elf/usr/local/include"
ignoring duplicate directory "/opt/Xilinx/2025.2/gnu/microblaze/lin/x86_64-oesdk-linux/usr/bin/microblaze-xilinx-elf/../../lib/microblaze-xilinx-elf/gcc/../../../lib/microblaze-xilinx-elf/gcc/microblaze-xilinx-elf/13.3.0/include-fixed"
ignoring nonexistent directory "/opt/Xilinx/2025.2/gnu/microblaze/lin/x86_64-oesdk-linux/usr/bin/microblaze-xilinx-elf/../../lib/microblaze-xilinx-elf/gcc/../../../lib/microblaze-xilinx-elf/gcc/microblaze-xilinx-elf/13.3.0/../../../../../microblaze-xilinx-elf/include"
#include "..." search starts here:
#include <...> search starts here:
 /opt/Xilinx/2025.2/gnu/microblaze/lin/x86_64-oesdk-linux/usr/bin/microblaze-xilinx-elf/../../lib/microblaze-xilinx-elf/gcc/microblaze-xilinx-elf/13.3.0/include
 /opt/Xilinx/2025.2/gnu/microblaze/lin/x86_64-oesdk-linux/usr/bin/microblaze-xilinx-elf/../../lib/microblaze-xilinx-elf/gcc/microblaze-xilinx-elf/13.3.0/include-fixed
 /opt/Xilinx/2025.2/Vitis/gnu/microblaze/lin/bin/../microblazeeb-xilinx-elf/usr/include/c++/13.3.0
 /opt/Xilinx/2025.2/Vitis/gnu/microblaze/lin/bin/../microblazeeb-xilinx-elf/usr/include/c++/13.3.0/microblaze-xilinx-elf
 /opt/Xilinx/2025.2/Vitis/gnu/microblaze/lin/bin/../microblazeeb-xilinx-elf/usr/include/c++/13.3.0/backward
 /opt/Xilinx/2025.2/Vitis/gnu/microblaze/lin/bin/../microblazeeb-xilinx-elf/usr/include/
End of search list.
Compiler executable checksum: 5ee332ca6c15a39532a83f3839ef2841
COLLECT_GCC_OPTIONS='--sysroot=/opt/Xilinx/2025.2/Vitis/gnu/microblaze/lin/bin/../microblazeeb-xilinx-elf' '-v' '-o' 'CMakeFiles/cmTC_2f069.dir/CMakeCXXCompilerABI.cpp.o' '-c' '-dumpdir' 'CMakeFiles/cmTC_2f069.dir/'
 /opt/Xilinx/2025.2/gnu/microblaze/lin/x86_64-oesdk-linux/usr/bin/microblaze-xilinx-elf/../../libexec/microblaze-xilinx-elf/gcc/microblaze-xilinx-elf/13.3.0/as -v -o CMakeFiles/cmTC_2f069.dir/CMakeCXXCompilerABI.cpp.o /tmp/ccR4h8V1.s
GNU assembler version 2.42.0 (microblaze-xilinx-elf) using BFD version (GNU Binutils) 2.42.0.20240723
COMPILER_PATH=/opt/Xilinx/2025.2/gnu/microblaze/lin/x86_64-oesdk-linux/usr/bin/microblaze-xilinx-elf/../../libexec/microblaze-xilinx-elf/gcc/microblaze-xilinx-elf/13.3.0/:/opt/Xilinx/2025.2/gnu/microblaze/lin/x86_64-oesdk-linux/usr/bin/microblaze-xilinx-elf/../../libexec/microblaze-xilinx-elf/gcc/
LIBRARY_PATH=/opt/Xilinx/2025.2/gnu/microblaze/lin/x86_64-oesdk-linux/usr/bin/microblaze-xilinx-elf/../../lib/microblaze-xilinx-elf/gcc/microblaze-xilinx-elf/13.3.0/:/opt/Xilinx/2025.2/gnu/microblaze/lin/x86_64-oesdk-linux/usr/bin/microblaze-xilinx-elf/../../lib/microblaze-xilinx-elf/gcc/:/opt/Xilinx/2025.2/Vitis/gnu/microblaze/lin/bin/../microblazeeb-xilinx-elf/usr/lib/microblaze-xilinx-elf/13.3.0/:/opt/Xilinx/2025.2/Vitis/gnu/microblaze/lin/bin/../microblazeeb-xilinx-elf/usr/lib/
COLLECT_GCC_OPTIONS='--sysroot=/opt/Xilinx/2025.2/Vitis/gnu/microblaze/lin/bin/../microblazeeb-xilinx-elf' '-v' '-o' 'CMakeFiles/cmTC_2f069.dir/CMakeCXXCompilerABI.cpp.o' '-c' '-dumpdir' 'CMakeFiles/cmTC_2f069.dir/CMakeCXXCompilerABI.cpp.'
[2/2] Linking CXX executable cmTC_2f069
FAILED: cmTC_2f069 
: && /opt/Xilinx/2025.2/Vitis/gnu/microblaze/lin/bin/mb-g++  -v CMakeFiles/cmTC_2f069.dir/CMakeCXXCompilerABI.cpp.o -o cmTC_2f069   && :
Using built-in specs.
COLLECT_GCC=/opt/Xilinx/2025.2/Vitis/gnu/microblaze/lin/bin/../x86_64-oesdk-linux/usr/bin/microblaze-xilinx-elf/microblaze-xilinx-elf-g++.real
COLLECT_LTO_WRAPPER=/opt/Xilinx/2025.2/gnu/microblaze/lin/x86_64-oesdk-linux/usr/bin/microblaze-xilinx-elf/../../libexec/microblaze-xilinx-elf/gcc/microblaze-xilinx-elf/13.3.0/lto-wrapper
Target: microblaze-xilinx-elf
Configured with: ../../../../../../work-shared/gcc-13.3.0-r0/gcc-13.3.0/configure --build=x86_64-linux --host=x86_64-oesdk-linux --target=microblaze-xilinx-elf --prefix=/usr/local/oe-sdk-hardcoded-buildpath/sysroots/x86_64-oesdk-linux/usr --exec_prefix=/usr/local/oe-sdk-hardcoded-buildpath/sysroots/x86_64-oesdk-linux/usr --bindir=/usr/local/oe-sdk-hardcoded-buildpath/sysroots/x86_64-oesdk-linux/usr/bin/microblaze-xilinx-elf --sbindir=/usr/local/oe-sdk-hardcoded-buildpath/sysroots/x86_64-oesdk-linux/usr/bin/microblaze-xilinx-elf --libexecdir=/usr/local/oe-sdk-hardcoded-buildpath/sysroots/x86_64-oesdk-linux/usr/libexec/microblaze-xilinx-elf --datadir=/usr/local/oe-sdk-hardcoded-buildpath/sysroots/x86_64-oesdk-linux/usr/share --sysconfdir=/usr/local/oe-sdk-hardcoded-buildpath/sysroots/x86_64-oesdk-linux/etc --sharedstatedir=/usr/local/oe-sdk-hardcoded-buildpath/sysroots/x86_64-oesdk-linux/com --localstatedir=/usr/local/oe-sdk-hardcoded-buildpath/sysroots/x86_64-oesdk-linux/var --libdir=/usr/local/oe-sdk-hardcoded-buildpath/sysroots/x86_64-oesdk-linux/usr/lib/microblaze-xilinx-elf --includedir=/usr/local/oe-sdk-hardcoded-buildpath/sysroots/x86_64-oesdk-linux/usr/include --oldincludedir=/usr/local/oe-sdk-hardcoded-buildpath/sysroots/x86_64-oesdk-linux/usr/include --infodir=/usr/local/oe-sdk-hardcoded-buildpath/sysroots/x86_64-oesdk-linux/usr/share/info --mandir=/usr/local/oe-sdk-hardcoded-buildpath/sysroots/x86_64-oesdk-linux/usr/share/man --disable-silent-rules --disable-dependency-tracking --with-libtool-sysroot=/host --with-gnu-ld --enable-shared --enable-languages=c,c++,fortran --enable-threads=posix --enable-multilib --enable-c99 --enable-long-long --enable-libstdcxx-pch --program-prefix=microblaze-xilinx-elf- --without-local-prefix --disable-install-libiberty --disable-libssp --enable-libitm --enable-lto --disable-bootstrap --with-system-zlib --enable-linker-build-id --with-ppl=no --with-cloog=no --enable-checking=release --enable-cheaders=c_global --without-isl --with-gxx-include-dir=/not/exist/usr/include/c++/13.3.0 --with-build-time-tools=/host-native/usr/microblaze-xilinx-elf/bin --with-sysroot=/not/exist --with-build-sysroot=/host --with-plugin-ld=ld --enable-poison-system-directories --disable-static --enable-nls --with-glibc-version=2.28 --enable-initfini-array --enable-multilib --disable-initfini_array --disable-__cxa_atexit --disable-libstdcxx-pch --with-newlib --disable-threads --enable-plugins --with-gnu-as --disable-libitm --disable-tm-clone-registry --without-long-double-128 --with-sysroot=/not/exist
Thread model: single
Supported LTO compression algorithms: zlib zstd
gcc version 13.3.0 (GCC) 
COMPILER_PATH=/opt/Xilinx/2025.2/gnu/microblaze/lin/x86_64-oesdk-linux/usr/bin/microblaze-xilinx-elf/../../libexec/microblaze-xilinx-elf/gcc/microblaze-xilinx-elf/13.3.0/:/opt/Xilinx/2025.2/gnu/microblaze/lin/x86_64-oesdk-linux/usr/bin/microblaze-xilinx-elf/../../libexec/microblaze-xilinx-elf/gcc/
LIBRARY_PATH=/opt/Xilinx/2025.2/gnu/microblaze/lin/x86_64-oesdk-linux/usr/bin/microblaze-xilinx-elf/../../lib/microblaze-xilinx-elf/gcc/microblaze-xilinx-elf/13.3.0/:/opt/Xilinx/2025.2/gnu/microblaze/lin/x86_64-oesdk-linux/usr/bin/microblaze-xilinx-elf/../../lib/microblaze-xilinx-elf/gcc/:/opt/Xilinx/2025.2/Vitis/gnu/microblaze/lin/bin/../microblazeeb-xilinx-elf/usr/lib/microblaze-xilinx-elf/13.3.0/:/opt/Xilinx/2025.2/Vitis/gnu/microblaze/lin/bin/../microblazeeb-xilinx-elf/usr/lib/
COLLECT_GCC_OPTIONS='--sysroot=/opt/Xilinx/2025.2/Vitis/gnu/microblaze/lin/bin/../microblazeeb-xilinx-elf' '-v' '-o' 'cmTC_2f069' '-dumpdir' 'cmTC_2f069.'
 /opt/Xilinx/2025.2/gnu/microblaze/lin/x86_64-oesdk-linux/usr/bin/microblaze-xilinx-elf/../../libexec/microblaze-xilinx-elf/gcc/microblaze-xilinx-elf/13.3.0/collect2 -plugin /opt/Xilinx/2025.2/gnu/microblaze/lin/x86_64-oesdk-linux/usr/bin/microblaze-xilinx-elf/../../libexec/microblaze-xilinx-elf/gcc/microblaze-xilinx-elf/13.3.0/liblto_plugin.so -plugin-opt=/opt/Xilinx/2025.2/gnu/microblaze/lin/x86_64-oesdk-linux/usr/bin/microblaze-xilinx-elf/../../libexec/microblaze-xilinx-elf/gcc/microblaze-xilinx-elf/13.3.0/lto-wrapper -plugin-opt=-fresolution=/tmp/ccQPhfwv.res -plugin-opt=-pass-through=-lgcc -plugin-opt=-pass-through=-lgloss -plugin-opt=-pass-through=-lxil -plugin-opt=-pass-through=-lc -plugin-opt=-pass-through=-lm -plugin-opt=-pass-through=-lgcc --sysroot=/opt/Xilinx/2025.2/Vitis/gnu/microblaze/lin/bin/../microblazeeb-xilinx-elf --build-id -N -relax -G 0 -dT /opt/Xilinx/2025.2/Vitis/gnu/microblaze/lin/bin/../microblazeeb-xilinx-elf/usr/lib/xilinx.ld -o cmTC_2f069 /opt/Xilinx/2025.2/Vitis/gnu/microblaze/lin/bin/../microblazeeb-xilinx-elf/usr/lib/crt0.o /opt/Xilinx/2025.2/Vitis/gnu/microblaze/lin/bin/../microblazeeb-xilinx-elf/usr/lib/microblaze-xilinx-elf/13.3.0/crti.o /opt/Xilinx/2025.2/Vitis/gnu/microblaze/lin/bin/../microblazeeb-xilinx-elf/usr/lib/microblaze-xilinx-elf/13.3.0/crtbegin.o /opt/Xilinx/2025.2/Vitis/gnu/microblaze/lin/bin/../microblazeeb-xilinx-elf/usr/lib/crtinit.o -L/opt/Xilinx/2025.2/gnu/microblaze/lin/x86_64-oesdk-linux/usr/bin/microblaze-xilinx-elf/../../lib/microblaze-xilinx-elf/gcc/microblaze-xilinx-elf/13.3.0 -L/opt/Xilinx/2025.2/gnu/microblaze/lin/x86_64-oesdk-linux/usr/bin/microblaze-xilinx-elf/../../lib/microblaze-xilinx-elf/gcc -L/opt/Xilinx/2025.2/Vitis/gnu/microblaze/lin/bin/../microblazeeb-xilinx-elf/usr/lib/microblaze-xilinx-elf/13.3.0 -L/opt/Xilinx/2025.2/Vitis/gnu/microblaze/lin/bin/../microblazeeb-xilinx-elf/usr/lib CMakeFiles/cmTC_2f069.dir/CMakeCXXCompilerABI.cpp.o --build-id=none -lstdc++ -lm -lgcc -start-group -lgloss -lxil -lc -lm -end-group -lgcc /opt/Xilinx/2025.2/Vitis/gnu/microblaze/lin/bin/../microblazeeb-xilinx-elf/usr/lib/microblaze-xilinx-elf/13.3.0/crtend.o /opt/Xilinx/2025.2/Vitis/gnu/microblaze/lin/bin/../microblazeeb-xilinx-elf/usr/lib/microblaze-xilinx-elf/13.3.0/crtn.o
/opt/Xilinx/2025.2/gnu/microblaze/lin/x86_64-oesdk-linux/usr/bin/microblaze-xilinx-elf/microblaze-xilinx-elf-ld.real: cannot find -lxil: No such file or directory
collect2.real: error: ld returned 1 exit status
ninja: build stopped: subcommand failed.




Determining if the CXX compiler works failed with the following output:
Change Dir: /home/johan2/Documents/fpga/zynq-pynq-gnss-receiver/build/CMakeFiles/CMakeTmp

Run Build Command(s):/opt/Xilinx/2025.2/Vitis/bin/ninja cmTC_22e23 && [1/2] Building CXX object CMakeFiles/cmTC_22e23.dir/testCXXCompiler.cxx.o
[2/2] Linking CXX executable cmTC_22e23
FAILED: cmTC_22e23 
: && /opt/Xilinx/2025.2/Vitis/gnu/microblaze/lin/bin/mb-g++   CMakeFiles/cmTC_22e23.dir/testCXXCompiler.cxx.o -o cmTC_22e23   && :
/opt/Xilinx/2025.2/gnu/microblaze/lin/x86_64-oesdk-linux/usr/bin/microblaze-xilinx-elf/microblaze-xilinx-elf-ld.real: cannot find -lxil: No such file or directory
collect2.real: error: ld returned 1 exit status
ninja: build stopped: subcommand failed.



Compiling the CXX compiler identification source file "CMakeCXXCompilerId.cpp" failed.
Compiler: /opt/Xilinx/2025.2/Vitis/gnu/microblaze/lin/bin/mb-g++ 
Build flags: 
Id flags:  

The output was:
1
/opt/Xilinx/2025.2/gnu/microblaze/lin/x86_64-oesdk-linux/usr/bin/microblaze-xilinx-elf/microblaze-xilinx-elf-ld.real: cannot find -lxil: No such file or directory
collect2.real: error: ld returned 1 exit status


Compiling the C compiler identification source file "CMakeCCompilerId.c" failed.
Compiler: /opt/Xilinx/2025.2/Vitis/gnu/microblaze/lin/bin/mb-gcc 
Build flags: 
Id flags:  

The output was:
1
/opt/Xilinx/2025.2/gnu/microblaze/lin/x86_64-oesdk-linux/usr/bin/microblaze-xilinx-elf/microblaze-xilinx-elf-ld.real: cannot find -lxil: No such file or directory
collect2.real: error: ld returned 1 exit status


Detecting CXX compiler ABI info failed to compile with the following output:
Change Dir: /home/johan2/Documents/fpga/zynq-pynq-gnss-receiver/build/CMakeFiles/CMakeTmp

Run Build Command(s):/opt/Xilinx/2025.2/Vitis/bin/ninja cmTC_79af9 && [1/2] Building CXX object CMakeFiles/cmTC_79af9.dir/CMakeCXXCompilerABI.cpp.o
Using built-in specs.
COLLECT_GCC=/opt/Xilinx/2025.2/Vitis/gnu/microblaze/lin/bin/../x86_64-oesdk-linux/usr/bin/microblaze-xilinx-elf/microblaze-xilinx-elf-g++.real
Target: microblaze-xilinx-elf
Configured with: ../../../../../../work-shared/gcc-13.3.0-r0/gcc-13.3.0/configure --build=x86_64-linux --host=x86_64-oesdk-linux --target=microblaze-xilinx-elf --prefix=/usr/local/oe-sdk-hardcoded-buildpath/sysroots/x86_64-oesdk-linux/usr --exec_prefix=/usr/local/oe-sdk-hardcoded-buildpath/sysroots/x86_64-oesdk-linux/usr --bindir=/usr/local/oe-sdk-hardcoded-buildpath/sysroots/x86_64-oesdk-linux/usr/bin/microblaze-xilinx-elf --sbindir=/usr/local/oe-sdk-hardcoded-buildpath/sysroots/x86_64-oesdk-linux/usr/bin/microblaze-xilinx-elf --libexecdir=/usr/local/oe-sdk-hardcoded-buildpath/sysroots/x86_64-oesdk-linux/usr/libexec/microblaze-xilinx-elf --datadir=/usr/local/oe-sdk-hardcoded-buildpath/sysroots/x86_64-oesdk-linux/usr/share --sysconfdir=/usr/local/oe-sdk-hardcoded-buildpath/sysroots/x86_64-oesdk-linux/etc --sharedstatedir=/usr/local/oe-sdk-hardcoded-buildpath/sysroots/x86_64-oesdk-linux/com --localstatedir=/usr/local/oe-sdk-hardcoded-buildpath/sysroots/x86_64-oesdk-linux/var --libdir=/usr/local/oe-sdk-hardcoded-buildpath/sysroots/x86_64-oesdk-linux/usr/lib/microblaze-xilinx-elf --includedir=/usr/local/oe-sdk-hardcoded-buildpath/sysroots/x86_64-oesdk-linux/usr/include --oldincludedir=/usr/local/oe-sdk-hardcoded-buildpath/sysroots/x86_64-oesdk-linux/usr/include --infodir=/usr/local/oe-sdk-hardcoded-buildpath/sysroots/x86_64-oesdk-linux/usr/share/info --mandir=/usr/local/oe-sdk-hardcoded-buildpath/sysroots/x86_64-oesdk-linux/usr/share/man --disable-silent-rules --disable-dependency-tracking --with-libtool-sysroot=/host --with-gnu-ld --enable-shared --enable-languages=c,c++,fortran --enable-threads=posix --enable-multilib --enable-c99 --enable-long-long --enable-libstdcxx-pch --program-prefix=microblaze-xilinx-elf- --without-local-prefix --disable-install-libiberty --disable-libssp --enable-libitm --enable-lto --disable-bootstrap --with-system-zlib --enable-linker-build-id --with-ppl=no --with-cloog=no --enable-checking=release --enable-cheaders=c_global --without-isl --with-gxx-include-dir=/not/exist/usr/include/c++/13.3.0 --with-build-time-tools=/host-native/usr/microblaze-xilinx-elf/bin --with-sysroot=/not/exist --with-build-sysroot=/host --with-plugin-ld=ld --enable-poison-system-directories --disable-static --enable-nls --with-glibc-version=2.28 --enable-initfini-array --enable-multilib --disable-initfini_array --disable-__cxa_atexit --disable-libstdcxx-pch --with-newlib --disable-threads --enable-plugins --with-gnu-as --disable-libitm --disable-tm-clone-registry --without-long-double-128 --with-sysroot=/not/exist
Thread model: single
Supported LTO compression algorithms: zlib zstd
gcc version 13.3.0 (GCC) 
COLLECT_GCC_OPTIONS='--sysroot=/opt/Xilinx/2025.2/Vitis/gnu/microblaze/lin/bin/../microblazeeb-xilinx-elf' '-v' '-o' 'CMakeFiles/cmTC_79af9.dir/CMakeCXXCompilerABI.cpp.o' '-c' '-dumpdir' 'CMakeFiles/cmTC_79af9.dir/'
 /opt/Xilinx/2025.2/gnu/microblaze/lin/x86_64-oesdk-linux/usr/bin/microblaze-xilinx-elf/../../libexec/microblaze-xilinx-elf/gcc/microblaze-xilinx-elf/13.3.0/cc1plus -quiet -v -iprefix /opt/Xilinx/2025.2/gnu/microblaze/lin/x86_64-oesdk-linux/usr/bin/microblaze-xilinx-elf/../../lib/microblaze-xilinx-elf/gcc/microblaze-xilinx-elf/13.3.0/ -isysroot /opt/Xilinx/2025.2/Vitis/gnu/microblaze/lin/bin/../microblazeeb-xilinx-elf /usr/share/cmake-3.22/Modules/CMakeCXXCompilerABI.cpp -quiet -dumpdir CMakeFiles/cmTC_79af9.dir/ -dumpbase CMakeCXXCompilerABI.cpp.cpp -dumpbase-ext .cpp -version -o /tmp/ccRDrdT3.s
GNU C++17 (GCC) version 13.3.0 (microblaze-xilinx-elf)
	compiled by GNU C version 13.3.0, GMP version 6.3.0, MPFR version 4.2.1, MPC version 1.3.1, isl version none
GGC heuristics: --param ggc-min-expand=100 --param ggc-min-heapsize=131072
ignoring nonexistent directory "/opt/Xilinx/2025.2/gnu/microblaze/lin/x86_64-oesdk-linux/usr/bin/microblaze-xilinx-elf/../../lib/microblaze-xilinx-elf/gcc/microblaze-xilinx-elf/13.3.0/../../../../../microblaze-xilinx-elf/include"
ignoring duplicate directory "/opt/Xilinx/2025.2/gnu/microblaze/lin/x86_64-oesdk-linux/usr/bin/microblaze-xilinx-elf/../../lib/microblaze-xilinx-elf/gcc/../../../lib/microblaze-xilinx-elf/gcc/microblaze-xilinx-elf/13.3.0/include"
ignoring nonexistent directory "/opt/Xilinx/2025.2/Vitis/gnu/microblaze/lin/bin/../microblazeeb-xilinx-elf/usr/lib/microblaze-xilinx-elf/13.3.0/include"
ignoring nonexistent directory "/opt/Xilinx/2025.2/Vitis/gnu/microblaze/lin/bin/../microblazeeb-xilinx-elf/usr/local/include"
ignoring duplicate directory "/opt/Xilinx/2025.2/gnu/microblaze/lin/x86_64-oesdk-linux/usr/bin/microblaze-xilinx-elf/../../lib/microblaze-xilinx-elf/gcc/../../../lib/microblaze-xilinx-elf/gcc/microblaze-xilinx-elf/13.3.0/include-fixed"
ignoring nonexistent directory "/opt/Xilinx/2025.2/gnu/microblaze/lin/x86_64-oesdk-linux/usr/bin/microblaze-xilinx-elf/../../lib/microblaze-xilinx-elf/gcc/../../../lib/microblaze-xilinx-elf/gcc/microblaze-xilinx-elf/13.3.0/../../../../../microblaze-xilinx-elf/include"
#include "..." search starts here:
#include <...> search starts here:
 /opt/Xilinx/2025.2/gnu/microblaze/lin/x86_64-oesdk-linux/usr/bin/microblaze-xilinx-elf/../../lib/microblaze-xilinx-elf/gcc/microblaze-xilinx-elf/13.3.0/include
 /opt/Xilinx/2025.2/gnu/microblaze/lin/x86_64-oesdk-linux/usr/bin/microblaze-xilinx-elf/../../lib/microblaze-xilinx-elf/gcc/microblaze-xilinx-elf/13.3.0/include-fixed
 /opt/Xilinx/2025.2/Vitis/gnu/microblaze/lin/bin/../microblazeeb-xilinx-elf/usr/include/c++/13.3.0
 /opt/Xilinx/2025.2/Vitis/gnu/microblaze/lin/bin/../microblazeeb-xilinx-elf/usr/include/c++/13.3.0/microblaze-xilinx-elf
 /opt/Xilinx/2025.2/Vitis/gnu/microblaze/lin/bin/../microblazeeb-xilinx-elf/usr/include/c++/13.3.0/backward
 /opt/Xilinx/2025.2/Vitis/gnu/microblaze/lin/bin/../microblazeeb-xilinx-elf/usr/include/
End of search list.
Compiler executable checksum: 5ee332ca6c15a39532a83f3839ef2841
COLLECT_GCC_OPTIONS='--sysroot=/opt/Xilinx/2025.2/Vitis/gnu/microblaze/lin/bin/../microblazeeb-xilinx-elf' '-v' '-o' 'CMakeFiles/cmTC_79af9.dir/CMakeCXXCompilerABI.cpp.o' '-c' '-dumpdir' 'CMakeFiles/cmTC_79af9.dir/'
 /opt/Xilinx/2025.2/gnu/microblaze/lin/x86_64-oesdk-linux/usr/bin/microblaze-xilinx-elf/../../libexec/microblaze-xilinx-elf/gcc/microblaze-xilinx-elf/13.3.0/as -v -o CMakeFiles/cmTC_79af9.dir/CMakeCXXCompilerABI.cpp.o /tmp/ccRDrdT3.s
GNU assembler version 2.42.0 (microblaze-xilinx-elf) using BFD version (GNU Binutils) 2.42.0.20240723
COMPILER_PATH=/opt/Xilinx/2025.2/gnu/microblaze/lin/x86_64-oesdk-linux/usr/bin/microblaze-xilinx-elf/../../libexec/microblaze-xilinx-elf/gcc/microblaze-xilinx-elf/13.3.0/:/opt/Xilinx/2025.2/gnu/microblaze/lin/x86_64-oesdk-linux/usr/bin/microblaze-xilinx-elf/../../libexec/microblaze-xilinx-elf/gcc/
LIBRARY_PATH=/opt/Xilinx/2025.2/gnu/microblaze/lin/x86_64-oesdk-linux/usr/bin/microblaze-xilinx-elf/../../lib/microblaze-xilinx-elf/gcc/microblaze-xilinx-elf/13.3.0/:/opt/Xilinx/2025.2/gnu/microblaze/lin/x86_64-oesdk-linux/usr/bin/microblaze-xilinx-elf/../../lib/microblaze-xilinx-elf/gcc/:/opt/Xilinx/2025.2/Vitis/gnu/microblaze/lin/bin/../microblazeeb-xilinx-elf/usr/lib/microblaze-xilinx-elf/13.3.0/:/opt/Xilinx/2025.2/Vitis/gnu/microblaze/lin/bin/../microblazeeb-xilinx-elf/usr/lib/
COLLECT_GCC_OPTIONS='--sysroot=/opt/Xilinx/2025.2/Vitis/gnu/microblaze/lin/bin/../microblazeeb-xilinx-elf' '-v' '-o' 'CMakeFiles/cmTC_79af9.dir/CMakeCXXCompilerABI.cpp.o' '-c' '-dumpdir' 'CMakeFiles/cmTC_79af9.dir/CMakeCXXCompilerABI.cpp.'
[2/2] Linking CXX executable cmTC_79af9
FAILED: cmTC_79af9 
: && /opt/Xilinx/2025.2/Vitis/gnu/microblaze/lin/bin/mb-g++  -v CMakeFiles/cmTC_79af9.dir/CMakeCXXCompilerABI.cpp.o -o cmTC_79af9   && :
Using built-in specs.
COLLECT_GCC=/opt/Xilinx/2025.2/Vitis/gnu/microblaze/lin/bin/../x86_64-oesdk-linux/usr/bin/microblaze-xilinx-elf/microblaze-xilinx-elf-g++.real
COLLECT_LTO_WRAPPER=/opt/Xilinx/2025.2/gnu/microblaze/lin/x86_64-oesdk-linux/usr/bin/microblaze-xilinx-elf/../../libexec/microblaze-xilinx-elf/gcc/microblaze-xilinx-elf/13.3.0/lto-wrapper
Target: microblaze-xilinx-elf
Configured with: ../../../../../../work-shared/gcc-13.3.0-r0/gcc-13.3.0/configure --build=x86_64-linux --host=x86_64-oesdk-linux --target=microblaze-xilinx-elf --prefix=/usr/local/oe-sdk-hardcoded-buildpath/sysroots/x86_64-oesdk-linux/usr --exec_prefix=/usr/local/oe-sdk-hardcoded-buildpath/sysroots/x86_64-oesdk-linux/usr --bindir=/usr/local/oe-sdk-hardcoded-buildpath/sysroots/x86_64-oesdk-linux/usr/bin/microblaze-xilinx-elf --sbindir=/usr/local/oe-sdk-hardcoded-buildpath/sysroots/x86_64-oesdk-linux/usr/bin/microblaze-xilinx-elf --libexecdir=/usr/local/oe-sdk-hardcoded-buildpath/sysroots/x86_64-oesdk-linux/usr/libexec/microblaze-xilinx-elf --datadir=/usr/local/oe-sdk-hardcoded-buildpath/sysroots/x86_64-oesdk-linux/usr/share --sysconfdir=/usr/local/oe-sdk-hardcoded-buildpath/sysroots/x86_64-oesdk-linux/etc --sharedstatedir=/usr/local/oe-sdk-hardcoded-buildpath/sysroots/x86_64-oesdk-linux/com --localstatedir=/usr/local/oe-sdk-hardcoded-buildpath/sysroots/x86_64-oesdk-linux/var --libdir=/usr/local/oe-sdk-hardcoded-buildpath/sysroots/x86_64-oesdk-linux/usr/lib/microblaze-xilinx-elf --includedir=/usr/local/oe-sdk-hardcoded-buildpath/sysroots/x86_64-oesdk-linux/usr/include --oldincludedir=/usr/local/oe-sdk-hardcoded-buildpath/sysroots/x86_64-oesdk-linux/usr/include --infodir=/usr/local/oe-sdk-hardcoded-buildpath/sysroots/x86_64-oesdk-linux/usr/share/info --mandir=/usr/local/oe-sdk-hardcoded-buildpath/sysroots/x86_64-oesdk-linux/usr/share/man --disable-silent-rules --disable-dependency-tracking --with-libtool-sysroot=/host --with-gnu-ld --enable-shared --enable-languages=c,c++,fortran --enable-threads=posix --enable-multilib --enable-c99 --enable-long-long --enable-libstdcxx-pch --program-prefix=microblaze-xilinx-elf- --without-local-prefix --disable-install-libiberty --disable-libssp --enable-libitm --enable-lto --disable-bootstrap --with-system-zlib --enable-linker-build-id --with-ppl=no --with-cloog=no --enable-checking=release --enable-cheaders=c_global --without-isl --with-gxx-include-dir=/not/exist/usr/include/c++/13.3.0 --with-build-time-tools=/host-native/usr/microblaze-xilinx-elf/bin --with-sysroot=/not/exist --with-build-sysroot=/host --with-plugin-ld=ld --enable-poison-system-directories --disable-static --enable-nls --with-glibc-version=2.28 --enable-initfini-array --enable-multilib --disable-initfini_array --disable-__cxa_atexit --disable-libstdcxx-pch --with-newlib --disable-threads --enable-plugins --with-gnu-as --disable-libitm --disable-tm-clone-registry --without-long-double-128 --with-sysroot=/not/exist
Thread model: single
Supported LTO compression algorithms: zlib zstd
gcc version 13.3.0 (GCC) 
COMPILER_PATH=/opt/Xilinx/2025.2/gnu/microblaze/lin/x86_64-oesdk-linux/usr/bin/microblaze-xilinx-elf/../../libexec/microblaze-xilinx-elf/gcc/microblaze-xilinx-elf/13.3.0/:/opt/Xilinx/2025.2/gnu/microblaze/lin/x86_64-oesdk-linux/usr/bin/microblaze-xilinx-elf/../../libexec/microblaze-xilinx-elf/gcc/
LIBRARY_PATH=/opt/Xilinx/2025.2/gnu/microblaze/lin/x86_64-oesdk-linux/usr/bin/microblaze-xilinx-elf/../../lib/microblaze-xilinx-elf/gcc/microblaze-xilinx-elf/13.3.0/:/opt/Xilinx/2025.2/gnu/microblaze/lin/x86_64-oesdk-linux/usr/bin/microblaze-xilinx-elf/../../lib/microblaze-xilinx-elf/gcc/:/opt/Xilinx/2025.2/Vitis/gnu/microblaze/lin/bin/../microblazeeb-xilinx-elf/usr/lib/microblaze-xilinx-elf/13.3.0/:/opt/Xilinx/2025.2/Vitis/gnu/microblaze/lin/bin/../microblazeeb-xilinx-elf/usr/lib/
COLLECT_GCC_OPTIONS='--sysroot=/opt/Xilinx/2025.2/Vitis/gnu/microblaze/lin/bin/../microblazeeb-xilinx-elf' '-v' '-o' 'cmTC_79af9' '-dumpdir' 'cmTC_79af9.'
 /opt/Xilinx/2025.2/gnu/microblaze/lin/x86_64-oesdk-linux/usr/bin/microblaze-xilinx-elf/../../libexec/microblaze-xilinx-elf/gcc/microblaze-xilinx-elf/13.3.0/collect2 -plugin /opt/Xilinx/2025.2/gnu/microblaze/lin/x86_64-oesdk-linux/usr/bin/microblaze-xilinx-elf/../../libexec/microblaze-xilinx-elf/gcc/microblaze-xilinx-elf/13.3.0/liblto_plugin.so -plugin-opt=/opt/Xilinx/2025.2/gnu/microblaze/lin/x86_64-oesdk-linux/usr/bin/microblaze-xilinx-elf/../../libexec/microblaze-xilinx-elf/gcc/microblaze-xilinx-elf/13.3.0/lto-wrapper -plugin-opt=-fresolution=/tmp/ccDAiXKB.res -plugin-opt=-pass-through=-lgcc -plugin-opt=-pass-through=-lgloss -plugin-opt=-pass-through=-lxil -plugin-opt=-pass-through=-lc -plugin-opt=-pass-through=-lm -plugin-opt=-pass-through=-lgcc --sysroot=/opt/Xilinx/2025.2/Vitis/gnu/microblaze/lin/bin/../microblazeeb-xilinx-elf --build-id -N -relax -G 0 -dT /opt/Xilinx/2025.2/Vitis/gnu/microblaze/lin/bin/../microblazeeb-xilinx-elf/usr/lib/xilinx.ld -o cmTC_79af9 /opt/Xilinx/2025.2/Vitis/gnu/microblaze/lin/bin/../microblazeeb-xilinx-elf/usr/lib/crt0.o /opt/Xilinx/2025.2/Vitis/gnu/microblaze/lin/bin/../microblazeeb-xilinx-elf/usr/lib/microblaze-xilinx-elf/13.3.0/crti.o /opt/Xilinx/2025.2/Vitis/gnu/microblaze/lin/bin/../microblazeeb-xilinx-elf/usr/lib/microblaze-xilinx-elf/13.3.0/crtbegin.o /opt/Xilinx/2025.2/Vitis/gnu/microblaze/lin/bin/../microblazeeb-xilinx-elf/usr/lib/crtinit.o -L/opt/Xilinx/2025.2/gnu/microblaze/lin/x86_64-oesdk-linux/usr/bin/microblaze-xilinx-elf/../../lib/microblaze-xilinx-elf/gcc/microblaze-xilinx-elf/13.3.0 -L/opt/Xilinx/2025.2/gnu/microblaze/lin/x86_64-oesdk-linux/usr/bin/microblaze-xilinx-elf/../../lib/microblaze-xilinx-elf/gcc -L/opt/Xilinx/2025.2/Vitis/gnu/microblaze/lin/bin/../microblazeeb-xilinx-elf/usr/lib/microblaze-xilinx-elf/13.3.0 -L/opt/Xilinx/2025.2/Vitis/gnu/microblaze/lin/bin/../microblazeeb-xilinx-elf/usr/lib CMakeFiles/cmTC_79af9.dir/CMakeCXXCompilerABI.cpp.o --build-id=none -lstdc++ -lm -lgcc -start-group -lgloss -lxil -lc -lm -end-group -lgcc /opt/Xilinx/2025.2/Vitis/gnu/microblaze/lin/bin/../microblazeeb-xilinx-elf/usr/lib/microblaze-xilinx-elf/13.3.0/crtend.o /opt/Xilinx/2025.2/Vitis/gnu/microblaze/lin/bin/../microblazeeb-xilinx-elf/usr/lib/microblaze-xilinx-elf/13.3.0/crtn.o
/opt/Xilinx/2025.2/gnu/microblaze/lin/x86_64-oesdk-linux/usr/bin/microblaze-xilinx-elf/microblaze-xilinx-elf-ld.real: cannot find -lxil: No such file or directory
collect2.real: error: ld returned 1 exit status
ninja: build stopped: subcommand failed.




Determining if the CXX compiler works failed with the following output:
Change Dir: /home/johan2/Documents/fpga/zynq-pynq-gnss-receiver/build/CMakeFiles/CMakeTmp

Run Build Command(s):/opt/Xilinx/2025.2/Vitis/bin/ninja cmTC_e4130 && [1/2] Building CXX object CMakeFiles/cmTC_e4130.dir/testCXXCompiler.cxx.o
[2/2] Linking CXX executable cmTC_e4130
FAILED: cmTC_e4130 
: && /opt/Xilinx/2025.2/Vitis/gnu/microblaze/lin/bin/mb-g++   CMakeFiles/cmTC_e4130.dir/testCXXCompiler.cxx.o -o cmTC_e4130   && :
/opt/Xilinx/2025.2/gnu/microblaze/lin/x86_64-oesdk-linux/usr/bin/microblaze-xilinx-elf/microblaze-xilinx-elf-ld.real: cannot find -lxil: No such file or directory
collect2.real: error: ld returned 1 exit status
ninja: build stopped: subcommand failed.



Compiling the CXX compiler identification source file "CMakeCXXCompilerId.cpp" failed.
Compiler: /opt/Xilinx/2025.2/Vitis/gnu/microblaze/lin/bin/mb-g++ 
Build flags: 
Id flags:  

The output was:
1
/opt/Xilinx/2025.2/gnu/microblaze/lin/x86_64-oesdk-linux/usr/bin/microblaze-xilinx-elf/microblaze-xilinx-elf-ld.real: cannot find -lxil: No such file or directory
collect2.real: error: ld returned 1 exit status


Compiling the C compiler identification source file "CMakeCCompilerId.c" failed.
Compiler: /opt/Xilinx/2025.2/Vitis/gnu/microblaze/lin/bin/mb-gcc 
Build flags: 
Id flags:  

The output was:
1
/opt/Xilinx/2025.2/gnu/microblaze/lin/x86_64-oesdk-linux/usr/bin/microblaze-xilinx-elf/microblaze-xilinx-elf-ld.real: cannot find -lxil: No such file or directory
collect2.real: error: ld returned 1 exit status


Detecting CXX compiler ABI info failed to compile with the following output:
Change Dir: /home/johan2/Documents/fpga/zynq-pynq-gnss-receiver/build/CMakeFiles/CMakeTmp

Run Build Command(s):/opt/Xilinx/2025.2/Vitis/bin/ninja cmTC_da123 && [1/2] Building CXX object CMakeFiles/cmTC_da123.dir/CMakeCXXCompilerABI.cpp.o
Using built-in specs.
COLLECT_GCC=/opt/Xilinx/2025.2/Vitis/gnu/microblaze/lin/bin/../x86_64-oesdk-linux/usr/bin/microblaze-xilinx-elf/microblaze-xilinx-elf-g++.real
Target: microblaze-xilinx-elf
Configured with: ../../../../../../work-shared/gcc-13.3.0-r0/gcc-13.3.0/configure --build=x86_64-linux --host=x86_64-oesdk-linux --target=microblaze-xilinx-elf --prefix=/usr/local/oe-sdk-hardcoded-buildpath/sysroots/x86_64-oesdk-linux/usr --exec_prefix=/usr/local/oe-sdk-hardcoded-buildpath/sysroots/x86_64-oesdk-linux/usr --bindir=/usr/local/oe-sdk-hardcoded-buildpath/sysroots/x86_64-oesdk-linux/usr/bin/microblaze-xilinx-elf --sbindir=/usr/local/oe-sdk-hardcoded-buildpath/sysroots/x86_64-oesdk-linux/usr/bin/microblaze-xilinx-elf --libexecdir=/usr/local/oe-sdk-hardcoded-buildpath/sysroots/x86_64-oesdk-linux/usr/libexec/microblaze-xilinx-elf --datadir=/usr/local/oe-sdk-hardcoded-buildpath/sysroots/x86_64-oesdk-linux/usr/share --sysconfdir=/usr/local/oe-sdk-hardcoded-buildpath/sysroots/x86_64-oesdk-linux/etc --sharedstatedir=/usr/local/oe-sdk-hardcoded-buildpath/sysroots/x86_64-oesdk-linux/com --localstatedir=/usr/local/oe-sdk-hardcoded-buildpath/sysroots/x86_64-oesdk-linux/var --libdir=/usr/local/oe-sdk-hardcoded-buildpath/sysroots/x86_64-oesdk-linux/usr/lib/microblaze-xilinx-elf --includedir=/usr/local/oe-sdk-hardcoded-buildpath/sysroots/x86_64-oesdk-linux/usr/include --oldincludedir=/usr/local/oe-sdk-hardcoded-buildpath/sysroots/x86_64-oesdk-linux/usr/include --infodir=/usr/local/oe-sdk-hardcoded-buildpath/sysroots/x86_64-oesdk-linux/usr/share/info --mandir=/usr/local/oe-sdk-hardcoded-buildpath/sysroots/x86_64-oesdk-linux/usr/share/man --disable-silent-rules --disable-dependency-tracking --with-libtool-sysroot=/host --with-gnu-ld --enable-shared --enable-languages=c,c++,fortran --enable-threads=posix --enable-multilib --enable-c99 --enable-long-long --enable-libstdcxx-pch --program-prefix=microblaze-xilinx-elf- --without-local-prefix --disable-install-libiberty --disable-libssp --enable-libitm --enable-lto --disable-bootstrap --with-system-zlib --enable-linker-build-id --with-ppl=no --with-cloog=no --enable-checking=release --enable-cheaders=c_global --without-isl --with-gxx-include-dir=/not/exist/usr/include/c++/13.3.0 --with-build-time-tools=/host-native/usr/microblaze-xilinx-elf/bin --with-sysroot=/not/exist --with-build-sysroot=/host --with-plugin-ld=ld --enable-poison-system-directories --disable-static --enable-nls --with-glibc-version=2.28 --enable-initfini-array --enable-multilib --disable-initfini_array --disable-__cxa_atexit --disable-libstdcxx-pch --with-newlib --disable-threads --enable-plugins --with-gnu-as --disable-libitm --disable-tm-clone-registry --without-long-double-128 --with-sysroot=/not/exist
Thread model: single
Supported LTO compression algorithms: zlib zstd
gcc version 13.3.0 (GCC) 
COLLECT_GCC_OPTIONS='--sysroot=/opt/Xilinx/2025.2/Vitis/gnu/microblaze/lin/bin/../microblazeeb-xilinx-elf' '-v' '-o' 'CMakeFiles/cmTC_da123.dir/CMakeCXXCompilerABI.cpp.o' '-c' '-dumpdir' 'CMakeFiles/cmTC_da123.dir/'
 /opt/Xilinx/2025.2/gnu/microblaze/lin/x86_64-oesdk-linux/usr/bin/microblaze-xilinx-elf/../../libexec/microblaze-xilinx-elf/gcc/microblaze-xilinx-elf/13.3.0/cc1plus -quiet -v -iprefix /opt/Xilinx/2025.2/gnu/microblaze/lin/x86_64-oesdk-linux/usr/bin/microblaze-xilinx-elf/../../lib/microblaze-xilinx-elf/gcc/microblaze-xilinx-elf/13.3.0/ -isysroot /opt/Xilinx/2025.2/Vitis/gnu/microblaze/lin/bin/../microblazeeb-xilinx-elf /usr/share/cmake-3.22/Modules/CMakeCXXCompilerABI.cpp -quiet -dumpdir CMakeFiles/cmTC_da123.dir/ -dumpbase CMakeCXXCompilerABI.cpp.cpp -dumpbase-ext .cpp -version -o /tmp/cc3Yqhxz.s
GNU C++17 (GCC) version 13.3.0 (microblaze-xilinx-elf)
	compiled by GNU C version 13.3.0, GMP version 6.3.0, MPFR version 4.2.1, MPC version 1.3.1, isl version none
GGC heuristics: --param ggc-min-expand=100 --param ggc-min-heapsize=131072
ignoring nonexistent directory "/opt/Xilinx/2025.2/gnu/microblaze/lin/x86_64-oesdk-linux/usr/bin/microblaze-xilinx-elf/../../lib/microblaze-xilinx-elf/gcc/microblaze-xilinx-elf/13.3.0/../../../../../microblaze-xilinx-elf/include"
ignoring duplicate directory "/opt/Xilinx/2025.2/gnu/microblaze/lin/x86_64-oesdk-linux/usr/bin/microblaze-xilinx-elf/../../lib/microblaze-xilinx-elf/gcc/../../../lib/microblaze-xilinx-elf/gcc/microblaze-xilinx-elf/13.3.0/include"
ignoring nonexistent directory "/opt/Xilinx/2025.2/Vitis/gnu/microblaze/lin/bin/../microblazeeb-xilinx-elf/usr/lib/microblaze-xilinx-elf/13.3.0/include"
ignoring nonexistent directory "/opt/Xilinx/2025.2/Vitis/gnu/microblaze/lin/bin/../microblazeeb-xilinx-elf/usr/local/include"
ignoring duplicate directory "/opt/Xilinx/2025.2/gnu/microblaze/lin/x86_64-oesdk-linux/usr/bin/microblaze-xilinx-elf/../../lib/microblaze-xilinx-elf/gcc/../../../lib/microblaze-xilinx-elf/gcc/microblaze-xilinx-elf/13.3.0/include-fixed"
ignoring nonexistent directory "/opt/Xilinx/2025.2/gnu/microblaze/lin/x86_64-oesdk-linux/usr/bin/microblaze-xilinx-elf/../../lib/microblaze-xilinx-elf/gcc/../../../lib/microblaze-xilinx-elf/gcc/microblaze-xilinx-elf/13.3.0/../../../../../microblaze-xilinx-elf/include"
#include "..." search starts here:
#include <...> search starts here:
 /opt/Xilinx/2025.2/gnu/microblaze/lin/x86_64-oesdk-linux/usr/bin/microblaze-xilinx-elf/../../lib/microblaze-xilinx-elf/gcc/microblaze-xilinx-elf/13.3.0/include
 /opt/Xilinx/2025.2/gnu/microblaze/lin/x86_64-oesdk-linux/usr/bin/microblaze-xilinx-elf/../../lib/microblaze-xilinx-elf/gcc/microblaze-xilinx-elf/13.3.0/include-fixed
 /opt/Xilinx/2025.2/Vitis/gnu/microblaze/lin/bin/../microblazeeb-xilinx-elf/usr/include/c++/13.3.0
 /opt/Xilinx/2025.2/Vitis/gnu/microblaze/lin/bin/../microblazeeb-xilinx-elf/usr/include/c++/13.3.0/microblaze-xilinx-elf
 /opt/Xilinx/2025.2/Vitis/gnu/microblaze/lin/bin/../microblazeeb-xilinx-elf/usr/include/c++/13.3.0/backward
 /opt/Xilinx/2025.2/Vitis/gnu/microblaze/lin/bin/../microblazeeb-xilinx-elf/usr/include/
End of search list.
Compiler executable checksum: 5ee332ca6c15a39532a83f3839ef2841
COLLECT_GCC_OPTIONS='--sysroot=/opt/Xilinx/2025.2/Vitis/gnu/microblaze/lin/bin/../microblazeeb-xilinx-elf' '-v' '-o' 'CMakeFiles/cmTC_da123.dir/CMakeCXXCompilerABI.cpp.o' '-c' '-dumpdir' 'CMakeFiles/cmTC_da123.dir/'
 /opt/Xilinx/2025.2/gnu/microblaze/lin/x86_64-oesdk-linux/usr/bin/microblaze-xilinx-elf/../../libexec/microblaze-xilinx-elf/gcc/microblaze-xilinx-elf/13.3.0/as -v -o CMakeFiles/cmTC_da123.dir/CMakeCXXCompilerABI.cpp.o /tmp/cc3Yqhxz.s
GNU assembler version 2.42.0 (microblaze-xilinx-elf) using BFD version (GNU Binutils) 2.42.0.20240723
COMPILER_PATH=/opt/Xilinx/2025.2/gnu/microblaze/lin/x86_64-oesdk-linux/usr/bin/microblaze-xilinx-elf/../../libexec/microblaze-xilinx-elf/gcc/microblaze-xilinx-elf/13.3.0/:/opt/Xilinx/2025.2/gnu/microblaze/lin/x86_64-oesdk-linux/usr/bin/microblaze-xilinx-elf/../../libexec/microblaze-xilinx-elf/gcc/
LIBRARY_PATH=/opt/Xilinx/2025.2/gnu/microblaze/lin/x86_64-oesdk-linux/usr/bin/microblaze-xilinx-elf/../../lib/microblaze-xilinx-elf/gcc/microblaze-xilinx-elf/13.3.0/:/opt/Xilinx/2025.2/gnu/microblaze/lin/x86_64-oesdk-linux/usr/bin/microblaze-xilinx-elf/../../lib/microblaze-xilinx-elf/gcc/:/opt/Xilinx/2025.2/Vitis/gnu/microblaze/lin/bin/../microblazeeb-xilinx-elf/usr/lib/microblaze-xilinx-elf/13.3.0/:/opt/Xilinx/2025.2/Vitis/gnu/microblaze/lin/bin/../microblazeeb-xilinx-elf/usr/lib/
COLLECT_GCC_OPTIONS='--sysroot=/opt/Xilinx/2025.2/Vitis/gnu/microblaze/lin/bin/../microblazeeb-xilinx-elf' '-v' '-o' 'CMakeFiles/cmTC_da123.dir/CMakeCXXCompilerABI.cpp.o' '-c' '-dumpdir' 'CMakeFiles/cmTC_da123.dir/CMakeCXXCompilerABI.cpp.'
[2/2] Linking CXX executable cmTC_da123
FAILED: cmTC_da123 
: && /opt/Xilinx/2025.2/Vitis/gnu/microblaze/lin/bin/mb-g++  -v CMakeFiles/cmTC_da123.dir/CMakeCXXCompilerABI.cpp.o -o cmTC_da123   && :
Using built-in specs.
COLLECT_GCC=/opt/Xilinx/2025.2/Vitis/gnu/microblaze/lin/bin/../x86_64-oesdk-linux/usr/bin/microblaze-xilinx-elf/microblaze-xilinx-elf-g++.real
COLLECT_LTO_WRAPPER=/opt/Xilinx/2025.2/gnu/microblaze/lin/x86_64-oesdk-linux/usr/bin/microblaze-xilinx-elf/../../libexec/microblaze-xilinx-elf/gcc/microblaze-xilinx-elf/13.3.0/lto-wrapper
Target: microblaze-xilinx-elf
Configured with: ../../../../../../work-shared/gcc-13.3.0-r0/gcc-13.3.0/configure --build=x86_64-linux --host=x86_64-oesdk-linux --target=microblaze-xilinx-elf --prefix=/usr/local/oe-sdk-hardcoded-buildpath/sysroots/x86_64-oesdk-linux/usr --exec_prefix=/usr/local/oe-sdk-hardcoded-buildpath/sysroots/x86_64-oesdk-linux/usr --bindir=/usr/local/oe-sdk-hardcoded-buildpath/sysroots/x86_64-oesdk-linux/usr/bin/microblaze-xilinx-elf --sbindir=/usr/local/oe-sdk-hardcoded-buildpath/sysroots/x86_64-oesdk-linux/usr/bin/microblaze-xilinx-elf --libexecdir=/usr/local/oe-sdk-hardcoded-buildpath/sysroots/x86_64-oesdk-linux/usr/libexec/microblaze-xilinx-elf --datadir=/usr/local/oe-sdk-hardcoded-buildpath/sysroots/x86_64-oesdk-linux/usr/share --sysconfdir=/usr/local/oe-sdk-hardcoded-buildpath/sysroots/x86_64-oesdk-linux/etc --sharedstatedir=/usr/local/oe-sdk-hardcoded-buildpath/sysroots/x86_64-oesdk-linux/com --localstatedir=/usr/local/oe-sdk-hardcoded-buildpath/sysroots/x86_64-oesdk-linux/var --libdir=/usr/local/oe-sdk-hardcoded-buildpath/sysroots/x86_64-oesdk-linux/usr/lib/microblaze-xilinx-elf --includedir=/usr/local/oe-sdk-hardcoded-buildpath/sysroots/x86_64-oesdk-linux/usr/include --oldincludedir=/usr/local/oe-sdk-hardcoded-buildpath/sysroots/x86_64-oesdk-linux/usr/include --infodir=/usr/local/oe-sdk-hardcoded-buildpath/sysroots/x86_64-oesdk-linux/usr/share/info --mandir=/usr/local/oe-sdk-hardcoded-buildpath/sysroots/x86_64-oesdk-linux/usr/share/man --disable-silent-rules --disable-dependency-tracking --with-libtool-sysroot=/host --with-gnu-ld --enable-shared --enable-languages=c,c++,fortran --enable-threads=posix --enable-multilib --enable-c99 --enable-long-long --enable-libstdcxx-pch --program-prefix=microblaze-xilinx-elf- --without-local-prefix --disable-install-libiberty --disable-libssp --enable-libitm --enable-lto --disable-bootstrap --with-system-zlib --enable-linker-build-id --with-ppl=no --with-cloog=no --enable-checking=release --enable-cheaders=c_global --without-isl --with-gxx-include-dir=/not/exist/usr/include/c++/13.3.0 --with-build-time-tools=/host-native/usr/microblaze-xilinx-elf/bin --with-sysroot=/not/exist --with-build-sysroot=/host --with-plugin-ld=ld --enable-poison-system-directories --disable-static --enable-nls --with-glibc-version=2.28 --enable-initfini-array --enable-multilib --disable-initfini_array --disable-__cxa_atexit --disable-libstdcxx-pch --with-newlib --disable-threads --enable-plugins --with-gnu-as --disable-libitm --disable-tm-clone-registry --without-long-double-128 --with-sysroot=/not/exist
Thread model: single
Supported LTO compression algorithms: zlib zstd
gcc version 13.3.0 (GCC) 
COMPILER_PATH=/opt/Xilinx/2025.2/gnu/microblaze/lin/x86_64-oesdk-linux/usr/bin/microblaze-xilinx-elf/../../libexec/microblaze-xilinx-elf/gcc/microblaze-xilinx-elf/13.3.0/:/opt/Xilinx/2025.2/gnu/microblaze/lin/x86_64-oesdk-linux/usr/bin/microblaze-xilinx-elf/../../libexec/microblaze-xilinx-elf/gcc/
LIBRARY_PATH=/opt/Xilinx/2025.2/gnu/microblaze/lin/x86_64-oesdk-linux/usr/bin/microblaze-xilinx-elf/../../lib/microblaze-xilinx-elf/gcc/microblaze-xilinx-elf/13.3.0/:/opt/Xilinx/2025.2/gnu/microblaze/lin/x86_64-oesdk-linux/usr/bin/microblaze-xilinx-elf/../../lib/microblaze-xilinx-elf/gcc/:/opt/Xilinx/2025.2/Vitis/gnu/microblaze/lin/bin/../microblazeeb-xilinx-elf/usr/lib/microblaze-xilinx-elf/13.3.0/:/opt/Xilinx/2025.2/Vitis/gnu/microblaze/lin/bin/../microblazeeb-xilinx-elf/usr/lib/
COLLECT_GCC_OPTIONS='--sysroot=/opt/Xilinx/2025.2/Vitis/gnu/microblaze/lin/bin/../microblazeeb-xilinx-elf' '-v' '-o' 'cmTC_da123' '-dumpdir' 'cmTC_da123.'
 /opt/Xilinx/2025.2/gnu/microblaze/lin/x86_64-oesdk-linux/usr/bin/microblaze-xilinx-elf/../../libexec/microblaze-xilinx-elf/gcc/microblaze-xilinx-elf/13.3.0/collect2 -plugin /opt/Xilinx/2025.2/gnu/microblaze/lin/x86_64-oesdk-linux/usr/bin/microblaze-xilinx-elf/../../libexec/microblaze-xilinx-elf/gcc/microblaze-xilinx-elf/13.3.0/liblto_plugin.so -plugin-opt=/opt/Xilinx/2025.2/gnu/microblaze/lin/x86_64-oesdk-linux/usr/bin/microblaze-xilinx-elf/../../libexec/microblaze-xilinx-elf/gcc/microblaze-xilinx-elf/13.3.0/lto-wrapper -plugin-opt=-fresolution=/tmp/ccMJURcN.res -plugin-opt=-pass-through=-lgcc -plugin-opt=-pass-through=-lgloss -plugin-opt=-pass-through=-lxil -plugin-opt=-pass-through=-lc -plugin-opt=-pass-through=-lm -plugin-opt=-pass-through=-lgcc --sysroot=/opt/Xilinx/2025.2/Vitis/gnu/microblaze/lin/bin/../microblazeeb-xilinx-elf --build-id -N -relax -G 0 -dT /opt/Xilinx/2025.2/Vitis/gnu/microblaze/lin/bin/../microblazeeb-xilinx-elf/usr/lib/xilinx.ld -o cmTC_da123 /opt/Xilinx/2025.2/Vitis/gnu/microblaze/lin/bin/../microblazeeb-xilinx-elf/usr/lib/crt0.o /opt/Xilinx/2025.2/Vitis/gnu/microblaze/lin/bin/../microblazeeb-xilinx-elf/usr/lib/microblaze-xilinx-elf/13.3.0/crti.o /opt/Xilinx/2025.2/Vitis/gnu/microblaze/lin/bin/../microblazeeb-xilinx-elf/usr/lib/microblaze-xilinx-elf/13.3.0/crtbegin.o /opt/Xilinx/2025.2/Vitis/gnu/microblaze/lin/bin/../microblazeeb-xilinx-elf/usr/lib/crtinit.o -L/opt/Xilinx/2025.2/gnu/microblaze/lin/x86_64-oesdk-linux/usr/bin/microblaze-xilinx-elf/../../lib/microblaze-xilinx-elf/gcc/microblaze-xilinx-elf/13.3.0 -L/opt/Xilinx/2025.2/gnu/microblaze/lin/x86_64-oesdk-linux/usr/bin/microblaze-xilinx-elf/../../lib/microblaze-xilinx-elf/gcc -L/opt/Xilinx/2025.2/Vitis/gnu/microblaze/lin/bin/../microblazeeb-xilinx-elf/usr/lib/microblaze-xilinx-elf/13.3.0 -L/opt/Xilinx/2025.2/Vitis/gnu/microblaze/lin/bin/../microblazeeb-xilinx-elf/usr/lib CMakeFiles/cmTC_da123.dir/CMakeCXXCompilerABI.cpp.o --build-id=none -lstdc++ -lm -lgcc -start-group -lgloss -lxil -lc -lm -end-group -lgcc /opt/Xilinx/2025.2/Vitis/gnu/microblaze/lin/bin/../microblazeeb-xilinx-elf/usr/lib/microblaze-xilinx-elf/13.3.0/crtend.o /opt/Xilinx/2025.2/Vitis/gnu/microblaze/lin/bin/../microblazeeb-xilinx-elf/usr/lib/microblaze-xilinx-elf/13.3.0/crtn.o
/opt/Xilinx/2025.2/gnu/microblaze/lin/x86_64-oesdk-linux/usr/bin/microblaze-xilinx-elf/microblaze-xilinx-elf-ld.real: cannot find -lxil: No such file or directory
collect2.real: error: ld returned 1 exit status
ninja: build stopped: subcommand failed.




Determining if the CXX compiler works failed with the following output:
Change Dir: /home/johan2/Documents/fpga/zynq-pynq-gnss-receiver/build/CMakeFiles/CMakeTmp

Run Build Command(s):/opt/Xilinx/2025.2/Vitis/bin/ninja cmTC_642dd && [1/2] Building CXX object CMakeFiles/cmTC_642dd.dir/testCXXCompiler.cxx.o
[2/2] Linking CXX executable cmTC_642dd
FAILED: cmTC_642dd 
: && /opt/Xilinx/2025.2/Vitis/gnu/microblaze/lin/bin/mb-g++   CMakeFiles/cmTC_642dd.dir/testCXXCompiler.cxx.o -o cmTC_642dd   && :
/opt/Xilinx/2025.2/gnu/microblaze/lin/x86_64-oesdk-linux/usr/bin/microblaze-xilinx-elf/microblaze-xilinx-elf-ld.real: cannot find -lxil: No such file or directory
collect2.real: error: ld returned 1 exit status
ninja: build stopped: subcommand failed.



Compiling the CXX compiler identification source file "CMakeCXXCompilerId.cpp" failed.
Compiler: /opt/Xilinx/2025.2/Vitis/gnu/microblaze/lin/bin/mb-g++ 
Build flags: 
Id flags:  

The output was:
1
/opt/Xilinx/2025.2/gnu/microblaze/lin/x86_64-oesdk-linux/usr/bin/microblaze-xilinx-elf/microblaze-xilinx-elf-ld.real: cannot find -lxil: No such file or directory
collect2.real: error: ld returned 1 exit status


Compiling the C compiler identification source file "CMakeCCompilerId.c" failed.
Compiler: /opt/Xilinx/2025.2/Vitis/gnu/microblaze/lin/bin/mb-gcc 
Build flags: 
Id flags:  

The output was:
1
/opt/Xilinx/2025.2/gnu/microblaze/lin/x86_64-oesdk-linux/usr/bin/microblaze-xilinx-elf/microblaze-xilinx-elf-ld.real: cannot find -lxil: No such file or directory
collect2.real: error: ld returned 1 exit status


Detecting CXX compiler ABI info failed to compile with the following output:
Change Dir: /home/johan2/Documents/fpga/zynq-pynq-gnss-receiver/build/CMakeFiles/CMakeTmp

Run Build Command(s):/opt/Xilinx/2025.2/Vitis/bin/ninja cmTC_c7edb && [1/2] Building CXX object CMakeFiles/cmTC_c7edb.dir/CMakeCXXCompilerABI.cpp.o
Using built-in specs.
COLLECT_GCC=/opt/Xilinx/2025.2/Vitis/gnu/microblaze/lin/bin/../x86_64-oesdk-linux/usr/bin/microblaze-xilinx-elf/microblaze-xilinx-elf-g++.real
Target: microblaze-xilinx-elf
Configured with: ../../../../../../work-shared/gcc-13.3.0-r0/gcc-13.3.0/configure --build=x86_64-linux --host=x86_64-oesdk-linux --target=microblaze-xilinx-elf --prefix=/usr/local/oe-sdk-hardcoded-buildpath/sysroots/x86_64-oesdk-linux/usr --exec_prefix=/usr/local/oe-sdk-hardcoded-buildpath/sysroots/x86_64-oesdk-linux/usr --bindir=/usr/local/oe-sdk-hardcoded-buildpath/sysroots/x86_64-oesdk-linux/usr/bin/microblaze-xilinx-elf --sbindir=/usr/local/oe-sdk-hardcoded-buildpath/sysroots/x86_64-oesdk-linux/usr/bin/microblaze-xilinx-elf --libexecdir=/usr/local/oe-sdk-hardcoded-buildpath/sysroots/x86_64-oesdk-linux/usr/libexec/microblaze-xilinx-elf --datadir=/usr/local/oe-sdk-hardcoded-buildpath/sysroots/x86_64-oesdk-linux/usr/share --sysconfdir=/usr/local/oe-sdk-hardcoded-buildpath/sysroots/x86_64-oesdk-linux/etc --sharedstatedir=/usr/local/oe-sdk-hardcoded-buildpath/sysroots/x86_64-oesdk-linux/com --localstatedir=/usr/local/oe-sdk-hardcoded-buildpath/sysroots/x86_64-oesdk-linux/var --libdir=/usr/local/oe-sdk-hardcoded-buildpath/sysroots/x86_64-oesdk-linux/usr/lib/microblaze-xilinx-elf --includedir=/usr/local/oe-sdk-hardcoded-buildpath/sysroots/x86_64-oesdk-linux/usr/include --oldincludedir=/usr/local/oe-sdk-hardcoded-buildpath/sysroots/x86_64-oesdk-linux/usr/include --infodir=/usr/local/oe-sdk-hardcoded-buildpath/sysroots/x86_64-oesdk-linux/usr/share/info --mandir=/usr/local/oe-sdk-hardcoded-buildpath/sysroots/x86_64-oesdk-linux/usr/share/man --disable-silent-rules --disable-dependency-tracking --with-libtool-sysroot=/host --with-gnu-ld --enable-shared --enable-languages=c,c++,fortran --enable-threads=posix --enable-multilib --enable-c99 --enable-long-long --enable-libstdcxx-pch --program-prefix=microblaze-xilinx-elf- --without-local-prefix --disable-install-libiberty --disable-libssp --enable-libitm --enable-lto --disable-bootstrap --with-system-zlib --enable-linker-build-id --with-ppl=no --with-cloog=no --enable-checking=release --enable-cheaders=c_global --without-isl --with-gxx-include-dir=/not/exist/usr/include/c++/13.3.0 --with-build-time-tools=/host-native/usr/microblaze-xilinx-elf/bin --with-sysroot=/not/exist --with-build-sysroot=/host --with-plugin-ld=ld --enable-poison-system-directories --disable-static --enable-nls --with-glibc-version=2.28 --enable-initfini-array --enable-multilib --disable-initfini_array --disable-__cxa_atexit --disable-libstdcxx-pch --with-newlib --disable-threads --enable-plugins --with-gnu-as --disable-libitm --disable-tm-clone-registry --without-long-double-128 --with-sysroot=/not/exist
Thread model: single
Supported LTO compression algorithms: zlib zstd
gcc version 13.3.0 (GCC) 
COLLECT_GCC_OPTIONS='--sysroot=/opt/Xilinx/2025.2/Vitis/gnu/microblaze/lin/bin/../microblazeeb-xilinx-elf' '-v' '-o' 'CMakeFiles/cmTC_c7edb.dir/CMakeCXXCompilerABI.cpp.o' '-c' '-dumpdir' 'CMakeFiles/cmTC_c7edb.dir/'
 /opt/Xilinx/2025.2/gnu/microblaze/lin/x86_64-oesdk-linux/usr/bin/microblaze-xilinx-elf/../../libexec/microblaze-xilinx-elf/gcc/microblaze-xilinx-elf/13.3.0/cc1plus -quiet -v -iprefix /opt/Xilinx/2025.2/gnu/microblaze/lin/x86_64-oesdk-linux/usr/bin/microblaze-xilinx-elf/../../lib/microblaze-xilinx-elf/gcc/microblaze-xilinx-elf/13.3.0/ -isysroot /opt/Xilinx/2025.2/Vitis/gnu/microblaze/lin/bin/../microblazeeb-xilinx-elf /usr/share/cmake-3.22/Modules/CMakeCXXCompilerABI.cpp -quiet -dumpdir CMakeFiles/cmTC_c7edb.dir/ -dumpbase CMakeCXXCompilerABI.cpp.cpp -dumpbase-ext .cpp -version -o /tmp/cck4T3I4.s
GNU C++17 (GCC) version 13.3.0 (microblaze-xilinx-elf)
	compiled by GNU C version 13.3.0, GMP version 6.3.0, MPFR version 4.2.1, MPC version 1.3.1, isl version none
GGC heuristics: --param ggc-min-expand=100 --param ggc-min-heapsize=131072
ignoring nonexistent directory "/opt/Xilinx/2025.2/gnu/microblaze/lin/x86_64-oesdk-linux/usr/bin/microblaze-xilinx-elf/../../lib/microblaze-xilinx-elf/gcc/microblaze-xilinx-elf/13.3.0/../../../../../microblaze-xilinx-elf/include"
ignoring duplicate directory "/opt/Xilinx/2025.2/gnu/microblaze/lin/x86_64-oesdk-linux/usr/bin/microblaze-xilinx-elf/../../lib/microblaze-xilinx-elf/gcc/../../../lib/microblaze-xilinx-elf/gcc/microblaze-xilinx-elf/13.3.0/include"
ignoring nonexistent directory "/opt/Xilinx/2025.2/Vitis/gnu/microblaze/lin/bin/../microblazeeb-xilinx-elf/usr/lib/microblaze-xilinx-elf/13.3.0/include"
ignoring nonexistent directory "/opt/Xilinx/2025.2/Vitis/gnu/microblaze/lin/bin/../microblazeeb-xilinx-elf/usr/local/include"
ignoring duplicate directory "/opt/Xilinx/2025.2/gnu/microblaze/lin/x86_64-oesdk-linux/usr/bin/microblaze-xilinx-elf/../../lib/microblaze-xilinx-elf/gcc/../../../lib/microblaze-xilinx-elf/gcc/microblaze-xilinx-elf/13.3.0/include-fixed"
ignoring nonexistent directory "/opt/Xilinx/2025.2/gnu/microblaze/lin/x86_64-oesdk-linux/usr/bin/microblaze-xilinx-elf/../../lib/microblaze-xilinx-elf/gcc/../../../lib/microblaze-xilinx-elf/gcc/microblaze-xilinx-elf/13.3.0/../../../../../microblaze-xilinx-elf/include"
#include "..." search starts here:
#include <...> search starts here:
 /opt/Xilinx/2025.2/gnu/microblaze/lin/x86_64-oesdk-linux/usr/bin/microblaze-xilinx-elf/../../lib/microblaze-xilinx-elf/gcc/microblaze-xilinx-elf/13.3.0/include
 /opt/Xilinx/2025.2/gnu/microblaze/lin/x86_64-oesdk-linux/usr/bin/microblaze-xilinx-elf/../../lib/microblaze-xilinx-elf/gcc/microblaze-xilinx-elf/13.3.0/include-fixed
 /opt/Xilinx/2025.2/Vitis/gnu/microblaze/lin/bin/../microblazeeb-xilinx-elf/usr/include/c++/13.3.0
 /opt/Xilinx/2025.2/Vitis/gnu/microblaze/lin/bin/../microblazeeb-xilinx-elf/usr/include/c++/13.3.0/microblaze-xilinx-elf
 /opt/Xilinx/2025.2/Vitis/gnu/microblaze/lin/bin/../microblazeeb-xilinx-elf/usr/include/c++/13.3.0/backward
 /opt/Xilinx/2025.2/Vitis/gnu/microblaze/lin/bin/../microblazeeb-xilinx-elf/usr/include/
End of search list.
Compiler executable checksum: 5ee332ca6c15a39532a83f3839ef2841
COLLECT_GCC_OPTIONS='--sysroot=/opt/Xilinx/2025.2/Vitis/gnu/microblaze/lin/bin/../microblazeeb-xilinx-elf' '-v' '-o' 'CMakeFiles/cmTC_c7edb.dir/CMakeCXXCompilerABI.cpp.o' '-c' '-dumpdir' 'CMakeFiles/cmTC_c7edb.dir/'
 /opt/Xilinx/2025.2/gnu/microblaze/lin/x86_64-oesdk-linux/usr/bin/microblaze-xilinx-elf/../../libexec/microblaze-xilinx-elf/gcc/microblaze-xilinx-elf/13.3.0/as -v -o CMakeFiles/cmTC_c7edb.dir/CMakeCXXCompilerABI.cpp.o /tmp/cck4T3I4.s
GNU assembler version 2.42.0 (microblaze-xilinx-elf) using BFD version (GNU Binutils) 2.42.0.20240723
COMPILER_PATH=/opt/Xilinx/2025.2/gnu/microblaze/lin/x86_64-oesdk-linux/usr/bin/microblaze-xilinx-elf/../../libexec/microblaze-xilinx-elf/gcc/microblaze-xilinx-elf/13.3.0/:/opt/Xilinx/2025.2/gnu/microblaze/lin/x86_64-oesdk-linux/usr/bin/microblaze-xilinx-elf/../../libexec/microblaze-xilinx-elf/gcc/
LIBRARY_PATH=/opt/Xilinx/2025.2/gnu/microblaze/lin/x86_64-oesdk-linux/usr/bin/microblaze-xilinx-elf/../../lib/microblaze-xilinx-elf/gcc/microblaze-xilinx-elf/13.3.0/:/opt/Xilinx/2025.2/gnu/microblaze/lin/x86_64-oesdk-linux/usr/bin/microblaze-xilinx-elf/../../lib/microblaze-xilinx-elf/gcc/:/opt/Xilinx/2025.2/Vitis/gnu/microblaze/lin/bin/../microblazeeb-xilinx-elf/usr/lib/microblaze-xilinx-elf/13.3.0/:/opt/Xilinx/2025.2/Vitis/gnu/microblaze/lin/bin/../microblazeeb-xilinx-elf/usr/lib/
COLLECT_GCC_OPTIONS='--sysroot=/opt/Xilinx/2025.2/Vitis/gnu/microblaze/lin/bin/../microblazeeb-xilinx-elf' '-v' '-o' 'CMakeFiles/cmTC_c7edb.dir/CMakeCXXCompilerABI.cpp.o' '-c' '-dumpdir' 'CMakeFiles/cmTC_c7edb.dir/CMakeCXXCompilerABI.cpp.'
[2/2] Linking CXX executable cmTC_c7edb
FAILED: cmTC_c7edb 
: && /opt/Xilinx/2025.2/Vitis/gnu/microblaze/lin/bin/mb-g++  -v CMakeFiles/cmTC_c7edb.dir/CMakeCXXCompilerABI.cpp.o -o cmTC_c7edb   && :
Using built-in specs.
COLLECT_GCC=/opt/Xilinx/2025.2/Vitis/gnu/microblaze/lin/bin/../x86_64-oesdk-linux/usr/bin/microblaze-xilinx-elf/microblaze-xilinx-elf-g++.real
COLLECT_LTO_WRAPPER=/opt/Xilinx/2025.2/gnu/microblaze/lin/x86_64-oesdk-linux/usr/bin/microblaze-xilinx-elf/../../libexec/microblaze-xilinx-elf/gcc/microblaze-xilinx-elf/13.3.0/lto-wrapper
Target: microblaze-xilinx-elf
Configured with: ../../../../../../work-shared/gcc-13.3.0-r0/gcc-13.3.0/configure --build=x86_64-linux --host=x86_64-oesdk-linux --target=microblaze-xilinx-elf --prefix=/usr/local/oe-sdk-hardcoded-buildpath/sysroots/x86_64-oesdk-linux/usr --exec_prefix=/usr/local/oe-sdk-hardcoded-buildpath/sysroots/x86_64-oesdk-linux/usr --bindir=/usr/local/oe-sdk-hardcoded-buildpath/sysroots/x86_64-oesdk-linux/usr/bin/microblaze-xilinx-elf --sbindir=/usr/local/oe-sdk-hardcoded-buildpath/sysroots/x86_64-oesdk-linux/usr/bin/microblaze-xilinx-elf --libexecdir=/usr/local/oe-sdk-hardcoded-buildpath/sysroots/x86_64-oesdk-linux/usr/libexec/microblaze-xilinx-elf --datadir=/usr/local/oe-sdk-hardcoded-buildpath/sysroots/x86_64-oesdk-linux/usr/share --sysconfdir=/usr/local/oe-sdk-hardcoded-buildpath/sysroots/x86_64-oesdk-linux/etc --sharedstatedir=/usr/local/oe-sdk-hardcoded-buildpath/sysroots/x86_64-oesdk-linux/com --localstatedir=/usr/local/oe-sdk-hardcoded-buildpath/sysroots/x86_64-oesdk-linux/var --libdir=/usr/local/oe-sdk-hardcoded-buildpath/sysroots/x86_64-oesdk-linux/usr/lib/microblaze-xilinx-elf --includedir=/usr/local/oe-sdk-hardcoded-buildpath/sysroots/x86_64-oesdk-linux/usr/include --oldincludedir=/usr/local/oe-sdk-hardcoded-buildpath/sysroots/x86_64-oesdk-linux/usr/include --infodir=/usr/local/oe-sdk-hardcoded-buildpath/sysroots/x86_64-oesdk-linux/usr/share/info --mandir=/usr/local/oe-sdk-hardcoded-buildpath/sysroots/x86_64-oesdk-linux/usr/share/man --disable-silent-rules --disable-dependency-tracking --with-libtool-sysroot=/host --with-gnu-ld --enable-shared --enable-languages=c,c++,fortran --enable-threads=posix --enable-multilib --enable-c99 --enable-long-long --enable-libstdcxx-pch --program-prefix=microblaze-xilinx-elf- --without-local-prefix --disable-install-libiberty --disable-libssp --enable-libitm --enable-lto --disable-bootstrap --with-system-zlib --enable-linker-build-id --with-ppl=no --with-cloog=no --enable-checking=release --enable-cheaders=c_global --without-isl --with-gxx-include-dir=/not/exist/usr/include/c++/13.3.0 --with-build-time-tools=/host-native/usr/microblaze-xilinx-elf/bin --with-sysroot=/not/exist --with-build-sysroot=/host --with-plugin-ld=ld --enable-poison-system-directories --disable-static --enable-nls --with-glibc-version=2.28 --enable-initfini-array --enable-multilib --disable-initfini_array --disable-__cxa_atexit --disable-libstdcxx-pch --with-newlib --disable-threads --enable-plugins --with-gnu-as --disable-libitm --disable-tm-clone-registry --without-long-double-128 --with-sysroot=/not/exist
Thread model: single
Supported LTO compression algorithms: zlib zstd
gcc version 13.3.0 (GCC) 
COMPILER_PATH=/opt/Xilinx/2025.2/gnu/microblaze/lin/x86_64-oesdk-linux/usr/bin/microblaze-xilinx-elf/../../libexec/microblaze-xilinx-elf/gcc/microblaze-xilinx-elf/13.3.0/:/opt/Xilinx/2025.2/gnu/microblaze/lin/x86_64-oesdk-linux/usr/bin/microblaze-xilinx-elf/../../libexec/microblaze-xilinx-elf/gcc/
LIBRARY_PATH=/opt/Xilinx/2025.2/gnu/microblaze/lin/x86_64-oesdk-linux/usr/bin/microblaze-xilinx-elf/../../lib/microblaze-xilinx-elf/gcc/microblaze-xilinx-elf/13.3.0/:/opt/Xilinx/2025.2/gnu/microblaze/lin/x86_64-oesdk-linux/usr/bin/microblaze-xilinx-elf/../../lib/microblaze-xilinx-elf/gcc/:/opt/Xilinx/2025.2/Vitis/gnu/microblaze/lin/bin/../microblazeeb-xilinx-elf/usr/lib/microblaze-xilinx-elf/13.3.0/:/opt/Xilinx/2025.2/Vitis/gnu/microblaze/lin/bin/../microblazeeb-xilinx-elf/usr/lib/
COLLECT_GCC_OPTIONS='--sysroot=/opt/Xilinx/2025.2/Vitis/gnu/microblaze/lin/bin/../microblazeeb-xilinx-elf' '-v' '-o' 'cmTC_c7edb' '-dumpdir' 'cmTC_c7edb.'
 /opt/Xilinx/2025.2/gnu/microblaze/lin/x86_64-oesdk-linux/usr/bin/microblaze-xilinx-elf/../../libexec/microblaze-xilinx-elf/gcc/microblaze-xilinx-elf/13.3.0/collect2 -plugin /opt/Xilinx/2025.2/gnu/microblaze/lin/x86_64-oesdk-linux/usr/bin/microblaze-xilinx-elf/../../libexec/microblaze-xilinx-elf/gcc/microblaze-xilinx-elf/13.3.0/liblto_plugin.so -plugin-opt=/opt/Xilinx/2025.2/gnu/microblaze/lin/x86_64-oesdk-linux/usr/bin/microblaze-xilinx-elf/../../libexec/microblaze-xilinx-elf/gcc/microblaze-xilinx-elf/13.3.0/lto-wrapper -plugin-opt=-fresolution=/tmp/cccu0vu7.res -plugin-opt=-pass-through=-lgcc -plugin-opt=-pass-through=-lgloss -plugin-opt=-pass-through=-lxil -plugin-opt=-pass-through=-lc -plugin-opt=-pass-through=-lm -plugin-opt=-pass-through=-lgcc --sysroot=/opt/Xilinx/2025.2/Vitis/gnu/microblaze/lin/bin/../microblazeeb-xilinx-elf --build-id -N -relax -G 0 -dT /opt/Xilinx/2025.2/Vitis/gnu/microblaze/lin/bin/../microblazeeb-xilinx-elf/usr/lib/xilinx.ld -o cmTC_c7edb /opt/Xilinx/2025.2/Vitis/gnu/microblaze/lin/bin/../microblazeeb-xilinx-elf/usr/lib/crt0.o /opt/Xilinx/2025.2/Vitis/gnu/microblaze/lin/bin/../microblazeeb-xilinx-elf/usr/lib/microblaze-xilinx-elf/13.3.0/crti.o /opt/Xilinx/2025.2/Vitis/gnu/microblaze/lin/bin/../microblazeeb-xilinx-elf/usr/lib/microblaze-xilinx-elf/13.3.0/crtbegin.o /opt/Xilinx/2025.2/Vitis/gnu/microblaze/lin/bin/../microblazeeb-xilinx-elf/usr/lib/crtinit.o -L/opt/Xilinx/2025.2/gnu/microblaze/lin/x86_64-oesdk-linux/usr/bin/microblaze-xilinx-elf/../../lib/microblaze-xilinx-elf/gcc/microblaze-xilinx-elf/13.3.0 -L/opt/Xilinx/2025.2/gnu/microblaze/lin/x86_64-oesdk-linux/usr/bin/microblaze-xilinx-elf/../../lib/microblaze-xilinx-elf/gcc -L/opt/Xilinx/2025.2/Vitis/gnu/microblaze/lin/bin/../microblazeeb-xilinx-elf/usr/lib/microblaze-xilinx-elf/13.3.0 -L/opt/Xilinx/2025.2/Vitis/gnu/microblaze/lin/bin/../microblazeeb-xilinx-elf/usr/lib CMakeFiles/cmTC_c7edb.dir/CMakeCXXCompilerABI.cpp.o --build-id=none -lstdc++ -lm -lgcc -start-group -lgloss -lxil -lc -lm -end-group -lgcc /opt/Xilinx/2025.2/Vitis/gnu/microblaze/lin/bin/../microblazeeb-xilinx-elf/usr/lib/microblaze-xilinx-elf/13.3.0/crtend.o /opt/Xilinx/2025.2/Vitis/gnu/microblaze/lin/bin/../microblazeeb-xilinx-elf/usr/lib/microblaze-xilinx-elf/13.3.0/crtn.o
/opt/Xilinx/2025.2/gnu/microblaze/lin/x86_64-oesdk-linux/usr/bin/microblaze-xilinx-elf/microblaze-xilinx-elf-ld.real: cannot find -lxil: No such file or directory
collect2.real: error: ld returned 1 exit status
ninja: build stopped: subcommand failed.




Determining if the CXX compiler works failed with the following output:
Change Dir: /home/johan2/Documents/fpga/zynq-pynq-gnss-receiver/build/CMakeFiles/CMakeTmp

Run Build Command(s):/opt/Xilinx/2025.2/Vitis/bin/ninja cmTC_87c17 && [1/2] Building CXX object CMakeFiles/cmTC_87c17.dir/testCXXCompiler.cxx.o
[2/2] Linking CXX executable cmTC_87c17
FAILED: cmTC_87c17 
: && /opt/Xilinx/2025.2/Vitis/gnu/microblaze/lin/bin/mb-g++   CMakeFiles/cmTC_87c17.dir/testCXXCompiler.cxx.o -o cmTC_87c17   && :
/opt/Xilinx/2025.2/gnu/microblaze/lin/x86_64-oesdk-linux/usr/bin/microblaze-xilinx-elf/microblaze-xilinx-elf-ld.real: cannot find -lxil: No such file or directory
collect2.real: error: ld returned 1 exit status
ninja: build stopped: subcommand failed.



Compiling the CXX compiler identification source file "CMakeCXXCompilerId.cpp" failed.
Compiler: /opt/Xilinx/2025.2/Vitis/gnu/microblaze/lin/bin/mb-g++ 
Build flags: 
Id flags:  

The output was:
1
/opt/Xilinx/2025.2/gnu/microblaze/lin/x86_64-oesdk-linux/usr/bin/microblaze-xilinx-elf/microblaze-xilinx-elf-ld.real: cannot find -lxil: No such file or directory
collect2.real: error: ld returned 1 exit status


Compiling the C compiler identification source file "CMakeCCompilerId.c" failed.
Compiler: /opt/Xilinx/2025.2/Vitis/gnu/microblaze/lin/bin/mb-gcc 
Build flags: 
Id flags:  

The output was:
1
/opt/Xilinx/2025.2/gnu/microblaze/lin/x86_64-oesdk-linux/usr/bin/microblaze-xilinx-elf/microblaze-xilinx-elf-ld.real: cannot find -lxil: No such file or directory
collect2.real: error: ld returned 1 exit status


Detecting CXX compiler ABI info failed to compile with the following output:
Change Dir: /home/johan2/Documents/fpga/zynq-pynq-gnss-receiver/build/CMakeFiles/CMakeTmp

Run Build Command(s):/opt/Xilinx/2025.2/Vitis/bin/ninja cmTC_3f28e && [1/2] Building CXX object CMakeFiles/cmTC_3f28e.dir/CMakeCXXCompilerABI.cpp.o
Using built-in specs.
COLLECT_GCC=/opt/Xilinx/2025.2/Vitis/gnu/microblaze/lin/bin/../x86_64-oesdk-linux/usr/bin/microblaze-xilinx-elf/microblaze-xilinx-elf-g++.real
Target: microblaze-xilinx-elf
Configured with: ../../../../../../work-shared/gcc-13.3.0-r0/gcc-13.3.0/configure --build=x86_64-linux --host=x86_64-oesdk-linux --target=microblaze-xilinx-elf --prefix=/usr/local/oe-sdk-hardcoded-buildpath/sysroots/x86_64-oesdk-linux/usr --exec_prefix=/usr/local/oe-sdk-hardcoded-buildpath/sysroots/x86_64-oesdk-linux/usr --bindir=/usr/local/oe-sdk-hardcoded-buildpath/sysroots/x86_64-oesdk-linux/usr/bin/microblaze-xilinx-elf --sbindir=/usr/local/oe-sdk-hardcoded-buildpath/sysroots/x86_64-oesdk-linux/usr/bin/microblaze-xilinx-elf --libexecdir=/usr/local/oe-sdk-hardcoded-buildpath/sysroots/x86_64-oesdk-linux/usr/libexec/microblaze-xilinx-elf --datadir=/usr/local/oe-sdk-hardcoded-buildpath/sysroots/x86_64-oesdk-linux/usr/share --sysconfdir=/usr/local/oe-sdk-hardcoded-buildpath/sysroots/x86_64-oesdk-linux/etc --sharedstatedir=/usr/local/oe-sdk-hardcoded-buildpath/sysroots/x86_64-oesdk-linux/com --localstatedir=/usr/local/oe-sdk-hardcoded-buildpath/sysroots/x86_64-oesdk-linux/var --libdir=/usr/local/oe-sdk-hardcoded-buildpath/sysroots/x86_64-oesdk-linux/usr/lib/microblaze-xilinx-elf --includedir=/usr/local/oe-sdk-hardcoded-buildpath/sysroots/x86_64-oesdk-linux/usr/include --oldincludedir=/usr/local/oe-sdk-hardcoded-buildpath/sysroots/x86_64-oesdk-linux/usr/include --infodir=/usr/local/oe-sdk-hardcoded-buildpath/sysroots/x86_64-oesdk-linux/usr/share/info --mandir=/usr/local/oe-sdk-hardcoded-buildpath/sysroots/x86_64-oesdk-linux/usr/share/man --disable-silent-rules --disable-dependency-tracking --with-libtool-sysroot=/host --with-gnu-ld --enable-shared --enable-languages=c,c++,fortran --enable-threads=posix --enable-multilib --enable-c99 --enable-long-long --enable-libstdcxx-pch --program-prefix=microblaze-xilinx-elf- --without-local-prefix --disable-install-libiberty --disable-libssp --enable-libitm --enable-lto --disable-bootstrap --with-system-zlib --enable-linker-build-id --with-ppl=no --with-cloog=no --enable-checking=release --enable-cheaders=c_global --without-isl --with-gxx-include-dir=/not/exist/usr/include/c++/13.3.0 --with-build-time-tools=/host-native/usr/microblaze-xilinx-elf/bin --with-sysroot=/not/exist --with-build-sysroot=/host --with-plugin-ld=ld --enable-poison-system-directories --disable-static --enable-nls --with-glibc-version=2.28 --enable-initfini-array --enable-multilib --disable-initfini_array --disable-__cxa_atexit --disable-libstdcxx-pch --with-newlib --disable-threads --enable-plugins --with-gnu-as --disable-libitm --disable-tm-clone-registry --without-long-double-128 --with-sysroot=/not/exist
Thread model: single
Supported LTO compression algorithms: zlib zstd
gcc version 13.3.0 (GCC) 
COLLECT_GCC_OPTIONS='--sysroot=/opt/Xilinx/2025.2/Vitis/gnu/microblaze/lin/bin/../microblazeeb-xilinx-elf' '-v' '-o' 'CMakeFiles/cmTC_3f28e.dir/CMakeCXXCompilerABI.cpp.o' '-c' '-dumpdir' 'CMakeFiles/cmTC_3f28e.dir/'
 /opt/Xilinx/2025.2/gnu/microblaze/lin/x86_64-oesdk-linux/usr/bin/microblaze-xilinx-elf/../../libexec/microblaze-xilinx-elf/gcc/microblaze-xilinx-elf/13.3.0/cc1plus -quiet -v -iprefix /opt/Xilinx/2025.2/gnu/microblaze/lin/x86_64-oesdk-linux/usr/bin/microblaze-xilinx-elf/../../lib/microblaze-xilinx-elf/gcc/microblaze-xilinx-elf/13.3.0/ -isysroot /opt/Xilinx/2025.2/Vitis/gnu/microblaze/lin/bin/../microblazeeb-xilinx-elf /usr/share/cmake-3.22/Modules/CMakeCXXCompilerABI.cpp -quiet -dumpdir CMakeFiles/cmTC_3f28e.dir/ -dumpbase CMakeCXXCompilerABI.cpp.cpp -dumpbase-ext .cpp -version -o /tmp/ccpizBwT.s
GNU C++17 (GCC) version 13.3.0 (microblaze-xilinx-elf)
	compiled by GNU C version 13.3.0, GMP version 6.3.0, MPFR version 4.2.1, MPC version 1.3.1, isl version none
GGC heuristics: --param ggc-min-expand=100 --param ggc-min-heapsize=131072
ignoring nonexistent directory "/opt/Xilinx/2025.2/gnu/microblaze/lin/x86_64-oesdk-linux/usr/bin/microblaze-xilinx-elf/../../lib/microblaze-xilinx-elf/gcc/microblaze-xilinx-elf/13.3.0/../../../../../microblaze-xilinx-elf/include"
ignoring duplicate directory "/opt/Xilinx/2025.2/gnu/microblaze/lin/x86_64-oesdk-linux/usr/bin/microblaze-xilinx-elf/../../lib/microblaze-xilinx-elf/gcc/../../../lib/microblaze-xilinx-elf/gcc/microblaze-xilinx-elf/13.3.0/include"
ignoring nonexistent directory "/opt/Xilinx/2025.2/Vitis/gnu/microblaze/lin/bin/../microblazeeb-xilinx-elf/usr/lib/microblaze-xilinx-elf/13.3.0/include"
ignoring nonexistent directory "/opt/Xilinx/2025.2/Vitis/gnu/microblaze/lin/bin/../microblazeeb-xilinx-elf/usr/local/include"
ignoring duplicate directory "/opt/Xilinx/2025.2/gnu/microblaze/lin/x86_64-oesdk-linux/usr/bin/microblaze-xilinx-elf/../../lib/microblaze-xilinx-elf/gcc/../../../lib/microblaze-xilinx-elf/gcc/microblaze-xilinx-elf/13.3.0/include-fixed"
ignoring nonexistent directory "/opt/Xilinx/2025.2/gnu/microblaze/lin/x86_64-oesdk-linux/usr/bin/microblaze-xilinx-elf/../../lib/microblaze-xilinx-elf/gcc/../../../lib/microblaze-xilinx-elf/gcc/microblaze-xilinx-elf/13.3.0/../../../../../microblaze-xilinx-elf/include"
#include "..." search starts here:
#include <...> search starts here:
 /opt/Xilinx/2025.2/gnu/microblaze/lin/x86_64-oesdk-linux/usr/bin/microblaze-xilinx-elf/../../lib/microblaze-xilinx-elf/gcc/microblaze-xilinx-elf/13.3.0/include
 /opt/Xilinx/2025.2/gnu/microblaze/lin/x86_64-oesdk-linux/usr/bin/microblaze-xilinx-elf/../../lib/microblaze-xilinx-elf/gcc/microblaze-xilinx-elf/13.3.0/include-fixed
 /opt/Xilinx/2025.2/Vitis/gnu/microblaze/lin/bin/../microblazeeb-xilinx-elf/usr/include/c++/13.3.0
 /opt/Xilinx/2025.2/Vitis/gnu/microblaze/lin/bin/../microblazeeb-xilinx-elf/usr/include/c++/13.3.0/microblaze-xilinx-elf
 /opt/Xilinx/2025.2/Vitis/gnu/microblaze/lin/bin/../microblazeeb-xilinx-elf/usr/include/c++/13.3.0/backward
 /opt/Xilinx/2025.2/Vitis/gnu/microblaze/lin/bin/../microblazeeb-xilinx-elf/usr/include/
End of search list.
Compiler executable checksum: 5ee332ca6c15a39532a83f3839ef2841
COLLECT_GCC_OPTIONS='--sysroot=/opt/Xilinx/2025.2/Vitis/gnu/microblaze/lin/bin/../microblazeeb-xilinx-elf' '-v' '-o' 'CMakeFiles/cmTC_3f28e.dir/CMakeCXXCompilerABI.cpp.o' '-c' '-dumpdir' 'CMakeFiles/cmTC_3f28e.dir/'
 /opt/Xilinx/2025.2/gnu/microblaze/lin/x86_64-oesdk-linux/usr/bin/microblaze-xilinx-elf/../../libexec/microblaze-xilinx-elf/gcc/microblaze-xilinx-elf/13.3.0/as -v -o CMakeFiles/cmTC_3f28e.dir/CMakeCXXCompilerABI.cpp.o /tmp/ccpizBwT.s
GNU assembler version 2.42.0 (microblaze-xilinx-elf) using BFD version (GNU Binutils) 2.42.0.20240723
COMPILER_PATH=/opt/Xilinx/2025.2/gnu/microblaze/lin/x86_64-oesdk-linux/usr/bin/microblaze-xilinx-elf/../../libexec/microblaze-xilinx-elf/gcc/microblaze-xilinx-elf/13.3.0/:/opt/Xilinx/2025.2/gnu/microblaze/lin/x86_64-oesdk-linux/usr/bin/microblaze-xilinx-elf/../../libexec/microblaze-xilinx-elf/gcc/
LIBRARY_PATH=/opt/Xilinx/2025.2/gnu/microblaze/lin/x86_64-oesdk-linux/usr/bin/microblaze-xilinx-elf/../../lib/microblaze-xilinx-elf/gcc/microblaze-xilinx-elf/13.3.0/:/opt/Xilinx/2025.2/gnu/microblaze/lin/x86_64-oesdk-linux/usr/bin/microblaze-xilinx-elf/../../lib/microblaze-xilinx-elf/gcc/:/opt/Xilinx/2025.2/Vitis/gnu/microblaze/lin/bin/../microblazeeb-xilinx-elf/usr/lib/microblaze-xilinx-elf/13.3.0/:/opt/Xilinx/2025.2/Vitis/gnu/microblaze/lin/bin/../microblazeeb-xilinx-elf/usr/lib/
COLLECT_GCC_OPTIONS='--sysroot=/opt/Xilinx/2025.2/Vitis/gnu/microblaze/lin/bin/../microblazeeb-xilinx-elf' '-v' '-o' 'CMakeFiles/cmTC_3f28e.dir/CMakeCXXCompilerABI.cpp.o' '-c' '-dumpdir' 'CMakeFiles/cmTC_3f28e.dir/CMakeCXXCompilerABI.cpp.'
[2/2] Linking CXX executable cmTC_3f28e
FAILED: cmTC_3f28e 
: && /opt/Xilinx/2025.2/Vitis/gnu/microblaze/lin/bin/mb-g++  -v CMakeFiles/cmTC_3f28e.dir/CMakeCXXCompilerABI.cpp.o -o cmTC_3f28e   && :
Using built-in specs.
COLLECT_GCC=/opt/Xilinx/2025.2/Vitis/gnu/microblaze/lin/bin/../x86_64-oesdk-linux/usr/bin/microblaze-xilinx-elf/microblaze-xilinx-elf-g++.real
COLLECT_LTO_WRAPPER=/opt/Xilinx/2025.2/gnu/microblaze/lin/x86_64-oesdk-linux/usr/bin/microblaze-xilinx-elf/../../libexec/microblaze-xilinx-elf/gcc/microblaze-xilinx-elf/13.3.0/lto-wrapper
Target: microblaze-xilinx-elf
Configured with: ../../../../../../work-shared/gcc-13.3.0-r0/gcc-13.3.0/configure --build=x86_64-linux --host=x86_64-oesdk-linux --target=microblaze-xilinx-elf --prefix=/usr/local/oe-sdk-hardcoded-buildpath/sysroots/x86_64-oesdk-linux/usr --exec_prefix=/usr/local/oe-sdk-hardcoded-buildpath/sysroots/x86_64-oesdk-linux/usr --bindir=/usr/local/oe-sdk-hardcoded-buildpath/sysroots/x86_64-oesdk-linux/usr/bin/microblaze-xilinx-elf --sbindir=/usr/local/oe-sdk-hardcoded-buildpath/sysroots/x86_64-oesdk-linux/usr/bin/microblaze-xilinx-elf --libexecdir=/usr/local/oe-sdk-hardcoded-buildpath/sysroots/x86_64-oesdk-linux/usr/libexec/microblaze-xilinx-elf --datadir=/usr/local/oe-sdk-hardcoded-buildpath/sysroots/x86_64-oesdk-linux/usr/share --sysconfdir=/usr/local/oe-sdk-hardcoded-buildpath/sysroots/x86_64-oesdk-linux/etc --sharedstatedir=/usr/local/oe-sdk-hardcoded-buildpath/sysroots/x86_64-oesdk-linux/com --localstatedir=/usr/local/oe-sdk-hardcoded-buildpath/sysroots/x86_64-oesdk-linux/var --libdir=/usr/local/oe-sdk-hardcoded-buildpath/sysroots/x86_64-oesdk-linux/usr/lib/microblaze-xilinx-elf --includedir=/usr/local/oe-sdk-hardcoded-buildpath/sysroots/x86_64-oesdk-linux/usr/include --oldincludedir=/usr/local/oe-sdk-hardcoded-buildpath/sysroots/x86_64-oesdk-linux/usr/include --infodir=/usr/local/oe-sdk-hardcoded-buildpath/sysroots/x86_64-oesdk-linux/usr/share/info --mandir=/usr/local/oe-sdk-hardcoded-buildpath/sysroots/x86_64-oesdk-linux/usr/share/man --disable-silent-rules --disable-dependency-tracking --with-libtool-sysroot=/host --with-gnu-ld --enable-shared --enable-languages=c,c++,fortran --enable-threads=posix --enable-multilib --enable-c99 --enable-long-long --enable-libstdcxx-pch --program-prefix=microblaze-xilinx-elf- --without-local-prefix --disable-install-libiberty --disable-libssp --enable-libitm --enable-lto --disable-bootstrap --with-system-zlib --enable-linker-build-id --with-ppl=no --with-cloog=no --enable-checking=release --enable-cheaders=c_global --without-isl --with-gxx-include-dir=/not/exist/usr/include/c++/13.3.0 --with-build-time-tools=/host-native/usr/microblaze-xilinx-elf/bin --with-sysroot=/not/exist --with-build-sysroot=/host --with-plugin-ld=ld --enable-poison-system-directories --disable-static --enable-nls --with-glibc-version=2.28 --enable-initfini-array --enable-multilib --disable-initfini_array --disable-__cxa_atexit --disable-libstdcxx-pch --with-newlib --disable-threads --enable-plugins --with-gnu-as --disable-libitm --disable-tm-clone-registry --without-long-double-128 --with-sysroot=/not/exist
Thread model: single
Supported LTO compression algorithms: zlib zstd
gcc version 13.3.0 (GCC) 
COMPILER_PATH=/opt/Xilinx/2025.2/gnu/microblaze/lin/x86_64-oesdk-linux/usr/bin/microblaze-xilinx-elf/../../libexec/microblaze-xilinx-elf/gcc/microblaze-xilinx-elf/13.3.0/:/opt/Xilinx/2025.2/gnu/microblaze/lin/x86_64-oesdk-linux/usr/bin/microblaze-xilinx-elf/../../libexec/microblaze-xilinx-elf/gcc/
LIBRARY_PATH=/opt/Xilinx/2025.2/gnu/microblaze/lin/x86_64-oesdk-linux/usr/bin/microblaze-xilinx-elf/../../lib/microblaze-xilinx-elf/gcc/microblaze-xilinx-elf/13.3.0/:/opt/Xilinx/2025.2/gnu/microblaze/lin/x86_64-oesdk-linux/usr/bin/microblaze-xilinx-elf/../../lib/microblaze-xilinx-elf/gcc/:/opt/Xilinx/2025.2/Vitis/gnu/microblaze/lin/bin/../microblazeeb-xilinx-elf/usr/lib/microblaze-xilinx-elf/13.3.0/:/opt/Xilinx/2025.2/Vitis/gnu/microblaze/lin/bin/../microblazeeb-xilinx-elf/usr/lib/
COLLECT_GCC_OPTIONS='--sysroot=/opt/Xilinx/2025.2/Vitis/gnu/microblaze/lin/bin/../microblazeeb-xilinx-elf' '-v' '-o' 'cmTC_3f28e' '-dumpdir' 'cmTC_3f28e.'
 /opt/Xilinx/2025.2/gnu/microblaze/lin/x86_64-oesdk-linux/usr/bin/microblaze-xilinx-elf/../../libexec/microblaze-xilinx-elf/gcc/microblaze-xilinx-elf/13.3.0/collect2 -plugin /opt/Xilinx/2025.2/gnu/microblaze/lin/x86_64-oesdk-linux/usr/bin/microblaze-xilinx-elf/../../libexec/microblaze-xilinx-elf/gcc/microblaze-xilinx-elf/13.3.0/liblto_plugin.so -plugin-opt=/opt/Xilinx/2025.2/gnu/microblaze/lin/x86_64-oesdk-linux/usr/bin/microblaze-xilinx-elf/../../libexec/microblaze-xilinx-elf/gcc/microblaze-xilinx-elf/13.3.0/lto-wrapper -plugin-opt=-fresolution=/tmp/cc2sbpjb.res -plugin-opt=-pass-through=-lgcc -plugin-opt=-pass-through=-lgloss -plugin-opt=-pass-through=-lxil -plugin-opt=-pass-through=-lc -plugin-opt=-pass-through=-lm -plugin-opt=-pass-through=-lgcc --sysroot=/opt/Xilinx/2025.2/Vitis/gnu/microblaze/lin/bin/../microblazeeb-xilinx-elf --build-id -N -relax -G 0 -dT /opt/Xilinx/2025.2/Vitis/gnu/microblaze/lin/bin/../microblazeeb-xilinx-elf/usr/lib/xilinx.ld -o cmTC_3f28e /opt/Xilinx/2025.2/Vitis/gnu/microblaze/lin/bin/../microblazeeb-xilinx-elf/usr/lib/crt0.o /opt/Xilinx/2025.2/Vitis/gnu/microblaze/lin/bin/../microblazeeb-xilinx-elf/usr/lib/microblaze-xilinx-elf/13.3.0/crti.o /opt/Xilinx/2025.2/Vitis/gnu/microblaze/lin/bin/../microblazeeb-xilinx-elf/usr/lib/microblaze-xilinx-elf/13.3.0/crtbegin.o /opt/Xilinx/2025.2/Vitis/gnu/microblaze/lin/bin/../microblazeeb-xilinx-elf/usr/lib/crtinit.o -L/opt/Xilinx/2025.2/gnu/microblaze/lin/x86_64-oesdk-linux/usr/bin/microblaze-xilinx-elf/../../lib/microblaze-xilinx-elf/gcc/microblaze-xilinx-elf/13.3.0 -L/opt/Xilinx/2025.2/gnu/microblaze/lin/x86_64-oesdk-linux/usr/bin/microblaze-xilinx-elf/../../lib/microblaze-xilinx-elf/gcc -L/opt/Xilinx/2025.2/Vitis/gnu/microblaze/lin/bin/../microblazeeb-xilinx-elf/usr/lib/microblaze-xilinx-elf/13.3.0 -L/opt/Xilinx/2025.2/Vitis/gnu/microblaze/lin/bin/../microblazeeb-xilinx-elf/usr/lib CMakeFiles/cmTC_3f28e.dir/CMakeCXXCompilerABI.cpp.o --build-id=none -lstdc++ -lm -lgcc -start-group -lgloss -lxil -lc -lm -end-group -lgcc /opt/Xilinx/2025.2/Vitis/gnu/microblaze/lin/bin/../microblazeeb-xilinx-elf/usr/lib/microblaze-xilinx-elf/13.3.0/crtend.o /opt/Xilinx/2025.2/Vitis/gnu/microblaze/lin/bin/../microblazeeb-xilinx-elf/usr/lib/microblaze-xilinx-elf/13.3.0/crtn.o
/opt/Xilinx/2025.2/gnu/microblaze/lin/x86_64-oesdk-linux/usr/bin/microblaze-xilinx-elf/microblaze-xilinx-elf-ld.real: cannot find -lxil: No such file or directory
collect2.real: error: ld returned 1 exit status
ninja: build stopped: subcommand failed.




Determining if the CXX compiler works failed with the following output:
Change Dir: /home/johan2/Documents/fpga/zynq-pynq-gnss-receiver/build/CMakeFiles/CMakeTmp

Run Build Command(s):/opt/Xilinx/2025.2/Vitis/bin/ninja cmTC_987b2 && [1/2] Building CXX object CMakeFiles/cmTC_987b2.dir/testCXXCompiler.cxx.o
[2/2] Linking CXX executable cmTC_987b2
FAILED: cmTC_987b2 
: && /opt/Xilinx/2025.2/Vitis/gnu/microblaze/lin/bin/mb-g++   CMakeFiles/cmTC_987b2.dir/testCXXCompiler.cxx.o -o cmTC_987b2   && :
/opt/Xilinx/2025.2/gnu/microblaze/lin/x86_64-oesdk-linux/usr/bin/microblaze-xilinx-elf/microblaze-xilinx-elf-ld.real: cannot find -lxil: No such file or directory
collect2.real: error: ld returned 1 exit status
ninja: build stopped: subcommand failed.



