  **** HLS Build v2025.2 6295257
INFO: [HLS 200-2005] Using work_dir /home/johan2/Documents/fpga/zynq-pynq-gnss-receiver/vitis_workspace/gnss_correlator_hls/gnss_correlator_hls 
INFO: [HLS 200-2176] Writing Vitis IDE component file /home/johan2/Documents/fpga/zynq-pynq-gnss-receiver/vitis_workspace/gnss_correlator_hls/gnss_correlator_hls/vitis-comp.json
INFO: [HLS 200-10] Creating and opening component '/home/johan2/Documents/fpga/zynq-pynq-gnss-receiver/vitis_workspace/gnss_correlator_hls/gnss_correlator_hls'.
INFO: [HLS 200-1611] Setting target device to 'xc7z020-clg484-1'
INFO: [HLS 200-1505] Using default flow_target 'vivado'
Resolution: For help on HLS 200-1505 see docs.amd.com/access/sources/dita/topic?Doc_Version=2025.2%20English&url=ug1448-hls-guidance&resourceid=200-1505.html
INFO: [HLS 200-2174] Applying component config ini file correlator_hls_config.cfg
INFO: [HLS 200-1465] Applying config ini 'syn.file=/home/johan2/Documents/fpga/zynq-pynq-gnss-receiver/vivado/ip_repo/gnss_correlator/src/gnss_correlator.h' from correlator_hls_config.cfg(7)
INFO: [HLS 200-10] Adding design file '/home/johan2/Documents/fpga/zynq-pynq-gnss-receiver/vivado/ip_repo/gnss_correlator/src/gnss_correlator.h' to the project
INFO: [HLS 200-1465] Applying config ini 'syn.file=/home/johan2/Documents/fpga/zynq-pynq-gnss-receiver/vivado/ip_repo/gnss_correlator/src/gnss_correlator.cpp' from correlator_hls_config.cfg(8)
INFO: [HLS 200-10] Adding design file '/home/johan2/Documents/fpga/zynq-pynq-gnss-receiver/vivado/ip_repo/gnss_correlator/src/gnss_correlator.cpp' to the project
INFO: [HLS 200-1465] Applying config ini 'tb.file=/home/johan2/Documents/fpga/zynq-pynq-gnss-receiver/vivado/ip_repo/gnss_correlator/src/gnss_correlator_tb.cpp' from correlator_hls_config.cfg(9)
INFO: [HLS 200-10] Adding test bench file '/home/johan2/Documents/fpga/zynq-pynq-gnss-receiver/vivado/ip_repo/gnss_correlator/src/gnss_correlator_tb.cpp' to the project
INFO: [HLS 200-1465] Applying config ini 'syn.top=gnss_correlator' from correlator_hls_config.cfg(10)
INFO: [HLS 200-1465] Applying config ini 'flow_target=vivado' from correlator_hls_config.cfg(4)
INFO: [HLS 200-1505] Using flow_target 'vivado'
Resolution: For help on HLS 200-1505 see docs.amd.com/access/sources/dita/topic?Doc_Version=2025.2%20English&url=ug1448-hls-guidance&resourceid=200-1505.html
INFO: [HLS 200-1465] Applying config ini 'part=xc7z020clg484-1' from correlator_hls_config.cfg(1)
INFO: [HLS 200-1465] Applying config ini 'clock=10n' from correlator_hls_config.cfg(11)
INFO: [SYN 201-201] Setting up clock 'default' with a period of 10ns.
INFO: [HLS 200-1465] Applying config ini 'package.output.format=ip_catalog' from correlator_hls_config.cfg(5)
INFO: [HLS 200-2176] Writing Vitis IDE component file /home/johan2/Documents/fpga/zynq-pynq-gnss-receiver/vitis_workspace/gnss_correlator_hls/gnss_correlator_hls/vitis-comp.json
INFO: [IMPL 213-8] Exporting RTL as a Vivado IP.

****** Vivado v2025.2 (64-bit)
  **** SW Build 6299465 on Fri Nov 14 12:34:56 MST 2025
  **** IP Build 6300035 on Fri Nov 14 10:48:45 MST 2025
  **** SharedData Build 6298862 on Thu Nov 13 04:50:51 MST 2025
  **** Start of session at: Sat Sep 19 16:15:24 2026
    ** Copyright 1986-2022 Xilinx, Inc. All Rights Reserved.
    ** Copyright 2022-2025 Advanced Micro Devices, Inc. All Rights Reserved.

source run_ippack.tcl -notrace
INFO: calling package_hls_ip ip_types=vitis sysgen json_file=/home/johan2/Documents/fpga/zynq-pynq-gnss-receiver/vitis_workspace/gnss_correlator_hls/gnss_correlator_hls/hls/hls_data.json outdir=/home/johan2/Documents/fpga/zynq-pynq-gnss-receiver/vitis_workspace/gnss_correlator_hls/gnss_correlator_hls/hls/impl/ip srcdir=/home/johan2/Documents/fpga/zynq-pynq-gnss-receiver/vitis_workspace/gnss_correlator_hls/gnss_correlator_hls/hls ippack_options_dict= ippack_options_dict=
INFO: Copied 1 ipmisc file(s) to /home/johan2/Documents/fpga/zynq-pynq-gnss-receiver/vitis_workspace/gnss_correlator_hls/gnss_correlator_hls/hls/impl/ip/misc
INFO: Copied 14 verilog file(s) to /home/johan2/Documents/fpga/zynq-pynq-gnss-receiver/vitis_workspace/gnss_correlator_hls/gnss_correlator_hls/hls/impl/ip/hdl/verilog
INFO: Copied 14 vhdl file(s) to /home/johan2/Documents/fpga/zynq-pynq-gnss-receiver/vitis_workspace/gnss_correlator_hls/gnss_correlator_hls/hls/impl/ip/hdl/vhdl
INFO: Copied 10 swdriver file(s) to /home/johan2/Documents/fpga/zynq-pynq-gnss-receiver/vitis_workspace/gnss_correlator_hls/gnss_correlator_hls/hls/impl/ip/drivers
Generating 1 subcores in /home/johan2/Documents/fpga/zynq-pynq-gnss-receiver/vitis_workspace/gnss_correlator_hls/gnss_correlator_hls/hls/impl/ip/subcore_prj:
impl/misc/gnss_correlator_fpext_32ns_64_2_no_dsp_1_ip.tcl
INFO: Using COE_DIR=/home/johan2/Documents/fpga/zynq-pynq-gnss-receiver/vitis_workspace/gnss_correlator_hls/gnss_correlator_hls/hls/impl/ip/hdl/verilog
INFO: Generating gnss_correlator_fpext_32ns_64_2_no_dsp_1_ip via file impl/misc/gnss_correlator_fpext_32ns_64_2_no_dsp_1_ip.tcl
INFO: [IP_Flow 19-234] Refreshing IP repositories
INFO: [IP_Flow 19-1704] No user IP repositories specified
INFO: [IP_Flow 19-2313] Loaded Vivado IP repository '/opt/Xilinx/2025.2/data/ip'.
INFO: [IP_Flow 19-1686] Generating 'Synthesis' target for IP 'gnss_correlator_fpext_32ns_64_2_no_dsp_1_ip'...
INFO: [IP_Flow 19-1686] Generating 'Simulation' target for IP 'gnss_correlator_fpext_32ns_64_2_no_dsp_1_ip'...
INFO: Done generating gnss_correlator_fpext_32ns_64_2_no_dsp_1_ip via file impl/misc/gnss_correlator_fpext_32ns_64_2_no_dsp_1_ip.tcl
INFO: Found 1 unique subcore IP: xilinx.com:ip:floating_point:7.1
INFO: Copied 1 subcore files: /home/johan2/Documents/fpga/zynq-pynq-gnss-receiver/vitis_workspace/gnss_correlator_hls/gnss_correlator_hls/hls/impl/ip/hdl/ip/gnss_correlator_fpext_32ns_64_2_no_dsp_1_ip/gnss_correlator_fpext_32ns_64_2_no_dsp_1_ip.xci
INFO: Import ports from HDL: /home/johan2/Documents/fpga/zynq-pynq-gnss-receiver/vitis_workspace/gnss_correlator_hls/gnss_correlator_hls/hls/impl/ip/hdl/vhdl/gnss_correlator.vhd (gnss_correlator)
INFO: Add axi4lite interface s_axi_control
INFO: Add axi4lite interface s_axi_control_r
INFO: Add clock interface ap_clk
INFO: Add reset interface ap_rst_n
INFO: Add interrupt interface interrupt
INFO: [IP_Flow 19-234] Refreshing IP repositories
INFO: [IP_Flow 19-1704] No user IP repositories specified
INFO: [IP_Flow 19-2313] Loaded Vivado IP repository '/opt/Xilinx/2025.2/data/ip'.
INFO: Add axi4full interface m_axi_gmem0
INFO: Add axi4full interface m_axi_gmem1
INFO: Calling post_process_vitis to specialize IP
INFO: Calling post_process_sysgen to specialize IP
Generating sysgen info xml from json file
INFO: Created IP /home/johan2/Documents/fpga/zynq-pynq-gnss-receiver/vitis_workspace/gnss_correlator_hls/gnss_correlator_hls/hls/impl/ip/component.xml
INFO: Created IP archive /home/johan2/Documents/fpga/zynq-pynq-gnss-receiver/vitis_workspace/gnss_correlator_hls/gnss_correlator_hls/hls/impl/ip/xilinx_com_hls_gnss_correlator_1_0.zip
INFO: [Common 17-206] Exiting Vivado at Sat Sep 19 16:15:42 2026...
INFO: [IMPL 213-8] Starting RTL evaluation using Vivado ...

****** Vivado v2025.2 (64-bit)
  **** SW Build 6299465 on Fri Nov 14 12:34:56 MST 2025
  **** IP Build 6300035 on Fri Nov 14 10:48:45 MST 2025
  **** SharedData Build 6298862 on Thu Nov 13 04:50:51 MST 2025
  **** Start of session at: Sat Sep 19 16:15:48 2026
    ** Copyright 1986-2022 Xilinx, Inc. All Rights Reserved.
    ** Copyright 2022-2025 Advanced Micro Devices, Inc. All Rights Reserved.

source run_vivado.tcl
# source ./settings.tcl
## set top_module gnss_correlator
## set language verilog
## set family zynq
## set device xc7z020
## set package -clg484
## set speed -1
## set clock ap_clk
## set fsm_ext "off"
## set add_io_buffers false 
# source -notrace ./extraction.tcl
# set vivado_proj_name project
# set vivado_proj_dir .
# set target_device "${device}${package}${speed}"
# set target_clk_period_ns "10.000"
# set target_clk_freq_hz [expr {floor(1000 / $target_clk_period_ns) * 1000000}]
# set other_clks_freq_hz {}
# set ip_vlnv xilinx.com:hls:gnss_correlator:1.0
# set ip_repo_path ../ip
# set bd_design_name bd_0
# set bd_inst_name hls_inst
# set bd_props {}
# set has_synth true
# set synth_design_args {-directive sdx_optimization_effort_high}
# set synth_dcp ""
# set synth_props {}
# set has_impl 1
# set impl_props {}
# set has_subcore 1
# set report_options [dict create]
# dict set report_options report_level 2
# dict set report_options report_max_paths 10
# dict set report_options stdout_hls_reports 1
# dict set report_options stdout_vivado_reports 0
# dict set report_options hls_project gnss_correlator_hls
# dict set report_options hls_solution hls
# dict set report_options has_synth $has_synth
# dict set report_options has_impl $has_impl
# dict set report_options vivado_reportbasename $top_module
# dict set report_options vivado_reportdir ./report
# dict set report_options hls_impl_dir ..
# dict set report_options hls_reportdir ../report/$language
# dict set report_options target_clk_period $target_clk_period_ns
# dict set report_options target_device $target_device
# dict set report_options language $language
# dict set report_options clock_name $clock
# dict set report_options error_if_impl_timing_fails false
# dict set report_options topmodule "gnss_correlator"
# dict set report_options funcmodules gnss_correlator_gnss_correlator_Pipeline_VITIS_LOOP_31_1
# dict set report_options bindmodules {gnss_correlator_fpext_32ns_64_2_no_dsp_1 gnss_correlator_sparsemux_9_3_18_1_1 gnss_correlator_mul_18s_18s_36_1_1 gnss_correlator_mac_mulsub_18s_18s_36s_36_4_1 gnss_correlator_mac_muladd_18s_18s_36s_37_4_1 gnss_correlator_flow_control_loop_pipe_sequential_init gnss_correlator_ctlz_64_64_1_1 gnss_correlator_bitselect_1ns_64ns_6ns_1_1_1 gnss_correlator_gmem0_m_axi gnss_correlator_gmem1_m_axi gnss_correlator_control_s_axi gnss_correlator_control_r_s_axi}
# dict set report_options max_module_depth 6
# create_project $vivado_proj_name $vivado_proj_dir -part $target_device -force
# set_property target_language $language [current_project]
# if { ![file exists $ip_repo_path] } {
#   error "Cannot find packaged HLS IP"
# }
# set_property ip_repo_paths [file normalize $ip_repo_path] [current_project]
# update_ip_catalog
INFO: [IP_Flow 19-234] Refreshing IP repositories
INFO: [IP_Flow 19-1700] Loaded user IP repository '/home/johan2/Documents/fpga/zynq-pynq-gnss-receiver/vitis_workspace/gnss_correlator_hls/gnss_correlator_hls/hls/impl/ip'.
INFO: [IP_Flow 19-2313] Loaded Vivado IP repository '/opt/Xilinx/2025.2/data/ip'.
# create_bd_design bd_0
Wrote  : </home/johan2/Documents/fpga/zynq-pynq-gnss-receiver/vitis_workspace/gnss_correlator_hls/gnss_correlator_hls/hls/impl/verilog/project.srcs/sources_1/bd/bd_0/bd_0.bd> 
# set cell_inst [create_bd_cell -type ip -vlnv $ip_vlnv $bd_inst_name]
# if { [llength $bd_props] } { 
#   set_property -dict $bd_props $cell_inst 
# }
# make_bd_pins_external $cell_inst
# make_bd_intf_pins_external $cell_inst
# set bd_clk_ports [get_bd_ports -filter {TYPE==clk}]
# if { $target_clk_freq_hz ne "" } { 
#   foreach bd_clk_port $bd_clk_ports {
#     # Remove "_0" suffix from BD ports & interfaces so they match IP ports 
#     set clk_name [regsub {_0$} [get_property name $bd_clk_port] {}]
#     set port_freq_hz $target_clk_freq_hz
#     if { [dict exists $other_clks_freq_hz $clk_name] } {
#         set port_freq_hz [dict get $other_clks_freq_hz $clk_name]
#     }
#     set_property CONFIG.FREQ_HZ $port_freq_hz $bd_clk_port
#   }
# }
# foreach bd_port [get_bd_intf_ports] {
#   set_property name [regsub {_0$} [get_property name $bd_port] {}] $bd_port
# }
# foreach bd_port [get_bd_ports -filter {INTF!=TRUE}] {
#   set_property name [regsub {_0$} [get_property name $bd_port] {}] $bd_port
# }
# set s_axi_addr_width_min 32
# foreach bd_port [get_bd_intf_ports -filter {MODE == "Slave" && VLNV =~ "xilinx.com:interface:aximm_rtl:*"}] {
#   set bd_port_addr_width [get_property CONFIG.ADDR_WIDTH $bd_port]
#   if { $bd_port_addr_width < $s_axi_addr_width_min } {
#     puts "INFO: Updating $bd_port CONFIG.ADDR_WIDTH to $s_axi_addr_width_min"
#     set_property CONFIG.ADDR_WIDTH $s_axi_addr_width_min $bd_port
#   }
# }
INFO: Updating /s_axi_control CONFIG.ADDR_WIDTH to 32
INFO: Updating /s_axi_control_r CONFIG.ADDR_WIDTH to 32
# set_msg_config -id {[BD 41-1265]} -severity {CRITICAL WARNING} -new_severity {INFO}
# assign_bd_address
INFO: [BD 41-3093] Triggering Legacy Auto Assign Algorithm
Slave segment '/hls_inst/s_axi_control/Reg' is being assigned into address space '/s_axi_control' at <0x0000_0000 [ 64K ]>.
Slave segment '/hls_inst/s_axi_control_r/Reg' is being assigned into address space '/s_axi_control_r' at <0x0000_0000 [ 64K ]>.
Slave segment '/m_axi_gmem0/Reg' is being assigned into address space '/hls_inst/Data_m_axi_gmem0' at <0x44A0_0000 [ 64K ]>.
Slave segment '/m_axi_gmem1/Reg' is being assigned into address space '/hls_inst/Data_m_axi_gmem1' at <0x44A0_0000 [ 64K ]>.
Wrote  : </home/johan2/Documents/fpga/zynq-pynq-gnss-receiver/vitis_workspace/gnss_correlator_hls/gnss_correlator_hls/hls/impl/verilog/project.srcs/sources_1/bd/bd_0/bd_0.bd> 
Verilog Output written to : /home/johan2/Documents/fpga/zynq-pynq-gnss-receiver/vitis_workspace/gnss_correlator_hls/gnss_correlator_hls/hls/impl/verilog/project.gen/sources_1/bd/bd_0/synth/bd_0.v
Verilog Output written to : /home/johan2/Documents/fpga/zynq-pynq-gnss-receiver/vitis_workspace/gnss_correlator_hls/gnss_correlator_hls/hls/impl/verilog/project.gen/sources_1/bd/bd_0/sim/bd_0.v
Verilog Output written to : /home/johan2/Documents/fpga/zynq-pynq-gnss-receiver/vitis_workspace/gnss_correlator_hls/gnss_correlator_hls/hls/impl/verilog/project.gen/sources_1/bd/bd_0/hdl/bd_0_wrapper.v
# set toprtl [make_wrapper -files [get_files ${bd_design_name}.bd] -top]
# add_files -norecurse $toprtl
# set top_inst_name [file root [file tail $toprtl]]
# puts "Using BD top: $top_inst_name"
Using BD top: bd_0_wrapper
# set xdc_files [glob -nocomplain ./*.xdc]
# if { [llength $xdc_files] } {
#     add_files -fileset constrs_1 -norecurse $xdc_files
# }
# launch_runs synth_1 -scripts_only
INFO: [BD 41-1662] The design 'bd_0.bd' is already validated. Therefore parameter propagation will not be re-run.
Verilog Output written to : /home/johan2/Documents/fpga/zynq-pynq-gnss-receiver/vitis_workspace/gnss_correlator_hls/gnss_correlator_hls/hls/impl/verilog/project.gen/sources_1/bd/bd_0/synth/bd_0.v
Verilog Output written to : /home/johan2/Documents/fpga/zynq-pynq-gnss-receiver/vitis_workspace/gnss_correlator_hls/gnss_correlator_hls/hls/impl/verilog/project.gen/sources_1/bd/bd_0/sim/bd_0.v
Verilog Output written to : /home/johan2/Documents/fpga/zynq-pynq-gnss-receiver/vitis_workspace/gnss_correlator_hls/gnss_correlator_hls/hls/impl/verilog/project.gen/sources_1/bd/bd_0/hdl/bd_0_wrapper.v
INFO: [BD 41-1029] Generation completed for the IP Integrator block hls_inst .
Exporting to file /home/johan2/Documents/fpga/zynq-pynq-gnss-receiver/vitis_workspace/gnss_correlator_hls/gnss_correlator_hls/hls/impl/verilog/project.gen/sources_1/bd/bd_0/hw_handoff/bd_0.hwh
Generated Hardware Definition File /home/johan2/Documents/fpga/zynq-pynq-gnss-receiver/vitis_workspace/gnss_correlator_hls/gnss_correlator_hls/hls/impl/verilog/project.gen/sources_1/bd/bd_0/synth/bd_0.hwdef
INFO: [BD 41-3262] Generated VHDL Instantiation Template file /home/johan2/Documents/fpga/zynq-pynq-gnss-receiver/vitis_workspace/gnss_correlator_hls/gnss_correlator_hls/hls/impl/verilog/project.gen/sources_1/bd/bd_0/bd_0.vho
INFO: [BD 41-3262] Generated Verilog Instantiation Template file /home/johan2/Documents/fpga/zynq-pynq-gnss-receiver/vitis_workspace/gnss_correlator_hls/gnss_correlator_hls/hls/impl/verilog/project.gen/sources_1/bd/bd_0/bd_0.veo
INFO: [BD 41-3262] Generated System Verilog Instantiation Template file /home/johan2/Documents/fpga/zynq-pynq-gnss-receiver/vitis_workspace/gnss_correlator_hls/gnss_correlator_hls/hls/impl/verilog/project.gen/sources_1/bd/bd_0/bd_0_sv.sveo
WARNING: [Vivado 12-7122] Auto Incremental Compile:: No reference checkpoint was found in run synth_1. Auto-incremental flow will not be run, the standard flow will be run instead.
launch_runs: Time (s): cpu = 00:00:13 ; elapsed = 00:00:13 . Memory (MB): peak = 1802.965 ; gain = 64.031 ; free physical = 930 ; free virtual = 10379
# foreach run [get_runs -filter {IS_SYNTHESIS == 1}] {
#   reset_run [get_runs $run]
# }
# set_property XPM_LIBRARIES {XPM_MEMORY XPM_FIFO} [current_project]
# hls_vivado_reports_setup $report_options
TIMESTAMP: HLS-REPORT: initialize report directories: 2026-09-19 16:16:15 IST
# if { $has_subcore } { report_ip_status }
Copyright 1986-2022 Xilinx, Inc. All Rights Reserved. Copyright 2022-2025 Advanced Micro Devices, Inc. All Rights Reserved.
---------------------------------------------------------------------------------------------------------------------------------------------
| Tool Version : Vivado v.2025.2 (lin64) Build 6299465 Fri Nov 14 12:34:56 MST 2025
| Date         : Sat Sep 19 16:16:15 2026
| Host         : johan2-Yoga-7-15ITL5 running 64-bit Ubuntu 22.04.5 LTS
| Command      : report_ip_status
---------------------------------------------------------------------------------------------------------------------------------------------

IP Status Summary

1. Project IP Status
--------------------
Your project uses 2 IP. Some of these IP may have undergone changes in this release of the software. Please review the recommended actions.

More information on the Xilinx versioning policy is available at www.xilinx.com.

Project IP Instances
+---------------------------------------------+------------+---------------------+-----------+--------------------+---------+-----------------------+------------+----------------------+
| Instance Name                               | Status     | Recommendation      | Change    | IP Name            | IP      | New Version           | New        | Original Part        |
|                                             |            |                     | Log       |                    | Version |                       | License    |                      |
+---------------------------------------------+------------+---------------------+-----------+--------------------+---------+-----------------------+------------+----------------------+
| bd_0_hls_inst_0                             | Up-to-date | No changes required | Change    | Gnss_correlator    | 1.0     | 1.0 (Rev. 2114793015) | Included   | xc7z020clg484-1      |
|                                             |            |                     | Log not   |                    | (Rev.   |                       |            |                      |
|                                             |            |                     | available |                    | 2114793 |                       |            |                      |
+---------------------------------------------+------------+---------------------+-----------+--------------------+---------+-----------------------+------------+----------------------+
| gnss_correlator_fpext_32ns_64_2_no_dsp_1_ip | Up-to-date | No changes required |  *(1)     | Floating-point     | 7.1     | 7.1 (Rev. 21)         | Included   | xc7z020clg484-1      |
|                                             |            |                     |           |                    | (Rev.   |                       |            |                      |
|                                             |            |                     |           |                    | 21)     |                       |            |                      |
+---------------------------------------------+------------+---------------------+-----------+--------------------+---------+-----------------------+------------+----------------------+
*(1) /opt/Xilinx/2025.2/data/ip/xilinx/floating_point_v7_1/doc/floating_point_v7_1_changelog.txt


# if { $has_synth || $has_impl } {
#   # synth properties setting
#   set_property -name {STEPS.SYNTH_DESIGN.ARGS.MORE OPTIONS} -value {-mode out_of_context} -objects [get_runs synth_1]
#   set ip_inst [get_ips -quiet ${bd_design_name}*${bd_inst_name}*]
#   if { ![llength $ip_inst] } {
#       error "Cannot find HLS IP instance: ${bd_design_name}*${bd_inst_name}*"
#   }
#   set synth_run [get_runs -filter {IS_SYNTHESIS == 1} ${ip_inst}*]
#   if { ![llength $synth_run] } {
#       error "Cannot find synth run for HLS IP: ${ip_inst}*"
#   }
# 
#   if { [llength $synth_design_args] } {
#       set_property -name {STEPS.SYNTH_DESIGN.ARGS.MORE OPTIONS} -value $synth_design_args -objects $synth_run
#   }
# 
#   if { [llength $synth_props] } {
#     set_property -dict $synth_props $synth_run
#   }
# 
#   # launch run synth
#   launch_runs synth_1
#   wait_on_run synth_1
#   # synth reports
#   hls_vivado_reports_synth synth_1 $report_options
#   if { $synth_dcp ne "" } {
#     file mkdir [file dirname $synth_dcp]
#     set run_dcp [glob -nocomplain [get_property DIRECTORY $synth_run]/*.dcp]
#     if { [llength $run_dcp] != 1 } { error "Cannot find single dcp file for run $synth_run" }
#     file copy -force $run_dcp $synth_dcp
#   }
# }
WARNING: [Vivado 12-7122] Auto Incremental Compile:: No reference checkpoint was found in run synth_1. Auto-incremental flow will not be run, the standard flow will be run instead.
[Sat Sep 19 16:16:15 2026] Launched bd_0_hls_inst_0_synth_1...
Run output will be captured here: /home/johan2/Documents/fpga/zynq-pynq-gnss-receiver/vitis_workspace/gnss_correlator_hls/gnss_correlator_hls/hls/impl/verilog/project.runs/bd_0_hls_inst_0_synth_1/runme.log
[Sat Sep 19 16:16:15 2026] Launched synth_1...
Run output will be captured here: /home/johan2/Documents/fpga/zynq-pynq-gnss-receiver/vitis_workspace/gnss_correlator_hls/gnss_correlator_hls/hls/impl/verilog/project.runs/synth_1/runme.log
[Sat Sep 19 16:16:15 2026] Waiting for synth_1 to finish...

*** Running vivado
    with args -log bd_0_wrapper.vds -m64 -product Vivado -mode batch -messageDb vivado.pb -notrace -source bd_0_wrapper.tcl


****** Vivado v2025.2 (64-bit)
  **** SW Build 6299465 on Fri Nov 14 12:34:56 MST 2025
  **** IP Build 6300035 on Fri Nov 14 10:48:45 MST 2025
  **** SharedData Build 6298862 on Thu Nov 13 04:50:51 MST 2025
  **** Start of session at: Sat Sep 19 16:19:27 2026
    ** Copyright 1986-2022 Xilinx, Inc. All Rights Reserved.
    ** Copyright 2022-2025 Advanced Micro Devices, Inc. All Rights Reserved.

source bd_0_wrapper.tcl -notrace
INFO: Dispatch client connection id - 36045
INFO: [IP_Flow 19-234] Refreshing IP repositories
INFO: [IP_Flow 19-1700] Loaded user IP repository '/home/johan2/Documents/fpga/zynq-pynq-gnss-receiver/vitis_workspace/gnss_correlator_hls/gnss_correlator_hls/hls/impl/ip'.
INFO: [IP_Flow 19-2313] Loaded Vivado IP repository '/opt/Xilinx/2025.2/data/ip'.
Command: synth_design -top bd_0_wrapper -part xc7z020clg484-1 -mode out_of_context
Starting synth_design
Attempting to get a license for feature 'Synthesis' and/or device 'xc7z020'
INFO: [Common 17-349] Got license for feature 'Synthesis' and/or device 'xc7z020'
INFO: [Device 21-403] Loading part xc7z020clg484-1
INFO: [Synth 8-7079] Multithreading enabled for synth_design using a maximum of 7 processes.
INFO: [Synth 8-7078] Launching helper process for spawning children vivado processes
INFO: [Synth 8-7075] Helper process launched with PID 76856
---------------------------------------------------------------------------------
Starting RTL Elaboration : Time (s): cpu = 00:00:10 ; elapsed = 00:00:10 . Memory (MB): peak = 2300.578 ; gain = 483.961 ; free physical = 745 ; free virtual = 9301
---------------------------------------------------------------------------------
INFO: [Synth 8-6157] synthesizing module 'bd_0_wrapper' [/home/johan2/Documents/fpga/zynq-pynq-gnss-receiver/vitis_workspace/gnss_correlator_hls/gnss_correlator_hls/hls/impl/verilog/project.gen/sources_1/bd/bd_0/hdl/bd_0_wrapper.v:13]
INFO: [Synth 8-6157] synthesizing module 'bd_0' [/home/johan2/Documents/fpga/zynq-pynq-gnss-receiver/vitis_workspace/gnss_correlator_hls/gnss_correlator_hls/hls/impl/verilog/project.gen/sources_1/bd/bd_0/synth/bd_0.v:13]
INFO: [Synth 8-6157] synthesizing module 'bd_0_hls_inst_0' [/home/johan2/Documents/fpga/zynq-pynq-gnss-receiver/vitis_workspace/gnss_correlator_hls/gnss_correlator_hls/hls/impl/verilog/project.runs/synth_1/.Xil/Vivado-76730-johan2-Yoga-7-15ITL5/realtime/bd_0_hls_inst_0_stub.v:6]
INFO: [Synth 8-6155] done synthesizing module 'bd_0_hls_inst_0' (0#1) [/home/johan2/Documents/fpga/zynq-pynq-gnss-receiver/vitis_workspace/gnss_correlator_hls/gnss_correlator_hls/hls/impl/verilog/project.runs/synth_1/.Xil/Vivado-76730-johan2-Yoga-7-15ITL5/realtime/bd_0_hls_inst_0_stub.v:6]
INFO: [Synth 8-6155] done synthesizing module 'bd_0' (0#1) [/home/johan2/Documents/fpga/zynq-pynq-gnss-receiver/vitis_workspace/gnss_correlator_hls/gnss_correlator_hls/hls/impl/verilog/project.gen/sources_1/bd/bd_0/synth/bd_0.v:13]
INFO: [Synth 8-6155] done synthesizing module 'bd_0_wrapper' (0#1) [/home/johan2/Documents/fpga/zynq-pynq-gnss-receiver/vitis_workspace/gnss_correlator_hls/gnss_correlator_hls/hls/impl/verilog/project.gen/sources_1/bd/bd_0/hdl/bd_0_wrapper.v:13]
---------------------------------------------------------------------------------
Finished RTL Elaboration : Time (s): cpu = 00:00:13 ; elapsed = 00:00:14 . Memory (MB): peak = 2400.547 ; gain = 583.930 ; free physical = 454 ; free virtual = 9021
---------------------------------------------------------------------------------
---------------------------------------------------------------------------------
Start Handling Custom Attributes
---------------------------------------------------------------------------------
---------------------------------------------------------------------------------
Finished Handling Custom Attributes : Time (s): cpu = 00:00:14 ; elapsed = 00:00:14 . Memory (MB): peak = 2412.422 ; gain = 595.805 ; free physical = 463 ; free virtual = 9030
---------------------------------------------------------------------------------
---------------------------------------------------------------------------------
Finished RTL Optimization Phase 1 : Time (s): cpu = 00:00:14 ; elapsed = 00:00:14 . Memory (MB): peak = 2412.422 ; gain = 595.805 ; free physical = 463 ; free virtual = 9030
---------------------------------------------------------------------------------
Netlist sorting complete. Time (s): cpu = 00:00:00.01 ; elapsed = 00:00:00.01 . Memory (MB): peak = 2412.422 ; gain = 0.000 ; free physical = 451 ; free virtual = 9018
INFO: [Project 1-570] Preparing netlist for logic optimization

Processing XDC Constraints
Initializing timing engine
Parsing XDC File [/home/johan2/Documents/fpga/zynq-pynq-gnss-receiver/vitis_workspace/gnss_correlator_hls/gnss_correlator_hls/hls/impl/verilog/project.gen/sources_1/bd/bd_0/ip/bd_0_hls_inst_0/bd_0_hls_inst_0/bd_0_hls_inst_0_in_context.xdc] for cell 'bd_0_i/hls_inst'
Finished Parsing XDC File [/home/johan2/Documents/fpga/zynq-pynq-gnss-receiver/vitis_workspace/gnss_correlator_hls/gnss_correlator_hls/hls/impl/verilog/project.gen/sources_1/bd/bd_0/ip/bd_0_hls_inst_0/bd_0_hls_inst_0/bd_0_hls_inst_0_in_context.xdc] for cell 'bd_0_i/hls_inst'
Parsing XDC File [/home/johan2/Documents/fpga/zynq-pynq-gnss-receiver/vitis_workspace/gnss_correlator_hls/gnss_correlator_hls/hls/impl/verilog/gnss_correlator.xdc]
Finished Parsing XDC File [/home/johan2/Documents/fpga/zynq-pynq-gnss-receiver/vitis_workspace/gnss_correlator_hls/gnss_correlator_hls/hls/impl/verilog/gnss_correlator.xdc]
Parsing XDC File [/home/johan2/Documents/fpga/zynq-pynq-gnss-receiver/vitis_workspace/gnss_correlator_hls/gnss_correlator_hls/hls/impl/verilog/project.runs/synth_1/dont_touch.xdc]
Finished Parsing XDC File [/home/johan2/Documents/fpga/zynq-pynq-gnss-receiver/vitis_workspace/gnss_correlator_hls/gnss_correlator_hls/hls/impl/verilog/project.runs/synth_1/dont_touch.xdc]
Completed Processing XDC Constraints

Netlist sorting complete. Time (s): cpu = 00:00:00 ; elapsed = 00:00:00 . Memory (MB): peak = 2461.348 ; gain = 0.000 ; free physical = 277 ; free virtual = 8840
INFO: [Project 1-111] Unisim Transformation Summary:
No Unisim elements were transformed.

Constraint Validation Runtime : Time (s): cpu = 00:00:00.05 ; elapsed = 00:00:00.04 . Memory (MB): peak = 2461.383 ; gain = 0.000 ; free physical = 321 ; free virtual = 8883
---------------------------------------------------------------------------------
Finished Constraint Validation : Time (s): cpu = 00:00:30 ; elapsed = 00:00:30 . Memory (MB): peak = 2461.383 ; gain = 644.766 ; free physical = 438 ; free virtual = 9001
---------------------------------------------------------------------------------
---------------------------------------------------------------------------------
Start Loading Part and Timing Information
---------------------------------------------------------------------------------
Loading part: xc7z020clg484-1
---------------------------------------------------------------------------------
Finished Loading Part and Timing Information : Time (s): cpu = 00:00:30 ; elapsed = 00:00:30 . Memory (MB): peak = 2469.352 ; gain = 652.734 ; free physical = 438 ; free virtual = 9001
---------------------------------------------------------------------------------
---------------------------------------------------------------------------------
Start Applying 'set_property' XDC Constraints
---------------------------------------------------------------------------------
---------------------------------------------------------------------------------
Finished applying 'set_property' XDC Constraints : Time (s): cpu = 00:00:30 ; elapsed = 00:00:30 . Memory (MB): peak = 2469.352 ; gain = 652.734 ; free physical = 438 ; free virtual = 9001
---------------------------------------------------------------------------------
---------------------------------------------------------------------------------
Finished RTL Optimization Phase 2 : Time (s): cpu = 00:00:30 ; elapsed = 00:00:31 . Memory (MB): peak = 2469.352 ; gain = 652.734 ; free physical = 437 ; free virtual = 9000
---------------------------------------------------------------------------------
---------------------------------------------------------------------------------
Start RTL Component Statistics 
---------------------------------------------------------------------------------
Detailed RTL Component Info : 
---------------------------------------------------------------------------------
Finished RTL Component Statistics 
---------------------------------------------------------------------------------
---------------------------------------------------------------------------------
Start Part Resource Summary
---------------------------------------------------------------------------------
Part Resources:
DSPs: 220 (col length:60)
BRAMs: 280 (col length: RAMB18 60 RAMB36 30)
---------------------------------------------------------------------------------
Finished Part Resource Summary
---------------------------------------------------------------------------------
---------------------------------------------------------------------------------
Start Cross Boundary and Area Optimization
---------------------------------------------------------------------------------
---------------------------------------------------------------------------------
Finished Cross Boundary and Area Optimization : Time (s): cpu = 00:00:34 ; elapsed = 00:00:34 . Memory (MB): peak = 2469.352 ; gain = 652.734 ; free physical = 446 ; free virtual = 9014
---------------------------------------------------------------------------------
---------------------------------------------------------------------------------
Start Applying XDC Timing Constraints
---------------------------------------------------------------------------------
---------------------------------------------------------------------------------
Finished Applying XDC Timing Constraints : Time (s): cpu = 00:00:45 ; elapsed = 00:00:46 . Memory (MB): peak = 2556.352 ; gain = 739.734 ; free physical = 392 ; free virtual = 8958
---------------------------------------------------------------------------------
---------------------------------------------------------------------------------
Start Timing Optimization
---------------------------------------------------------------------------------
---------------------------------------------------------------------------------
Finished Timing Optimization : Time (s): cpu = 00:00:45 ; elapsed = 00:00:46 . Memory (MB): peak = 2556.352 ; gain = 739.734 ; free physical = 392 ; free virtual = 8958
---------------------------------------------------------------------------------
---------------------------------------------------------------------------------
Start Technology Mapping
---------------------------------------------------------------------------------
---------------------------------------------------------------------------------
Finished Technology Mapping : Time (s): cpu = 00:00:45 ; elapsed = 00:00:46 . Memory (MB): peak = 2566.367 ; gain = 749.750 ; free physical = 384 ; free virtual = 8950
---------------------------------------------------------------------------------
---------------------------------------------------------------------------------
Start IO Insertion
---------------------------------------------------------------------------------
---------------------------------------------------------------------------------
Start Flattening Before IO Insertion
---------------------------------------------------------------------------------
---------------------------------------------------------------------------------
Finished Flattening Before IO Insertion
---------------------------------------------------------------------------------
---------------------------------------------------------------------------------
Start Final Netlist Cleanup
---------------------------------------------------------------------------------
---------------------------------------------------------------------------------
Finished Final Netlist Cleanup
---------------------------------------------------------------------------------
---------------------------------------------------------------------------------
Finished IO Insertion : Time (s): cpu = 00:00:54 ; elapsed = 00:00:54 . Memory (MB): peak = 2752.180 ; gain = 935.562 ; free physical = 318 ; free virtual = 8868
---------------------------------------------------------------------------------
---------------------------------------------------------------------------------
Start Renaming Generated Instances
---------------------------------------------------------------------------------
---------------------------------------------------------------------------------
Finished Renaming Generated Instances : Time (s): cpu = 00:00:54 ; elapsed = 00:00:55 . Memory (MB): peak = 2752.180 ; gain = 935.562 ; free physical = 318 ; free virtual = 8868
---------------------------------------------------------------------------------
---------------------------------------------------------------------------------
Start Rebuilding User Hierarchy
---------------------------------------------------------------------------------
---------------------------------------------------------------------------------
Finished Rebuilding User Hierarchy : Time (s): cpu = 00:00:54 ; elapsed = 00:00:55 . Memory (MB): peak = 2752.180 ; gain = 935.562 ; free physical = 318 ; free virtual = 8868
---------------------------------------------------------------------------------
---------------------------------------------------------------------------------
Start Renaming Generated Ports
---------------------------------------------------------------------------------
---------------------------------------------------------------------------------
Finished Renaming Generated Ports : Time (s): cpu = 00:00:54 ; elapsed = 00:00:55 . Memory (MB): peak = 2752.180 ; gain = 935.562 ; free physical = 318 ; free virtual = 8868
---------------------------------------------------------------------------------
---------------------------------------------------------------------------------
Start Handling Custom Attributes
---------------------------------------------------------------------------------
---------------------------------------------------------------------------------
Finished Handling Custom Attributes : Time (s): cpu = 00:00:54 ; elapsed = 00:00:55 . Memory (MB): peak = 2752.180 ; gain = 935.562 ; free physical = 318 ; free virtual = 8868
---------------------------------------------------------------------------------
---------------------------------------------------------------------------------
Start Renaming Generated Nets
---------------------------------------------------------------------------------
---------------------------------------------------------------------------------
Finished Renaming Generated Nets : Time (s): cpu = 00:00:54 ; elapsed = 00:00:55 . Memory (MB): peak = 2752.180 ; gain = 935.562 ; free physical = 318 ; free virtual = 8868
---------------------------------------------------------------------------------
---------------------------------------------------------------------------------
Start Writing Synthesis Report
---------------------------------------------------------------------------------

Report BlackBoxes: 
+------+----------------+----------+
|      |BlackBox name   |Instances |
+------+----------------+----------+
|1     |bd_0_hls_inst_0 |         1|
+------+----------------+----------+

Report Cell Usage: 
+------+--------------+------+
|      |Cell          |Count |
+------+--------------+------+
|1     |bd_0_hls_inst |     1|
+------+--------------+------+
---------------------------------------------------------------------------------
Finished Writing Synthesis Report : Time (s): cpu = 00:00:54 ; elapsed = 00:00:55 . Memory (MB): peak = 2752.180 ; gain = 935.562 ; free physical = 318 ; free virtual = 8868
---------------------------------------------------------------------------------
Synthesis finished with 0 errors, 0 critical warnings and 0 warnings.
Synthesis Optimization Runtime : Time (s): cpu = 00:00:49 ; elapsed = 00:00:50 . Memory (MB): peak = 2752.180 ; gain = 886.602 ; free physical = 319 ; free virtual = 8869
Synthesis Optimization Complete : Time (s): cpu = 00:00:54 ; elapsed = 00:00:55 . Memory (MB): peak = 2752.188 ; gain = 935.562 ; free physical = 319 ; free virtual = 8869
INFO: [Project 1-571] Translating synthesized netlist
Netlist sorting complete. Time (s): cpu = 00:00:00.01 ; elapsed = 00:00:00.01 . Memory (MB): peak = 2752.188 ; gain = 0.000 ; free physical = 311 ; free virtual = 8862
INFO: [Project 1-570] Preparing netlist for logic optimization
INFO: [Opt 31-138] Pushed 0 inverter(s) to 0 load pin(s).
Netlist sorting complete. Time (s): cpu = 00:00:00 ; elapsed = 00:00:00 . Memory (MB): peak = 2752.188 ; gain = 0.000 ; free physical = 407 ; free virtual = 8973
INFO: [Project 1-111] Unisim Transformation Summary:
No Unisim elements were transformed.

Synth Design complete | Checksum: dfcc890f
INFO: [Common 17-83] Releasing license: Synthesis
21 Infos, 0 Warnings, 0 Critical Warnings and 0 Errors encountered.
synth_design completed successfully
synth_design: Time (s): cpu = 00:01:18 ; elapsed = 00:01:12 . Memory (MB): peak = 2752.215 ; gain = 1104.332 ; free physical = 406 ; free virtual = 8972
INFO: [Common 17-2834] synth_design peak Physical Memory [PSS] (MB): overall = 2027.688; main = 1880.647; forked = 282.210
INFO: [Common 17-2834] synth_design peak Virtual Memory [VSS] (MB): overall = 3645.562; main = 2752.184; forked = 994.191
INFO: [Common 17-1381] The checkpoint '/home/johan2/Documents/fpga/zynq-pynq-gnss-receiver/vitis_workspace/gnss_correlator_hls/gnss_correlator_hls/hls/impl/verilog/project.runs/synth_1/bd_0_wrapper.dcp' has been generated.
INFO: [Vivado 12-24828] Executing command : report_utilization -file bd_0_wrapper_utilization_synth.rpt -pb bd_0_wrapper_utilization_synth.pb
INFO: [Common 17-206] Exiting Vivado at Sat Sep 19 16:20:52 2026...
[Sat Sep 19 16:20:53 2026] synth_1 finished
wait_on_runs: Time (s): cpu = 00:05:30 ; elapsed = 00:04:38 . Memory (MB): peak = 1802.965 ; gain = 0.000 ; free physical = 1986 ; free virtual = 10550
TIMESTAMP: HLS-REPORT: synthesis open_run: 2026-09-19 16:20:53 IST
INFO: HLS-REPORT: Opening synthesis design database: open_run synth_1
Design is defaulting to impl run constrset: constrs_1
Design is defaulting to synth run part: xc7z020clg484-1
INFO: [Device 21-403] Loading part xc7z020clg484-1
INFO: [Project 1-5699] Read binary netlist with skipMacroContent - 1
INFO: [Project 1-454] Reading design checkpoint '/home/johan2/Documents/fpga/zynq-pynq-gnss-receiver/vitis_workspace/gnss_correlator_hls/gnss_correlator_hls/hls/impl/verilog/project.gen/sources_1/bd/bd_0/ip/bd_0_hls_inst_0/bd_0_hls_inst_0.dcp' for cell 'bd_0_i/hls_inst'
Netlist sorting complete. Time (s): cpu = 00:00:00.13 ; elapsed = 00:00:00.12 . Memory (MB): peak = 1973.504 ; gain = 0.000 ; free physical = 1798 ; free virtual = 10362
INFO: [Netlist 29-17] Analyzing 338 Unisim elements for replacement
INFO: [Netlist 29-28] Unisim Transformation completed in 0 CPU seconds
INFO: [Project 1-479] Netlist was created with Vivado 2025.2
INFO: [Project 1-570] Preparing netlist for logic optimization
Parsing XDC File [/home/johan2/Documents/fpga/zynq-pynq-gnss-receiver/vitis_workspace/gnss_correlator_hls/gnss_correlator_hls/hls/impl/verilog/gnss_correlator.xdc]
Finished Parsing XDC File [/home/johan2/Documents/fpga/zynq-pynq-gnss-receiver/vitis_workspace/gnss_correlator_hls/gnss_correlator_hls/hls/impl/verilog/gnss_correlator.xdc]
INFO: [Opt 31-138] Pushed 0 inverter(s) to 0 load pin(s).
Netlist sorting complete. Time (s): cpu = 00:00:00 ; elapsed = 00:00:00 . Memory (MB): peak = 2114.953 ; gain = 0.000 ; free physical = 1675 ; free virtual = 10245
INFO: [Project 1-111] Unisim Transformation Summary:
No Unisim elements were transformed.

open_run: Time (s): cpu = 00:00:12 ; elapsed = 00:00:11 . Memory (MB): peak = 2114.988 ; gain = 312.023 ; free physical = 1675 ; free virtual = 10245
TIMESTAMP: HLS-REPORT: synthesis generate_reports_vivado: 2026-09-19 16:21:04 IST
INFO: HLS-REPORT: Running report: report_utilization -file ./report/gnss_correlator_utilization_synth.rpt
INFO: HLS-REPORT: Running report: report_utilization -hierarchical -hierarchical_depth 6 -file ./report/gnss_correlator_utilization_hierarchical_synth.rpt
INFO: HLS-REPORT: Running report: report_timing_summary -file ./report/gnss_correlator_timing_synth.rpt
INFO: [Timing 38-35] Done setting XDC timing constraints.
INFO: [Timing 38-91] UpdateTimingParams: Speed grade: -1, Delay Type: min_max.
INFO: [Timing 38-191] Multithreading enabled for timing update using a maximum of 8 CPUs
WARNING: [Timing 38-242] The property HD.CLK_SRC of clock port "ap_clk" is not set. In out-of-context mode, this prevents timing estimation for clock delay/skew
Resolution: Set the HD.CLK_SRC property of the out-of-context port to the location of the clock buffer instance in the top-level design
report_timing_summary: Time (s): cpu = 00:00:24 ; elapsed = 00:00:16 . Memory (MB): peak = 2646.750 ; gain = 531.762 ; free physical = 1195 ; free virtual = 9777
INFO: HLS-REPORT: Running report: report_power -file ./report/gnss_correlator_power_synth.rpt -xpe ./gnss_correlator_power.xpe
Command: report_power -file ./report/gnss_correlator_power_synth.rpt -xpe ./gnss_correlator_power.xpe
Running Vector-less Activity Propagation...

Finished Running Vector-less Activity Propagation
12 Infos, 2 Warnings, 0 Critical Warnings and 0 Errors encountered.
report_power completed successfully
INFO: HLS-REPORT: Running report: report_timing -max_paths 10 -file ./report/gnss_correlator_timing_paths_synth.rpt
INFO: [Timing 38-91] UpdateTimingParams: Speed grade: -1, Delay Type: max.
INFO: [Timing 38-191] Multithreading enabled for timing update using a maximum of 8 CPUs
INFO: [Timing 38-78] ReportTimingParams: -max_paths 10 -nworst 1 -delay_type max -sort_by slack.
INFO: HLS-REPORT: Running report: report_design_analysis -file ./report/gnss_correlator_design_analysis_synth.rpt
INFO: [Implflow 30-839]  
INFO: HLS-REPORT: Running report: ::tclapp::xilinx::designutils::report_failfast -detailed_report synth -file ./report/gnss_correlator_failfast_synth.rpt
 -I- design metrics completed in 0 seconds
 -I- Generated file /home/johan2/Documents/fpga/zynq-pynq-gnss-receiver/vitis_workspace/gnss_correlator_hls/gnss_correlator_hls/hls/impl/verilog/report/synth.DONT_TOUCH.rpt
 -I- DONT_TOUCH metric completed in 0 seconds
 -I- MARK_DEBUG metric completed in 1 seconds
 -I- utilization metrics completed in 1 seconds
 -I- control set metrics completed in 1 seconds
 -I- methodology check metrics completed in 1 seconds
 -I- average fanout metrics completed in 1 seconds (0 modules)
 -I- non-FD high fanout nets completed in 0 seconds
 -I- path budgeting metrics completed in 1 seconds
#  +-----------------------------------------------------------------------------------------+
#  | Design Summary                                                                          |
#  | design_1                                                                                |
#  | xc7z020clg484-1                                                                         |
#  +-----------------------------------------------------------+-----------+--------+--------+
#  | Criteria                                                  | Guideline | Actual | Status |
#  +-----------------------------------------------------------+-----------+--------+--------+
#  | LUT                                                       | 70%       | 7.32%  | OK     |
#  | FD                                                        | 50%       | 3.68%  | OK     |
#  | LUTRAM+SRL                                                | 25%       | 0.74%  | OK     |
#  | MUXF7                                                     | 15%       | 0.18%  | OK     |
#  | DSP                                                       | 80%       | 1.82%  | OK     |
#  | RAMB/FIFO                                                 | 80%       | 0.71%  | OK     |
#  | DSP+RAMB+URAM (Avg)                                       | 70%       | 1.27%  | OK     |
#  | BUFGCE* + BUFGCTRL                                        | 24        | 0      | OK     |
#  | DONT_TOUCH (cells/nets)                                   | 0         | 4      | REVIEW |
#  | MARK_DEBUG (nets)                                         | 0         | 0      | OK     |
#  | Control Sets                                              | 998       | 96     | OK     |
#  | Average Fanout for modules > 100k cells                   | 4         | 2.93   | OK     |
#  | Max Average Fanout for modules > 100k cells               | 4         | 0      | OK     |
#  | Non-FD high fanout nets > 10k loads                       | 0         | 0      | OK     |
#  +-----------------------------------------------------------+-----------+--------+--------+
#  | TIMING-6 (No common primary clock between related clocks) | 0         | 0      | OK     |
#  | TIMING-7 (No common node between related clocks)          | 0         | 0      | OK     |
#  | TIMING-8 (No common period between related clocks)        | 0         | 0      | OK     |
#  | TIMING-14 (LUT on the clock tree)                         | 0         | 0      | OK     |
#  | TIMING-35 (No common node in paths with the same clock)   | 0         | 0      | OK     |
#  +-----------------------------------------------------------+-----------+--------+--------+
#  | Number of paths above max LUT budgeting (0.575ns)         | 0         | 0      | OK     |
#  | Number of paths above max Net budgeting (0.403ns)         | 0         | 0      | OK     |
#  +-----------------------------------------------------------+-----------+--------+--------+
 -I- Generated file /home/johan2/Documents/fpga/zynq-pynq-gnss-receiver/vitis_workspace/gnss_correlator_hls/gnss_correlator_hls/hls/impl/verilog/report/gnss_correlator_failfast_synth.rpt
 -I- Number of criteria to review: 1
 -I- This report should be run before placing the design and uses conservative guidelines beyond which runtime and timing closure will likely be more challenging
 -I- report_failfast completed in 6 seconds
TIMESTAMP: HLS-REPORT: synthesis gen_data_dict_vivado: 2026-09-19 16:21:33 IST
TIMESTAMP: HLS-REPORT: synth extract_util_hier: 2026-09-19 16:21:33 IST
TIMESTAMP: HLS-REPORT: synth get_cell_hier_data: 2026-09-19 16:21:33 IST
TIMESTAMP: HLS-REPORT: synth get_timing_paths: 2026-09-19 16:21:33 IST
TIMESTAMP: HLS-REPORT: synth process timing paths: 2026-09-19 16:21:33 IST
TIMESTAMP: HLS-REPORT: synth get_all_vv_rpt_files: 2026-09-19 16:21:33 IST
TIMESTAMP: HLS-REPORT: synthesis write_reports_vivado: 2026-09-19 16:21:33 IST
HLS EXTRACTION: synth area_totals:  0 53200 106400 220 280 0 0
HLS EXTRACTION: synth area_current: 0 3893 3913 4 2 0 129 0 0 0
HLS EXTRACTION: synth resources_dict: AVAIL_LUT 53200 LUT 3893 AVAIL_FF 106400 FF 3913 AVAIL_DSP 220 DSP 4 AVAIL_BRAM 280 BRAM 2 AVAIL_URAM 0 URAM 0 LATCH 0 SRL 129 AVAIL_CLB 0 CLB 0
INFO: HLS-REPORT: generated /home/johan2/Documents/fpga/zynq-pynq-gnss-receiver/vitis_workspace/gnss_correlator_hls/gnss_correlator_hls/hls/impl/verilog/report/vivado_syn.xml
INFO: HLS-REPORT: generated /home/johan2/Documents/fpga/zynq-pynq-gnss-receiver/vitis_workspace/gnss_correlator_hls/gnss_correlator_hls/hls/impl/report/verilog/gnss_correlator_export.rpt


Implementation tool: Xilinx Vivado v.2025.2
Project:             gnss_correlator_hls
Solution:            hls
Device target:       xc7z020-clg484-1
Report date:         Sat Sep 19 16:21:33 IST 2026

#=== Post-Synthesis Resource usage ===
SLICE:            0
LUT:           3893
FF:            3913
DSP:              4
BRAM:             2
URAM:             0
LATCH:            0
SRL:            129
CLB:              0

#=== Final timing ===
CP required:                     10.000
CP achieved post-synthesis:      5.860
Timing met

TIMESTAMP: HLS-REPORT: synthesis end: 2026-09-19 16:21:33 IST
# if { $has_impl } {
#   # launch run impl
#   if { [llength $impl_props] } {
#     set_property -dict $impl_props [get_runs impl_1]
#   }
#   launch_runs impl_1
#   wait_on_run impl_1
#   # impl reports
#   hls_vivado_reports_impl impl_1 $report_options
# }
INFO: [Timing 38-480] Writing timing data to binary archive.
Write ShapeDB Complete: Time (s): cpu = 00:00:00.16 ; elapsed = 00:00:00.04 . Memory (MB): peak = 2824.746 ; gain = 0.000 ; free physical = 1099 ; free virtual = 9677
WARNING: [Common 17-210] 'write_hwdef' is deprecated.
[Sat Sep 19 16:21:34 2026] Launched impl_1...
Run output will be captured here: /home/johan2/Documents/fpga/zynq-pynq-gnss-receiver/vitis_workspace/gnss_correlator_hls/gnss_correlator_hls/hls/impl/verilog/project.runs/impl_1/runme.log
[Sat Sep 19 16:21:34 2026] Waiting for impl_1 to finish...

*** Running vivado
    with args -log bd_0_wrapper.vdi -applog -m64 -product Vivado -messageDb vivado.pb -mode batch -source bd_0_wrapper.tcl -notrace


****** Vivado v2025.2 (64-bit)
  **** SW Build 6299465 on Fri Nov 14 12:34:56 MST 2025
  **** IP Build 6300035 on Fri Nov 14 10:48:45 MST 2025
  **** SharedData Build 6298862 on Thu Nov 13 04:50:51 MST 2025
  **** Start of session at: Sat Sep 19 16:21:43 2026
    ** Copyright 1986-2022 Xilinx, Inc. All Rights Reserved.
    ** Copyright 2022-2025 Advanced Micro Devices, Inc. All Rights Reserved.

source bd_0_wrapper.tcl -notrace
INFO: Dispatch client connection id - 36045
Command: open_checkpoint /home/johan2/Documents/fpga/zynq-pynq-gnss-receiver/vitis_workspace/gnss_correlator_hls/gnss_correlator_hls/hls/impl/verilog/project.runs/impl_1/bd_0_wrapper.dcp
INFO: [Device 21-403] Loading part xc7z020clg484-1
Netlist sorting complete. Time (s): cpu = 00:00:00.11 ; elapsed = 00:00:00.11 . Memory (MB): peak = 1838.402 ; gain = 0.000 ; free physical = 291 ; free virtual = 8873
INFO: [Netlist 29-17] Analyzing 338 Unisim elements for replacement
INFO: [Netlist 29-28] Unisim Transformation completed in 0 CPU seconds
INFO: [Project 1-479] Netlist was created with Vivado 2025.2
INFO: [Project 1-570] Preparing netlist for logic optimization
Read ShapeDB Complete: Time (s): cpu = 00:00:00.03 ; elapsed = 00:00:00.03 . Memory (MB): peak = 1923.184 ; gain = 2.000 ; free physical = 180 ; free virtual = 8766
INFO: [Timing 38-478] Restoring timing data from binary archive.
INFO: [Timing 38-479] Binary timing data restore complete.
INFO: [Project 1-856] Restoring constraints from binary archive.
INFO: [Project 1-853] Binary constraint restore complete.
Netlist sorting complete. Time (s): cpu = 00:00:00 ; elapsed = 00:00:00 . Memory (MB): peak = 2454.684 ; gain = 0.000 ; free physical = 199 ; free virtual = 8368
INFO: [Project 1-111] Unisim Transformation Summary:
No Unisim elements were transformed.

INFO: [Project 1-604] Checkpoint was created with Vivado v2025.2 (64-bit) build 6299465
open_checkpoint: Time (s): cpu = 00:00:47 ; elapsed = 00:00:28 . Memory (MB): peak = 2454.719 ; gain = 877.891 ; free physical = 206 ; free virtual = 8375
INFO: [IP_Flow 19-234] Refreshing IP repositories
INFO: [IP_Flow 19-1700] Loaded user IP repository '/home/johan2/Documents/fpga/zynq-pynq-gnss-receiver/vitis_workspace/gnss_correlator_hls/gnss_correlator_hls/hls/impl/ip'.
INFO: [IP_Flow 19-2313] Loaded Vivado IP repository '/opt/Xilinx/2025.2/data/ip'.
Command: opt_design
Attempting to get a license for feature 'Implementation' and/or device 'xc7z020'
INFO: [Common 17-349] Got license for feature 'Implementation' and/or device 'xc7z020'
Running DRC as a precondition to command opt_design

Starting DRC Task
INFO: [DRC 23-27] Running DRC with 8 threads
WARNING: [DRC 23-814] Not all possible (connectivity based) DRCs may have been run because this design is seen as Out of Context.
INFO: [Project 1-461] DRC finished with 0 Errors
INFO: [Project 1-462] Please refer to the DRC report (report_drc) for more information.

Time (s): cpu = 00:00:02 ; elapsed = 00:00:00.77 . Memory (MB): peak = 2587.941 ; gain = 126.320 ; free physical = 252 ; free virtual = 8264

Starting Cache Timing Information Task
Ending Cache Timing Information Task | Checksum: 15514527c

Time (s): cpu = 00:00:00.02 ; elapsed = 00:00:00.02 . Memory (MB): peak = 2587.941 ; gain = 0.000 ; free physical = 249 ; free virtual = 8263

Starting Logic Optimization Task

Phase 1 Initialization

Phase 1.1 Core Generation And Design Setup
Phase 1.1 Core Generation And Design Setup | Checksum: 15514527c

Time (s): cpu = 00:00:00.02 ; elapsed = 00:00:00.02 . Memory (MB): peak = 2856.754 ; gain = 0.000 ; free physical = 209 ; free virtual = 8039

Phase 1.2 Setup Constraints And Sort Netlist
Phase 1.2 Setup Constraints And Sort Netlist | Checksum: 15514527c

Time (s): cpu = 00:00:00.03 ; elapsed = 00:00:00.03 . Memory (MB): peak = 2856.754 ; gain = 0.000 ; free physical = 209 ; free virtual = 8039
Phase 1 Initialization | Checksum: 15514527c

Time (s): cpu = 00:00:00.03 ; elapsed = 00:00:00.03 . Memory (MB): peak = 2856.754 ; gain = 0.000 ; free physical = 209 ; free virtual = 8039

Phase 2 Timer Update And Timing Data Collection

Phase 2.1 Detect if minReqCache needed
Phase 2.1 Detect if minReqCache needed | Checksum: 15514527c

Time (s): cpu = 00:00:00.06 ; elapsed = 00:00:00.06 . Memory (MB): peak = 2859.723 ; gain = 2.969 ; free physical = 209 ; free virtual = 8039

Phase 2.2 Timer Update
Phase 2.2 Timer Update | Checksum: 15514527c

Time (s): cpu = 00:00:00.07 ; elapsed = 00:00:00.08 . Memory (MB): peak = 2859.723 ; gain = 2.969 ; free physical = 209 ; free virtual = 8039
Phase 2 Timer Update And Timing Data Collection | Checksum: 15514527c

Time (s): cpu = 00:00:00.08 ; elapsed = 00:00:00.08 . Memory (MB): peak = 2859.723 ; gain = 2.969 ; free physical = 209 ; free virtual = 8039

Phase 3 Retarget
INFO: [Opt 31-1851] Number of loadless carry chains removed were: 0
INFO: [Opt 31-1834] Total Chains To Be Transformed Were: 0 AND Number of Transformed insts Created are: 0
INFO: [Opt 31-1566] Pulled 1 inverters resulting in an inversion of 13 pins
INFO: [Opt 31-138] Pushed 1 inverter(s) to 2 load pin(s).
INFO: [Opt 31-49] Retargeted 0 cell(s).
Phase 3 Retarget | Checksum: d00cd934

Time (s): cpu = 00:00:00.96 ; elapsed = 00:00:00.52 . Memory (MB): peak = 2915.750 ; gain = 58.996 ; free physical = 227 ; free virtual = 8042
Retarget | Checksum: d00cd934
INFO: [Opt 31-389] Phase Retarget created 0 cells and removed 59 cells
INFO: [Opt 31-1021] In phase Retarget, 2 netlist objects are constrained preventing optimization. Please run opt_design with -debug_log to get more detail. 

Phase 4 Constant propagation
INFO: [Opt 31-138] Pushed 3 inverter(s) to 6 load pin(s).
Phase 4 Constant propagation | Checksum: 14614f624

Time (s): cpu = 00:00:01 ; elapsed = 00:00:00.97 . Memory (MB): peak = 2915.750 ; gain = 58.996 ; free physical = 239 ; free virtual = 8049
Constant propagation | Checksum: 14614f624
INFO: [Opt 31-389] Phase Constant propagation created 221 cells and removed 1042 cells
INFO: [Opt 31-1021] In phase Constant propagation, 2 netlist objects are constrained preventing optimization. Please run opt_design with -debug_log to get more detail. 

Phase 5 Sweep
INFO: [Constraints 18-11670] Building netlist checker database with flags, 0x8
Done building netlist checker database: Time (s): cpu = 00:00:00 ; elapsed = 00:00:00 . Memory (MB): peak = 2915.750 ; gain = 0.000 ; free physical = 239 ; free virtual = 8049
INFO: [Constraints 18-11670] Building netlist checker database with flags, 0x8
Done building netlist checker database: Time (s): cpu = 00:00:00 ; elapsed = 00:00:00 . Memory (MB): peak = 2915.750 ; gain = 0.000 ; free physical = 233 ; free virtual = 8048
Phase 5 Sweep | Checksum: a063c9ac

Time (s): cpu = 00:00:02 ; elapsed = 00:00:01 . Memory (MB): peak = 2915.750 ; gain = 58.996 ; free physical = 233 ; free virtual = 8044
Sweep | Checksum: a063c9ac
INFO: [Opt 31-389] Phase Sweep created 0 cells and removed 19 cells
INFO: [Opt 31-1021] In phase Sweep, 4 netlist objects are constrained preventing optimization. Please run opt_design with -debug_log to get more detail. 

Phase 6 BUFG optimization
Phase 6 BUFG optimization | Checksum: a063c9ac

Time (s): cpu = 00:00:02 ; elapsed = 00:00:01 . Memory (MB): peak = 2947.766 ; gain = 91.012 ; free physical = 233 ; free virtual = 8044
BUFG optimization | Checksum: a063c9ac
INFO: [Opt 31-662] Phase BUFG optimization created 0 cells of which 0 are BUFGs and removed 0 cells.

Phase 7 Shift Register Optimization
INFO: [Opt 31-1064] SRL Remap converted 0 SRLs to 0 registers and converted 0 registers of register chains to 0 SRLs
Phase 7 Shift Register Optimization | Checksum: a063c9ac

Time (s): cpu = 00:00:02 ; elapsed = 00:00:01 . Memory (MB): peak = 2947.766 ; gain = 91.012 ; free physical = 233 ; free virtual = 8044
Shift Register Optimization | Checksum: a063c9ac
INFO: [Opt 31-389] Phase Shift Register Optimization created 0 cells and removed 0 cells

Phase 8 Post Processing Netlist
Phase 8 Post Processing Netlist | Checksum: a063c9ac

Time (s): cpu = 00:00:02 ; elapsed = 00:00:01 . Memory (MB): peak = 2947.766 ; gain = 91.012 ; free physical = 232 ; free virtual = 8044
Post Processing Netlist | Checksum: a063c9ac
INFO: [Opt 31-389] Phase Post Processing Netlist created 0 cells and removed 0 cells
INFO: [Opt 31-1021] In phase Post Processing Netlist, 2 netlist objects are constrained preventing optimization. Please run opt_design with -debug_log to get more detail. 

Phase 9 Finalization

Phase 9.1 Finalizing Design Cores and Updating Shapes
Phase 9.1 Finalizing Design Cores and Updating Shapes | Checksum: 1455f1a8e

Time (s): cpu = 00:00:02 ; elapsed = 00:00:02 . Memory (MB): peak = 2947.766 ; gain = 91.012 ; free physical = 232 ; free virtual = 8043

Phase 9.2 Verifying Netlist Connectivity

Starting Connectivity Check Task

Time (s): cpu = 00:00:00.02 ; elapsed = 00:00:00.03 . Memory (MB): peak = 2947.766 ; gain = 0.000 ; free physical = 232 ; free virtual = 8043
Phase 9.2 Verifying Netlist Connectivity | Checksum: 1455f1a8e

Time (s): cpu = 00:00:02 ; elapsed = 00:00:02 . Memory (MB): peak = 2947.766 ; gain = 91.012 ; free physical = 232 ; free virtual = 8043
Phase 9 Finalization | Checksum: 1455f1a8e

Time (s): cpu = 00:00:02 ; elapsed = 00:00:02 . Memory (MB): peak = 2947.766 ; gain = 91.012 ; free physical = 232 ; free virtual = 8043
Opt_design Change Summary
=========================


-------------------------------------------------------------------------------------------------------------------------
|  Phase                        |  #Cells created  |  #Cells Removed  |  #Constrained objects preventing optimizations  |
-------------------------------------------------------------------------------------------------------------------------
|  Retarget                     |               0  |              59  |                                              2  |
|  Constant propagation         |             221  |            1042  |                                              2  |
|  Sweep                        |               0  |              19  |                                              4  |
|  BUFG optimization            |               0  |               0  |                                              0  |
|  Shift Register Optimization  |               0  |               0  |                                              0  |
|  Post Processing Netlist      |               0  |               0  |                                              2  |
-------------------------------------------------------------------------------------------------------------------------


Ending Logic Optimization Task | Checksum: 1455f1a8e

Time (s): cpu = 00:00:02 ; elapsed = 00:00:02 . Memory (MB): peak = 2947.766 ; gain = 91.012 ; free physical = 232 ; free virtual = 8043

Starting Power Optimization Task
INFO: [Pwropt 34-132] Skipping clock gating for clocks with a period < 2.00 ns.
INFO: [Pwropt 34-9] Applying IDT optimizations ...
INFO: [Pwropt 34-10] Applying ODC optimizations ...
INFO: [Timing 38-35] Done setting XDC timing constraints.
Running Vector-less Activity Propagation...

Finished Running Vector-less Activity Propagation


Starting PowerOpt Patch Enables Task
INFO: [Pwropt 34-162] WRITE_MODE attribute of 0 BRAM(s) out of a total of 2 has been updated to save power. Run report_power_opt to get a complete listing of the BRAMs updated.
INFO: [Pwropt 34-201] Structural ODC has moved 0 WE to EN ports
Number of BRAM Ports augmented: 0 newly gated: 2 Total Ports: 4
Ending PowerOpt Patch Enables Task | Checksum: 11f0d7a6d

Time (s): cpu = 00:00:00.06 ; elapsed = 00:00:00.06 . Memory (MB): peak = 3115.816 ; gain = 0.000 ; free physical = 220 ; free virtual = 7938
Ending Power Optimization Task | Checksum: 11f0d7a6d

Time (s): cpu = 00:00:04 ; elapsed = 00:00:02 . Memory (MB): peak = 3115.816 ; gain = 168.051 ; free physical = 220 ; free virtual = 7938

Starting Final Cleanup Task
Ending Final Cleanup Task | Checksum: 11f0d7a6d

Time (s): cpu = 00:00:00 ; elapsed = 00:00:00 . Memory (MB): peak = 3115.816 ; gain = 0.000 ; free physical = 220 ; free virtual = 7938
Netlist sorting complete. Time (s): cpu = 00:00:00 ; elapsed = 00:00:00 . Memory (MB): peak = 3115.816 ; gain = 0.000 ; free physical = 220 ; free virtual = 7938
INFO: [Common 17-83] Releasing license: Implementation
44 Infos, 1 Warnings, 0 Critical Warnings and 0 Errors encountered.
opt_design completed successfully
opt_design: Time (s): cpu = 00:00:15 ; elapsed = 00:00:11 . Memory (MB): peak = 3115.816 ; gain = 654.195 ; free physical = 220 ; free virtual = 7938
INFO: [Vivado 12-24828] Executing command : report_drc -file bd_0_wrapper_drc_opted.rpt -pb bd_0_wrapper_drc_opted.pb -rpx bd_0_wrapper_drc_opted.rpx
Command: report_drc -file bd_0_wrapper_drc_opted.rpt -pb bd_0_wrapper_drc_opted.pb -rpx bd_0_wrapper_drc_opted.rpx
INFO: [IP_Flow 19-1839] IP Catalog is up to date.
INFO: [DRC 23-27] Running DRC with 8 threads
WARNING: [DRC 23-814] Not all possible (connectivity based) DRCs may have been run because this design is seen as Out of Context.
INFO: [Vivado_Tcl 2-168] The results of DRC are in file /home/johan2/Documents/fpga/zynq-pynq-gnss-receiver/vitis_workspace/gnss_correlator_hls/gnss_correlator_hls/hls/impl/verilog/project.runs/impl_1/bd_0_wrapper_drc_opted.rpt.
report_drc completed successfully
INFO: [Timing 38-35] Done setting XDC timing constraints.
INFO: [Timing 38-480] Writing timing data to binary archive.
Write ShapeDB Complete: Time (s): cpu = 00:00:00.09 ; elapsed = 00:00:00.03 . Memory (MB): peak = 3115.816 ; gain = 0.000 ; free physical = 177 ; free virtual = 7921
INFO: [Common 17-1381] The checkpoint '/home/johan2/Documents/fpga/zynq-pynq-gnss-receiver/vitis_workspace/gnss_correlator_hls/gnss_correlator_hls/hls/impl/verilog/project.runs/impl_1/bd_0_wrapper_opt.dcp' has been generated.
Command: place_design
Attempting to get a license for feature 'Implementation' and/or device 'xc7z020'
INFO: [Common 17-349] Got license for feature 'Implementation' and/or device 'xc7z020'
INFO: [Common 17-83] Releasing license: Implementation
INFO: [DRC 23-27] Running DRC with 8 threads
WARNING: [DRC 23-814] Not all possible (connectivity based) DRCs may have been run because this design is seen as Out of Context.
INFO: [Vivado_Tcl 4-198] DRC finished with 0 Errors
INFO: [Vivado_Tcl 4-199] Please refer to the DRC report (report_drc) for more information.
Running DRC as a precondition to command place_design
INFO: [DRC 23-27] Running DRC with 8 threads
WARNING: [DRC 23-814] Not all possible (connectivity based) DRCs may have been run because this design is seen as Out of Context.
INFO: [Vivado_Tcl 4-198] DRC finished with 0 Errors
INFO: [Vivado_Tcl 4-199] Please refer to the DRC report (report_drc) for more information.
INFO: [Place 30-611] Multithreading enabled for place_design using a maximum of 8 CPUs

Starting Placer Task

Phase 1 Placer Initialization

Phase 1.1 Placer Initialization Netlist Sorting
Netlist sorting complete. Time (s): cpu = 00:00:00.01 ; elapsed = 00:00:00 . Memory (MB): peak = 3115.816 ; gain = 0.000 ; free physical = 173 ; free virtual = 7919
Phase 1.1 Placer Initialization Netlist Sorting | Checksum: d1a4e673

Time (s): cpu = 00:00:00.01 ; elapsed = 00:00:00.01 . Memory (MB): peak = 3115.816 ; gain = 0.000 ; free physical = 173 ; free virtual = 7919
Netlist sorting complete. Time (s): cpu = 00:00:00 ; elapsed = 00:00:00 . Memory (MB): peak = 3115.816 ; gain = 0.000 ; free physical = 173 ; free virtual = 7919

Phase 1.2 IO Placement/ Clock Placement/ Build Placer Device
Phase 1.2 IO Placement/ Clock Placement/ Build Placer Device | Checksum: be9fdc05

Time (s): cpu = 00:00:04 ; elapsed = 00:00:01 . Memory (MB): peak = 3115.816 ; gain = 0.000 ; free physical = 177 ; free virtual = 7924

Phase 1.3 Build Placer Netlist Model
Phase 1.3 Build Placer Netlist Model | Checksum: 162663400

Time (s): cpu = 00:00:13 ; elapsed = 00:00:05 . Memory (MB): peak = 3115.816 ; gain = 0.000 ; free physical = 179 ; free virtual = 7933

Phase 1.4 Constrain Clocks/Macros
Phase 1.4 Constrain Clocks/Macros | Checksum: 162663400

Time (s): cpu = 00:00:13 ; elapsed = 00:00:05 . Memory (MB): peak = 3115.816 ; gain = 0.000 ; free physical = 179 ; free virtual = 7933
Phase 1 Placer Initialization | Checksum: 162663400

Time (s): cpu = 00:00:13 ; elapsed = 00:00:05 . Memory (MB): peak = 3115.816 ; gain = 0.000 ; free physical = 179 ; free virtual = 7933

Phase 2 Global Placement

Phase 2.1 Floorplanning
Phase 2.1 Floorplanning | Checksum: c90323dd

Time (s): cpu = 00:00:19 ; elapsed = 00:00:06 . Memory (MB): peak = 3115.816 ; gain = 0.000 ; free physical = 181 ; free virtual = 7937

Phase 2.2 Update Timing before SLR Path Opt
Phase 2.2 Update Timing before SLR Path Opt | Checksum: 1137d1305

Time (s): cpu = 00:00:24 ; elapsed = 00:00:08 . Memory (MB): peak = 3115.816 ; gain = 0.000 ; free physical = 187 ; free virtual = 7943

Phase 2.3 Post-Processing in Floorplanning
Phase 2.3 Post-Processing in Floorplanning | Checksum: 1137d1305

Time (s): cpu = 00:00:25 ; elapsed = 00:00:08 . Memory (MB): peak = 3115.816 ; gain = 0.000 ; free physical = 187 ; free virtual = 7943

Phase 2.4 Global Place Phase1
Phase 2.4 Global Place Phase1 | Checksum: 19bf843bb

Time (s): cpu = 00:01:18 ; elapsed = 00:00:19 . Memory (MB): peak = 3115.816 ; gain = 0.000 ; free physical = 195 ; free virtual = 7941

Phase 2.5 Global Place Phase2

Phase 2.5.1 UpdateTiming Before Physical Synthesis
Phase 2.5.1 UpdateTiming Before Physical Synthesis | Checksum: 19bf843bb

Time (s): cpu = 00:01:22 ; elapsed = 00:00:20 . Memory (MB): peak = 3115.816 ; gain = 0.000 ; free physical = 194 ; free virtual = 7936

Phase 2.5.2 Physical Synthesis In Placer
INFO: [Physopt 32-1035] Found 0 LUTNM shape to break, 240 LUT instances to create LUTNM shape
INFO: [Physopt 32-1044] Break lutnm for timing: one critical 0, two critical 0, total 0, new lutff created 0
INFO: [Physopt 32-1138] End 1 Pass. Optimized 112 nets or LUTs. Breaked 0 LUT, combined 112 existing LUTs and moved 0 existing LUT
INFO: [Physopt 32-65] No nets found for high-fanout optimization.
INFO: [Physopt 32-232] Optimized 0 net. Created 0 new instance.
INFO: [Physopt 32-775] End 1 Pass. Optimized 0 net or cell. Created 0 new cell, deleted 0 existing cell and moved 0 existing cell
INFO: [Physopt 32-670] No setup violation found.  DSP Register Optimization was not performed.
INFO: [Physopt 32-670] No setup violation found.  Shift Register to Pipeline Optimization was not performed.
INFO: [Physopt 32-670] No setup violation found.  Shift Register Optimization was not performed.
INFO: [Physopt 32-670] No setup violation found.  BRAM Register Optimization was not performed.
INFO: [Physopt 32-670] No setup violation found.  URAM Register Optimization was not performed.
INFO: [Physopt 32-949] No candidate nets found for dynamic/static region interface net replication
INFO: [Physopt 32-775] End 1 Pass. Optimized 0 net or cell. Created 0 new cell, deleted 0 existing cell and moved 0 existing cell
Netlist sorting complete. Time (s): cpu = 00:00:00 ; elapsed = 00:00:00 . Memory (MB): peak = 3115.816 ; gain = 0.000 ; free physical = 166 ; free virtual = 7929

Summary of Physical Synthesis Optimizations
============================================


-----------------------------------------------------------------------------------------------------------------------------------------------------------
|  Optimization                                     |  Added Cells  |  Removed Cells  |  Optimized Cells/Nets  |  Dont Touch  |  Iterations  |  Elapsed   |
-----------------------------------------------------------------------------------------------------------------------------------------------------------
|  LUT Combining                                    |            0  |            112  |                   112  |           0  |           1  |  00:00:00  |
|  Retime                                           |            0  |              0  |                     0  |           0  |           1  |  00:00:00  |
|  Very High Fanout                                 |            0  |              0  |                     0  |           0  |           1  |  00:00:00  |
|  DSP Register                                     |            0  |              0  |                     0  |           0  |           0  |  00:00:00  |
|  Shift Register to Pipeline                       |            0  |              0  |                     0  |           0  |           0  |  00:00:00  |
|  Shift Register                                   |            0  |              0  |                     0  |           0  |           0  |  00:00:00  |
|  BRAM Register                                    |            0  |              0  |                     0  |           0  |           0  |  00:00:00  |
|  URAM Register                                    |            0  |              0  |                     0  |           0  |           0  |  00:00:00  |
|  Dynamic/Static Region Interface Net Replication  |            0  |              0  |                     0  |           0  |           1  |  00:00:00  |
|  Total                                            |            0  |            112  |                   112  |           0  |           4  |  00:00:00  |
-----------------------------------------------------------------------------------------------------------------------------------------------------------


Phase 2.5.2 Physical Synthesis In Placer | Checksum: 1e504247e

Time (s): cpu = 00:01:26 ; elapsed = 00:00:22 . Memory (MB): peak = 3115.816 ; gain = 0.000 ; free physical = 165 ; free virtual = 7929
Phase 2.5 Global Place Phase2 | Checksum: 1aeb9bb98

Time (s): cpu = 00:01:35 ; elapsed = 00:00:24 . Memory (MB): peak = 3115.816 ; gain = 0.000 ; free physical = 162 ; free virtual = 7923
Phase 2 Global Placement | Checksum: 1aeb9bb98

Time (s): cpu = 00:01:35 ; elapsed = 00:00:24 . Memory (MB): peak = 3115.816 ; gain = 0.000 ; free physical = 162 ; free virtual = 7923

Phase 3 Detail Placement

Phase 3.1 Commit Multi Column Macros
Phase 3.1 Commit Multi Column Macros | Checksum: 22e1aa3d6

Time (s): cpu = 00:01:38 ; elapsed = 00:00:24 . Memory (MB): peak = 3115.816 ; gain = 0.000 ; free physical = 162 ; free virtual = 7923

Phase 3.2 Commit Most Macros & LUTRAMs
Phase 3.2 Commit Most Macros & LUTRAMs | Checksum: fc9b23f5

Time (s): cpu = 00:01:43 ; elapsed = 00:00:26 . Memory (MB): peak = 3115.816 ; gain = 0.000 ; free physical = 147 ; free virtual = 7923

Phase 3.3 Area Swap Optimization
Phase 3.3 Area Swap Optimization | Checksum: 176c9d90d

Time (s): cpu = 00:01:44 ; elapsed = 00:00:26 . Memory (MB): peak = 3115.816 ; gain = 0.000 ; free physical = 147 ; free virtual = 7923

Phase 3.4 Pipeline Register Optimization
Phase 3.4 Pipeline Register Optimization | Checksum: 160837c5b

Time (s): cpu = 00:01:44 ; elapsed = 00:00:26 . Memory (MB): peak = 3115.816 ; gain = 0.000 ; free physical = 147 ; free virtual = 7923

Phase 3.5 Small Shape Detail Placement
Phase 3.5 Small Shape Detail Placement | Checksum: 1df13d731

Time (s): cpu = 00:01:50 ; elapsed = 00:00:30 . Memory (MB): peak = 3115.816 ; gain = 0.000 ; free physical = 143 ; free virtual = 7921

Phase 3.6 Re-assign LUT pins
Phase 3.6 Re-assign LUT pins | Checksum: 1d70bf07b

Time (s): cpu = 00:01:51 ; elapsed = 00:00:31 . Memory (MB): peak = 3115.816 ; gain = 0.000 ; free physical = 142 ; free virtual = 7921

Phase 3.7 Pipeline Register Optimization
Phase 3.7 Pipeline Register Optimization | Checksum: 279523429

Time (s): cpu = 00:01:51 ; elapsed = 00:00:31 . Memory (MB): peak = 3115.816 ; gain = 0.000 ; free physical = 142 ; free virtual = 7921
Phase 3 Detail Placement | Checksum: 279523429

Time (s): cpu = 00:01:51 ; elapsed = 00:00:31 . Memory (MB): peak = 3115.816 ; gain = 0.000 ; free physical = 142 ; free virtual = 7921

Phase 4 Post Placement Optimization and Clean-Up

Phase 4.1 Post Commit Optimization
INFO: [Timing 38-35] Done setting XDC timing constraints.

Phase 4.1.1 Post Placement Optimization
Post Placement Optimization Initialization | Checksum: 1dede7a71

Phase 4.1.1.1 BUFG Insertion

Starting Physical Synthesis Task

Phase 1 Physical Synthesis Initialization
INFO: [Physopt 32-721] Multithreading enabled for phys_opt_design using a maximum of 8 CPUs
INFO: [Physopt 32-619] Estimated Timing Summary | WNS=2.480 | TNS=0.000 |
Phase 1 Physical Synthesis Initialization | Checksum: 137abfb66

Time (s): cpu = 00:00:00.59 ; elapsed = 00:00:00.18 . Memory (MB): peak = 3115.816 ; gain = 0.000 ; free physical = 272 ; free virtual = 7941
INFO: [Place 46-33] Processed net bd_0_i/hls_inst/inst/gmem1_m_axi_U/bus_read/rreq_burst_conv/burst_sequential/rs_req/ap_rst_n_0, BUFG insertion was skipped due to placement/routing conflicts.
INFO: [Place 46-56] BUFG insertion identified 1 candidate nets. Inserted BUFG: 0, Replicated BUFG Driver: 0, Skipped due to Placement/Routing Conflicts: 1, Skipped due to Timing Degradation: 0, Skipped due to netlist editing failed: 0.
Ending Physical Synthesis Task | Checksum: 14c475b57

Time (s): cpu = 00:00:01 ; elapsed = 00:00:00.45 . Memory (MB): peak = 3115.816 ; gain = 0.000 ; free physical = 262 ; free virtual = 7936
Phase 4.1.1.1 BUFG Insertion | Checksum: 1dede7a71

Time (s): cpu = 00:01:59 ; elapsed = 00:00:34 . Memory (MB): peak = 3115.816 ; gain = 0.000 ; free physical = 261 ; free virtual = 7935

Phase 4.1.1.2 Post Placement Timing Optimization
INFO: [Place 30-746] Post Placement Timing Summary WNS=2.480. For the most accurate timing information please run report_timing.
Phase 4.1.1.2 Post Placement Timing Optimization | Checksum: 145b52a37

Time (s): cpu = 00:01:59 ; elapsed = 00:00:34 . Memory (MB): peak = 3115.816 ; gain = 0.000 ; free physical = 260 ; free virtual = 7934

Time (s): cpu = 00:01:59 ; elapsed = 00:00:34 . Memory (MB): peak = 3115.816 ; gain = 0.000 ; free physical = 260 ; free virtual = 7934
Phase 4.1 Post Commit Optimization | Checksum: 145b52a37

Time (s): cpu = 00:02:00 ; elapsed = 00:00:34 . Memory (MB): peak = 3115.816 ; gain = 0.000 ; free physical = 260 ; free virtual = 7934

Phase 4.2 Post Placement Cleanup
Phase 4.2 Post Placement Cleanup | Checksum: 145b52a37

Time (s): cpu = 00:02:00 ; elapsed = 00:00:34 . Memory (MB): peak = 3115.816 ; gain = 0.000 ; free physical = 260 ; free virtual = 7934

Phase 4.3 Placer Reporting

Phase 4.3.1 Print Estimated Congestion
INFO: [Place 30-612] Post-Placement Estimated Congestion 
 ____________________________________________________
|           | Global Congestion | Short Congestion  |
| Direction | Region Size       | Region Size       |
|___________|___________________|___________________|
|      North|                1x1|                1x1|
|___________|___________________|___________________|
|      South|                1x1|                1x1|
|___________|___________________|___________________|
|       East|                1x1|                1x1|
|___________|___________________|___________________|
|       West|                1x1|                1x1|
|___________|___________________|___________________|

Phase 4.3.1 Print Estimated Congestion | Checksum: 145b52a37

Time (s): cpu = 00:02:00 ; elapsed = 00:00:34 . Memory (MB): peak = 3115.816 ; gain = 0.000 ; free physical = 258 ; free virtual = 7932
Phase 4.3 Placer Reporting | Checksum: 145b52a37

Time (s): cpu = 00:02:00 ; elapsed = 00:00:34 . Memory (MB): peak = 3115.816 ; gain = 0.000 ; free physical = 258 ; free virtual = 7932

Phase 4.4 Final Placement Cleanup
Netlist sorting complete. Time (s): cpu = 00:00:00.01 ; elapsed = 00:00:00.01 . Memory (MB): peak = 3115.816 ; gain = 0.000 ; free physical = 258 ; free virtual = 7932

Time (s): cpu = 00:02:00 ; elapsed = 00:00:34 . Memory (MB): peak = 3115.816 ; gain = 0.000 ; free physical = 258 ; free virtual = 7932
Phase 4 Post Placement Optimization and Clean-Up | Checksum: 2050f8d67

Time (s): cpu = 00:02:00 ; elapsed = 00:00:34 . Memory (MB): peak = 3115.816 ; gain = 0.000 ; free physical = 258 ; free virtual = 7932
Ending Placer Task | Checksum: 1ca422063

Time (s): cpu = 00:02:00 ; elapsed = 00:00:34 . Memory (MB): peak = 3115.816 ; gain = 0.000 ; free physical = 258 ; free virtual = 7932
80 Infos, 4 Warnings, 0 Critical Warnings and 0 Errors encountered.
place_design completed successfully
place_design: Time (s): cpu = 00:02:06 ; elapsed = 00:00:36 . Memory (MB): peak = 3115.816 ; gain = 0.000 ; free physical = 258 ; free virtual = 7933
INFO: [Vivado 12-24838] Running report commands "report_control_sets, report_io, report_utilization" in parallel.
Running report generation with 3 threads.
INFO: [Vivado 12-24828] Executing command : report_control_sets -verbose -file bd_0_wrapper_control_sets_placed.rpt
report_control_sets: Time (s): cpu = 00:00:00.5 ; elapsed = 00:00:00.3 . Memory (MB): peak = 3115.816 ; gain = 0.000 ; free physical = 211 ; free virtual = 7889
INFO: [Vivado 12-24828] Executing command : report_utilization -file bd_0_wrapper_utilization_placed.rpt -pb bd_0_wrapper_utilization_placed.pb
INFO: [Vivado 12-24828] Executing command : report_io -file bd_0_wrapper_io_placed.rpt
report_io: Time (s): cpu = 00:00:00.92 ; elapsed = 00:00:00.62 . Memory (MB): peak = 3115.816 ; gain = 0.000 ; free physical = 209 ; free virtual = 7885
INFO: [Timing 38-480] Writing timing data to binary archive.
Wrote PlaceDB: Time (s): cpu = 00:00:00 ; elapsed = 00:00:00 . Memory (MB): peak = 3115.816 ; gain = 0.000 ; free physical = 209 ; free virtual = 7886
Wrote PulsedLatchDB: Time (s): cpu = 00:00:00 ; elapsed = 00:00:00 . Memory (MB): peak = 3115.816 ; gain = 0.000 ; free physical = 209 ; free virtual = 7886
Write ShapeDB Complete: Time (s): cpu = 00:00:00.26 ; elapsed = 00:00:00.05 . Memory (MB): peak = 3115.816 ; gain = 0.000 ; free physical = 208 ; free virtual = 7886
Writing XDEF routing.
Writing XDEF routing logical nets.
Writing XDEF routing special nets.
Wrote RouteStorage: Time (s): cpu = 00:00:00.68 ; elapsed = 00:00:00.18 . Memory (MB): peak = 3115.816 ; gain = 0.000 ; free physical = 224 ; free virtual = 7903
Wrote PlaceStorage: Time (s): cpu = 00:00:01 ; elapsed = 00:00:00.56 . Memory (MB): peak = 3115.816 ; gain = 0.000 ; free physical = 217 ; free virtual = 7901
Wrote Netlist Cache: Time (s): cpu = 00:00:00.01 ; elapsed = 00:00:00.02 . Memory (MB): peak = 3115.816 ; gain = 0.000 ; free physical = 215 ; free virtual = 7900
Wrote Device Cache: Time (s): cpu = 00:00:00.02 ; elapsed = 00:00:00.02 . Memory (MB): peak = 3115.816 ; gain = 0.000 ; free physical = 215 ; free virtual = 7900
Write Physdb Complete: Time (s): cpu = 00:00:02 ; elapsed = 00:00:00.79 . Memory (MB): peak = 3115.816 ; gain = 0.000 ; free physical = 215 ; free virtual = 7900
INFO: [Common 17-1381] The checkpoint '/home/johan2/Documents/fpga/zynq-pynq-gnss-receiver/vitis_workspace/gnss_correlator_hls/gnss_correlator_hls/hls/impl/verilog/project.runs/impl_1/bd_0_wrapper_placed.dcp' has been generated.
Command: phys_opt_design
Attempting to get a license for feature 'Implementation' and/or device 'xc7z020'
INFO: [Common 17-349] Got license for feature 'Implementation' and/or device 'xc7z020'

Starting Initial Update Timing Task
WARNING: [Timing 38-242] The property HD.CLK_SRC of clock port "ap_clk" is not set. In out-of-context mode, this prevents timing estimation for clock delay/skew
Resolution: Set the HD.CLK_SRC property of the out-of-context port to the location of the clock buffer instance in the top-level design

Time (s): cpu = 00:00:05 ; elapsed = 00:00:01 . Memory (MB): peak = 3115.816 ; gain = 0.000 ; free physical = 209 ; free virtual = 7891
INFO: [Vivado_Tcl 4-2279] Estimated Timing Summary | WNS= 2.480 | TNS= 0.000 | 
INFO: [Vivado_Tcl 4-383] Design worst setup slack (WNS) is greater than or equal to 0.000 ns. All physical synthesis setup optimizations will be skipped.
INFO: [Vivado_Tcl 4-232] No setup violation found. The netlist was not modified.
INFO: [Common 17-83] Releasing license: Implementation
91 Infos, 5 Warnings, 0 Critical Warnings and 0 Errors encountered.
phys_opt_design completed successfully
INFO: [Timing 38-480] Writing timing data to binary archive.
Wrote PlaceDB: Time (s): cpu = 00:00:00 ; elapsed = 00:00:00 . Memory (MB): peak = 3115.816 ; gain = 0.000 ; free physical = 209 ; free virtual = 7891
Wrote PulsedLatchDB: Time (s): cpu = 00:00:00 ; elapsed = 00:00:00 . Memory (MB): peak = 3115.816 ; gain = 0.000 ; free physical = 209 ; free virtual = 7891
Writing XDEF routing.
Writing XDEF routing logical nets.
Write ShapeDB Complete: Time (s): cpu = 00:00:00.25 ; elapsed = 00:00:00.06 . Memory (MB): peak = 3115.816 ; gain = 0.000 ; free physical = 209 ; free virtual = 7891
Writing XDEF routing special nets.
Wrote RouteStorage: Time (s): cpu = 00:00:00.33 ; elapsed = 00:00:00.08 . Memory (MB): peak = 3115.816 ; gain = 0.000 ; free physical = 211 ; free virtual = 7893
Wrote PlaceStorage: Time (s): cpu = 00:00:02 ; elapsed = 00:00:00.58 . Memory (MB): peak = 3115.816 ; gain = 0.000 ; free physical = 209 ; free virtual = 7897
Wrote Netlist Cache: Time (s): cpu = 00:00:00.01 ; elapsed = 00:00:00.01 . Memory (MB): peak = 3115.816 ; gain = 0.000 ; free physical = 209 ; free virtual = 7897
Wrote Device Cache: Time (s): cpu = 00:00:00.01 ; elapsed = 00:00:00.02 . Memory (MB): peak = 3115.816 ; gain = 0.000 ; free physical = 209 ; free virtual = 7898
Write Physdb Complete: Time (s): cpu = 00:00:02 ; elapsed = 00:00:00.7 . Memory (MB): peak = 3115.816 ; gain = 0.000 ; free physical = 208 ; free virtual = 7897
INFO: [Common 17-1381] The checkpoint '/home/johan2/Documents/fpga/zynq-pynq-gnss-receiver/vitis_workspace/gnss_correlator_hls/gnss_correlator_hls/hls/impl/verilog/project.runs/impl_1/bd_0_wrapper_physopt.dcp' has been generated.
Command: route_design
Attempting to get a license for feature 'Implementation' and/or device 'xc7z020'
INFO: [Common 17-349] Got license for feature 'Implementation' and/or device 'xc7z020'


Starting Routing Task
INFO: [Route 35-254] Multithreading enabled for route_design using a maximum of 8 CPUs

Phase 1 Build RT Design
Checksum: PlaceDB: d298aa3f ConstDB: 0 ShapeSum: e1b00334 RouteDB: 15f972f0
WARNING: [Route 35-197] Clock port "ap_clk" does not have an associated HD.CLK_SRC. Without this constraint, timing analysis may not be accurate and upstream checks cannot be done to ensure correct clock placement.
WARNING: [Route 35-198] Port "s_axi_control_r_bready" does not have an associated HD.PARTPIN_LOCS, which will prevent the partial routing of the signal "s_axi_control_r_bready". Without this partial route, timing analysis to/from this port will not be accurate, and no routing information for this port can be exported.
WARNING: [Route 35-198] Port "s_axi_control_r_awvalid" does not have an associated HD.PARTPIN_LOCS, which will prevent the partial routing of the signal "s_axi_control_r_awvalid". Without this partial route, timing analysis to/from this port will not be accurate, and no routing information for this port can be exported.
WARNING: [Route 35-198] Port "s_axi_control_r_wvalid" does not have an associated HD.PARTPIN_LOCS, which will prevent the partial routing of the signal "s_axi_control_r_wvalid". Without this partial route, timing analysis to/from this port will not be accurate, and no routing information for this port can be exported.
WARNING: [Route 35-198] Port "s_axi_control_r_wdata[24]" does not have an associated HD.PARTPIN_LOCS, which will prevent the partial routing of the signal "s_axi_control_r_wdata[24]". Without this partial route, timing analysis to/from this port will not be accurate, and no routing information for this port can be exported.
WARNING: [Route 35-198] Port "s_axi_control_r_wstrb[3]" does not have an associated HD.PARTPIN_LOCS, which will prevent the partial routing of the signal "s_axi_control_r_wstrb[3]". Without this partial route, timing analysis to/from this port will not be accurate, and no routing information for this port can be exported.
WARNING: [Route 35-198] Port "s_axi_control_r_wdata[25]" does not have an associated HD.PARTPIN_LOCS, which will prevent the partial routing of the signal "s_axi_control_r_wdata[25]". Without this partial route, timing analysis to/from this port will not be accurate, and no routing information for this port can be exported.
WARNING: [Route 35-198] Port "s_axi_control_r_wdata[30]" does not have an associated HD.PARTPIN_LOCS, which will prevent the partial routing of the signal "s_axi_control_r_wdata[30]". Without this partial route, timing analysis to/from this port will not be accurate, and no routing information for this port can be exported.
WARNING: [Route 35-198] Port "s_axi_control_r_wdata[31]" does not have an associated HD.PARTPIN_LOCS, which will prevent the partial routing of the signal "s_axi_control_r_wdata[31]". Without this partial route, timing analysis to/from this port will not be accurate, and no routing information for this port can be exported.
WARNING: [Route 35-198] Port "s_axi_control_r_wdata[28]" does not have an associated HD.PARTPIN_LOCS, which will prevent the partial routing of the signal "s_axi_control_r_wdata[28]". Without this partial route, timing analysis to/from this port will not be accurate, and no routing information for this port can be exported.
WARNING: [Route 35-198] Port "s_axi_control_r_wdata[29]" does not have an associated HD.PARTPIN_LOCS, which will prevent the partial routing of the signal "s_axi_control_r_wdata[29]". Without this partial route, timing analysis to/from this port will not be accurate, and no routing information for this port can be exported.
WARNING: [Route 35-198] Port "s_axi_control_r_awaddr[2]" does not have an associated HD.PARTPIN_LOCS, which will prevent the partial routing of the signal "s_axi_control_r_awaddr[2]". Without this partial route, timing analysis to/from this port will not be accurate, and no routing information for this port can be exported.
WARNING: [Route 35-198] Port "s_axi_control_r_awaddr[3]" does not have an associated HD.PARTPIN_LOCS, which will prevent the partial routing of the signal "s_axi_control_r_awaddr[3]". Without this partial route, timing analysis to/from this port will not be accurate, and no routing information for this port can be exported.
WARNING: [Route 35-198] Port "s_axi_control_r_awaddr[4]" does not have an associated HD.PARTPIN_LOCS, which will prevent the partial routing of the signal "s_axi_control_r_awaddr[4]". Without this partial route, timing analysis to/from this port will not be accurate, and no routing information for this port can be exported.
WARNING: [Route 35-198] Port "s_axi_control_r_awaddr[5]" does not have an associated HD.PARTPIN_LOCS, which will prevent the partial routing of the signal "s_axi_control_r_awaddr[5]". Without this partial route, timing analysis to/from this port will not be accurate, and no routing information for this port can be exported.
WARNING: [Route 35-198] Port "ap_rst_n" does not have an associated HD.PARTPIN_LOCS, which will prevent the partial routing of the signal "ap_rst_n". Without this partial route, timing analysis to/from this port will not be accurate, and no routing information for this port can be exported.
WARNING: [Route 35-198] Port "s_axi_control_r_wdata[18]" does not have an associated HD.PARTPIN_LOCS, which will prevent the partial routing of the signal "s_axi_control_r_wdata[18]". Without this partial route, timing analysis to/from this port will not be accurate, and no routing information for this port can be exported.
WARNING: [Route 35-198] Port "s_axi_control_r_wstrb[2]" does not have an associated HD.PARTPIN_LOCS, which will prevent the partial routing of the signal "s_axi_control_r_wstrb[2]". Without this partial route, timing analysis to/from this port will not be accurate, and no routing information for this port can be exported.
WARNING: [Route 35-198] Port "s_axi_control_r_wdata[19]" does not have an associated HD.PARTPIN_LOCS, which will prevent the partial routing of the signal "s_axi_control_r_wdata[19]". Without this partial route, timing analysis to/from this port will not be accurate, and no routing information for this port can be exported.
WARNING: [Route 35-198] Port "s_axi_control_r_wdata[20]" does not have an associated HD.PARTPIN_LOCS, which will prevent the partial routing of the signal "s_axi_control_r_wdata[20]". Without this partial route, timing analysis to/from this port will not be accurate, and no routing information for this port can be exported.
WARNING: [Route 35-198] Port "s_axi_control_r_wdata[21]" does not have an associated HD.PARTPIN_LOCS, which will prevent the partial routing of the signal "s_axi_control_r_wdata[21]". Without this partial route, timing analysis to/from this port will not be accurate, and no routing information for this port can be exported.
WARNING: [Route 35-198] Port "s_axi_control_r_wdata[26]" does not have an associated HD.PARTPIN_LOCS, which will prevent the partial routing of the signal "s_axi_control_r_wdata[26]". Without this partial route, timing analysis to/from this port will not be accurate, and no routing information for this port can be exported.
WARNING: [Route 35-198] Port "s_axi_control_r_wdata[27]" does not have an associated HD.PARTPIN_LOCS, which will prevent the partial routing of the signal "s_axi_control_r_wdata[27]". Without this partial route, timing analysis to/from this port will not be accurate, and no routing information for this port can be exported.
WARNING: [Route 35-198] Port "s_axi_control_r_araddr[0]" does not have an associated HD.PARTPIN_LOCS, which will prevent the partial routing of the signal "s_axi_control_r_araddr[0]". Without this partial route, timing analysis to/from this port will not be accurate, and no routing information for this port can be exported.
WARNING: [Route 35-198] Port "s_axi_control_r_araddr[1]" does not have an associated HD.PARTPIN_LOCS, which will prevent the partial routing of the signal "s_axi_control_r_araddr[1]". Without this partial route, timing analysis to/from this port will not be accurate, and no routing information for this port can be exported.
WARNING: [Route 35-198] Port "s_axi_control_r_araddr[5]" does not have an associated HD.PARTPIN_LOCS, which will prevent the partial routing of the signal "s_axi_control_r_araddr[5]". Without this partial route, timing analysis to/from this port will not be accurate, and no routing information for this port can be exported.
WARNING: [Route 35-198] Port "s_axi_control_r_araddr[3]" does not have an associated HD.PARTPIN_LOCS, which will prevent the partial routing of the signal "s_axi_control_r_araddr[3]". Without this partial route, timing analysis to/from this port will not be accurate, and no routing information for this port can be exported.
WARNING: [Route 35-198] Port "s_axi_control_r_araddr[2]" does not have an associated HD.PARTPIN_LOCS, which will prevent the partial routing of the signal "s_axi_control_r_araddr[2]". Without this partial route, timing analysis to/from this port will not be accurate, and no routing information for this port can be exported.
WARNING: [Route 35-198] Port "s_axi_control_r_araddr[4]" does not have an associated HD.PARTPIN_LOCS, which will prevent the partial routing of the signal "s_axi_control_r_araddr[4]". Without this partial route, timing analysis to/from this port will not be accurate, and no routing information for this port can be exported.
WARNING: [Route 35-198] Port "s_axi_control_r_wdata[14]" does not have an associated HD.PARTPIN_LOCS, which will prevent the partial routing of the signal "s_axi_control_r_wdata[14]". Without this partial route, timing analysis to/from this port will not be accurate, and no routing information for this port can be exported.
WARNING: [Route 35-198] Port "s_axi_control_r_wstrb[1]" does not have an associated HD.PARTPIN_LOCS, which will prevent the partial routing of the signal "s_axi_control_r_wstrb[1]". Without this partial route, timing analysis to/from this port will not be accurate, and no routing information for this port can be exported.
WARNING: [Route 35-198] Port "s_axi_control_r_wdata[15]" does not have an associated HD.PARTPIN_LOCS, which will prevent the partial routing of the signal "s_axi_control_r_wdata[15]". Without this partial route, timing analysis to/from this port will not be accurate, and no routing information for this port can be exported.
WARNING: [Route 35-198] Port "s_axi_control_r_wdata[22]" does not have an associated HD.PARTPIN_LOCS, which will prevent the partial routing of the signal "s_axi_control_r_wdata[22]". Without this partial route, timing analysis to/from this port will not be accurate, and no routing information for this port can be exported.
WARNING: [Route 35-198] Port "s_axi_control_r_wdata[23]" does not have an associated HD.PARTPIN_LOCS, which will prevent the partial routing of the signal "s_axi_control_r_wdata[23]". Without this partial route, timing analysis to/from this port will not be accurate, and no routing information for this port can be exported.
WARNING: [Route 35-198] Port "s_axi_control_r_wdata[10]" does not have an associated HD.PARTPIN_LOCS, which will prevent the partial routing of the signal "s_axi_control_r_wdata[10]". Without this partial route, timing analysis to/from this port will not be accurate, and no routing information for this port can be exported.
WARNING: [Route 35-198] Port "s_axi_control_r_wdata[11]" does not have an associated HD.PARTPIN_LOCS, which will prevent the partial routing of the signal "s_axi_control_r_wdata[11]". Without this partial route, timing analysis to/from this port will not be accurate, and no routing information for this port can be exported.
WARNING: [Route 35-198] Port "s_axi_control_r_wdata[12]" does not have an associated HD.PARTPIN_LOCS, which will prevent the partial routing of the signal "s_axi_control_r_wdata[12]". Without this partial route, timing analysis to/from this port will not be accurate, and no routing information for this port can be exported.
WARNING: [Route 35-198] Port "s_axi_control_r_wdata[13]" does not have an associated HD.PARTPIN_LOCS, which will prevent the partial routing of the signal "s_axi_control_r_wdata[13]". Without this partial route, timing analysis to/from this port will not be accurate, and no routing information for this port can be exported.
WARNING: [Route 35-198] Port "s_axi_control_r_arvalid" does not have an associated HD.PARTPIN_LOCS, which will prevent the partial routing of the signal "s_axi_control_r_arvalid". Without this partial route, timing analysis to/from this port will not be accurate, and no routing information for this port can be exported.
WARNING: [Route 35-198] Port "s_axi_control_r_rready" does not have an associated HD.PARTPIN_LOCS, which will prevent the partial routing of the signal "s_axi_control_r_rready". Without this partial route, timing analysis to/from this port will not be accurate, and no routing information for this port can be exported.
WARNING: [Route 35-198] Port "s_axi_control_r_wdata[6]" does not have an associated HD.PARTPIN_LOCS, which will prevent the partial routing of the signal "s_axi_control_r_wdata[6]". Without this partial route, timing analysis to/from this port will not be accurate, and no routing information for this port can be exported.
WARNING: [Route 35-198] Port "s_axi_control_r_wstrb[0]" does not have an associated HD.PARTPIN_LOCS, which will prevent the partial routing of the signal "s_axi_control_r_wstrb[0]". Without this partial route, timing analysis to/from this port will not be accurate, and no routing information for this port can be exported.
WARNING: [Route 35-198] Port "s_axi_control_r_wdata[7]" does not have an associated HD.PARTPIN_LOCS, which will prevent the partial routing of the signal "s_axi_control_r_wdata[7]". Without this partial route, timing analysis to/from this port will not be accurate, and no routing information for this port can be exported.
WARNING: [Route 35-198] Port "s_axi_control_r_wdata[8]" does not have an associated HD.PARTPIN_LOCS, which will prevent the partial routing of the signal "s_axi_control_r_wdata[8]". Without this partial route, timing analysis to/from this port will not be accurate, and no routing information for this port can be exported.
WARNING: [Route 35-198] Port "s_axi_control_r_wdata[9]" does not have an associated HD.PARTPIN_LOCS, which will prevent the partial routing of the signal "s_axi_control_r_wdata[9]". Without this partial route, timing analysis to/from this port will not be accurate, and no routing information for this port can be exported.
WARNING: [Route 35-198] Port "s_axi_control_r_wdata[16]" does not have an associated HD.PARTPIN_LOCS, which will prevent the partial routing of the signal "s_axi_control_r_wdata[16]". Without this partial route, timing analysis to/from this port will not be accurate, and no routing information for this port can be exported.
WARNING: [Route 35-198] Port "s_axi_control_r_wdata[17]" does not have an associated HD.PARTPIN_LOCS, which will prevent the partial routing of the signal "s_axi_control_r_wdata[17]". Without this partial route, timing analysis to/from this port will not be accurate, and no routing information for this port can be exported.
WARNING: [Route 35-198] Port "s_axi_control_r_wdata[0]" does not have an associated HD.PARTPIN_LOCS, which will prevent the partial routing of the signal "s_axi_control_r_wdata[0]". Without this partial route, timing analysis to/from this port will not be accurate, and no routing information for this port can be exported.
WARNING: [Route 35-198] Port "s_axi_control_r_wdata[1]" does not have an associated HD.PARTPIN_LOCS, which will prevent the partial routing of the signal "s_axi_control_r_wdata[1]". Without this partial route, timing analysis to/from this port will not be accurate, and no routing information for this port can be exported.
WARNING: [Route 35-198] Port "s_axi_control_r_wdata[2]" does not have an associated HD.PARTPIN_LOCS, which will prevent the partial routing of the signal "s_axi_control_r_wdata[2]". Without this partial route, timing analysis to/from this port will not be accurate, and no routing information for this port can be exported.
WARNING: [Route 35-198] Port "s_axi_control_r_wdata[3]" does not have an associated HD.PARTPIN_LOCS, which will prevent the partial routing of the signal "s_axi_control_r_wdata[3]". Without this partial route, timing analysis to/from this port will not be accurate, and no routing information for this port can be exported.
WARNING: [Route 35-198] Port "s_axi_control_r_wdata[4]" does not have an associated HD.PARTPIN_LOCS, which will prevent the partial routing of the signal "s_axi_control_r_wdata[4]". Without this partial route, timing analysis to/from this port will not be accurate, and no routing information for this port can be exported.
WARNING: [Route 35-198] Port "s_axi_control_r_wdata[5]" does not have an associated HD.PARTPIN_LOCS, which will prevent the partial routing of the signal "s_axi_control_r_wdata[5]". Without this partial route, timing analysis to/from this port will not be accurate, and no routing information for this port can be exported.
WARNING: [Route 35-198] Port "m_axi_gmem1_arready" does not have an associated HD.PARTPIN_LOCS, which will prevent the partial routing of the signal "m_axi_gmem1_arready". Without this partial route, timing analysis to/from this port will not be accurate, and no routing information for this port can be exported.
WARNING: [Route 35-198] Port "m_axi_gmem0_arready" does not have an associated HD.PARTPIN_LOCS, which will prevent the partial routing of the signal "m_axi_gmem0_arready". Without this partial route, timing analysis to/from this port will not be accurate, and no routing information for this port can be exported.
WARNING: [Route 35-198] Port "s_axi_control_wdata[24]" does not have an associated HD.PARTPIN_LOCS, which will prevent the partial routing of the signal "s_axi_control_wdata[24]". Without this partial route, timing analysis to/from this port will not be accurate, and no routing information for this port can be exported.
WARNING: [Route 35-198] Port "s_axi_control_wstrb[3]" does not have an associated HD.PARTPIN_LOCS, which will prevent the partial routing of the signal "s_axi_control_wstrb[3]". Without this partial route, timing analysis to/from this port will not be accurate, and no routing information for this port can be exported.
WARNING: [Route 35-198] Port "s_axi_control_wdata[25]" does not have an associated HD.PARTPIN_LOCS, which will prevent the partial routing of the signal "s_axi_control_wdata[25]". Without this partial route, timing analysis to/from this port will not be accurate, and no routing information for this port can be exported.
WARNING: [Route 35-198] Port "s_axi_control_wdata[26]" does not have an associated HD.PARTPIN_LOCS, which will prevent the partial routing of the signal "s_axi_control_wdata[26]". Without this partial route, timing analysis to/from this port will not be accurate, and no routing information for this port can be exported.
WARNING: [Route 35-198] Port "s_axi_control_wdata[27]" does not have an associated HD.PARTPIN_LOCS, which will prevent the partial routing of the signal "s_axi_control_wdata[27]". Without this partial route, timing analysis to/from this port will not be accurate, and no routing information for this port can be exported.
WARNING: [Route 35-198] Port "s_axi_control_wdata[2]" does not have an associated HD.PARTPIN_LOCS, which will prevent the partial routing of the signal "s_axi_control_wdata[2]". Without this partial route, timing analysis to/from this port will not be accurate, and no routing information for this port can be exported.
WARNING: [Route 35-198] Port "s_axi_control_wstrb[0]" does not have an associated HD.PARTPIN_LOCS, which will prevent the partial routing of the signal "s_axi_control_wstrb[0]". Without this partial route, timing analysis to/from this port will not be accurate, and no routing information for this port can be exported.
WARNING: [Route 35-198] Port "s_axi_control_wdata[30]" does not have an associated HD.PARTPIN_LOCS, which will prevent the partial routing of the signal "s_axi_control_wdata[30]". Without this partial route, timing analysis to/from this port will not be accurate, and no routing information for this port can be exported.
WARNING: [Route 35-198] Port "s_axi_control_wdata[31]" does not have an associated HD.PARTPIN_LOCS, which will prevent the partial routing of the signal "s_axi_control_wdata[31]". Without this partial route, timing analysis to/from this port will not be accurate, and no routing information for this port can be exported.
WARNING: [Route 35-198] Port "s_axi_control_wdata[3]" does not have an associated HD.PARTPIN_LOCS, which will prevent the partial routing of the signal "s_axi_control_wdata[3]". Without this partial route, timing analysis to/from this port will not be accurate, and no routing information for this port can be exported.
WARNING: [Route 35-198] Port "s_axi_control_wdata[12]" does not have an associated HD.PARTPIN_LOCS, which will prevent the partial routing of the signal "s_axi_control_wdata[12]". Without this partial route, timing analysis to/from this port will not be accurate, and no routing information for this port can be exported.
WARNING: [Route 35-198] Port "s_axi_control_wstrb[1]" does not have an associated HD.PARTPIN_LOCS, which will prevent the partial routing of the signal "s_axi_control_wstrb[1]". Without this partial route, timing analysis to/from this port will not be accurate, and no routing information for this port can be exported.
WARNING: [Route 35-198] Port "s_axi_control_wdata[13]" does not have an associated HD.PARTPIN_LOCS, which will prevent the partial routing of the signal "s_axi_control_wdata[13]". Without this partial route, timing analysis to/from this port will not be accurate, and no routing information for this port can be exported.
WARNING: [Route 35-198] Port "s_axi_control_wdata[18]" does not have an associated HD.PARTPIN_LOCS, which will prevent the partial routing of the signal "s_axi_control_wdata[18]". Without this partial route, timing analysis to/from this port will not be accurate, and no routing information for this port can be exported.
WARNING: [Route 35-198] Port "s_axi_control_wstrb[2]" does not have an associated HD.PARTPIN_LOCS, which will prevent the partial routing of the signal "s_axi_control_wstrb[2]". Without this partial route, timing analysis to/from this port will not be accurate, and no routing information for this port can be exported.
WARNING: [Route 35-198] Port "s_axi_control_wdata[19]" does not have an associated HD.PARTPIN_LOCS, which will prevent the partial routing of the signal "s_axi_control_wdata[19]". Without this partial route, timing analysis to/from this port will not be accurate, and no routing information for this port can be exported.
WARNING: [Route 35-198] Port "s_axi_control_wdata[6]" does not have an associated HD.PARTPIN_LOCS, which will prevent the partial routing of the signal "s_axi_control_wdata[6]". Without this partial route, timing analysis to/from this port will not be accurate, and no routing information for this port can be exported.
WARNING: [Route 35-198] Port "s_axi_control_wdata[7]" does not have an associated HD.PARTPIN_LOCS, which will prevent the partial routing of the signal "s_axi_control_wdata[7]". Without this partial route, timing analysis to/from this port will not be accurate, and no routing information for this port can be exported.
WARNING: [Route 35-198] Port "s_axi_control_wdata[8]" does not have an associated HD.PARTPIN_LOCS, which will prevent the partial routing of the signal "s_axi_control_wdata[8]". Without this partial route, timing analysis to/from this port will not be accurate, and no routing information for this port can be exported.
WARNING: [Route 35-198] Port "s_axi_control_wdata[9]" does not have an associated HD.PARTPIN_LOCS, which will prevent the partial routing of the signal "s_axi_control_wdata[9]". Without this partial route, timing analysis to/from this port will not be accurate, and no routing information for this port can be exported.
WARNING: [Route 35-198] Port "s_axi_control_awvalid" does not have an associated HD.PARTPIN_LOCS, which will prevent the partial routing of the signal "s_axi_control_awvalid". Without this partial route, timing analysis to/from this port will not be accurate, and no routing information for this port can be exported.
WARNING: [Route 35-198] Port "s_axi_control_bready" does not have an associated HD.PARTPIN_LOCS, which will prevent the partial routing of the signal "s_axi_control_bready". Without this partial route, timing analysis to/from this port will not be accurate, and no routing information for this port can be exported.
WARNING: [Route 35-198] Port "s_axi_control_wvalid" does not have an associated HD.PARTPIN_LOCS, which will prevent the partial routing of the signal "s_axi_control_wvalid". Without this partial route, timing analysis to/from this port will not be accurate, and no routing information for this port can be exported.
WARNING: [Route 35-198] Port "s_axi_control_awaddr[2]" does not have an associated HD.PARTPIN_LOCS, which will prevent the partial routing of the signal "s_axi_control_awaddr[2]". Without this partial route, timing analysis to/from this port will not be accurate, and no routing information for this port can be exported.
WARNING: [Route 35-198] Port "s_axi_control_awaddr[3]" does not have an associated HD.PARTPIN_LOCS, which will prevent the partial routing of the signal "s_axi_control_awaddr[3]". Without this partial route, timing analysis to/from this port will not be accurate, and no routing information for this port can be exported.
WARNING: [Route 35-198] Port "s_axi_control_awaddr[4]" does not have an associated HD.PARTPIN_LOCS, which will prevent the partial routing of the signal "s_axi_control_awaddr[4]". Without this partial route, timing analysis to/from this port will not be accurate, and no routing information for this port can be exported.
WARNING: [Route 35-198] Port "s_axi_control_awaddr[5]" does not have an associated HD.PARTPIN_LOCS, which will prevent the partial routing of the signal "s_axi_control_awaddr[5]". Without this partial route, timing analysis to/from this port will not be accurate, and no routing information for this port can be exported.
WARNING: [Route 35-198] Port "s_axi_control_wdata[0]" does not have an associated HD.PARTPIN_LOCS, which will prevent the partial routing of the signal "s_axi_control_wdata[0]". Without this partial route, timing analysis to/from this port will not be accurate, and no routing information for this port can be exported.
WARNING: [Route 35-198] Port "s_axi_control_wdata[1]" does not have an associated HD.PARTPIN_LOCS, which will prevent the partial routing of the signal "s_axi_control_wdata[1]". Without this partial route, timing analysis to/from this port will not be accurate, and no routing information for this port can be exported.
WARNING: [Route 35-198] Port "s_axi_control_wdata[20]" does not have an associated HD.PARTPIN_LOCS, which will prevent the partial routing of the signal "s_axi_control_wdata[20]". Without this partial route, timing analysis to/from this port will not be accurate, and no routing information for this port can be exported.
WARNING: [Route 35-198] Port "s_axi_control_wdata[21]" does not have an associated HD.PARTPIN_LOCS, which will prevent the partial routing of the signal "s_axi_control_wdata[21]". Without this partial route, timing analysis to/from this port will not be accurate, and no routing information for this port can be exported.
WARNING: [Route 35-198] Port "s_axi_control_wdata[22]" does not have an associated HD.PARTPIN_LOCS, which will prevent the partial routing of the signal "s_axi_control_wdata[22]". Without this partial route, timing analysis to/from this port will not be accurate, and no routing information for this port can be exported.
WARNING: [Route 35-198] Port "s_axi_control_wdata[23]" does not have an associated HD.PARTPIN_LOCS, which will prevent the partial routing of the signal "s_axi_control_wdata[23]". Without this partial route, timing analysis to/from this port will not be accurate, and no routing information for this port can be exported.
WARNING: [Route 35-198] Port "s_axi_control_wdata[28]" does not have an associated HD.PARTPIN_LOCS, which will prevent the partial routing of the signal "s_axi_control_wdata[28]". Without this partial route, timing analysis to/from this port will not be accurate, and no routing information for this port can be exported.
WARNING: [Route 35-198] Port "s_axi_control_wdata[29]" does not have an associated HD.PARTPIN_LOCS, which will prevent the partial routing of the signal "s_axi_control_wdata[29]". Without this partial route, timing analysis to/from this port will not be accurate, and no routing information for this port can be exported.
WARNING: [Route 35-198] Port "s_axi_control_araddr[5]" does not have an associated HD.PARTPIN_LOCS, which will prevent the partial routing of the signal "s_axi_control_araddr[5]". Without this partial route, timing analysis to/from this port will not be accurate, and no routing information for this port can be exported.
WARNING: [Route 35-198] Port "s_axi_control_araddr[4]" does not have an associated HD.PARTPIN_LOCS, which will prevent the partial routing of the signal "s_axi_control_araddr[4]". Without this partial route, timing analysis to/from this port will not be accurate, and no routing information for this port can be exported.
WARNING: [Route 35-198] Port "s_axi_control_wdata[10]" does not have an associated HD.PARTPIN_LOCS, which will prevent the partial routing of the signal "s_axi_control_wdata[10]". Without this partial route, timing analysis to/from this port will not be accurate, and no routing information for this port can be exported.
WARNING: [Route 35-198] Port "s_axi_control_wdata[11]" does not have an associated HD.PARTPIN_LOCS, which will prevent the partial routing of the signal "s_axi_control_wdata[11]". Without this partial route, timing analysis to/from this port will not be accurate, and no routing information for this port can be exported.
WARNING: [Route 35-198] Port "s_axi_control_wdata[14]" does not have an associated HD.PARTPIN_LOCS, which will prevent the partial routing of the signal "s_axi_control_wdata[14]". Without this partial route, timing analysis to/from this port will not be accurate, and no routing information for this port can be exported.
WARNING: [Route 35-198] Port "s_axi_control_wdata[15]" does not have an associated HD.PARTPIN_LOCS, which will prevent the partial routing of the signal "s_axi_control_wdata[15]". Without this partial route, timing analysis to/from this port will not be accurate, and no routing information for this port can be exported.
WARNING: [Route 35-198] Port "s_axi_control_wdata[16]" does not have an associated HD.PARTPIN_LOCS, which will prevent the partial routing of the signal "s_axi_control_wdata[16]". Without this partial route, timing analysis to/from this port will not be accurate, and no routing information for this port can be exported.
WARNING: [Route 35-198] Port "s_axi_control_wdata[17]" does not have an associated HD.PARTPIN_LOCS, which will prevent the partial routing of the signal "s_axi_control_wdata[17]". Without this partial route, timing analysis to/from this port will not be accurate, and no routing information for this port can be exported.
WARNING: [Route 35-198] Port "s_axi_control_wdata[4]" does not have an associated HD.PARTPIN_LOCS, which will prevent the partial routing of the signal "s_axi_control_wdata[4]". Without this partial route, timing analysis to/from this port will not be accurate, and no routing information for this port can be exported.
WARNING: [Route 35-198] Port "s_axi_control_wdata[5]" does not have an associated HD.PARTPIN_LOCS, which will prevent the partial routing of the signal "s_axi_control_wdata[5]". Without this partial route, timing analysis to/from this port will not be accurate, and no routing information for this port can be exported.
WARNING: [Route 35-198] Port "s_axi_control_araddr[3]" does not have an associated HD.PARTPIN_LOCS, which will prevent the partial routing of the signal "s_axi_control_araddr[3]". Without this partial route, timing analysis to/from this port will not be accurate, and no routing information for this port can be exported.
INFO: [Common 17-14] Message 'Route 35-198' appears 100 times and further instances of the messages will be disabled. Use the Tcl command set_msg_config to change the current settings.
WARNING: [Constraints 18-8777] Unable to split tiles. All required files are not available.
Post Restoration Checksum: NetGraph: 930c50f5 | NumContArr: f3e41efb | Constraints: c2a8fa9d | Timing: c2a8fa9d
Phase 1 Build RT Design | Checksum: 30c42652a

Time (s): cpu = 00:00:58 ; elapsed = 00:00:47 . Memory (MB): peak = 3115.816 ; gain = 0.000 ; free physical = 247 ; free virtual = 7946

Phase 2 Router Initialization

Phase 2.1 Fix Topology Constraints
Phase 2.1 Fix Topology Constraints | Checksum: 30c42652a

Time (s): cpu = 00:00:59 ; elapsed = 00:00:47 . Memory (MB): peak = 3115.816 ; gain = 0.000 ; free physical = 247 ; free virtual = 7946

Phase 2.2 Pre Route Cleanup
Phase 2.2 Pre Route Cleanup | Checksum: 30c42652a

Time (s): cpu = 00:00:59 ; elapsed = 00:00:47 . Memory (MB): peak = 3115.816 ; gain = 0.000 ; free physical = 247 ; free virtual = 7946
 Number of Nodes with overlaps = 0

Phase 2.3 Update Timing
Phase 2.3 Update Timing | Checksum: 2dbeed16b

Time (s): cpu = 00:01:06 ; elapsed = 00:00:48 . Memory (MB): peak = 3115.816 ; gain = 0.000 ; free physical = 240 ; free virtual = 7945
INFO: [Route 35-416] Intermediate Timing Summary | WNS=2.591  | TNS=0.000  | WHS=0.074  | THS=0.000  |


Phase 2.4 Soft Constraint Pins - Fast Budgeting
Phase 2.4 Soft Constraint Pins - Fast Budgeting | Checksum: 233841680

Time (s): cpu = 00:01:09 ; elapsed = 00:00:49 . Memory (MB): peak = 3115.816 ; gain = 0.000 ; free physical = 236 ; free virtual = 7942

Router Utilization Summary
  Global Vertical Routing Utilization    = 0 %
  Global Horizontal Routing Utilization  = 0 %
  Routable Net Status*
  *Does not include unroutable nets such as driverless and loadless.
  Run report_route_status for detailed report.
  Number of Failed Nets               = 5860
    (Failed Nets is the sum of unrouted and partially routed nets)
  Number of Unrouted Nets             = 5860
  Number of Partially Routed Nets     = 0
  Number of Node Overlaps             = 0

Phase 2 Router Initialization | Checksum: 233841680

Time (s): cpu = 00:01:10 ; elapsed = 00:00:49 . Memory (MB): peak = 3115.816 ; gain = 0.000 ; free physical = 234 ; free virtual = 7941

Phase 3 Global Routing
Phase 3 Global Routing | Checksum: 233841680

Time (s): cpu = 00:01:10 ; elapsed = 00:00:49 . Memory (MB): peak = 3115.816 ; gain = 0.000 ; free physical = 234 ; free virtual = 7941

Phase 4 Initial Routing

Phase 4.1 Initial Net Routing Pass
Phase 4.1 Initial Net Routing Pass | Checksum: 1b7280873

Time (s): cpu = 00:01:13 ; elapsed = 00:00:50 . Memory (MB): peak = 3115.816 ; gain = 0.000 ; free physical = 240 ; free virtual = 7946
Phase 4 Initial Routing | Checksum: 1b7280873

Time (s): cpu = 00:01:13 ; elapsed = 00:00:50 . Memory (MB): peak = 3115.816 ; gain = 0.000 ; free physical = 239 ; free virtual = 7946

Phase 5 Rip-up And Reroute

Phase 5.1 Global Iteration 0
 Number of Nodes with overlaps = 508
 Number of Nodes with overlaps = 61
 Number of Nodes with overlaps = 10
 Number of Nodes with overlaps = 3
 Number of Nodes with overlaps = 2
 Number of Nodes with overlaps = 0
INFO: [Route 35-416] Intermediate Timing Summary | WNS=2.990  | TNS=0.000  | WHS=N/A    | THS=N/A    |

Phase 5.1 Global Iteration 0 | Checksum: 24f022f7f

Time (s): cpu = 00:01:22 ; elapsed = 00:00:55 . Memory (MB): peak = 3115.816 ; gain = 0.000 ; free physical = 205 ; free virtual = 7910
Phase 5 Rip-up And Reroute | Checksum: 24f022f7f

Time (s): cpu = 00:01:22 ; elapsed = 00:00:55 . Memory (MB): peak = 3115.816 ; gain = 0.000 ; free physical = 205 ; free virtual = 7910

Phase 6 Delay and Skew Optimization

Phase 6.1 Delay CleanUp
Phase 6.1 Delay CleanUp | Checksum: 24f022f7f

Time (s): cpu = 00:01:22 ; elapsed = 00:00:55 . Memory (MB): peak = 3115.816 ; gain = 0.000 ; free physical = 205 ; free virtual = 7910

Phase 6.2 Clock Skew Optimization
Phase 6.2 Clock Skew Optimization | Checksum: 24f022f7f

Time (s): cpu = 00:01:22 ; elapsed = 00:00:55 . Memory (MB): peak = 3115.816 ; gain = 0.000 ; free physical = 205 ; free virtual = 7910
Phase 6 Delay and Skew Optimization | Checksum: 24f022f7f

Time (s): cpu = 00:01:22 ; elapsed = 00:00:55 . Memory (MB): peak = 3115.816 ; gain = 0.000 ; free physical = 205 ; free virtual = 7910

Phase 7 Post Hold Fix

Phase 7.1 Hold Fix Iter
INFO: [Route 35-416] Intermediate Timing Summary | WNS=2.990  | TNS=0.000  | WHS=0.070  | THS=0.000  |

Phase 7.1 Hold Fix Iter | Checksum: 28a5021ef

Time (s): cpu = 00:01:23 ; elapsed = 00:00:55 . Memory (MB): peak = 3115.816 ; gain = 0.000 ; free physical = 207 ; free virtual = 7912
Phase 7 Post Hold Fix | Checksum: 28a5021ef

Time (s): cpu = 00:01:23 ; elapsed = 00:00:55 . Memory (MB): peak = 3115.816 ; gain = 0.000 ; free physical = 207 ; free virtual = 7912

Phase 8 Route finalize

Router Utilization Summary
  Global Vertical Routing Utilization    = 0.753702 %
  Global Horizontal Routing Utilization  = 1.05891 %
  Routable Net Status*
  *Does not include unroutable nets such as driverless and loadless.
  Run report_route_status for detailed report.
  Number of Failed Nets               = 0
    (Failed Nets is the sum of unrouted and partially routed nets)
  Number of Unrouted Nets             = 0
  Number of Partially Routed Nets     = 0
  Number of Node Overlaps             = 0

Phase 8 Route finalize | Checksum: 28a5021ef

Time (s): cpu = 00:01:24 ; elapsed = 00:00:56 . Memory (MB): peak = 3115.816 ; gain = 0.000 ; free physical = 207 ; free virtual = 7911

Phase 9 Verifying routed nets

 Verification completed successfully
Phase 9 Verifying routed nets | Checksum: 28a5021ef

Time (s): cpu = 00:01:24 ; elapsed = 00:00:56 . Memory (MB): peak = 3115.816 ; gain = 0.000 ; free physical = 207 ; free virtual = 7911

Phase 10 Depositing Routes
Phase 10 Depositing Routes | Checksum: 293d54e91

Time (s): cpu = 00:01:26 ; elapsed = 00:00:57 . Memory (MB): peak = 3115.816 ; gain = 0.000 ; free physical = 201 ; free virtual = 7911

Phase 11 Post Process Routing
Phase 11 Post Process Routing | Checksum: 293d54e91

Time (s): cpu = 00:01:26 ; elapsed = 00:00:57 . Memory (MB): peak = 3115.816 ; gain = 0.000 ; free physical = 201 ; free virtual = 7911

Phase 12 Post Router Timing
INFO: [Route 35-57] Estimated Timing Summary | WNS=2.990  | TNS=0.000  | WHS=0.070  | THS=0.000  |

INFO: [Route 35-327] The final timing numbers are based on the router estimated timing analysis. For a complete and accurate timing signoff, please run report_timing_summary.
Phase 12 Post Router Timing | Checksum: 293d54e91

Time (s): cpu = 00:01:26 ; elapsed = 00:00:57 . Memory (MB): peak = 3115.816 ; gain = 0.000 ; free physical = 201 ; free virtual = 7911
Total Elapsed time in route_design: 56.78 secs

Phase 13 Post-Route Event Processing
Phase 13 Post-Route Event Processing | Checksum: 284fbe7b7

Time (s): cpu = 00:01:26 ; elapsed = 00:00:57 . Memory (MB): peak = 3115.816 ; gain = 0.000 ; free physical = 201 ; free virtual = 7911
INFO: [Route 35-16] Router Completed Successfully
Ending Routing Task | Checksum: 284fbe7b7

Time (s): cpu = 00:01:26 ; elapsed = 00:00:57 . Memory (MB): peak = 3115.816 ; gain = 0.000 ; free physical = 201 ; free virtual = 7911

Routing Is Done.
INFO: [Common 17-83] Releasing license: Implementation
103 Infos, 107 Warnings, 0 Critical Warnings and 0 Errors encountered.
route_design completed successfully
route_design: Time (s): cpu = 00:01:26 ; elapsed = 00:00:57 . Memory (MB): peak = 3115.816 ; gain = 0.000 ; free physical = 201 ; free virtual = 7911
INFO: [Vivado 12-24828] Executing command : report_drc -file bd_0_wrapper_drc_routed.rpt -pb bd_0_wrapper_drc_routed.pb -rpx bd_0_wrapper_drc_routed.rpx
Command: report_drc -file bd_0_wrapper_drc_routed.rpt -pb bd_0_wrapper_drc_routed.pb -rpx bd_0_wrapper_drc_routed.rpx
INFO: [IP_Flow 19-1839] IP Catalog is up to date.
INFO: [DRC 23-27] Running DRC with 8 threads
WARNING: [DRC 23-814] Not all possible (connectivity based) DRCs may have been run because this design is seen as Out of Context.
INFO: [Vivado_Tcl 2-168] The results of DRC are in file /home/johan2/Documents/fpga/zynq-pynq-gnss-receiver/vitis_workspace/gnss_correlator_hls/gnss_correlator_hls/hls/impl/verilog/project.runs/impl_1/bd_0_wrapper_drc_routed.rpt.
report_drc completed successfully
INFO: [Vivado 12-24828] Executing command : report_methodology -file bd_0_wrapper_methodology_drc_routed.rpt -pb bd_0_wrapper_methodology_drc_routed.pb -rpx bd_0_wrapper_methodology_drc_routed.rpx
Command: report_methodology -file bd_0_wrapper_methodology_drc_routed.rpt -pb bd_0_wrapper_methodology_drc_routed.pb -rpx bd_0_wrapper_methodology_drc_routed.rpx
INFO: [Timing 38-35] Done setting XDC timing constraints.
WARNING: [Timing 38-242] The property HD.CLK_SRC of clock port "ap_clk" is not set. In out-of-context mode, this prevents timing estimation for clock delay/skew
Resolution: Set the HD.CLK_SRC property of the out-of-context port to the location of the clock buffer instance in the top-level design
INFO: [DRC 23-133] Running Methodology with 8 threads
WARNING: [DRC 23-814] Not all possible (connectivity based) DRCs may have been run because this design is seen as Out of Context.
INFO: [Vivado_Tcl 2-1520] The results of Report Methodology are in file /home/johan2/Documents/fpga/zynq-pynq-gnss-receiver/vitis_workspace/gnss_correlator_hls/gnss_correlator_hls/hls/impl/verilog/project.runs/impl_1/bd_0_wrapper_methodology_drc_routed.rpt.
report_methodology completed successfully
INFO: [Vivado 12-24828] Executing command : report_timing_summary -max_paths 10 -routable_nets -report_unconstrained -file bd_0_wrapper_timing_summary_routed.rpt -pb bd_0_wrapper_timing_summary_routed.pb -rpx bd_0_wrapper_timing_summary_routed.rpx -warn_on_violation 
INFO: [Timing 38-35] Done setting XDC timing constraints.
INFO: [Timing 38-91] UpdateTimingParams: Speed grade: -1, Delay Type: min_max.
INFO: [Timing 38-191] Multithreading enabled for timing update using a maximum of 8 CPUs
INFO: [Vivado 12-24838] Running report commands "report_bus_skew, report_incremental_reuse, report_route_status" in parallel.
Running report generation with 3 threads.
INFO: [Vivado 12-24828] Executing command : report_incremental_reuse -file bd_0_wrapper_incremental_reuse_routed.rpt
INFO: [Vivado_Tcl 4-1062] Incremental flow is disabled. No incremental reuse Info to report.
INFO: [Vivado 12-24828] Executing command : report_route_status -file bd_0_wrapper_route_status.rpt -pb bd_0_wrapper_route_status.pb
INFO: [Vivado 12-24828] Executing command : report_bus_skew -warn_on_violation -file bd_0_wrapper_bus_skew_routed.rpt -pb bd_0_wrapper_bus_skew_routed.pb -rpx bd_0_wrapper_bus_skew_routed.rpx
INFO: [Timing 38-91] UpdateTimingParams: Speed grade: -1, Delay Type: min_max.
INFO: [Timing 38-191] Multithreading enabled for timing update using a maximum of 8 CPUs
INFO: [Vivado 12-24828] Executing command : report_power -file bd_0_wrapper_power_routed.rpt -pb bd_0_wrapper_power_summary_routed.pb -rpx bd_0_wrapper_power_routed.rpx
Command: report_power -file bd_0_wrapper_power_routed.rpt -pb bd_0_wrapper_power_summary_routed.pb -rpx bd_0_wrapper_power_routed.rpx
Running Vector-less Activity Propagation...

Finished Running Vector-less Activity Propagation
123 Infos, 110 Warnings, 0 Critical Warnings and 0 Errors encountered.
report_power completed successfully
INFO: [Vivado 12-24828] Executing command : report_clock_utilization -file bd_0_wrapper_clock_utilization_routed.rpt
generate_parallel_reports: Time (s): cpu = 00:00:45 ; elapsed = 00:00:14 . Memory (MB): peak = 3115.816 ; gain = 0.000 ; free physical = 183 ; free virtual = 7854
INFO: [Timing 38-480] Writing timing data to binary archive.
Wrote PlaceDB: Time (s): cpu = 00:00:00 ; elapsed = 00:00:00 . Memory (MB): peak = 3115.816 ; gain = 0.000 ; free physical = 183 ; free virtual = 7854
Wrote PulsedLatchDB: Time (s): cpu = 00:00:00 ; elapsed = 00:00:00 . Memory (MB): peak = 3115.816 ; gain = 0.000 ; free physical = 183 ; free virtual = 7854
Writing XDEF routing.
Write ShapeDB Complete: Time (s): cpu = 00:00:00.2 ; elapsed = 00:00:00.04 . Memory (MB): peak = 3115.816 ; gain = 0.000 ; free physical = 183 ; free virtual = 7855
Writing XDEF routing logical nets.
Writing XDEF routing special nets.
Wrote RouteStorage: Time (s): cpu = 00:00:00.8 ; elapsed = 00:00:00.19 . Memory (MB): peak = 3115.816 ; gain = 0.000 ; free physical = 182 ; free virtual = 7856
Wrote PlaceStorage: Time (s): cpu = 00:00:01 ; elapsed = 00:00:00.53 . Memory (MB): peak = 3115.816 ; gain = 0.000 ; free physical = 181 ; free virtual = 7860
Wrote Netlist Cache: Time (s): cpu = 00:00:00.01 ; elapsed = 00:00:00.02 . Memory (MB): peak = 3115.816 ; gain = 0.000 ; free physical = 181 ; free virtual = 7860
Wrote Device Cache: Time (s): cpu = 00:00:00.01 ; elapsed = 00:00:00.01 . Memory (MB): peak = 3115.816 ; gain = 0.000 ; free physical = 179 ; free virtual = 7859
Write Physdb Complete: Time (s): cpu = 00:00:02 ; elapsed = 00:00:00.76 . Memory (MB): peak = 3115.816 ; gain = 0.000 ; free physical = 179 ; free virtual = 7859
INFO: [Common 17-1381] The checkpoint '/home/johan2/Documents/fpga/zynq-pynq-gnss-receiver/vitis_workspace/gnss_correlator_hls/gnss_correlator_hls/hls/impl/verilog/project.runs/impl_1/bd_0_wrapper_routed.dcp' has been generated.
INFO: [Common 17-206] Exiting Vivado at Sat Sep 19 16:24:26 2026...
[Sat Sep 19 16:24:31 2026] impl_1 finished
wait_on_runs: Time (s): cpu = 00:00:04 ; elapsed = 00:02:57 . Memory (MB): peak = 2824.746 ; gain = 0.000 ; free physical = 1975 ; free virtual = 9654
TIMESTAMP: HLS-REPORT: implementation open_run: 2026-09-19 16:24:31 IST
INFO: HLS-REPORT: Opening implementation design database: open_run impl_1
Netlist sorting complete. Time (s): cpu = 00:00:00.13 ; elapsed = 00:00:00.13 . Memory (MB): peak = 2824.746 ; gain = 0.000 ; free physical = 1976 ; free virtual = 9657
INFO: [Netlist 29-17] Analyzing 315 Unisim elements for replacement
INFO: [Netlist 29-28] Unisim Transformation completed in 0 CPU seconds
INFO: [Project 1-479] Netlist was created with Vivado 2025.2
INFO: [Project 1-570] Preparing netlist for logic optimization
Read ShapeDB Complete: Time (s): cpu = 00:00:00.04 ; elapsed = 00:00:00.04 . Memory (MB): peak = 2834.730 ; gain = 1.000 ; free physical = 1928 ; free virtual = 9604
INFO: [Timing 38-478] Restoring timing data from binary archive.
INFO: [Timing 38-479] Binary timing data restore complete.
INFO: [Project 1-856] Restoring constraints from binary archive.
INFO: [Project 1-853] Binary constraint restore complete.
INFO: [Designutils 20-5722] Start Reading Physical Databases.
Reading placement.
Read Netlist Cache: Time (s): cpu = 00:00:00.02 ; elapsed = 00:00:00.02 . Memory (MB): peak = 2917.473 ; gain = 0.000 ; free physical = 1859 ; free virtual = 9535
Reading placer database...
Read Device Cache: Time (s): cpu = 00:00:00.03 ; elapsed = 00:00:00.03 . Memory (MB): peak = 2917.473 ; gain = 0.000 ; free physical = 1859 ; free virtual = 9535
Read PlaceDB: Time (s): cpu = 00:00:00 ; elapsed = 00:00:00 . Memory (MB): peak = 2917.473 ; gain = 0.000 ; free physical = 1859 ; free virtual = 9535
Read placeStorage: Time (s): cpu = 00:00:00.33 ; elapsed = 00:00:00.33 . Memory (MB): peak = 2917.473 ; gain = 0.000 ; free physical = 1855 ; free virtual = 9531
Read PulsedLatchDB: Time (s): cpu = 00:00:00 ; elapsed = 00:00:00 . Memory (MB): peak = 2917.473 ; gain = 0.000 ; free physical = 1855 ; free virtual = 9531
Reading routing.
Read RouteStorage: Time (s): cpu = 00:00:00.32 ; elapsed = 00:00:00.11 . Memory (MB): peak = 2917.473 ; gain = 0.000 ; free physical = 1855 ; free virtual = 9531
Read Physdb Files: Time (s): cpu = 00:00:00.7 ; elapsed = 00:00:00.5 . Memory (MB): peak = 2917.473 ; gain = 0.000 ; free physical = 1855 ; free virtual = 9531
Restored from archive | CPU: 0.720000 secs | Memory: 5.441635 MB |
Finished XDEF File Restore: Time (s): cpu = 00:00:00.7 ; elapsed = 00:00:00.5 . Memory (MB): peak = 2917.473 ; gain = 0.000 ; free physical = 1855 ; free virtual = 9531
Netlist sorting complete. Time (s): cpu = 00:00:00 ; elapsed = 00:00:00 . Memory (MB): peak = 2917.473 ; gain = 0.000 ; free physical = 1855 ; free virtual = 9531
INFO: [Project 1-111] Unisim Transformation Summary:
No Unisim elements were transformed.

TIMESTAMP: HLS-REPORT: implementation generate_reports_vivado: 2026-09-19 16:24:35 IST
INFO: HLS-REPORT: Running report: report_utilization -file ./report/gnss_correlator_utilization_routed.rpt
INFO: HLS-REPORT: Running report: report_utilization -hierarchical -hierarchical_depth 6 -file ./report/gnss_correlator_utilization_hierarchical_routed.rpt
INFO: HLS-REPORT: Running report: report_timing_summary -file ./report/gnss_correlator_timing_routed.rpt
INFO: [Timing 38-91] UpdateTimingParams: Speed grade: -1, Delay Type: min_max.
INFO: [Timing 38-191] Multithreading enabled for timing update using a maximum of 8 CPUs
WARNING: [Timing 38-242] The property HD.CLK_SRC of clock port "ap_clk" is not set. In out-of-context mode, this prevents timing estimation for clock delay/skew
Resolution: Set the HD.CLK_SRC property of the out-of-context port to the location of the clock buffer instance in the top-level design
INFO: HLS-REPORT: Running report: report_power -file ./report/gnss_correlator_power_routed.rpt -xpe ./gnss_correlator_power.xpe
Command: report_power -file ./report/gnss_correlator_power_routed.rpt -xpe ./gnss_correlator_power.xpe
Running Vector-less Activity Propagation...

Finished Running Vector-less Activity Propagation
13 Infos, 2 Warnings, 0 Critical Warnings and 0 Errors encountered.
report_power completed successfully
INFO: HLS-REPORT: Running report: report_route_status -file ./report/gnss_correlator_status_routed.rpt
INFO: HLS-REPORT: Running report: report_timing -max_paths 10 -file ./report/gnss_correlator_timing_paths_routed.rpt
INFO: [Timing 38-91] UpdateTimingParams: Speed grade: -1, Delay Type: max.
INFO: [Timing 38-191] Multithreading enabled for timing update using a maximum of 8 CPUs
INFO: [Timing 38-78] ReportTimingParams: -max_paths 10 -nworst 1 -delay_type max -sort_by slack.
INFO: HLS-REPORT: Running report: report_design_analysis -file ./report/gnss_correlator_design_analysis_routed.rpt
INFO: HLS-REPORT: Running report: ::tclapp::xilinx::designutils::report_failfast -detailed_report impl -file ./report/gnss_correlator_failfast_routed.rpt
 -I- design metrics completed in 1 seconds
 -I- Generated file /home/johan2/Documents/fpga/zynq-pynq-gnss-receiver/vitis_workspace/gnss_correlator_hls/gnss_correlator_hls/hls/impl/verilog/report/impl.DONT_TOUCH.rpt
 -I- DONT_TOUCH metric completed in 0 seconds
 -I- MARK_DEBUG metric completed in 0 seconds
 -I- utilization metrics completed in 2 seconds
 -I- control set metrics completed in 0 seconds
 -I- methodology check metrics completed in 1 seconds
 -I- average fanout metrics completed in 1 seconds (0 modules)
 -I- non-FD high fanout nets completed in 0 seconds
 -I- path budgeting metrics completed in 0 seconds
#  +-----------------------------------------------------------------------------------------+
#  | Design Summary                                                                          |
#  | impl_1                                                                                  |
#  | xc7z020clg484-1                                                                         |
#  +-----------------------------------------------------------+-----------+--------+--------+
#  | Criteria                                                  | Guideline | Actual | Status |
#  +-----------------------------------------------------------+-----------+--------+--------+
#  | LUT                                                       | 70%       | 6.20%  | OK     |
#  | FD                                                        | 50%       | 3.36%  | OK     |
#  | LUTRAM+SRL                                                | 25%       | 0.40%  | OK     |
#  | MUXF7                                                     | 15%       | 0.18%  | OK     |
#  | DSP                                                       | 80%       | 1.82%  | OK     |
#  | RAMB/FIFO                                                 | 80%       | 0.71%  | OK     |
#  | DSP+RAMB+URAM (Avg)                                       | 70%       | 1.27%  | OK     |
#  | BUFGCE* + BUFGCTRL                                        | 24        | 0      | OK     |
#  | DONT_TOUCH (cells/nets)                                   | 0         | 4      | REVIEW |
#  | MARK_DEBUG (nets)                                         | 0         | 0      | OK     |
#  | Control Sets                                              | 998       | 93     | OK     |
#  | Average Fanout for modules > 100k cells                   | 4         | 2.93   | OK     |
#  | Max Average Fanout for modules > 100k cells               | 4         | 0      | OK     |
#  | Non-FD high fanout nets > 10k loads                       | 0         | 0      | OK     |
#  +-----------------------------------------------------------+-----------+--------+--------+
#  | TIMING-6 (No common primary clock between related clocks) | 0         | 0      | OK     |
#  | TIMING-7 (No common node between related clocks)          | 0         | 0      | OK     |
#  | TIMING-8 (No common period between related clocks)        | 0         | 0      | OK     |
#  | TIMING-14 (LUT on the clock tree)                         | 0         | 0      | OK     |
#  | TIMING-35 (No common node in paths with the same clock)   | 0         | 0      | OK     |
#  +-----------------------------------------------------------+-----------+--------+--------+
#  | Number of paths above max LUT budgeting (0.575ns)         | 0         | 0      | OK     |
#  | Number of paths above max Net budgeting (0.403ns)         | 0         | 0      | OK     |
#  +-----------------------------------------------------------+-----------+--------+--------+
 -I- Generated file /home/johan2/Documents/fpga/zynq-pynq-gnss-receiver/vitis_workspace/gnss_correlator_hls/gnss_correlator_hls/hls/impl/verilog/report/gnss_correlator_failfast_routed.rpt
 -I- Number of criteria to review: 1
 -I- This report should be run before placing the design and uses conservative guidelines beyond which runtime and timing closure will likely be more challenging
 -I- report_failfast completed in 6 seconds
TIMESTAMP: HLS-REPORT: implementation gen_data_dict_vivado: 2026-09-19 16:24:49 IST
TIMESTAMP: HLS-REPORT: impl extract_util_hier: 2026-09-19 16:24:49 IST
TIMESTAMP: HLS-REPORT: impl get_cell_hier_data: 2026-09-19 16:24:49 IST
TIMESTAMP: HLS-REPORT: impl get_timing_paths: 2026-09-19 16:24:50 IST
TIMESTAMP: HLS-REPORT: impl process timing paths: 2026-09-19 16:24:50 IST
TIMESTAMP: HLS-REPORT: impl get_all_vv_rpt_files: 2026-09-19 16:24:50 IST
TIMESTAMP: HLS-REPORT: implementation write_reports_vivado: 2026-09-19 16:24:50 IST
HLS EXTRACTION: impl area_totals:  13300 53200 106400 220 280 0 0
HLS EXTRACTION: impl area_current: 1257 3298 3578 4 2 0 69 0 0 0
HLS EXTRACTION: impl resources_dict: AVAIL_SLICE 13300 SLICE 1257 AVAIL_LUT 53200 LUT 3298 AVAIL_FF 106400 FF 3578 AVAIL_DSP 220 DSP 4 AVAIL_BRAM 280 BRAM 2 AVAIL_URAM 0 URAM 0 LATCH 0 SRL 69 AVAIL_CLB 0 CLB 0
INFO: HLS-REPORT: generated /home/johan2/Documents/fpga/zynq-pynq-gnss-receiver/vitis_workspace/gnss_correlator_hls/gnss_correlator_hls/hls/impl/verilog/report/vivado_impl.xml
INFO: HLS-REPORT: generated /home/johan2/Documents/fpga/zynq-pynq-gnss-receiver/vitis_workspace/gnss_correlator_hls/gnss_correlator_hls/hls/impl/report/verilog/gnss_correlator_export.rpt


Implementation tool: Xilinx Vivado v.2025.2
Project:             gnss_correlator_hls
Solution:            hls
Device target:       xc7z020-clg484-1
Report date:         Sat Sep 19 16:24:50 IST 2026

#=== Post-Implementation Resource usage ===
SLICE:         1257
LUT:           3298
FF:            3578
DSP:              4
BRAM:             2
URAM:             0
LATCH:            0
SRL:             69
CLB:              0

#=== Final timing ===
CP required:                     10.000
CP achieved post-synthesis:      5.860
CP achieved post-implementation: 7.005
Timing met

TIMESTAMP: HLS-REPORT: implementation end: 2026-09-19 16:24:50 IST
INFO: HLS-REPORT: impl run complete: worst setup slack (WNS)=2.995497, worst hold slack (WHS)=0.071227, total pulse width slack(TPWS)=0.000000, number of unrouted nets=0
# hls_vivado_reports_finalize $report_options
TIMESTAMP: HLS-REPORT: all reports complete: 2026-09-19 16:24:50 IST
INFO: [Common 17-206] Exiting Vivado at Sat Sep 19 16:24:50 2026...
INFO: [HLS 200-802] Generated output file gnss_correlator_hls/gnss_correlator.zip
INFO: [HLS 200-112] Total CPU user time: 532.57 seconds. Total CPU system time: 29.04 seconds. Total elapsed time: 578.45 seconds; peak allocated memory: 552.340 MB.
INFO: [vitis-run 60-791] Total elapsed time: 0h 9m 51s
