  **** HLS Build v2025.2 6295257
INFO: [HLS 200-2005] Using work_dir /home/johan2/Documents/fpga/zynq-pynq-gnss-receiver/vitis_workspace/gnss_correlator_hls/gnss_correlator_hls 
INFO: [HLS 200-2176] Writing Vitis IDE component file /home/johan2/Documents/fpga/zynq-pynq-gnss-receiver/vitis_workspace/gnss_correlator_hls/gnss_correlator_hls/vitis-comp.json
INFO: [HLS 200-10] Creating and opening component '/home/johan2/Documents/fpga/zynq-pynq-gnss-receiver/vitis_workspace/gnss_correlator_hls/gnss_correlator_hls'.
INFO: [HLS 200-1611] Setting target device to 'xc7z020-clg484-1'
INFO: [HLS 200-1505] Using default flow_target 'vivado'
Resolution: For help on HLS 200-1505 see docs.amd.com/access/sources/dita/topic?Doc_Version=2025.2%20English&url=ug1448-hls-guidance&resourceid=200-1505.html
INFO: [HLS 200-2174] Applying component config ini file correlator_hls_config.cfg
INFO: [HLS 200-1465] Applying config ini 'syn.file=/home/johan2/Documents/fpga/zynq-pynq-gnss-receiver/vivado/ip_repo/gnss_correlator/src/gnss_correlator.h' from correlator_hls_config.cfg(7)
INFO: [HLS 200-10] Adding design file '/home/johan2/Documents/fpga/zynq-pynq-gnss-receiver/vivado/ip_repo/gnss_correlator/src/gnss_correlator.h' to the project
INFO: [HLS 200-1465] Applying config ini 'syn.file=/home/johan2/Documents/fpga/zynq-pynq-gnss-receiver/vivado/ip_repo/gnss_correlator/src/gnss_correlator.cpp' from correlator_hls_config.cfg(8)
INFO: [HLS 200-10] Adding design file '/home/johan2/Documents/fpga/zynq-pynq-gnss-receiver/vivado/ip_repo/gnss_correlator/src/gnss_correlator.cpp' to the project
INFO: [HLS 200-1465] Applying config ini 'tb.file=/home/johan2/Documents/fpga/zynq-pynq-gnss-receiver/vivado/ip_repo/gnss_correlator/src/gnss_correlator_tb.cpp' from correlator_hls_config.cfg(9)
INFO: [HLS 200-10] Adding test bench file '/home/johan2/Documents/fpga/zynq-pynq-gnss-receiver/vivado/ip_repo/gnss_correlator/src/gnss_correlator_tb.cpp' to the project
INFO: [HLS 200-1465] Applying config ini 'syn.top=gnss_correlator' from correlator_hls_config.cfg(10)
INFO: [HLS 200-1465] Applying config ini 'flow_target=vivado' from correlator_hls_config.cfg(4)
INFO: [HLS 200-1505] Using flow_target 'vivado'
Resolution: For help on HLS 200-1505 see docs.amd.com/access/sources/dita/topic?Doc_Version=2025.2%20English&url=ug1448-hls-guidance&resourceid=200-1505.html
INFO: [HLS 200-1465] Applying config ini 'part=xc7z020clg484-1' from correlator_hls_config.cfg(1)
INFO: [HLS 200-1465] Applying config ini 'clock=10n' from correlator_hls_config.cfg(11)
INFO: [SYN 201-201] Setting up clock 'default' with a period of 10ns.
INFO: [HLS 200-1465] Applying config ini 'package.output.format=ip_catalog' from correlator_hls_config.cfg(5)
INFO: [HLS 200-2176] Writing Vitis IDE component file /home/johan2/Documents/fpga/zynq-pynq-gnss-receiver/vitis_workspace/gnss_correlator_hls/gnss_correlator_hls/vitis-comp.json
INFO: [IMPL 213-8] Exporting RTL as a Vivado IP.

****** Vivado v2025.2 (64-bit)
  **** SW Build 6299465 on Fri Nov 14 12:34:56 MST 2025
  **** IP Build 6300035 on Fri Nov 14 10:48:45 MST 2025
  **** SharedData Build 6298862 on Thu Nov 13 04:50:51 MST 2025
  **** Start of session at: Sat Sep 19 17:35:26 2026
    ** Copyright 1986-2022 Xilinx, Inc. All Rights Reserved.
    ** Copyright 2022-2025 Advanced Micro Devices, Inc. All Rights Reserved.

source run_ippack.tcl -notrace
INFO: calling package_hls_ip ip_types=vitis sysgen json_file=/home/johan2/Documents/fpga/zynq-pynq-gnss-receiver/vitis_workspace/gnss_correlator_hls/gnss_correlator_hls/hls/hls_data.json outdir=/home/johan2/Documents/fpga/zynq-pynq-gnss-receiver/vitis_workspace/gnss_correlator_hls/gnss_correlator_hls/hls/impl/ip srcdir=/home/johan2/Documents/fpga/zynq-pynq-gnss-receiver/vitis_workspace/gnss_correlator_hls/gnss_correlator_hls/hls ippack_options_dict= ippack_options_dict=
INFO: Copied 1 ipmisc file(s) to /home/johan2/Documents/fpga/zynq-pynq-gnss-receiver/vitis_workspace/gnss_correlator_hls/gnss_correlator_hls/hls/impl/ip/misc
INFO: Copied 9 verilog file(s) to /home/johan2/Documents/fpga/zynq-pynq-gnss-receiver/vitis_workspace/gnss_correlator_hls/gnss_correlator_hls/hls/impl/ip/hdl/verilog
INFO: Copied 9 vhdl file(s) to /home/johan2/Documents/fpga/zynq-pynq-gnss-receiver/vitis_workspace/gnss_correlator_hls/gnss_correlator_hls/hls/impl/ip/hdl/vhdl
INFO: Copied 10 swdriver file(s) to /home/johan2/Documents/fpga/zynq-pynq-gnss-receiver/vitis_workspace/gnss_correlator_hls/gnss_correlator_hls/hls/impl/ip/drivers
Generating 3 subcores in /home/johan2/Documents/fpga/zynq-pynq-gnss-receiver/vitis_workspace/gnss_correlator_hls/gnss_correlator_hls/hls/impl/ip/subcore_prj:
impl/misc/gnss_correlator_fadd_32ns_32ns_32_2_full_dsp_1_ip.tcl
impl/misc/gnss_correlator_faddfsub_32ns_32ns_32_5_full_dsp_1_ip.tcl
impl/misc/gnss_correlator_fmul_32ns_32ns_32_4_max_dsp_1_ip.tcl
create_project: Time (s): cpu = 00:00:25 ; elapsed = 00:00:06 . Memory (MB): peak = 1637.367 ; gain = 74.055 ; free physical = 148 ; free virtual = 10439
INFO: Using COE_DIR=/home/johan2/Documents/fpga/zynq-pynq-gnss-receiver/vitis_workspace/gnss_correlator_hls/gnss_correlator_hls/hls/impl/ip/hdl/verilog
INFO: Generating gnss_correlator_fadd_32ns_32ns_32_2_full_dsp_1_ip via file impl/misc/gnss_correlator_fadd_32ns_32ns_32_2_full_dsp_1_ip.tcl
INFO: [IP_Flow 19-234] Refreshing IP repositories
INFO: [IP_Flow 19-1704] No user IP repositories specified
INFO: [IP_Flow 19-2313] Loaded Vivado IP repository '/opt/Xilinx/2025.2/data/ip'.
INFO: [IP_Flow 19-1686] Generating 'Synthesis' target for IP 'gnss_correlator_fadd_32ns_32ns_32_2_full_dsp_1_ip'...
INFO: [IP_Flow 19-1686] Generating 'Simulation' target for IP 'gnss_correlator_fadd_32ns_32ns_32_2_full_dsp_1_ip'...
INFO: Done generating gnss_correlator_fadd_32ns_32ns_32_2_full_dsp_1_ip via file impl/misc/gnss_correlator_fadd_32ns_32ns_32_2_full_dsp_1_ip.tcl
INFO: Generating gnss_correlator_faddfsub_32ns_32ns_32_5_full_dsp_1_ip via file impl/misc/gnss_correlator_faddfsub_32ns_32ns_32_5_full_dsp_1_ip.tcl
INFO: [IP_Flow 19-1686] Generating 'Synthesis' target for IP 'gnss_correlator_faddfsub_32ns_32ns_32_5_full_dsp_1_ip'...
INFO: [IP_Flow 19-1686] Generating 'Simulation' target for IP 'gnss_correlator_faddfsub_32ns_32ns_32_5_full_dsp_1_ip'...
INFO: Done generating gnss_correlator_faddfsub_32ns_32ns_32_5_full_dsp_1_ip via file impl/misc/gnss_correlator_faddfsub_32ns_32ns_32_5_full_dsp_1_ip.tcl
INFO: Generating gnss_correlator_fmul_32ns_32ns_32_4_max_dsp_1_ip via file impl/misc/gnss_correlator_fmul_32ns_32ns_32_4_max_dsp_1_ip.tcl
INFO: [IP_Flow 19-1686] Generating 'Synthesis' target for IP 'gnss_correlator_fmul_32ns_32ns_32_4_max_dsp_1_ip'...
INFO: [IP_Flow 19-1686] Generating 'Simulation' target for IP 'gnss_correlator_fmul_32ns_32ns_32_4_max_dsp_1_ip'...
INFO: Done generating gnss_correlator_fmul_32ns_32ns_32_4_max_dsp_1_ip via file impl/misc/gnss_correlator_fmul_32ns_32ns_32_4_max_dsp_1_ip.tcl
INFO: Found 1 unique subcore IP: xilinx.com:ip:floating_point:7.1
INFO: Copied 3 subcore files: /home/johan2/Documents/fpga/zynq-pynq-gnss-receiver/vitis_workspace/gnss_correlator_hls/gnss_correlator_hls/hls/impl/ip/hdl/ip/gnss_correlator_fadd_32ns_32ns_32_2_full_dsp_1_ip/gnss_correlator_fadd_32ns_32ns_32_2_full_dsp_1_ip.xci /home/johan2/Documents/fpga/zynq-pynq-gnss-receiver/vitis_workspace/gnss_correlator_hls/gnss_correlator_hls/hls/impl/ip/hdl/ip/gnss_correlator_fmul_32ns_32ns_32_4_max_dsp_1_ip/gnss_correlator_fmul_32ns_32ns_32_4_max_dsp_1_ip.xci /home/johan2/Documents/fpga/zynq-pynq-gnss-receiver/vitis_workspace/gnss_correlator_hls/gnss_correlator_hls/hls/impl/ip/hdl/ip/gnss_correlator_faddfsub_32ns_32ns_32_5_full_dsp_1_ip/gnss_correlator_faddfsub_32ns_32ns_32_5_full_dsp_1_ip.xci
INFO: Import ports from HDL: /home/johan2/Documents/fpga/zynq-pynq-gnss-receiver/vitis_workspace/gnss_correlator_hls/gnss_correlator_hls/hls/impl/ip/hdl/vhdl/gnss_correlator.vhd (gnss_correlator)
INFO: Add axi4lite interface s_axi_control
INFO: Add axi4lite interface s_axi_control_r
INFO: Add clock interface ap_clk
INFO: Add reset interface ap_rst_n
INFO: Add interrupt interface interrupt
INFO: [IP_Flow 19-234] Refreshing IP repositories
INFO: [IP_Flow 19-1704] No user IP repositories specified
INFO: [IP_Flow 19-2313] Loaded Vivado IP repository '/opt/Xilinx/2025.2/data/ip'.
INFO: Add axi4full interface m_axi_gmem0
INFO: Add axi4full interface m_axi_gmem1
INFO: Calling post_process_vitis to specialize IP
INFO: Calling post_process_sysgen to specialize IP
Generating sysgen info xml from json file
INFO: Created IP /home/johan2/Documents/fpga/zynq-pynq-gnss-receiver/vitis_workspace/gnss_correlator_hls/gnss_correlator_hls/hls/impl/ip/component.xml
INFO: Created IP archive /home/johan2/Documents/fpga/zynq-pynq-gnss-receiver/vitis_workspace/gnss_correlator_hls/gnss_correlator_hls/hls/impl/ip/xilinx_com_hls_gnss_correlator_1_0.zip
INFO: [Common 17-206] Exiting Vivado at Sat Sep 19 17:35:55 2026...
INFO: [IMPL 213-8] Starting RTL evaluation using Vivado ...

****** Vivado v2025.2 (64-bit)
  **** SW Build 6299465 on Fri Nov 14 12:34:56 MST 2025
  **** IP Build 6300035 on Fri Nov 14 10:48:45 MST 2025
  **** SharedData Build 6298862 on Thu Nov 13 04:50:51 MST 2025
  **** Start of session at: Sat Sep 19 17:36:00 2026
    ** Copyright 1986-2022 Xilinx, Inc. All Rights Reserved.
    ** Copyright 2022-2025 Advanced Micro Devices, Inc. All Rights Reserved.

source run_vivado.tcl
# source ./settings.tcl
## set top_module gnss_correlator
## set language verilog
## set family zynq
## set device xc7z020
## set package -clg484
## set speed -1
## set clock ap_clk
## set fsm_ext "off"
## set add_io_buffers false 
# source -notrace ./extraction.tcl
# set vivado_proj_name project
# set vivado_proj_dir .
# set target_device "${device}${package}${speed}"
# set target_clk_period_ns "10.000"
# set target_clk_freq_hz [expr {floor(1000 / $target_clk_period_ns) * 1000000}]
# set other_clks_freq_hz {}
# set ip_vlnv xilinx.com:hls:gnss_correlator:1.0
# set ip_repo_path ../ip
# set bd_design_name bd_0
# set bd_inst_name hls_inst
# set bd_props {}
# set has_synth true
# set synth_design_args {-directive sdx_optimization_effort_high}
# set synth_dcp ""
# set synth_props {}
# set has_impl 1
# set impl_props {}
# set has_subcore 1
# set report_options [dict create]
# dict set report_options report_level 2
# dict set report_options report_max_paths 10
# dict set report_options stdout_hls_reports 1
# dict set report_options stdout_vivado_reports 0
# dict set report_options hls_project gnss_correlator_hls
# dict set report_options hls_solution hls
# dict set report_options has_synth $has_synth
# dict set report_options has_impl $has_impl
# dict set report_options vivado_reportbasename $top_module
# dict set report_options vivado_reportdir ./report
# dict set report_options hls_impl_dir ..
# dict set report_options hls_reportdir ../report/$language
# dict set report_options target_clk_period $target_clk_period_ns
# dict set report_options target_device $target_device
# dict set report_options language $language
# dict set report_options clock_name $clock
# dict set report_options error_if_impl_timing_fails false
# dict set report_options topmodule "gnss_correlator"
# dict set report_options funcmodules {}
# dict set report_options bindmodules {gnss_correlator_faddfsub_32ns_32ns_32_5_full_dsp_1 gnss_correlator_fadd_32ns_32ns_32_2_full_dsp_1 gnss_correlator_fmul_32ns_32ns_32_4_max_dsp_1 gnss_correlator_gmem0_m_axi gnss_correlator_gmem1_m_axi gnss_correlator_control_s_axi gnss_correlator_control_r_s_axi gnss_correlator_flow_control_loop_delay_pipe}
# dict set report_options max_module_depth 5
# create_project $vivado_proj_name $vivado_proj_dir -part $target_device -force
create_project: Time (s): cpu = 00:00:25 ; elapsed = 00:00:05 . Memory (MB): peak = 1636.977 ; gain = 76.055 ; free physical = 136 ; free virtual = 10389
# set_property target_language $language [current_project]
# if { ![file exists $ip_repo_path] } {
#   error "Cannot find packaged HLS IP"
# }
# set_property ip_repo_paths [file normalize $ip_repo_path] [current_project]
# update_ip_catalog
INFO: [IP_Flow 19-234] Refreshing IP repositories
INFO: [IP_Flow 19-1700] Loaded user IP repository '/home/johan2/Documents/fpga/zynq-pynq-gnss-receiver/vitis_workspace/gnss_correlator_hls/gnss_correlator_hls/hls/impl/ip'.
INFO: [IP_Flow 19-2313] Loaded Vivado IP repository '/opt/Xilinx/2025.2/data/ip'.
# create_bd_design bd_0
Wrote  : </home/johan2/Documents/fpga/zynq-pynq-gnss-receiver/vitis_workspace/gnss_correlator_hls/gnss_correlator_hls/hls/impl/verilog/project.srcs/sources_1/bd/bd_0/bd_0.bd> 
# set cell_inst [create_bd_cell -type ip -vlnv $ip_vlnv $bd_inst_name]
# if { [llength $bd_props] } { 
#   set_property -dict $bd_props $cell_inst 
# }
# make_bd_pins_external $cell_inst
# make_bd_intf_pins_external $cell_inst
# set bd_clk_ports [get_bd_ports -filter {TYPE==clk}]
# if { $target_clk_freq_hz ne "" } { 
#   foreach bd_clk_port $bd_clk_ports {
#     # Remove "_0" suffix from BD ports & interfaces so they match IP ports 
#     set clk_name [regsub {_0$} [get_property name $bd_clk_port] {}]
#     set port_freq_hz $target_clk_freq_hz
#     if { [dict exists $other_clks_freq_hz $clk_name] } {
#         set port_freq_hz [dict get $other_clks_freq_hz $clk_name]
#     }
#     set_property CONFIG.FREQ_HZ $port_freq_hz $bd_clk_port
#   }
# }
# foreach bd_port [get_bd_intf_ports] {
#   set_property name [regsub {_0$} [get_property name $bd_port] {}] $bd_port
# }
# foreach bd_port [get_bd_ports -filter {INTF!=TRUE}] {
#   set_property name [regsub {_0$} [get_property name $bd_port] {}] $bd_port
# }
# set s_axi_addr_width_min 32
# foreach bd_port [get_bd_intf_ports -filter {MODE == "Slave" && VLNV =~ "xilinx.com:interface:aximm_rtl:*"}] {
#   set bd_port_addr_width [get_property CONFIG.ADDR_WIDTH $bd_port]
#   if { $bd_port_addr_width < $s_axi_addr_width_min } {
#     puts "INFO: Updating $bd_port CONFIG.ADDR_WIDTH to $s_axi_addr_width_min"
#     set_property CONFIG.ADDR_WIDTH $s_axi_addr_width_min $bd_port
#   }
# }
INFO: Updating /s_axi_control CONFIG.ADDR_WIDTH to 32
INFO: Updating /s_axi_control_r CONFIG.ADDR_WIDTH to 32
# set_msg_config -id {[BD 41-1265]} -severity {CRITICAL WARNING} -new_severity {INFO}
# assign_bd_address
INFO: [BD 41-3093] Triggering Legacy Auto Assign Algorithm
Slave segment '/hls_inst/s_axi_control/Reg' is being assigned into address space '/s_axi_control' at <0x0000_0000 [ 64K ]>.
Slave segment '/hls_inst/s_axi_control_r/Reg' is being assigned into address space '/s_axi_control_r' at <0x0000_0000 [ 64K ]>.
Slave segment '/m_axi_gmem0/Reg' is being assigned into address space '/hls_inst/Data_m_axi_gmem0' at <0x44A0_0000 [ 64K ]>.
Slave segment '/m_axi_gmem1/Reg' is being assigned into address space '/hls_inst/Data_m_axi_gmem1' at <0x44A0_0000 [ 64K ]>.
Wrote  : </home/johan2/Documents/fpga/zynq-pynq-gnss-receiver/vitis_workspace/gnss_correlator_hls/gnss_correlator_hls/hls/impl/verilog/project.srcs/sources_1/bd/bd_0/bd_0.bd> 
Verilog Output written to : /home/johan2/Documents/fpga/zynq-pynq-gnss-receiver/vitis_workspace/gnss_correlator_hls/gnss_correlator_hls/hls/impl/verilog/project.gen/sources_1/bd/bd_0/synth/bd_0.v
Verilog Output written to : /home/johan2/Documents/fpga/zynq-pynq-gnss-receiver/vitis_workspace/gnss_correlator_hls/gnss_correlator_hls/hls/impl/verilog/project.gen/sources_1/bd/bd_0/sim/bd_0.v
Verilog Output written to : /home/johan2/Documents/fpga/zynq-pynq-gnss-receiver/vitis_workspace/gnss_correlator_hls/gnss_correlator_hls/hls/impl/verilog/project.gen/sources_1/bd/bd_0/hdl/bd_0_wrapper.v
# set toprtl [make_wrapper -files [get_files ${bd_design_name}.bd] -top]
# add_files -norecurse $toprtl
# set top_inst_name [file root [file tail $toprtl]]
# puts "Using BD top: $top_inst_name"
Using BD top: bd_0_wrapper
# set xdc_files [glob -nocomplain ./*.xdc]
# if { [llength $xdc_files] } {
#     add_files -fileset constrs_1 -norecurse $xdc_files
# }
# launch_runs synth_1 -scripts_only
INFO: [BD 41-1662] The design 'bd_0.bd' is already validated. Therefore parameter propagation will not be re-run.
Verilog Output written to : /home/johan2/Documents/fpga/zynq-pynq-gnss-receiver/vitis_workspace/gnss_correlator_hls/gnss_correlator_hls/hls/impl/verilog/project.gen/sources_1/bd/bd_0/synth/bd_0.v
Verilog Output written to : /home/johan2/Documents/fpga/zynq-pynq-gnss-receiver/vitis_workspace/gnss_correlator_hls/gnss_correlator_hls/hls/impl/verilog/project.gen/sources_1/bd/bd_0/sim/bd_0.v
Verilog Output written to : /home/johan2/Documents/fpga/zynq-pynq-gnss-receiver/vitis_workspace/gnss_correlator_hls/gnss_correlator_hls/hls/impl/verilog/project.gen/sources_1/bd/bd_0/hdl/bd_0_wrapper.v
INFO: [BD 41-1029] Generation completed for the IP Integrator block hls_inst .
Exporting to file /home/johan2/Documents/fpga/zynq-pynq-gnss-receiver/vitis_workspace/gnss_correlator_hls/gnss_correlator_hls/hls/impl/verilog/project.gen/sources_1/bd/bd_0/hw_handoff/bd_0.hwh
Generated Hardware Definition File /home/johan2/Documents/fpga/zynq-pynq-gnss-receiver/vitis_workspace/gnss_correlator_hls/gnss_correlator_hls/hls/impl/verilog/project.gen/sources_1/bd/bd_0/synth/bd_0.hwdef
INFO: [BD 41-3262] Generated VHDL Instantiation Template file /home/johan2/Documents/fpga/zynq-pynq-gnss-receiver/vitis_workspace/gnss_correlator_hls/gnss_correlator_hls/hls/impl/verilog/project.gen/sources_1/bd/bd_0/bd_0.vho
INFO: [BD 41-3262] Generated Verilog Instantiation Template file /home/johan2/Documents/fpga/zynq-pynq-gnss-receiver/vitis_workspace/gnss_correlator_hls/gnss_correlator_hls/hls/impl/verilog/project.gen/sources_1/bd/bd_0/bd_0.veo
INFO: [BD 41-3262] Generated System Verilog Instantiation Template file /home/johan2/Documents/fpga/zynq-pynq-gnss-receiver/vitis_workspace/gnss_correlator_hls/gnss_correlator_hls/hls/impl/verilog/project.gen/sources_1/bd/bd_0/bd_0_sv.sveo
WARNING: [Vivado 12-7122] Auto Incremental Compile:: No reference checkpoint was found in run synth_1. Auto-incremental flow will not be run, the standard flow will be run instead.
launch_runs: Time (s): cpu = 00:00:26 ; elapsed = 00:00:26 . Memory (MB): peak = 1809.906 ; gain = 75.906 ; free physical = 194 ; free virtual = 10336
# foreach run [get_runs -filter {IS_SYNTHESIS == 1}] {
#   reset_run [get_runs $run]
# }
# set_property XPM_LIBRARIES {XPM_MEMORY XPM_FIFO} [current_project]
# hls_vivado_reports_setup $report_options
TIMESTAMP: HLS-REPORT: initialize report directories: 2026-09-19 17:36:42 IST
# if { $has_subcore } { report_ip_status }
Copyright 1986-2022 Xilinx, Inc. All Rights Reserved. Copyright 2022-2025 Advanced Micro Devices, Inc. All Rights Reserved.
---------------------------------------------------------------------------------------------------------------------------------------------
| Tool Version : Vivado v.2025.2 (lin64) Build 6299465 Fri Nov 14 12:34:56 MST 2025
| Date         : Sat Sep 19 17:36:42 2026
| Host         : johan2-Yoga-7-15ITL5 running 64-bit Ubuntu 22.04.5 LTS
| Command      : report_ip_status
---------------------------------------------------------------------------------------------------------------------------------------------

IP Status Summary

1. Project IP Status
--------------------
Your project uses 4 IP. Some of these IP may have undergone changes in this release of the software. Please review the recommended actions.

More information on the Xilinx versioning policy is available at www.xilinx.com.

Project IP Instances
+-------------------------------------------------------+------------+---------------------+-----------+--------------------+---------+-----------------------+------------+----------------------+
| Instance Name                                         | Status     | Recommendation      | Change    | IP Name            | IP      | New Version           | New        | Original Part        |
|                                                       |            |                     | Log       |                    | Version |                       | License    |                      |
+-------------------------------------------------------+------------+---------------------+-----------+--------------------+---------+-----------------------+------------+----------------------+
| bd_0_hls_inst_0                                       | Up-to-date | No changes required | Change    | Gnss_correlator    | 1.0     | 1.0 (Rev. 2114793095) | Included   | xc7z020clg484-1      |
|                                                       |            |                     | Log not   |                    | (Rev.   |                       |            |                      |
|                                                       |            |                     | available |                    | 2114793 |                       |            |                      |
+-------------------------------------------------------+------------+---------------------+-----------+--------------------+---------+-----------------------+------------+----------------------+
| gnss_correlator_fadd_32ns_32ns_32_2_full_dsp_1_ip     | Up-to-date | No changes required |  *(1)     | Floating-point     | 7.1     | 7.1 (Rev. 21)         | Included   | xc7z020clg484-1      |
|                                                       |            |                     |           |                    | (Rev.   |                       |            |                      |
|                                                       |            |                     |           |                    | 21)     |                       |            |                      |
+-------------------------------------------------------+------------+---------------------+-----------+--------------------+---------+-----------------------+------------+----------------------+
| gnss_correlator_faddfsub_32ns_32ns_32_5_full_dsp_1_ip | Up-to-date | No changes required |  *(2)     | Floating-point     | 7.1     | 7.1 (Rev. 21)         | Included   | xc7z020clg484-1      |
|                                                       |            |                     |           |                    | (Rev.   |                       |            |                      |
|                                                       |            |                     |           |                    | 21)     |                       |            |                      |
+-------------------------------------------------------+------------+---------------------+-----------+--------------------+---------+-----------------------+------------+----------------------+
| gnss_correlator_fmul_32ns_32ns_32_4_max_dsp_1_ip      | Up-to-date | No changes required |  *(3)     | Floating-point     | 7.1     | 7.1 (Rev. 21)         | Included   | xc7z020clg484-1      |
|                                                       |            |                     |           |                    | (Rev.   |                       |            |                      |
|                                                       |            |                     |           |                    | 21)     |                       |            |                      |
+-------------------------------------------------------+------------+---------------------+-----------+--------------------+---------+-----------------------+------------+----------------------+
*(1) /opt/Xilinx/2025.2/data/ip/xilinx/floating_point_v7_1/doc/floating_point_v7_1_changelog.txt
*(2) /opt/Xilinx/2025.2/data/ip/xilinx/floating_point_v7_1/doc/floating_point_v7_1_changelog.txt
*(3) /opt/Xilinx/2025.2/data/ip/xilinx/floating_point_v7_1/doc/floating_point_v7_1_changelog.txt


# if { $has_synth || $has_impl } {
#   # synth properties setting
#   set_property -name {STEPS.SYNTH_DESIGN.ARGS.MORE OPTIONS} -value {-mode out_of_context} -objects [get_runs synth_1]
#   set ip_inst [get_ips -quiet ${bd_design_name}*${bd_inst_name}*]
#   if { ![llength $ip_inst] } {
#       error "Cannot find HLS IP instance: ${bd_design_name}*${bd_inst_name}*"
#   }
#   set synth_run [get_runs -filter {IS_SYNTHESIS == 1} ${ip_inst}*]
#   if { ![llength $synth_run] } {
#       error "Cannot find synth run for HLS IP: ${ip_inst}*"
#   }
# 
#   if { [llength $synth_design_args] } {
#       set_property -name {STEPS.SYNTH_DESIGN.ARGS.MORE OPTIONS} -value $synth_design_args -objects $synth_run
#   }
# 
#   if { [llength $synth_props] } {
#     set_property -dict $synth_props $synth_run
#   }
# 
#   # launch run synth
#   launch_runs synth_1
#   wait_on_run synth_1
#   # synth reports
#   hls_vivado_reports_synth synth_1 $report_options
#   if { $synth_dcp ne "" } {
#     file mkdir [file dirname $synth_dcp]
#     set run_dcp [glob -nocomplain [get_property DIRECTORY $synth_run]/*.dcp]
#     if { [llength $run_dcp] != 1 } { error "Cannot find single dcp file for run $synth_run" }
#     file copy -force $run_dcp $synth_dcp
#   }
# }
WARNING: [Vivado 12-7122] Auto Incremental Compile:: No reference checkpoint was found in run synth_1. Auto-incremental flow will not be run, the standard flow will be run instead.
[Sat Sep 19 17:36:42 2026] Launched bd_0_hls_inst_0_synth_1...
Run output will be captured here: /home/johan2/Documents/fpga/zynq-pynq-gnss-receiver/vitis_workspace/gnss_correlator_hls/gnss_correlator_hls/hls/impl/verilog/project.runs/bd_0_hls_inst_0_synth_1/runme.log
[Sat Sep 19 17:36:42 2026] Launched synth_1...
Run output will be captured here: /home/johan2/Documents/fpga/zynq-pynq-gnss-receiver/vitis_workspace/gnss_correlator_hls/gnss_correlator_hls/hls/impl/verilog/project.runs/synth_1/runme.log
[Sat Sep 19 17:36:42 2026] Waiting for synth_1 to finish...

*** Running vivado
    with args -log bd_0_wrapper.vds -m64 -product Vivado -mode batch -messageDb vivado.pb -notrace -source bd_0_wrapper.tcl


****** Vivado v2025.2 (64-bit)
  **** SW Build 6299465 on Fri Nov 14 12:34:56 MST 2025
  **** IP Build 6300035 on Fri Nov 14 10:48:45 MST 2025
  **** SharedData Build 6298862 on Thu Nov 13 04:50:51 MST 2025
  **** Start of session at: Sat Sep 19 17:39:36 2026
    ** Copyright 1986-2022 Xilinx, Inc. All Rights Reserved.
    ** Copyright 2022-2025 Advanced Micro Devices, Inc. All Rights Reserved.

source bd_0_wrapper.tcl -notrace
INFO: Dispatch client connection id - 39017
create_project: Time (s): cpu = 00:00:24 ; elapsed = 00:00:05 . Memory (MB): peak = 1642.430 ; gain = 65.051 ; free physical = 1564 ; free virtual = 9935
INFO: [IP_Flow 19-234] Refreshing IP repositories
INFO: [IP_Flow 19-1700] Loaded user IP repository '/home/johan2/Documents/fpga/zynq-pynq-gnss-receiver/vitis_workspace/gnss_correlator_hls/gnss_correlator_hls/hls/impl/ip'.
INFO: [IP_Flow 19-2313] Loaded Vivado IP repository '/opt/Xilinx/2025.2/data/ip'.
Command: synth_design -top bd_0_wrapper -part xc7z020clg484-1 -mode out_of_context
Starting synth_design
Attempting to get a license for feature 'Synthesis' and/or device 'xc7z020'
INFO: [Common 17-349] Got license for feature 'Synthesis' and/or device 'xc7z020'
INFO: [Device 21-403] Loading part xc7z020clg484-1
INFO: [Synth 8-7079] Multithreading enabled for synth_design using a maximum of 7 processes.
INFO: [Synth 8-7078] Launching helper process for spawning children vivado processes
INFO: [Synth 8-7075] Helper process launched with PID 123215
---------------------------------------------------------------------------------
Starting RTL Elaboration : Time (s): cpu = 00:00:10 ; elapsed = 00:00:10 . Memory (MB): peak = 2301.039 ; gain = 479.906 ; free physical = 571 ; free virtual = 8970
---------------------------------------------------------------------------------
INFO: [Synth 8-6157] synthesizing module 'bd_0_wrapper' [/home/johan2/Documents/fpga/zynq-pynq-gnss-receiver/vitis_workspace/gnss_correlator_hls/gnss_correlator_hls/hls/impl/verilog/project.gen/sources_1/bd/bd_0/hdl/bd_0_wrapper.v:13]
INFO: [Synth 8-6157] synthesizing module 'bd_0' [/home/johan2/Documents/fpga/zynq-pynq-gnss-receiver/vitis_workspace/gnss_correlator_hls/gnss_correlator_hls/hls/impl/verilog/project.gen/sources_1/bd/bd_0/synth/bd_0.v:13]
INFO: [Synth 8-6157] synthesizing module 'bd_0_hls_inst_0' [/home/johan2/Documents/fpga/zynq-pynq-gnss-receiver/vitis_workspace/gnss_correlator_hls/gnss_correlator_hls/hls/impl/verilog/project.runs/synth_1/.Xil/Vivado-123058-johan2-Yoga-7-15ITL5/realtime/bd_0_hls_inst_0_stub.v:6]
INFO: [Synth 8-6155] done synthesizing module 'bd_0_hls_inst_0' (0#1) [/home/johan2/Documents/fpga/zynq-pynq-gnss-receiver/vitis_workspace/gnss_correlator_hls/gnss_correlator_hls/hls/impl/verilog/project.runs/synth_1/.Xil/Vivado-123058-johan2-Yoga-7-15ITL5/realtime/bd_0_hls_inst_0_stub.v:6]
INFO: [Synth 8-6155] done synthesizing module 'bd_0' (0#1) [/home/johan2/Documents/fpga/zynq-pynq-gnss-receiver/vitis_workspace/gnss_correlator_hls/gnss_correlator_hls/hls/impl/verilog/project.gen/sources_1/bd/bd_0/synth/bd_0.v:13]
INFO: [Synth 8-6155] done synthesizing module 'bd_0_wrapper' (0#1) [/home/johan2/Documents/fpga/zynq-pynq-gnss-receiver/vitis_workspace/gnss_correlator_hls/gnss_correlator_hls/hls/impl/verilog/project.gen/sources_1/bd/bd_0/hdl/bd_0_wrapper.v:13]
---------------------------------------------------------------------------------
Finished RTL Elaboration : Time (s): cpu = 00:00:13 ; elapsed = 00:00:14 . Memory (MB): peak = 2401.977 ; gain = 580.844 ; free physical = 454 ; free virtual = 8852
---------------------------------------------------------------------------------
---------------------------------------------------------------------------------
Start Handling Custom Attributes
---------------------------------------------------------------------------------
---------------------------------------------------------------------------------
Finished Handling Custom Attributes : Time (s): cpu = 00:00:13 ; elapsed = 00:00:14 . Memory (MB): peak = 2416.820 ; gain = 595.688 ; free physical = 463 ; free virtual = 8861
---------------------------------------------------------------------------------
---------------------------------------------------------------------------------
Finished RTL Optimization Phase 1 : Time (s): cpu = 00:00:13 ; elapsed = 00:00:14 . Memory (MB): peak = 2416.820 ; gain = 595.688 ; free physical = 463 ; free virtual = 8861
---------------------------------------------------------------------------------
Netlist sorting complete. Time (s): cpu = 00:00:00.01 ; elapsed = 00:00:00.01 . Memory (MB): peak = 2416.820 ; gain = 0.000 ; free physical = 462 ; free virtual = 8860
INFO: [Project 1-570] Preparing netlist for logic optimization

Processing XDC Constraints
Initializing timing engine
Parsing XDC File [/home/johan2/Documents/fpga/zynq-pynq-gnss-receiver/vitis_workspace/gnss_correlator_hls/gnss_correlator_hls/hls/impl/verilog/project.gen/sources_1/bd/bd_0/ip/bd_0_hls_inst_0/bd_0_hls_inst_0/bd_0_hls_inst_0_in_context.xdc] for cell 'bd_0_i/hls_inst'
Finished Parsing XDC File [/home/johan2/Documents/fpga/zynq-pynq-gnss-receiver/vitis_workspace/gnss_correlator_hls/gnss_correlator_hls/hls/impl/verilog/project.gen/sources_1/bd/bd_0/ip/bd_0_hls_inst_0/bd_0_hls_inst_0/bd_0_hls_inst_0_in_context.xdc] for cell 'bd_0_i/hls_inst'
Parsing XDC File [/home/johan2/Documents/fpga/zynq-pynq-gnss-receiver/vitis_workspace/gnss_correlator_hls/gnss_correlator_hls/hls/impl/verilog/gnss_correlator.xdc]
Finished Parsing XDC File [/home/johan2/Documents/fpga/zynq-pynq-gnss-receiver/vitis_workspace/gnss_correlator_hls/gnss_correlator_hls/hls/impl/verilog/gnss_correlator.xdc]
Parsing XDC File [/home/johan2/Documents/fpga/zynq-pynq-gnss-receiver/vitis_workspace/gnss_correlator_hls/gnss_correlator_hls/hls/impl/verilog/project.runs/synth_1/dont_touch.xdc]
Finished Parsing XDC File [/home/johan2/Documents/fpga/zynq-pynq-gnss-receiver/vitis_workspace/gnss_correlator_hls/gnss_correlator_hls/hls/impl/verilog/project.runs/synth_1/dont_touch.xdc]
Completed Processing XDC Constraints

Netlist sorting complete. Time (s): cpu = 00:00:00 ; elapsed = 00:00:00 . Memory (MB): peak = 2465.746 ; gain = 0.000 ; free physical = 410 ; free virtual = 8817
INFO: [Project 1-111] Unisim Transformation Summary:
No Unisim elements were transformed.

Constraint Validation Runtime : Time (s): cpu = 00:00:00.05 ; elapsed = 00:00:00.04 . Memory (MB): peak = 2465.781 ; gain = 0.000 ; free physical = 410 ; free virtual = 8817
---------------------------------------------------------------------------------
Finished Constraint Validation : Time (s): cpu = 00:00:29 ; elapsed = 00:00:30 . Memory (MB): peak = 2465.781 ; gain = 644.648 ; free physical = 572 ; free virtual = 8976
---------------------------------------------------------------------------------
---------------------------------------------------------------------------------
Start Loading Part and Timing Information
---------------------------------------------------------------------------------
Loading part: xc7z020clg484-1
---------------------------------------------------------------------------------
Finished Loading Part and Timing Information : Time (s): cpu = 00:00:29 ; elapsed = 00:00:30 . Memory (MB): peak = 2473.750 ; gain = 652.617 ; free physical = 571 ; free virtual = 8976
---------------------------------------------------------------------------------
---------------------------------------------------------------------------------
Start Applying 'set_property' XDC Constraints
---------------------------------------------------------------------------------
---------------------------------------------------------------------------------
Finished applying 'set_property' XDC Constraints : Time (s): cpu = 00:00:29 ; elapsed = 00:00:30 . Memory (MB): peak = 2473.750 ; gain = 652.617 ; free physical = 570 ; free virtual = 8976
---------------------------------------------------------------------------------
---------------------------------------------------------------------------------
Finished RTL Optimization Phase 2 : Time (s): cpu = 00:00:30 ; elapsed = 00:00:30 . Memory (MB): peak = 2473.750 ; gain = 652.617 ; free physical = 570 ; free virtual = 8976
---------------------------------------------------------------------------------
---------------------------------------------------------------------------------
Start RTL Component Statistics 
---------------------------------------------------------------------------------
Detailed RTL Component Info : 
---------------------------------------------------------------------------------
Finished RTL Component Statistics 
---------------------------------------------------------------------------------
---------------------------------------------------------------------------------
Start Part Resource Summary
---------------------------------------------------------------------------------
Part Resources:
DSPs: 220 (col length:60)
BRAMs: 280 (col length: RAMB18 60 RAMB36 30)
---------------------------------------------------------------------------------
Finished Part Resource Summary
---------------------------------------------------------------------------------
---------------------------------------------------------------------------------
Start Cross Boundary and Area Optimization
---------------------------------------------------------------------------------
---------------------------------------------------------------------------------
Finished Cross Boundary and Area Optimization : Time (s): cpu = 00:00:33 ; elapsed = 00:00:34 . Memory (MB): peak = 2473.750 ; gain = 652.617 ; free physical = 479 ; free virtual = 8884
---------------------------------------------------------------------------------
---------------------------------------------------------------------------------
Start Applying XDC Timing Constraints
---------------------------------------------------------------------------------
---------------------------------------------------------------------------------
Finished Applying XDC Timing Constraints : Time (s): cpu = 00:00:45 ; elapsed = 00:00:45 . Memory (MB): peak = 2554.750 ; gain = 733.617 ; free physical = 474 ; free virtual = 8933
---------------------------------------------------------------------------------
---------------------------------------------------------------------------------
Start Timing Optimization
---------------------------------------------------------------------------------
---------------------------------------------------------------------------------
Finished Timing Optimization : Time (s): cpu = 00:00:45 ; elapsed = 00:00:45 . Memory (MB): peak = 2555.750 ; gain = 734.617 ; free physical = 474 ; free virtual = 8933
---------------------------------------------------------------------------------
---------------------------------------------------------------------------------
Start Technology Mapping
---------------------------------------------------------------------------------
---------------------------------------------------------------------------------
Finished Technology Mapping : Time (s): cpu = 00:00:45 ; elapsed = 00:00:45 . Memory (MB): peak = 2564.766 ; gain = 743.633 ; free physical = 460 ; free virtual = 8919
---------------------------------------------------------------------------------
---------------------------------------------------------------------------------
Start IO Insertion
---------------------------------------------------------------------------------
---------------------------------------------------------------------------------
Start Flattening Before IO Insertion
---------------------------------------------------------------------------------
---------------------------------------------------------------------------------
Finished Flattening Before IO Insertion
---------------------------------------------------------------------------------
---------------------------------------------------------------------------------
Start Final Netlist Cleanup
---------------------------------------------------------------------------------
---------------------------------------------------------------------------------
Finished Final Netlist Cleanup
---------------------------------------------------------------------------------
---------------------------------------------------------------------------------
Finished IO Insertion : Time (s): cpu = 00:00:53 ; elapsed = 00:00:54 . Memory (MB): peak = 2751.578 ; gain = 930.445 ; free physical = 226 ; free virtual = 8688
---------------------------------------------------------------------------------
---------------------------------------------------------------------------------
Start Renaming Generated Instances
---------------------------------------------------------------------------------
---------------------------------------------------------------------------------
Finished Renaming Generated Instances : Time (s): cpu = 00:00:53 ; elapsed = 00:00:54 . Memory (MB): peak = 2751.578 ; gain = 930.445 ; free physical = 226 ; free virtual = 8688
---------------------------------------------------------------------------------
---------------------------------------------------------------------------------
Start Rebuilding User Hierarchy
---------------------------------------------------------------------------------
---------------------------------------------------------------------------------
Finished Rebuilding User Hierarchy : Time (s): cpu = 00:00:53 ; elapsed = 00:00:54 . Memory (MB): peak = 2751.578 ; gain = 930.445 ; free physical = 226 ; free virtual = 8688
---------------------------------------------------------------------------------
---------------------------------------------------------------------------------
Start Renaming Generated Ports
---------------------------------------------------------------------------------
---------------------------------------------------------------------------------
Finished Renaming Generated Ports : Time (s): cpu = 00:00:53 ; elapsed = 00:00:54 . Memory (MB): peak = 2751.578 ; gain = 930.445 ; free physical = 226 ; free virtual = 8688
---------------------------------------------------------------------------------
---------------------------------------------------------------------------------
Start Handling Custom Attributes
---------------------------------------------------------------------------------
---------------------------------------------------------------------------------
Finished Handling Custom Attributes : Time (s): cpu = 00:00:53 ; elapsed = 00:00:54 . Memory (MB): peak = 2751.578 ; gain = 930.445 ; free physical = 226 ; free virtual = 8688
---------------------------------------------------------------------------------
---------------------------------------------------------------------------------
Start Renaming Generated Nets
---------------------------------------------------------------------------------
---------------------------------------------------------------------------------
Finished Renaming Generated Nets : Time (s): cpu = 00:00:53 ; elapsed = 00:00:54 . Memory (MB): peak = 2751.578 ; gain = 930.445 ; free physical = 226 ; free virtual = 8688
---------------------------------------------------------------------------------
---------------------------------------------------------------------------------
Start Writing Synthesis Report
---------------------------------------------------------------------------------

Report BlackBoxes: 
+------+----------------+----------+
|      |BlackBox name   |Instances |
+------+----------------+----------+
|1     |bd_0_hls_inst_0 |         1|
+------+----------------+----------+

Report Cell Usage: 
+------+--------------+------+
|      |Cell          |Count |
+------+--------------+------+
|1     |bd_0_hls_inst |     1|
+------+--------------+------+
---------------------------------------------------------------------------------
Finished Writing Synthesis Report : Time (s): cpu = 00:00:53 ; elapsed = 00:00:54 . Memory (MB): peak = 2751.578 ; gain = 930.445 ; free physical = 226 ; free virtual = 8688
---------------------------------------------------------------------------------
Synthesis finished with 0 errors, 0 critical warnings and 0 warnings.
Synthesis Optimization Runtime : Time (s): cpu = 00:00:50 ; elapsed = 00:00:50 . Memory (MB): peak = 2751.578 ; gain = 881.484 ; free physical = 221 ; free virtual = 8689
Synthesis Optimization Complete : Time (s): cpu = 00:00:54 ; elapsed = 00:00:54 . Memory (MB): peak = 2751.586 ; gain = 930.445 ; free physical = 221 ; free virtual = 8689
INFO: [Project 1-571] Translating synthesized netlist
Netlist sorting complete. Time (s): cpu = 00:00:00.01 ; elapsed = 00:00:00.01 . Memory (MB): peak = 2751.586 ; gain = 0.000 ; free physical = 221 ; free virtual = 8689
INFO: [Project 1-570] Preparing netlist for logic optimization
INFO: [Opt 31-138] Pushed 0 inverter(s) to 0 load pin(s).
Netlist sorting complete. Time (s): cpu = 00:00:00 ; elapsed = 00:00:00 . Memory (MB): peak = 2751.586 ; gain = 0.000 ; free physical = 418 ; free virtual = 8892
INFO: [Project 1-111] Unisim Transformation Summary:
No Unisim elements were transformed.

Synth Design complete | Checksum: dfcc890f
INFO: [Common 17-83] Releasing license: Synthesis
21 Infos, 0 Warnings, 0 Critical Warnings and 0 Errors encountered.
synth_design completed successfully
synth_design: Time (s): cpu = 00:01:19 ; elapsed = 00:01:13 . Memory (MB): peak = 2751.613 ; gain = 1109.184 ; free physical = 418 ; free virtual = 8892
INFO: [Common 17-2834] synth_design peak Physical Memory [PSS] (MB): overall = 2051.450; main = 1893.169; forked = 283.421
INFO: [Common 17-2834] synth_design peak Virtual Memory [VSS] (MB): overall = 3655.961; main = 2751.582; forked = 994.191
INFO: [Common 17-1381] The checkpoint '/home/johan2/Documents/fpga/zynq-pynq-gnss-receiver/vitis_workspace/gnss_correlator_hls/gnss_correlator_hls/hls/impl/verilog/project.runs/synth_1/bd_0_wrapper.dcp' has been generated.
INFO: [Vivado 12-24828] Executing command : report_utilization -file bd_0_wrapper_utilization_synth.rpt -pb bd_0_wrapper_utilization_synth.pb
INFO: [Common 17-206] Exiting Vivado at Sat Sep 19 17:41:02 2026...
[Sat Sep 19 17:41:03 2026] synth_1 finished
wait_on_runs: Time (s): cpu = 00:05:11 ; elapsed = 00:04:21 . Memory (MB): peak = 1809.906 ; gain = 0.000 ; free physical = 1979 ; free virtual = 10458
TIMESTAMP: HLS-REPORT: synthesis open_run: 2026-09-19 17:41:03 IST
INFO: HLS-REPORT: Opening synthesis design database: open_run synth_1
Design is defaulting to impl run constrset: constrs_1
Design is defaulting to synth run part: xc7z020clg484-1
INFO: [Device 21-403] Loading part xc7z020clg484-1
INFO: [Project 1-5699] Read binary netlist with skipMacroContent - 1
INFO: [Project 1-454] Reading design checkpoint '/home/johan2/Documents/fpga/zynq-pynq-gnss-receiver/vitis_workspace/gnss_correlator_hls/gnss_correlator_hls/hls/impl/verilog/project.gen/sources_1/bd/bd_0/ip/bd_0_hls_inst_0/bd_0_hls_inst_0.dcp' for cell 'bd_0_i/hls_inst'
Netlist sorting complete. Time (s): cpu = 00:00:00.16 ; elapsed = 00:00:00.16 . Memory (MB): peak = 1985.453 ; gain = 0.000 ; free physical = 1755 ; free virtual = 10228
INFO: [Netlist 29-17] Analyzing 234 Unisim elements for replacement
INFO: [Netlist 29-28] Unisim Transformation completed in 0 CPU seconds
INFO: [Project 1-479] Netlist was created with Vivado 2025.2
INFO: [Project 1-570] Preparing netlist for logic optimization
Parsing XDC File [/home/johan2/Documents/fpga/zynq-pynq-gnss-receiver/vitis_workspace/gnss_correlator_hls/gnss_correlator_hls/hls/impl/verilog/gnss_correlator.xdc]
Finished Parsing XDC File [/home/johan2/Documents/fpga/zynq-pynq-gnss-receiver/vitis_workspace/gnss_correlator_hls/gnss_correlator_hls/hls/impl/verilog/gnss_correlator.xdc]
INFO: [Opt 31-138] Pushed 0 inverter(s) to 0 load pin(s).
Netlist sorting complete. Time (s): cpu = 00:00:00 ; elapsed = 00:00:00 . Memory (MB): peak = 2124.965 ; gain = 0.000 ; free physical = 1573 ; free virtual = 10048
INFO: [Project 1-111] Unisim Transformation Summary:
No Unisim elements were transformed.

open_run: Time (s): cpu = 00:00:12 ; elapsed = 00:00:11 . Memory (MB): peak = 2125.000 ; gain = 315.094 ; free physical = 1580 ; free virtual = 10055
TIMESTAMP: HLS-REPORT: synthesis generate_reports_vivado: 2026-09-19 17:41:14 IST
INFO: HLS-REPORT: Running report: report_utilization -file ./report/gnss_correlator_utilization_synth.rpt
INFO: HLS-REPORT: Running report: report_utilization -hierarchical -hierarchical_depth 5 -file ./report/gnss_correlator_utilization_hierarchical_synth.rpt
INFO: HLS-REPORT: Running report: report_timing_summary -file ./report/gnss_correlator_timing_synth.rpt
INFO: [Timing 38-35] Done setting XDC timing constraints.
INFO: [Timing 38-91] UpdateTimingParams: Speed grade: -1, Delay Type: min_max.
INFO: [Timing 38-191] Multithreading enabled for timing update using a maximum of 8 CPUs
WARNING: [Timing 38-242] The property HD.CLK_SRC of clock port "ap_clk" is not set. In out-of-context mode, this prevents timing estimation for clock delay/skew
Resolution: Set the HD.CLK_SRC property of the out-of-context port to the location of the clock buffer instance in the top-level design
report_timing_summary: Time (s): cpu = 00:00:23 ; elapsed = 00:00:16 . Memory (MB): peak = 2685.793 ; gain = 560.793 ; free physical = 1181 ; free virtual = 9685
INFO: HLS-REPORT: Running report: report_power -file ./report/gnss_correlator_power_synth.rpt -xpe ./gnss_correlator_power.xpe
Command: report_power -file ./report/gnss_correlator_power_synth.rpt -xpe ./gnss_correlator_power.xpe
Running Vector-less Activity Propagation...

Finished Running Vector-less Activity Propagation
12 Infos, 2 Warnings, 0 Critical Warnings and 0 Errors encountered.
report_power completed successfully
INFO: HLS-REPORT: Running report: report_timing -max_paths 10 -file ./report/gnss_correlator_timing_paths_synth.rpt
INFO: [Timing 38-91] UpdateTimingParams: Speed grade: -1, Delay Type: max.
INFO: [Timing 38-191] Multithreading enabled for timing update using a maximum of 8 CPUs
INFO: [Timing 38-78] ReportTimingParams: -max_paths 10 -nworst 1 -delay_type max -sort_by slack.
INFO: HLS-REPORT: Running report: report_design_analysis -file ./report/gnss_correlator_design_analysis_synth.rpt
INFO: [Implflow 30-839]  
INFO: HLS-REPORT: Running report: ::tclapp::xilinx::designutils::report_failfast -detailed_report synth -file ./report/gnss_correlator_failfast_synth.rpt
 -I- design metrics completed in 0 seconds
 -I- Generated file /home/johan2/Documents/fpga/zynq-pynq-gnss-receiver/vitis_workspace/gnss_correlator_hls/gnss_correlator_hls/hls/impl/verilog/report/synth.DONT_TOUCH.rpt
 -I- DONT_TOUCH metric completed in 1 seconds
 -I- MARK_DEBUG metric completed in 0 seconds
 -I- utilization metrics completed in 2 seconds
 -I- control set metrics completed in 0 seconds
 -I- methodology check metrics completed in 1 seconds
 -I- average fanout metrics completed in 1 seconds (0 modules)
 -I- non-FD high fanout nets completed in 1 seconds
 -I- path budgeting metrics completed in 26 seconds
 -I- Generated file /home/johan2/Documents/fpga/zynq-pynq-gnss-receiver/vitis_workspace/gnss_correlator_hls/gnss_correlator_hls/hls/impl/verilog/report/synth.timing_budget_Net.rpt
 -I- Generated file /home/johan2/Documents/fpga/zynq-pynq-gnss-receiver/vitis_workspace/gnss_correlator_hls/gnss_correlator_hls/hls/impl/verilog/report/synth.timing_budget_Net.csv
 -I- Generated interactive report /home/johan2/Documents/fpga/zynq-pynq-gnss-receiver/vitis_workspace/gnss_correlator_hls/gnss_correlator_hls/hls/impl/verilog/report/synth.timing_budget_Net.rpx
#  +-----------------------------------------------------------------------------------------+
#  | Design Summary                                                                          |
#  | design_1                                                                                |
#  | xc7z020clg484-1                                                                         |
#  +-----------------------------------------------------------+-----------+--------+--------+
#  | Criteria                                                  | Guideline | Actual | Status |
#  +-----------------------------------------------------------+-----------+--------+--------+
#  | LUT                                                       | 70%       | 4.72%  | OK     |
#  | FD                                                        | 50%       | 2.97%  | OK     |
#  | LUTRAM+SRL                                                | 25%       | 0.93%  | OK     |
#  | MUXF7                                                     | 15%       | 0.13%  | OK     |
#  | DSP                                                       | 80%       | 4.55%  | OK     |
#  | RAMB/FIFO                                                 | 80%       | 0.71%  | OK     |
#  | DSP+RAMB+URAM (Avg)                                       | 70%       | 2.63%  | OK     |
#  | BUFGCE* + BUFGCTRL                                        | 24        | 0      | OK     |
#  | DONT_TOUCH (cells/nets)                                   | 0         | 4      | REVIEW |
#  | MARK_DEBUG (nets)                                         | 0         | 0      | OK     |
#  | Control Sets                                              | 998       | 94     | OK     |
#  | Average Fanout for modules > 100k cells                   | 4         | 2.80   | OK     |
#  | Max Average Fanout for modules > 100k cells               | 4         | 0      | OK     |
#  | Non-FD high fanout nets > 10k loads                       | 0         | 0      | OK     |
#  +-----------------------------------------------------------+-----------+--------+--------+
#  | TIMING-6 (No common primary clock between related clocks) | 0         | 0      | OK     |
#  | TIMING-7 (No common node between related clocks)          | 0         | 0      | OK     |
#  | TIMING-8 (No common period between related clocks)        | 0         | 0      | OK     |
#  | TIMING-14 (LUT on the clock tree)                         | 0         | 0      | OK     |
#  | TIMING-35 (No common node in paths with the same clock)   | 0         | 0      | OK     |
#  +-----------------------------------------------------------+-----------+--------+--------+
#  | Number of paths above max LUT budgeting (0.575ns)         | 0         | 0      | OK     |
#  | Number of paths above max Net budgeting (0.403ns)         | 0         | 100    | REVIEW |
#  +-----------------------------------------------------------+-----------+--------+--------+
 -I- Generated file /home/johan2/Documents/fpga/zynq-pynq-gnss-receiver/vitis_workspace/gnss_correlator_hls/gnss_correlator_hls/hls/impl/verilog/report/gnss_correlator_failfast_synth.rpt
 -I- Number of criteria to review: 2
 -I- This report should be run before placing the design and uses conservative guidelines beyond which runtime and timing closure will likely be more challenging
 -I- report_failfast completed in 35 seconds
TIMESTAMP: HLS-REPORT: synthesis gen_data_dict_vivado: 2026-09-19 17:42:10 IST
TIMESTAMP: HLS-REPORT: synth extract_util_hier: 2026-09-19 17:42:10 IST
TIMESTAMP: HLS-REPORT: synth get_cell_hier_data: 2026-09-19 17:42:10 IST
TIMESTAMP: HLS-REPORT: synth get_timing_paths: 2026-09-19 17:42:10 IST
TIMESTAMP: HLS-REPORT: synth process timing paths: 2026-09-19 17:42:10 IST
TIMESTAMP: HLS-REPORT: synth get_all_vv_rpt_files: 2026-09-19 17:42:10 IST
TIMESTAMP: HLS-REPORT: synthesis write_reports_vivado: 2026-09-19 17:42:10 IST
HLS EXTRACTION: synth area_totals:  0 53200 106400 220 280 0 0
HLS EXTRACTION: synth area_current: 0 2513 3160 10 2 0 161 0 0 0
HLS EXTRACTION: synth resources_dict: AVAIL_LUT 53200 LUT 2513 AVAIL_FF 106400 FF 3160 AVAIL_DSP 220 DSP 10 AVAIL_BRAM 280 BRAM 2 AVAIL_URAM 0 URAM 0 LATCH 0 SRL 161 AVAIL_CLB 0 CLB 0
INFO: HLS-REPORT: generated /home/johan2/Documents/fpga/zynq-pynq-gnss-receiver/vitis_workspace/gnss_correlator_hls/gnss_correlator_hls/hls/impl/verilog/report/vivado_syn.xml
INFO: HLS-REPORT: generated /home/johan2/Documents/fpga/zynq-pynq-gnss-receiver/vitis_workspace/gnss_correlator_hls/gnss_correlator_hls/hls/impl/report/verilog/gnss_correlator_export.rpt


Implementation tool: Xilinx Vivado v.2025.2
Project:             gnss_correlator_hls
Solution:            hls
Device target:       xc7z020-clg484-1
Report date:         Sat Sep 19 17:42:10 IST 2026

#=== Post-Synthesis Resource usage ===
SLICE:            0
LUT:           2513
FF:            3160
DSP:             10
BRAM:             2
URAM:             0
LATCH:            0
SRL:            161
CLB:              0

#=== Final timing ===
CP required:                     10.000
CP achieved post-synthesis:      20.158
Timing not met

TIMESTAMP: HLS-REPORT: synthesis end: 2026-09-19 17:42:10 IST
# if { $has_impl } {
#   # launch run impl
#   if { [llength $impl_props] } {
#     set_property -dict $impl_props [get_runs impl_1]
#   }
#   launch_runs impl_1
#   wait_on_run impl_1
#   # impl reports
#   hls_vivado_reports_impl impl_1 $report_options
# }
INFO: [Timing 38-480] Writing timing data to binary archive.
Write ShapeDB Complete: Time (s): cpu = 00:00:00.09 ; elapsed = 00:00:00.02 . Memory (MB): peak = 2863.789 ; gain = 0.000 ; free physical = 742 ; free virtual = 9263
WARNING: [Common 17-210] 'write_hwdef' is deprecated.
[Sat Sep 19 17:42:12 2026] Launched impl_1...
Run output will be captured here: /home/johan2/Documents/fpga/zynq-pynq-gnss-receiver/vitis_workspace/gnss_correlator_hls/gnss_correlator_hls/hls/impl/verilog/project.runs/impl_1/runme.log
[Sat Sep 19 17:42:12 2026] Waiting for impl_1 to finish...

*** Running vivado
    with args -log bd_0_wrapper.vdi -applog -m64 -product Vivado -messageDb vivado.pb -mode batch -source bd_0_wrapper.tcl -notrace


****** Vivado v2025.2 (64-bit)
  **** SW Build 6299465 on Fri Nov 14 12:34:56 MST 2025
  **** IP Build 6300035 on Fri Nov 14 10:48:45 MST 2025
  **** SharedData Build 6298862 on Thu Nov 13 04:50:51 MST 2025
  **** Start of session at: Sat Sep 19 17:42:21 2026
    ** Copyright 1986-2022 Xilinx, Inc. All Rights Reserved.
    ** Copyright 2022-2025 Advanced Micro Devices, Inc. All Rights Reserved.

source bd_0_wrapper.tcl -notrace
INFO: Dispatch client connection id - 39017
Command: open_checkpoint /home/johan2/Documents/fpga/zynq-pynq-gnss-receiver/vitis_workspace/gnss_correlator_hls/gnss_correlator_hls/hls/impl/verilog/project.runs/impl_1/bd_0_wrapper.dcp
INFO: [Device 21-403] Loading part xc7z020clg484-1
Netlist sorting complete. Time (s): cpu = 00:00:00.15 ; elapsed = 00:00:00.16 . Memory (MB): peak = 1838.016 ; gain = 0.000 ; free physical = 278 ; free virtual = 8823
INFO: [Netlist 29-17] Analyzing 234 Unisim elements for replacement
INFO: [Netlist 29-28] Unisim Transformation completed in 0 CPU seconds
INFO: [Project 1-479] Netlist was created with Vivado 2025.2
INFO: [Project 1-570] Preparing netlist for logic optimization
Read ShapeDB Complete: Time (s): cpu = 00:00:00.02 ; elapsed = 00:00:00.02 . Memory (MB): peak = 1922.797 ; gain = 1.000 ; free physical = 146 ; free virtual = 8627
INFO: [Timing 38-478] Restoring timing data from binary archive.
INFO: [Timing 38-479] Binary timing data restore complete.
INFO: [Project 1-856] Restoring constraints from binary archive.
INFO: [Project 1-853] Binary constraint restore complete.
Netlist sorting complete. Time (s): cpu = 00:00:00 ; elapsed = 00:00:00 . Memory (MB): peak = 2485.297 ; gain = 0.000 ; free physical = 204 ; free virtual = 8318
INFO: [Project 1-111] Unisim Transformation Summary:
No Unisim elements were transformed.

INFO: [Project 1-604] Checkpoint was created with Vivado v2025.2 (64-bit) build 6299465
open_checkpoint: Time (s): cpu = 00:00:47 ; elapsed = 00:00:28 . Memory (MB): peak = 2485.332 ; gain = 907.922 ; free physical = 204 ; free virtual = 8317
INFO: [IP_Flow 19-234] Refreshing IP repositories
INFO: [IP_Flow 19-1700] Loaded user IP repository '/home/johan2/Documents/fpga/zynq-pynq-gnss-receiver/vitis_workspace/gnss_correlator_hls/gnss_correlator_hls/hls/impl/ip'.
INFO: [IP_Flow 19-2313] Loaded Vivado IP repository '/opt/Xilinx/2025.2/data/ip'.
Command: opt_design
Attempting to get a license for feature 'Implementation' and/or device 'xc7z020'
INFO: [Common 17-349] Got license for feature 'Implementation' and/or device 'xc7z020'
Running DRC as a precondition to command opt_design

Starting DRC Task
INFO: [DRC 23-27] Running DRC with 8 threads
WARNING: [DRC 23-814] Not all possible (connectivity based) DRCs may have been run because this design is seen as Out of Context.
INFO: [Project 1-461] DRC finished with 0 Errors
INFO: [Project 1-462] Please refer to the DRC report (report_drc) for more information.

Time (s): cpu = 00:00:02 ; elapsed = 00:00:00.8 . Memory (MB): peak = 2605.062 ; gain = 112.828 ; free physical = 184 ; free virtual = 8173

Starting Cache Timing Information Task
Ending Cache Timing Information Task | Checksum: 14ea7da60

Time (s): cpu = 00:00:00.03 ; elapsed = 00:00:00.02 . Memory (MB): peak = 2605.062 ; gain = 0.000 ; free physical = 184 ; free virtual = 8173

Starting Logic Optimization Task

Phase 1 Initialization

Phase 1.1 Core Generation And Design Setup
Phase 1.1 Core Generation And Design Setup | Checksum: 14ea7da60

Time (s): cpu = 00:00:00.02 ; elapsed = 00:00:00.02 . Memory (MB): peak = 2886.875 ; gain = 0.000 ; free physical = 150 ; free virtual = 7817

Phase 1.2 Setup Constraints And Sort Netlist
Phase 1.2 Setup Constraints And Sort Netlist | Checksum: 14ea7da60

Time (s): cpu = 00:00:00.03 ; elapsed = 00:00:00.03 . Memory (MB): peak = 2886.875 ; gain = 0.000 ; free physical = 150 ; free virtual = 7817
Phase 1 Initialization | Checksum: 14ea7da60

Time (s): cpu = 00:00:00.03 ; elapsed = 00:00:00.03 . Memory (MB): peak = 2886.875 ; gain = 0.000 ; free physical = 150 ; free virtual = 7817

Phase 2 Timer Update And Timing Data Collection

Phase 2.1 Detect if minReqCache needed
Phase 2.1 Detect if minReqCache needed | Checksum: 14ea7da60

Time (s): cpu = 00:00:00.06 ; elapsed = 00:00:00.06 . Memory (MB): peak = 2886.875 ; gain = 0.000 ; free physical = 141 ; free virtual = 7809

Phase 2.2 Timer Update
Phase 2.2 Timer Update | Checksum: 14ea7da60

Time (s): cpu = 00:00:00.08 ; elapsed = 00:00:00.08 . Memory (MB): peak = 2886.875 ; gain = 0.000 ; free physical = 141 ; free virtual = 7809
Phase 2 Timer Update And Timing Data Collection | Checksum: 14ea7da60

Time (s): cpu = 00:00:00.08 ; elapsed = 00:00:00.08 . Memory (MB): peak = 2886.875 ; gain = 0.000 ; free physical = 141 ; free virtual = 7809

Phase 3 Retarget
INFO: [Opt 31-1851] Number of loadless carry chains removed were: 0
INFO: [Opt 31-1834] Total Chains To Be Transformed Were: 0 AND Number of Transformed insts Created are: 0
INFO: [Opt 31-1566] Pulled 1 inverters resulting in an inversion of 5 pins
INFO: [Opt 31-138] Pushed 3 inverter(s) to 20 load pin(s).
INFO: [Opt 31-49] Retargeted 0 cell(s).
Phase 3 Retarget | Checksum: 1f971efb9

Time (s): cpu = 00:00:00.67 ; elapsed = 00:00:00.39 . Memory (MB): peak = 2942.902 ; gain = 56.027 ; free physical = 141 ; free virtual = 7810
Retarget | Checksum: 1f971efb9
INFO: [Opt 31-389] Phase Retarget created 48 cells and removed 51 cells
INFO: [Opt 31-1021] In phase Retarget, 2 netlist objects are constrained preventing optimization. Please run opt_design with -debug_log to get more detail. 

Phase 4 Constant propagation
INFO: [Opt 31-138] Pushed 0 inverter(s) to 0 load pin(s).
Phase 4 Constant propagation | Checksum: 13260f977

Time (s): cpu = 00:00:00.76 ; elapsed = 00:00:00.49 . Memory (MB): peak = 2942.902 ; gain = 56.027 ; free physical = 141 ; free virtual = 7810
Constant propagation | Checksum: 13260f977
INFO: [Opt 31-389] Phase Constant propagation created 0 cells and removed 5 cells
INFO: [Opt 31-1021] In phase Constant propagation, 2 netlist objects are constrained preventing optimization. Please run opt_design with -debug_log to get more detail. 

Phase 5 Sweep
INFO: [Constraints 18-11670] Building netlist checker database with flags, 0x8
Done building netlist checker database: Time (s): cpu = 00:00:00.01 ; elapsed = 00:00:00 . Memory (MB): peak = 2942.902 ; gain = 0.000 ; free physical = 141 ; free virtual = 7810
INFO: [Constraints 18-11670] Building netlist checker database with flags, 0x8
Done building netlist checker database: Time (s): cpu = 00:00:00 ; elapsed = 00:00:00 . Memory (MB): peak = 2942.902 ; gain = 0.000 ; free physical = 141 ; free virtual = 7810
Phase 5 Sweep | Checksum: 1333d073c

Time (s): cpu = 00:00:00.96 ; elapsed = 00:00:00.69 . Memory (MB): peak = 2942.902 ; gain = 56.027 ; free physical = 140 ; free virtual = 7809
Sweep | Checksum: 1333d073c
INFO: [Opt 31-389] Phase Sweep created 0 cells and removed 18 cells
INFO: [Opt 31-1021] In phase Sweep, 4 netlist objects are constrained preventing optimization. Please run opt_design with -debug_log to get more detail. 

Phase 6 BUFG optimization
Phase 6 BUFG optimization | Checksum: 1333d073c

Time (s): cpu = 00:00:01 ; elapsed = 00:00:00.73 . Memory (MB): peak = 2974.918 ; gain = 88.043 ; free physical = 141 ; free virtual = 7799
BUFG optimization | Checksum: 1333d073c
INFO: [Opt 31-662] Phase BUFG optimization created 0 cells of which 0 are BUFGs and removed 0 cells.

Phase 7 Shift Register Optimization
INFO: [Opt 31-1064] SRL Remap converted 0 SRLs to 0 registers and converted 0 registers of register chains to 0 SRLs
Phase 7 Shift Register Optimization | Checksum: 1333d073c

Time (s): cpu = 00:00:01 ; elapsed = 00:00:00.75 . Memory (MB): peak = 2974.918 ; gain = 88.043 ; free physical = 160 ; free virtual = 7815
Shift Register Optimization | Checksum: 1333d073c
INFO: [Opt 31-389] Phase Shift Register Optimization created 0 cells and removed 0 cells

Phase 8 Post Processing Netlist
Phase 8 Post Processing Netlist | Checksum: 1333d073c

Time (s): cpu = 00:00:01 ; elapsed = 00:00:00.79 . Memory (MB): peak = 2974.918 ; gain = 88.043 ; free physical = 159 ; free virtual = 7814
Post Processing Netlist | Checksum: 1333d073c
INFO: [Opt 31-389] Phase Post Processing Netlist created 0 cells and removed 0 cells
INFO: [Opt 31-1021] In phase Post Processing Netlist, 2 netlist objects are constrained preventing optimization. Please run opt_design with -debug_log to get more detail. 

Phase 9 Finalization

Phase 9.1 Finalizing Design Cores and Updating Shapes
Phase 9.1 Finalizing Design Cores and Updating Shapes | Checksum: 100906bf1

Time (s): cpu = 00:00:02 ; elapsed = 00:00:01 . Memory (MB): peak = 2974.918 ; gain = 88.043 ; free physical = 158 ; free virtual = 7813

Phase 9.2 Verifying Netlist Connectivity

Starting Connectivity Check Task

Time (s): cpu = 00:00:00.02 ; elapsed = 00:00:00.02 . Memory (MB): peak = 2974.918 ; gain = 0.000 ; free physical = 158 ; free virtual = 7813
Phase 9.2 Verifying Netlist Connectivity | Checksum: 100906bf1

Time (s): cpu = 00:00:02 ; elapsed = 00:00:01 . Memory (MB): peak = 2974.918 ; gain = 88.043 ; free physical = 158 ; free virtual = 7813
Phase 9 Finalization | Checksum: 100906bf1

Time (s): cpu = 00:00:02 ; elapsed = 00:00:01 . Memory (MB): peak = 2974.918 ; gain = 88.043 ; free physical = 158 ; free virtual = 7813
Opt_design Change Summary
=========================


-------------------------------------------------------------------------------------------------------------------------
|  Phase                        |  #Cells created  |  #Cells Removed  |  #Constrained objects preventing optimizations  |
-------------------------------------------------------------------------------------------------------------------------
|  Retarget                     |              48  |              51  |                                              2  |
|  Constant propagation         |               0  |               5  |                                              2  |
|  Sweep                        |               0  |              18  |                                              4  |
|  BUFG optimization            |               0  |               0  |                                              0  |
|  Shift Register Optimization  |               0  |               0  |                                              0  |
|  Post Processing Netlist      |               0  |               0  |                                              2  |
-------------------------------------------------------------------------------------------------------------------------


Ending Logic Optimization Task | Checksum: 100906bf1

Time (s): cpu = 00:00:02 ; elapsed = 00:00:01 . Memory (MB): peak = 2974.918 ; gain = 88.043 ; free physical = 158 ; free virtual = 7813

Starting Power Optimization Task
INFO: [Pwropt 34-132] Skipping clock gating for clocks with a period < 2.00 ns.
INFO: [Pwropt 34-9] Applying IDT optimizations ...
INFO: [Pwropt 34-10] Applying ODC optimizations ...
INFO: [Timing 38-35] Done setting XDC timing constraints.
Running Vector-less Activity Propagation...

Finished Running Vector-less Activity Propagation


Starting PowerOpt Patch Enables Task
INFO: [Pwropt 34-162] WRITE_MODE attribute of 0 BRAM(s) out of a total of 2 has been updated to save power. Run report_power_opt to get a complete listing of the BRAMs updated.
INFO: [Pwropt 34-201] Structural ODC has moved 0 WE to EN ports
Number of BRAM Ports augmented: 0 newly gated: 2 Total Ports: 4
Ending PowerOpt Patch Enables Task | Checksum: 1ab50dc8f

Time (s): cpu = 00:00:00.05 ; elapsed = 00:00:00.05 . Memory (MB): peak = 3142.969 ; gain = 0.000 ; free physical = 342 ; free virtual = 8002
Ending Power Optimization Task | Checksum: 1ab50dc8f

Time (s): cpu = 00:00:04 ; elapsed = 00:00:02 . Memory (MB): peak = 3142.969 ; gain = 168.051 ; free physical = 342 ; free virtual = 8002

Starting Final Cleanup Task
Ending Final Cleanup Task | Checksum: 1ab50dc8f

Time (s): cpu = 00:00:00 ; elapsed = 00:00:00 . Memory (MB): peak = 3142.969 ; gain = 0.000 ; free physical = 342 ; free virtual = 8002
Netlist sorting complete. Time (s): cpu = 00:00:00 ; elapsed = 00:00:00 . Memory (MB): peak = 3142.969 ; gain = 0.000 ; free physical = 342 ; free virtual = 8002
INFO: [Common 17-83] Releasing license: Implementation
44 Infos, 1 Warnings, 0 Critical Warnings and 0 Errors encountered.
opt_design completed successfully
opt_design: Time (s): cpu = 00:00:14 ; elapsed = 00:00:11 . Memory (MB): peak = 3142.969 ; gain = 650.734 ; free physical = 342 ; free virtual = 8002
INFO: [Vivado 12-24828] Executing command : report_drc -file bd_0_wrapper_drc_opted.rpt -pb bd_0_wrapper_drc_opted.pb -rpx bd_0_wrapper_drc_opted.rpx
Command: report_drc -file bd_0_wrapper_drc_opted.rpt -pb bd_0_wrapper_drc_opted.pb -rpx bd_0_wrapper_drc_opted.rpx
INFO: [IP_Flow 19-1839] IP Catalog is up to date.
INFO: [DRC 23-27] Running DRC with 8 threads
WARNING: [DRC 23-814] Not all possible (connectivity based) DRCs may have been run because this design is seen as Out of Context.
INFO: [Vivado_Tcl 2-168] The results of DRC are in file /home/johan2/Documents/fpga/zynq-pynq-gnss-receiver/vitis_workspace/gnss_correlator_hls/gnss_correlator_hls/hls/impl/verilog/project.runs/impl_1/bd_0_wrapper_drc_opted.rpt.
report_drc completed successfully
INFO: [Timing 38-35] Done setting XDC timing constraints.
INFO: [Timing 38-480] Writing timing data to binary archive.
Write ShapeDB Complete: Time (s): cpu = 00:00:00.08 ; elapsed = 00:00:00.02 . Memory (MB): peak = 3142.969 ; gain = 0.000 ; free physical = 281 ; free virtual = 7954
INFO: [Common 17-1381] The checkpoint '/home/johan2/Documents/fpga/zynq-pynq-gnss-receiver/vitis_workspace/gnss_correlator_hls/gnss_correlator_hls/hls/impl/verilog/project.runs/impl_1/bd_0_wrapper_opt.dcp' has been generated.
Command: place_design
Attempting to get a license for feature 'Implementation' and/or device 'xc7z020'
INFO: [Common 17-349] Got license for feature 'Implementation' and/or device 'xc7z020'
INFO: [Common 17-83] Releasing license: Implementation
INFO: [DRC 23-27] Running DRC with 8 threads
WARNING: [DRC 23-814] Not all possible (connectivity based) DRCs may have been run because this design is seen as Out of Context.
INFO: [Vivado_Tcl 4-198] DRC finished with 0 Errors
INFO: [Vivado_Tcl 4-199] Please refer to the DRC report (report_drc) for more information.
Running DRC as a precondition to command place_design
INFO: [DRC 23-27] Running DRC with 8 threads
WARNING: [DRC 23-814] Not all possible (connectivity based) DRCs may have been run because this design is seen as Out of Context.
INFO: [Vivado_Tcl 4-198] DRC finished with 0 Errors
INFO: [Vivado_Tcl 4-199] Please refer to the DRC report (report_drc) for more information.
INFO: [Place 30-611] Multithreading enabled for place_design using a maximum of 8 CPUs

Starting Placer Task

Phase 1 Placer Initialization

Phase 1.1 Placer Initialization Netlist Sorting
Netlist sorting complete. Time (s): cpu = 00:00:00 ; elapsed = 00:00:00 . Memory (MB): peak = 3142.969 ; gain = 0.000 ; free physical = 198 ; free virtual = 7877
Phase 1.1 Placer Initialization Netlist Sorting | Checksum: dbf137a3

Time (s): cpu = 00:00:00.01 ; elapsed = 00:00:00.05 . Memory (MB): peak = 3142.969 ; gain = 0.000 ; free physical = 198 ; free virtual = 7877
Netlist sorting complete. Time (s): cpu = 00:00:00.01 ; elapsed = 00:00:00 . Memory (MB): peak = 3142.969 ; gain = 0.000 ; free physical = 198 ; free virtual = 7877

Phase 1.2 IO Placement/ Clock Placement/ Build Placer Device
Phase 1.2 IO Placement/ Clock Placement/ Build Placer Device | Checksum: 6be36725

Time (s): cpu = 00:00:03 ; elapsed = 00:00:01 . Memory (MB): peak = 3142.969 ; gain = 0.000 ; free physical = 191 ; free virtual = 7867

Phase 1.3 Build Placer Netlist Model
Phase 1.3 Build Placer Netlist Model | Checksum: 82b4fb71

Time (s): cpu = 00:00:12 ; elapsed = 00:00:04 . Memory (MB): peak = 3142.969 ; gain = 0.000 ; free physical = 299 ; free virtual = 7967

Phase 1.4 Constrain Clocks/Macros
Phase 1.4 Constrain Clocks/Macros | Checksum: 82b4fb71

Time (s): cpu = 00:00:12 ; elapsed = 00:00:04 . Memory (MB): peak = 3142.969 ; gain = 0.000 ; free physical = 299 ; free virtual = 7967
Phase 1 Placer Initialization | Checksum: 82b4fb71

Time (s): cpu = 00:00:12 ; elapsed = 00:00:04 . Memory (MB): peak = 3142.969 ; gain = 0.000 ; free physical = 299 ; free virtual = 7967

Phase 2 Global Placement

Phase 2.1 Floorplanning
Phase 2.1 Floorplanning | Checksum: f1b3ba4f

Time (s): cpu = 00:00:19 ; elapsed = 00:00:06 . Memory (MB): peak = 3142.969 ; gain = 0.000 ; free physical = 249 ; free virtual = 7929

Phase 2.2 Update Timing before SLR Path Opt
Phase 2.2 Update Timing before SLR Path Opt | Checksum: f042a0be

Time (s): cpu = 00:00:25 ; elapsed = 00:00:07 . Memory (MB): peak = 3142.969 ; gain = 0.000 ; free physical = 194 ; free virtual = 7874

Phase 2.3 Post-Processing in Floorplanning
Phase 2.3 Post-Processing in Floorplanning | Checksum: f042a0be

Time (s): cpu = 00:00:25 ; elapsed = 00:00:08 . Memory (MB): peak = 3142.969 ; gain = 0.000 ; free physical = 194 ; free virtual = 7873

Phase 2.4 Global Place Phase1
Phase 2.4 Global Place Phase1 | Checksum: 1f3142bd5

Time (s): cpu = 00:01:27 ; elapsed = 00:00:21 . Memory (MB): peak = 3142.969 ; gain = 0.000 ; free physical = 424 ; free virtual = 8087

Phase 2.5 Global Place Phase2

Phase 2.5.1 UpdateTiming Before Physical Synthesis
Phase 2.5.1 UpdateTiming Before Physical Synthesis | Checksum: 1eaa4ddde

Time (s): cpu = 00:01:30 ; elapsed = 00:00:22 . Memory (MB): peak = 3142.969 ; gain = 0.000 ; free physical = 419 ; free virtual = 8082

Phase 2.5.2 Physical Synthesis In Placer
INFO: [Physopt 32-1035] Found 0 LUTNM shape to break, 164 LUT instances to create LUTNM shape
INFO: [Physopt 32-1044] Break lutnm for timing: one critical 0, two critical 0, total 0, new lutff created 0
INFO: [Physopt 32-1138] End 1 Pass. Optimized 76 nets or LUTs. Breaked 0 LUT, combined 76 existing LUTs and moved 0 existing LUT
INFO: [Physopt 32-65] No nets found for high-fanout optimization.
INFO: [Physopt 32-232] Optimized 0 net. Created 0 new instance.
INFO: [Physopt 32-775] End 1 Pass. Optimized 0 net or cell. Created 0 new cell, deleted 0 existing cell and moved 0 existing cell
INFO: [Physopt 32-456] No candidate cells for DSP register optimization found in the design.
INFO: [Physopt 32-775] End 2 Pass. Optimized 0 net or cell. Created 0 new cell, deleted 0 existing cell and moved 0 existing cell
INFO: [Physopt 32-1123] No candidate cells found for Shift Register to Pipeline optimization
INFO: [Physopt 32-775] End 2 Pass. Optimized 0 net or cell. Created 0 new cell, deleted 0 existing cell and moved 0 existing cell
INFO: [Physopt 32-1401] No candidate cells found for Shift Register optimization.
INFO: [Physopt 32-677] No candidate cells for Shift Register optimization found in the design
INFO: [Physopt 32-775] End 1 Pass. Optimized 0 net or cell. Created 0 new cell, deleted 0 existing cell and moved 0 existing cell
INFO: [Physopt 32-526] No candidate cells for BRAM register optimization found in the design
INFO: [Physopt 32-775] End 1 Pass. Optimized 0 net or cell. Created 0 new cell, deleted 0 existing cell and moved 0 existing cell
INFO: [Physopt 32-846] No candidate cells for URAM register optimization found in the design
INFO: [Physopt 32-775] End 1 Pass. Optimized 0 net or cell. Created 0 new cell, deleted 0 existing cell and moved 0 existing cell
INFO: [Physopt 32-846] No candidate cells for URAM register optimization found in the design
INFO: [Physopt 32-775] End 1 Pass. Optimized 0 net or cell. Created 0 new cell, deleted 0 existing cell and moved 0 existing cell
INFO: [Physopt 32-949] No candidate nets found for dynamic/static region interface net replication
INFO: [Physopt 32-775] End 1 Pass. Optimized 0 net or cell. Created 0 new cell, deleted 0 existing cell and moved 0 existing cell
Netlist sorting complete. Time (s): cpu = 00:00:00 ; elapsed = 00:00:00 . Memory (MB): peak = 3142.969 ; gain = 0.000 ; free physical = 418 ; free virtual = 8084

Summary of Physical Synthesis Optimizations
============================================


-----------------------------------------------------------------------------------------------------------------------------------------------------------
|  Optimization                                     |  Added Cells  |  Removed Cells  |  Optimized Cells/Nets  |  Dont Touch  |  Iterations  |  Elapsed   |
-----------------------------------------------------------------------------------------------------------------------------------------------------------
|  LUT Combining                                    |            0  |             76  |                    76  |           0  |           1  |  00:00:00  |
|  Retime                                           |            0  |              0  |                     0  |           0  |           1  |  00:00:00  |
|  Very High Fanout                                 |            0  |              0  |                     0  |           0  |           1  |  00:00:00  |
|  DSP Register                                     |            0  |              0  |                     0  |           0  |           1  |  00:00:00  |
|  Shift Register to Pipeline                       |            0  |              0  |                     0  |           0  |           1  |  00:00:00  |
|  Shift Register                                   |            0  |              0  |                     0  |           0  |           1  |  00:00:00  |
|  BRAM Register                                    |            0  |              0  |                     0  |           0  |           1  |  00:00:00  |
|  URAM Register                                    |            0  |              0  |                     0  |           0  |           1  |  00:00:00  |
|  Dynamic/Static Region Interface Net Replication  |            0  |              0  |                     0  |           0  |           1  |  00:00:00  |
|  Total                                            |            0  |             76  |                    76  |           0  |           9  |  00:00:00  |
-----------------------------------------------------------------------------------------------------------------------------------------------------------


Phase 2.5.2 Physical Synthesis In Placer | Checksum: 202312f3a

Time (s): cpu = 00:01:33 ; elapsed = 00:00:24 . Memory (MB): peak = 3142.969 ; gain = 0.000 ; free physical = 325 ; free virtual = 7996
Phase 2.5 Global Place Phase2 | Checksum: 1e548e3ad

Time (s): cpu = 00:01:39 ; elapsed = 00:00:25 . Memory (MB): peak = 3142.969 ; gain = 0.000 ; free physical = 323 ; free virtual = 7994
Phase 2 Global Placement | Checksum: 1e548e3ad

Time (s): cpu = 00:01:39 ; elapsed = 00:00:25 . Memory (MB): peak = 3142.969 ; gain = 0.000 ; free physical = 323 ; free virtual = 7994

Phase 3 Detail Placement

Phase 3.1 Commit Multi Column Macros
Phase 3.1 Commit Multi Column Macros | Checksum: 27b832910

Time (s): cpu = 00:01:42 ; elapsed = 00:00:26 . Memory (MB): peak = 3142.969 ; gain = 0.000 ; free physical = 322 ; free virtual = 7994

Phase 3.2 Commit Most Macros & LUTRAMs
Phase 3.2 Commit Most Macros & LUTRAMs | Checksum: 1f29824d4

Time (s): cpu = 00:01:46 ; elapsed = 00:00:27 . Memory (MB): peak = 3142.969 ; gain = 0.000 ; free physical = 303 ; free virtual = 7988

Phase 3.3 Area Swap Optimization
Phase 3.3 Area Swap Optimization | Checksum: 16531a1db

Time (s): cpu = 00:01:47 ; elapsed = 00:00:27 . Memory (MB): peak = 3142.969 ; gain = 0.000 ; free physical = 301 ; free virtual = 7988

Phase 3.4 Pipeline Register Optimization
Phase 3.4 Pipeline Register Optimization | Checksum: 181514c05

Time (s): cpu = 00:01:47 ; elapsed = 00:00:27 . Memory (MB): peak = 3142.969 ; gain = 0.000 ; free physical = 301 ; free virtual = 7988

Phase 3.5 Fast Optimization
Phase 3.5 Fast Optimization | Checksum: 263bc6580

Time (s): cpu = 00:01:53 ; elapsed = 00:00:30 . Memory (MB): peak = 3142.969 ; gain = 0.000 ; free physical = 278 ; free virtual = 7983

Phase 3.6 Small Shape Detail Placement
Phase 3.6 Small Shape Detail Placement | Checksum: 1da227100

Time (s): cpu = 00:01:58 ; elapsed = 00:00:33 . Memory (MB): peak = 3142.969 ; gain = 0.000 ; free physical = 300 ; free virtual = 7979

Phase 3.7 Re-assign LUT pins
Phase 3.7 Re-assign LUT pins | Checksum: 15cd59bda

Time (s): cpu = 00:01:59 ; elapsed = 00:00:34 . Memory (MB): peak = 3142.969 ; gain = 0.000 ; free physical = 292 ; free virtual = 7976

Phase 3.8 Pipeline Register Optimization
Phase 3.8 Pipeline Register Optimization | Checksum: 148b559b4

Time (s): cpu = 00:01:59 ; elapsed = 00:00:34 . Memory (MB): peak = 3142.969 ; gain = 0.000 ; free physical = 297 ; free virtual = 7982

Phase 3.9 Fast Optimization
Phase 3.9 Fast Optimization | Checksum: 1c88765b7

Time (s): cpu = 00:02:09 ; elapsed = 00:00:39 . Memory (MB): peak = 3142.969 ; gain = 0.000 ; free physical = 421 ; free virtual = 8099
Phase 3 Detail Placement | Checksum: 1c88765b7

Time (s): cpu = 00:02:09 ; elapsed = 00:00:39 . Memory (MB): peak = 3142.969 ; gain = 0.000 ; free physical = 421 ; free virtual = 8099

Phase 4 Post Placement Optimization and Clean-Up

Phase 4.1 Post Commit Optimization
INFO: [Timing 38-35] Done setting XDC timing constraints.

Phase 4.1.1 Post Placement Optimization
Post Placement Optimization Initialization | Checksum: 1099ce72a

Phase 4.1.1.1 BUFG Insertion

Starting Physical Synthesis Task

Phase 1 Physical Synthesis Initialization
INFO: [Physopt 32-721] Multithreading enabled for phys_opt_design using a maximum of 8 CPUs
INFO: [Physopt 32-619] Estimated Timing Summary | WNS=-10.833 | TNS=-1257.002 |
Phase 1 Physical Synthesis Initialization | Checksum: 13ecff173

Time (s): cpu = 00:00:00.55 ; elapsed = 00:00:00.16 . Memory (MB): peak = 3142.969 ; gain = 0.000 ; free physical = 419 ; free virtual = 8097
INFO: [Place 46-33] Processed net bd_0_i/hls_inst/inst/gmem1_m_axi_U/bus_read/rreq_burst_conv/burst_sequential/rs_req/ap_rst_n_0, BUFG insertion was skipped due to placement/routing conflicts.
INFO: [Place 46-56] BUFG insertion identified 1 candidate nets. Inserted BUFG: 0, Replicated BUFG Driver: 0, Skipped due to Placement/Routing Conflicts: 1, Skipped due to Timing Degradation: 0, Skipped due to netlist editing failed: 0.
Ending Physical Synthesis Task | Checksum: fa0fd3c0

Time (s): cpu = 00:00:00.99 ; elapsed = 00:00:00.39 . Memory (MB): peak = 3142.969 ; gain = 0.000 ; free physical = 419 ; free virtual = 8096
Phase 4.1.1.1 BUFG Insertion | Checksum: 1099ce72a

Time (s): cpu = 00:02:17 ; elapsed = 00:00:41 . Memory (MB): peak = 3142.969 ; gain = 0.000 ; free physical = 419 ; free virtual = 8096

Phase 4.1.1.2 Post Placement Timing Optimization
INFO: [Place 30-746] Post Placement Timing Summary WNS=-9.661. For the most accurate timing information please run report_timing.
Phase 4.1.1.2 Post Placement Timing Optimization | Checksum: 1ae926e81

Time (s): cpu = 00:02:56 ; elapsed = 00:01:13 . Memory (MB): peak = 3142.969 ; gain = 0.000 ; free physical = 345 ; free virtual = 8016

Time (s): cpu = 00:02:56 ; elapsed = 00:01:13 . Memory (MB): peak = 3142.969 ; gain = 0.000 ; free physical = 345 ; free virtual = 8016
Phase 4.1 Post Commit Optimization | Checksum: 1ae926e81

Time (s): cpu = 00:02:56 ; elapsed = 00:01:13 . Memory (MB): peak = 3142.969 ; gain = 0.000 ; free physical = 345 ; free virtual = 8016

Phase 4.2 Post Placement Cleanup
Phase 4.2 Post Placement Cleanup | Checksum: 1ae926e81

Time (s): cpu = 00:02:57 ; elapsed = 00:01:13 . Memory (MB): peak = 3142.969 ; gain = 0.000 ; free physical = 345 ; free virtual = 8016

Phase 4.3 Placer Reporting

Phase 4.3.1 Print Estimated Congestion
INFO: [Place 30-612] Post-Placement Estimated Congestion 
 ____________________________________________________
|           | Global Congestion | Short Congestion  |
| Direction | Region Size       | Region Size       |
|___________|___________________|___________________|
|      North|                1x1|                2x2|
|___________|___________________|___________________|
|      South|                1x1|                2x2|
|___________|___________________|___________________|
|       East|                1x1|                2x2|
|___________|___________________|___________________|
|       West|                1x1|                1x1|
|___________|___________________|___________________|

Phase 4.3.1 Print Estimated Congestion | Checksum: 1ae926e81

Time (s): cpu = 00:02:57 ; elapsed = 00:01:13 . Memory (MB): peak = 3142.969 ; gain = 0.000 ; free physical = 345 ; free virtual = 8016
Phase 4.3 Placer Reporting | Checksum: 1ae926e81

Time (s): cpu = 00:02:57 ; elapsed = 00:01:13 . Memory (MB): peak = 3142.969 ; gain = 0.000 ; free physical = 345 ; free virtual = 8016

Phase 4.4 Final Placement Cleanup
Netlist sorting complete. Time (s): cpu = 00:00:00 ; elapsed = 00:00:00 . Memory (MB): peak = 3142.969 ; gain = 0.000 ; free physical = 345 ; free virtual = 8016

Time (s): cpu = 00:02:57 ; elapsed = 00:01:13 . Memory (MB): peak = 3142.969 ; gain = 0.000 ; free physical = 345 ; free virtual = 8016
Phase 4 Post Placement Optimization and Clean-Up | Checksum: 232b6aab0

Time (s): cpu = 00:02:57 ; elapsed = 00:01:13 . Memory (MB): peak = 3142.969 ; gain = 0.000 ; free physical = 345 ; free virtual = 8016
Ending Placer Task | Checksum: 1705135a9

Time (s): cpu = 00:02:57 ; elapsed = 00:01:13 . Memory (MB): peak = 3142.969 ; gain = 0.000 ; free physical = 345 ; free virtual = 8016
88 Infos, 4 Warnings, 0 Critical Warnings and 0 Errors encountered.
place_design completed successfully
place_design: Time (s): cpu = 00:03:02 ; elapsed = 00:01:15 . Memory (MB): peak = 3142.969 ; gain = 0.000 ; free physical = 345 ; free virtual = 8016
INFO: [Vivado 12-24838] Running report commands "report_control_sets, report_io, report_utilization" in parallel.
Running report generation with 3 threads.
INFO: [Vivado 12-24828] Executing command : report_control_sets -verbose -file bd_0_wrapper_control_sets_placed.rpt
report_control_sets: Time (s): cpu = 00:00:00.44 ; elapsed = 00:00:00.26 . Memory (MB): peak = 3142.969 ; gain = 0.000 ; free physical = 252 ; free virtual = 7923
INFO: [Vivado 12-24828] Executing command : report_utilization -file bd_0_wrapper_utilization_placed.rpt -pb bd_0_wrapper_utilization_placed.pb
INFO: [Vivado 12-24828] Executing command : report_io -file bd_0_wrapper_io_placed.rpt
report_io: Time (s): cpu = 00:00:00.85 ; elapsed = 00:00:00.56 . Memory (MB): peak = 3142.969 ; gain = 0.000 ; free physical = 217 ; free virtual = 7900
INFO: [Timing 38-480] Writing timing data to binary archive.
Wrote PlaceDB: Time (s): cpu = 00:00:00.01 ; elapsed = 00:00:00 . Memory (MB): peak = 3142.969 ; gain = 0.000 ; free physical = 215 ; free virtual = 7897
Wrote PulsedLatchDB: Time (s): cpu = 00:00:00 ; elapsed = 00:00:00 . Memory (MB): peak = 3142.969 ; gain = 0.000 ; free physical = 215 ; free virtual = 7897
Write ShapeDB Complete: Time (s): cpu = 00:00:00.19 ; elapsed = 00:00:00.04 . Memory (MB): peak = 3142.969 ; gain = 0.000 ; free physical = 213 ; free virtual = 7896
Writing XDEF routing.
Writing XDEF routing logical nets.
Writing XDEF routing special nets.
Wrote RouteStorage: Time (s): cpu = 00:00:00.61 ; elapsed = 00:00:00.16 . Memory (MB): peak = 3142.969 ; gain = 0.000 ; free physical = 211 ; free virtual = 7895
Wrote PlaceStorage: Time (s): cpu = 00:00:01 ; elapsed = 00:00:00.54 . Memory (MB): peak = 3142.969 ; gain = 0.000 ; free physical = 206 ; free virtual = 7895
Wrote Netlist Cache: Time (s): cpu = 00:00:00.03 ; elapsed = 00:00:00.02 . Memory (MB): peak = 3142.969 ; gain = 0.000 ; free physical = 206 ; free virtual = 7895
Wrote Device Cache: Time (s): cpu = 00:00:00.03 ; elapsed = 00:00:00.02 . Memory (MB): peak = 3142.969 ; gain = 0.000 ; free physical = 205 ; free virtual = 7894
Write Physdb Complete: Time (s): cpu = 00:00:02 ; elapsed = 00:00:00.76 . Memory (MB): peak = 3142.969 ; gain = 0.000 ; free physical = 205 ; free virtual = 7894
INFO: [Common 17-1381] The checkpoint '/home/johan2/Documents/fpga/zynq-pynq-gnss-receiver/vitis_workspace/gnss_correlator_hls/gnss_correlator_hls/hls/impl/verilog/project.runs/impl_1/bd_0_wrapper_placed.dcp' has been generated.
Command: phys_opt_design
Attempting to get a license for feature 'Implementation' and/or device 'xc7z020'
INFO: [Common 17-349] Got license for feature 'Implementation' and/or device 'xc7z020'

Starting Initial Update Timing Task
WARNING: [Timing 38-242] The property HD.CLK_SRC of clock port "ap_clk" is not set. In out-of-context mode, this prevents timing estimation for clock delay/skew
Resolution: Set the HD.CLK_SRC property of the out-of-context port to the location of the clock buffer instance in the top-level design

Time (s): cpu = 00:00:04 ; elapsed = 00:00:01 . Memory (MB): peak = 3142.969 ; gain = 0.000 ; free physical = 207 ; free virtual = 7894
INFO: [Vivado_Tcl 4-1435] PhysOpt_Tcl_Interface Runtime Before Starting Physical Synthesis Task | CPU: 4.53s |  WALL: 1.43s
Netlist sorting complete. Time (s): cpu = 00:00:00 ; elapsed = 00:00:00 . Memory (MB): peak = 3142.969 ; gain = 0.000 ; free physical = 206 ; free virtual = 7893

Starting Physical Synthesis Task

Phase 1 Physical Synthesis Initialization
INFO: [Physopt 32-721] Multithreading enabled for phys_opt_design using a maximum of 8 CPUs
INFO: [Physopt 32-619] Estimated Timing Summary | WNS=-9.653 | TNS=-1166.008 |
Phase 1 Physical Synthesis Initialization | Checksum: 1052b8122

Time (s): cpu = 00:00:03 ; elapsed = 00:00:01 . Memory (MB): peak = 3142.969 ; gain = 0.000 ; free physical = 169 ; free virtual = 7832
INFO: [Physopt 32-619] Estimated Timing Summary | WNS=-9.653 | TNS=-1166.008 |

Phase 2 DSP Register Optimization
INFO: [Physopt 32-456] No candidate cells for DSP register optimization found in the design.
INFO: [Physopt 32-775] End 2 Pass. Optimized 0 net or cell. Created 0 new cell, deleted 0 existing cell and moved 0 existing cell
Phase 2 DSP Register Optimization | Checksum: 1052b8122

Time (s): cpu = 00:00:03 ; elapsed = 00:00:02 . Memory (MB): peak = 3142.969 ; gain = 0.000 ; free physical = 168 ; free virtual = 7831

Phase 3 Critical Path Optimization
INFO: [Physopt 32-619] Estimated Timing Summary | WNS=-9.653 | TNS=-1166.008 |
INFO: [Physopt 32-663] Processed net bd_0_i/hls_inst/inst/acc_I_fu_98[5].  Re-placed instance bd_0_i/hls_inst/inst/acc_I_fu_98_reg[5]
INFO: [Physopt 32-735] Processed net bd_0_i/hls_inst/inst/acc_I_fu_98[5]. Optimization improves timing on the net.
INFO: [Physopt 32-619] Estimated Timing Summary | WNS=-9.618 | TNS=-1165.761 |
INFO: [Physopt 32-663] Processed net bd_0_i/hls_inst/inst/acc_Q_fu_102_reg_n_0_[12].  Re-placed instance bd_0_i/hls_inst/inst/acc_Q_fu_102_reg[12]
INFO: [Physopt 32-735] Processed net bd_0_i/hls_inst/inst/acc_Q_fu_102_reg_n_0_[12]. Optimization improves timing on the net.
INFO: [Physopt 32-619] Estimated Timing Summary | WNS=-9.601 | TNS=-1165.744 |
INFO: [Physopt 32-702] Processed net bd_0_i/hls_inst/inst/acc_Q_fu_102_reg_n_0_[12]. Optimizations did not improve timing on the net.
INFO: [Physopt 32-663] Processed net bd_0_i/hls_inst/inst/fadd_32ns_32ns_32_2_full_dsp_1_U2/din0_buf1[23].  Re-placed instance bd_0_i/hls_inst/inst/fadd_32ns_32ns_32_2_full_dsp_1_U2/din0_buf1_reg[23]
INFO: [Physopt 32-735] Processed net bd_0_i/hls_inst/inst/fadd_32ns_32ns_32_2_full_dsp_1_U2/din0_buf1[23]. Optimization improves timing on the net.
INFO: [Physopt 32-619] Estimated Timing Summary | WNS=-9.575 | TNS=-1162.416 |
INFO: [Physopt 32-663] Processed net bd_0_i/hls_inst/inst/fadd_32ns_32ns_32_2_full_dsp_1_U2/din1_buf1[24].  Re-placed instance bd_0_i/hls_inst/inst/fadd_32ns_32ns_32_2_full_dsp_1_U2/din1_buf1_reg[24]
INFO: [Physopt 32-735] Processed net bd_0_i/hls_inst/inst/fadd_32ns_32ns_32_2_full_dsp_1_U2/din1_buf1[24]. Optimization improves timing on the net.
INFO: [Physopt 32-619] Estimated Timing Summary | WNS=-9.563 | TNS=-1160.880 |
INFO: [Physopt 32-663] Processed net bd_0_i/hls_inst/inst/fadd_32ns_32ns_32_2_full_dsp_1_U2/din1_buf1[25].  Re-placed instance bd_0_i/hls_inst/inst/fadd_32ns_32ns_32_2_full_dsp_1_U2/din1_buf1_reg[25]
INFO: [Physopt 32-735] Processed net bd_0_i/hls_inst/inst/fadd_32ns_32ns_32_2_full_dsp_1_U2/din1_buf1[25]. Optimization improves timing on the net.
INFO: [Physopt 32-619] Estimated Timing Summary | WNS=-9.536 | TNS=-1157.424 |
INFO: [Physopt 32-663] Processed net bd_0_i/hls_inst/inst/fadd_32ns_32ns_32_2_full_dsp_1_U2/din0_buf1[25].  Re-placed instance bd_0_i/hls_inst/inst/fadd_32ns_32ns_32_2_full_dsp_1_U2/din0_buf1_reg[25]
INFO: [Physopt 32-735] Processed net bd_0_i/hls_inst/inst/fadd_32ns_32ns_32_2_full_dsp_1_U2/din0_buf1[25]. Optimization improves timing on the net.
INFO: [Physopt 32-619] Estimated Timing Summary | WNS=-9.526 | TNS=-1156.144 |
INFO: [Physopt 32-663] Processed net bd_0_i/hls_inst/inst/fadd_32ns_32ns_32_2_full_dsp_1_U2/din1_buf1[23].  Re-placed instance bd_0_i/hls_inst/inst/fadd_32ns_32ns_32_2_full_dsp_1_U2/din1_buf1_reg[23]
INFO: [Physopt 32-735] Processed net bd_0_i/hls_inst/inst/fadd_32ns_32ns_32_2_full_dsp_1_U2/din1_buf1[23]. Optimization improves timing on the net.
INFO: [Physopt 32-619] Estimated Timing Summary | WNS=-9.515 | TNS=-1154.736 |
INFO: [Physopt 32-81] Processed net bd_0_i/hls_inst/inst/fadd_32ns_32ns_32_2_full_dsp_1_U2/din1_buf1[24]. Replicated 1 times.
INFO: [Physopt 32-735] Processed net bd_0_i/hls_inst/inst/fadd_32ns_32ns_32_2_full_dsp_1_U2/din1_buf1[24]. Optimization improves timing on the net.
INFO: [Physopt 32-619] Estimated Timing Summary | WNS=-9.512 | TNS=-1154.352 |
INFO: [Physopt 32-702] Processed net bd_0_i/hls_inst/inst/fadd_32ns_32ns_32_2_full_dsp_1_U2/din1_buf1[24]. Optimizations did not improve timing on the net.
INFO: [Physopt 32-710] Processed net bd_0_i/hls_inst/inst/fadd_32ns_32ns_32_2_full_dsp_1_U2/D[12]. Critical path length was reduced through logic transformation on cell bd_0_i/hls_inst/inst/fadd_32ns_32ns_32_2_full_dsp_1_U2/acc_I_fu_98[12]_i_1_comp.
INFO: [Physopt 32-735] Processed net bd_0_i/hls_inst/inst/fadd_32ns_32ns_32_2_full_dsp_1_U2/gnss_correlator_fadd_32ns_32ns_32_2_full_dsp_1_ip_u/U0/i_synth/ADDSUB_OP.ADDSUB/DSP.OP/DSP48E1_BODY.EXP/EXP_OFF.STRUCT_ADD/in0[12]. Optimization improves timing on the net.
INFO: [Physopt 32-619] Estimated Timing Summary | WNS=-9.507 | TNS=-1152.772 |
INFO: [Physopt 32-663] Processed net bd_0_i/hls_inst/inst/acc_I_fu_98[11].  Re-placed instance bd_0_i/hls_inst/inst/acc_I_fu_98_reg[11]
INFO: [Physopt 32-735] Processed net bd_0_i/hls_inst/inst/acc_I_fu_98[11]. Optimization improves timing on the net.
INFO: [Physopt 32-619] Estimated Timing Summary | WNS=-9.495 | TNS=-1152.616 |
INFO: [Physopt 32-702] Processed net bd_0_i/hls_inst/inst/acc_I_fu_98[4]. Optimizations did not improve timing on the net.
INFO: [Physopt 32-710] Processed net bd_0_i/hls_inst/inst/fadd_32ns_32ns_32_2_full_dsp_1_U2/D[4]. Critical path length was reduced through logic transformation on cell bd_0_i/hls_inst/inst/fadd_32ns_32ns_32_2_full_dsp_1_U2/acc_I_fu_98[4]_i_1_comp.
INFO: [Physopt 32-735] Processed net bd_0_i/hls_inst/inst/fadd_32ns_32ns_32_2_full_dsp_1_U2/gnss_correlator_fadd_32ns_32ns_32_2_full_dsp_1_ip_u/U0/i_synth/ADDSUB_OP.ADDSUB/DSP.OP/DSP48E1_BODY.EXP/EXP_OFF.STRUCT_ADD/in0[4]. Optimization improves timing on the net.
INFO: [Physopt 32-619] Estimated Timing Summary | WNS=-9.492 | TNS=-1151.040 |
INFO: [Physopt 32-663] Processed net bd_0_i/hls_inst/inst/acc_I_fu_98[20].  Re-placed instance bd_0_i/hls_inst/inst/acc_I_fu_98_reg[20]
INFO: [Physopt 32-735] Processed net bd_0_i/hls_inst/inst/acc_I_fu_98[20]. Optimization improves timing on the net.
INFO: [Physopt 32-619] Estimated Timing Summary | WNS=-9.492 | TNS=-1151.011 |
INFO: [Physopt 32-702] Processed net bd_0_i/hls_inst/inst/acc_I_fu_98[3]. Optimizations did not improve timing on the net.
INFO: [Physopt 32-710] Processed net bd_0_i/hls_inst/inst/fadd_32ns_32ns_32_2_full_dsp_1_U2/D[3]. Critical path length was reduced through logic transformation on cell bd_0_i/hls_inst/inst/fadd_32ns_32ns_32_2_full_dsp_1_U2/acc_I_fu_98[3]_i_1_comp.
INFO: [Physopt 32-735] Processed net bd_0_i/hls_inst/inst/fadd_32ns_32ns_32_2_full_dsp_1_U2/gnss_correlator_fadd_32ns_32ns_32_2_full_dsp_1_ip_u/U0/i_synth/ADDSUB_OP.ADDSUB/DSP.OP/DSP48E1_BODY.EXP/EXP_OFF.STRUCT_ADD/in0[3]. Optimization improves timing on the net.
INFO: [Physopt 32-619] Estimated Timing Summary | WNS=-9.491 | TNS=-1149.173 |
INFO: [Physopt 32-702] Processed net bd_0_i/hls_inst/inst/acc_I_fu_98[24]. Optimizations did not improve timing on the net.
INFO: [Physopt 32-663] Processed net bd_0_i/hls_inst/inst/fadd_32ns_32ns_32_2_full_dsp_1_U2/gnss_correlator_fadd_32ns_32ns_32_2_full_dsp_1_ip_u/U0/i_synth/ADDSUB_OP.ADDSUB/DSP.OP/DSP48E1_BODY.EXP/EXP_OFF.STRUCT_ADD/m_axis_result_tdata[1].  Re-placed instance bd_0_i/hls_inst/inst/fadd_32ns_32ns_32_2_full_dsp_1_U2/gnss_correlator_fadd_32ns_32ns_32_2_full_dsp_1_ip_u/U0/i_synth/ADDSUB_OP.ADDSUB/DSP.OP/DSP48E1_BODY.EXP/EXP_OFF.STRUCT_ADD/m_axis_result_tdata[24]_INST_0
INFO: [Physopt 32-735] Processed net bd_0_i/hls_inst/inst/fadd_32ns_32ns_32_2_full_dsp_1_U2/gnss_correlator_fadd_32ns_32ns_32_2_full_dsp_1_ip_u/U0/i_synth/ADDSUB_OP.ADDSUB/DSP.OP/DSP48E1_BODY.EXP/EXP_OFF.STRUCT_ADD/m_axis_result_tdata[1]. Optimization improves timing on the net.
INFO: [Physopt 32-619] Estimated Timing Summary | WNS=-9.487 | TNS=-1149.413 |
INFO: [Physopt 32-702] Processed net bd_0_i/hls_inst/inst/acc_I_fu_98[7]. Optimizations did not improve timing on the net.
INFO: [Physopt 32-710] Processed net bd_0_i/hls_inst/inst/fadd_32ns_32ns_32_2_full_dsp_1_U2/D[7]. Critical path length was reduced through logic transformation on cell bd_0_i/hls_inst/inst/fadd_32ns_32ns_32_2_full_dsp_1_U2/acc_I_fu_98[7]_i_1_comp.
INFO: [Physopt 32-735] Processed net bd_0_i/hls_inst/inst/fadd_32ns_32ns_32_2_full_dsp_1_U2/gnss_correlator_fadd_32ns_32ns_32_2_full_dsp_1_ip_u/U0/i_synth/ADDSUB_OP.ADDSUB/DSP.OP/DSP48E1_BODY.EXP/EXP_OFF.STRUCT_ADD/in0[7]. Optimization improves timing on the net.
INFO: [Physopt 32-619] Estimated Timing Summary | WNS=-9.484 | TNS=-1147.569 |
INFO: [Physopt 32-702] Processed net bd_0_i/hls_inst/inst/acc_Q_fu_102_reg_n_0_[26]. Optimizations did not improve timing on the net.
INFO: [Physopt 32-663] Processed net bd_0_i/hls_inst/inst/fadd_32ns_32ns_32_2_full_dsp_1_U2/gnss_correlator_fadd_32ns_32ns_32_2_full_dsp_1_ip_u/U0/i_synth/ADDSUB_OP.ADDSUB/DSP.OP/DSP48E1_BODY.EXP/EXP_OFF.STRUCT_ADD/m_axis_result_tdata[3].  Re-placed instance bd_0_i/hls_inst/inst/fadd_32ns_32ns_32_2_full_dsp_1_U2/gnss_correlator_fadd_32ns_32ns_32_2_full_dsp_1_ip_u/U0/i_synth/ADDSUB_OP.ADDSUB/DSP.OP/DSP48E1_BODY.EXP/EXP_OFF.STRUCT_ADD/m_axis_result_tdata[26]_INST_0
INFO: [Physopt 32-735] Processed net bd_0_i/hls_inst/inst/fadd_32ns_32ns_32_2_full_dsp_1_U2/gnss_correlator_fadd_32ns_32ns_32_2_full_dsp_1_ip_u/U0/i_synth/ADDSUB_OP.ADDSUB/DSP.OP/DSP48E1_BODY.EXP/EXP_OFF.STRUCT_ADD/m_axis_result_tdata[3]. Optimization improves timing on the net.
INFO: [Physopt 32-619] Estimated Timing Summary | WNS=-9.483 | TNS=-1147.691 |
INFO: [Physopt 32-702] Processed net bd_0_i/hls_inst/inst/acc_Q_fu_102_reg_n_0_[0]. Optimizations did not improve timing on the net.
INFO: [Physopt 32-710] Processed net bd_0_i/hls_inst/inst/fadd_32ns_32ns_32_2_full_dsp_1_U2/D[0]. Critical path length was reduced through logic transformation on cell bd_0_i/hls_inst/inst/fadd_32ns_32ns_32_2_full_dsp_1_U2/acc_I_fu_98[0]_i_1_comp.
INFO: [Physopt 32-735] Processed net bd_0_i/hls_inst/inst/fadd_32ns_32ns_32_2_full_dsp_1_U2/gnss_correlator_fadd_32ns_32ns_32_2_full_dsp_1_ip_u/U0/i_synth/ADDSUB_OP.ADDSUB/DSP.OP/DSP48E1_BODY.EXP/EXP_OFF.STRUCT_ADD/in0[0]. Optimization improves timing on the net.
INFO: [Physopt 32-619] Estimated Timing Summary | WNS=-9.481 | TNS=-1146.085 |
INFO: [Physopt 32-710] Processed net bd_0_i/hls_inst/inst/fadd_32ns_32ns_32_2_full_dsp_1_U2/D[24]. Critical path length was reduced through logic transformation on cell bd_0_i/hls_inst/inst/fadd_32ns_32ns_32_2_full_dsp_1_U2/acc_I_fu_98[24]_i_1_comp.
INFO: [Physopt 32-735] Processed net bd_0_i/hls_inst/inst/fadd_32ns_32ns_32_2_full_dsp_1_U2/gnss_correlator_fadd_32ns_32ns_32_2_full_dsp_1_ip_u/U0/i_synth/ADDSUB_OP.ADDSUB/DSP.OP/DSP48E1_BODY.EXP/EXP_OFF.STRUCT_ADD/m_axis_result_tdata[1]. Optimization improves timing on the net.
INFO: [Physopt 32-619] Estimated Timing Summary | WNS=-9.480 | TNS=-1144.729 |
INFO: [Physopt 32-710] Processed net bd_0_i/hls_inst/inst/fadd_32ns_32ns_32_2_full_dsp_1_U2/D[26]. Critical path length was reduced through logic transformation on cell bd_0_i/hls_inst/inst/fadd_32ns_32ns_32_2_full_dsp_1_U2/acc_I_fu_98[26]_i_1_comp.
INFO: [Physopt 32-735] Processed net bd_0_i/hls_inst/inst/fadd_32ns_32ns_32_2_full_dsp_1_U2/gnss_correlator_fadd_32ns_32ns_32_2_full_dsp_1_ip_u/U0/i_synth/ADDSUB_OP.ADDSUB/DSP.OP/DSP48E1_BODY.EXP/EXP_OFF.STRUCT_ADD/m_axis_result_tdata[3]. Optimization improves timing on the net.
INFO: [Physopt 32-619] Estimated Timing Summary | WNS=-9.479 | TNS=-1143.161 |
INFO: [Physopt 32-702] Processed net bd_0_i/hls_inst/inst/acc_I_fu_98[29]. Optimizations did not improve timing on the net.
INFO: [Physopt 32-710] Processed net bd_0_i/hls_inst/inst/fadd_32ns_32ns_32_2_full_dsp_1_U2/D[29]. Critical path length was reduced through logic transformation on cell bd_0_i/hls_inst/inst/fadd_32ns_32ns_32_2_full_dsp_1_U2/acc_I_fu_98[29]_i_1_comp.
INFO: [Physopt 32-735] Processed net bd_0_i/hls_inst/inst/fadd_32ns_32ns_32_2_full_dsp_1_U2/gnss_correlator_fadd_32ns_32ns_32_2_full_dsp_1_ip_u/U0/i_synth/ADDSUB_OP.ADDSUB/DSP.OP/DSP48E1_BODY.EXP/EXP_OFF.STRUCT_ADD/m_axis_result_tdata[6]. Optimization improves timing on the net.
INFO: [Physopt 32-619] Estimated Timing Summary | WNS=-9.477 | TNS=-1141.309 |
INFO: [Physopt 32-702] Processed net bd_0_i/hls_inst/inst/acc_I_fu_98[16]. Optimizations did not improve timing on the net.
INFO: [Physopt 32-702] Processed net bd_0_i/hls_inst/inst/fadd_32ns_32ns_32_2_full_dsp_1_U2/din1_buf1[24]. Optimizations did not improve timing on the net.
INFO: [Physopt 32-608] Optimized 1 net.  Swapped 21 pins.
INFO: [Physopt 32-735] Processed net bd_0_i/hls_inst/inst/fadd_32ns_32ns_32_2_full_dsp_1_U2/gnss_correlator_fadd_32ns_32ns_32_2_full_dsp_1_ip_u/U0/i_synth/ADDSUB_OP.ADDSUB/DSP.OP/DSP48E1_BODY.EXP/EXP_OFF.STRUCT_ADD/in0[16]. Optimization improves timing on the net.
INFO: [Physopt 32-619] Estimated Timing Summary | WNS=-9.472 | TNS=-1139.877 |
INFO: [Physopt 32-702] Processed net bd_0_i/hls_inst/inst/acc_Q_fu_102_reg_n_0_[25]. Optimizations did not improve timing on the net.
INFO: [Physopt 32-608] Optimized 1 net.  Swapped 21 pins.
INFO: [Physopt 32-735] Processed net bd_0_i/hls_inst/inst/fadd_32ns_32ns_32_2_full_dsp_1_U2/gnss_correlator_fadd_32ns_32ns_32_2_full_dsp_1_ip_u/U0/i_synth/ADDSUB_OP.ADDSUB/DSP.OP/DSP48E1_BODY.EXP/EXP_OFF.STRUCT_ADD/m_axis_result_tdata[2]. Optimization improves timing on the net.
INFO: [Physopt 32-619] Estimated Timing Summary | WNS=-9.470 | TNS=-1137.865 |
INFO: [Physopt 32-663] Processed net bd_0_i/hls_inst/inst/acc_I_fu_98[18].  Re-placed instance bd_0_i/hls_inst/inst/acc_I_fu_98_reg[18]
INFO: [Physopt 32-735] Processed net bd_0_i/hls_inst/inst/acc_I_fu_98[18]. Optimization improves timing on the net.
INFO: [Physopt 32-619] Estimated Timing Summary | WNS=-9.466 | TNS=-1137.850 |
INFO: [Physopt 32-702] Processed net bd_0_i/hls_inst/inst/acc_I_fu_98[8]. Optimizations did not improve timing on the net.
INFO: [Physopt 32-663] Processed net bd_0_i/hls_inst/inst/fadd_32ns_32ns_32_2_full_dsp_1_U2/gnss_correlator_fadd_32ns_32ns_32_2_full_dsp_1_ip_u/U0/i_synth/ADDSUB_OP.ADDSUB/DSP.OP/DSP48E1_BODY.EXP/EXP_OFF.STRUCT_ADD/in0[8].  Re-placed instance bd_0_i/hls_inst/inst/fadd_32ns_32ns_32_2_full_dsp_1_U2/gnss_correlator_fadd_32ns_32ns_32_2_full_dsp_1_ip_u/U0/i_synth/ADDSUB_OP.ADDSUB/DSP.OP/DSP48E1_BODY.EXP/EXP_OFF.STRUCT_ADD/mant_op_inferred_i_15
INFO: [Physopt 32-735] Processed net bd_0_i/hls_inst/inst/fadd_32ns_32ns_32_2_full_dsp_1_U2/gnss_correlator_fadd_32ns_32ns_32_2_full_dsp_1_ip_u/U0/i_synth/ADDSUB_OP.ADDSUB/DSP.OP/DSP48E1_BODY.EXP/EXP_OFF.STRUCT_ADD/in0[8]. Optimization improves timing on the net.
INFO: [Physopt 32-619] Estimated Timing Summary | WNS=-9.463 | TNS=-1137.633 |
INFO: [Physopt 32-702] Processed net bd_0_i/hls_inst/inst/acc_I_fu_98[20]. Optimizations did not improve timing on the net.
INFO: [Physopt 32-608] Optimized 1 net.  Swapped 21 pins.
INFO: [Physopt 32-735] Processed net bd_0_i/hls_inst/inst/fadd_32ns_32ns_32_2_full_dsp_1_U2/gnss_correlator_fadd_32ns_32ns_32_2_full_dsp_1_ip_u/U0/i_synth/ADDSUB_OP.ADDSUB/DSP.OP/DSP48E1_BODY.EXP/EXP_OFF.STRUCT_ADD/in0[20]. Optimization improves timing on the net.
INFO: [Physopt 32-619] Estimated Timing Summary | WNS=-9.459 | TNS=-1135.101 |
INFO: [Physopt 32-663] Processed net bd_0_i/hls_inst/inst/acc_Q_fu_102_reg_n_0_[19].  Re-placed instance bd_0_i/hls_inst/inst/acc_Q_fu_102_reg[19]
INFO: [Physopt 32-735] Processed net bd_0_i/hls_inst/inst/acc_Q_fu_102_reg_n_0_[19]. Optimization improves timing on the net.
INFO: [Physopt 32-619] Estimated Timing Summary | WNS=-9.455 | TNS=-1134.978 |
INFO: [Physopt 32-702] Processed net bd_0_i/hls_inst/inst/acc_I_fu_98[18]. Optimizations did not improve timing on the net.
INFO: [Physopt 32-608] Optimized 1 net.  Swapped 24 pins.
INFO: [Physopt 32-735] Processed net bd_0_i/hls_inst/inst/fadd_32ns_32ns_32_2_full_dsp_1_U2/gnss_correlator_fadd_32ns_32ns_32_2_full_dsp_1_ip_u/U0/i_synth/ADDSUB_OP.ADDSUB/DSP.OP/DSP48E1_BODY.EXP/EXP_OFF.STRUCT_ADD/in0[18]. Optimization improves timing on the net.
INFO: [Physopt 32-619] Estimated Timing Summary | WNS=-9.451 | TNS=-1132.914 |
INFO: [Physopt 32-702] Processed net bd_0_i/hls_inst/inst/acc_Q_fu_102_reg_n_0_[2]. Optimizations did not improve timing on the net.
INFO: [Physopt 32-608] Optimized 1 net.  Swapped 24 pins.
INFO: [Physopt 32-735] Processed net bd_0_i/hls_inst/inst/fadd_32ns_32ns_32_2_full_dsp_1_U2/gnss_correlator_fadd_32ns_32ns_32_2_full_dsp_1_ip_u/U0/i_synth/ADDSUB_OP.ADDSUB/DSP.OP/DSP48E1_BODY.EXP/EXP_OFF.STRUCT_ADD/in0[2]. Optimization improves timing on the net.
INFO: [Physopt 32-619] Estimated Timing Summary | WNS=-9.411 | TNS=-1131.374 |
INFO: [Physopt 32-663] Processed net bd_0_i/hls_inst/inst/acc_Q_fu_102_reg_n_0_[13].  Re-placed instance bd_0_i/hls_inst/inst/acc_Q_fu_102_reg[13]
INFO: [Physopt 32-735] Processed net bd_0_i/hls_inst/inst/acc_Q_fu_102_reg_n_0_[13]. Optimization improves timing on the net.
INFO: [Physopt 32-619] Estimated Timing Summary | WNS=-9.404 | TNS=-1131.340 |
INFO: [Physopt 32-663] Processed net bd_0_i/hls_inst/inst/acc_Q_fu_102_reg_n_0_[10].  Re-placed instance bd_0_i/hls_inst/inst/acc_Q_fu_102_reg[10]
INFO: [Physopt 32-735] Processed net bd_0_i/hls_inst/inst/acc_Q_fu_102_reg_n_0_[10]. Optimization improves timing on the net.
INFO: [Physopt 32-619] Estimated Timing Summary | WNS=-9.388 | TNS=-1131.291 |
INFO: [Physopt 32-663] Processed net bd_0_i/hls_inst/inst/acc_I_fu_98[9].  Re-placed instance bd_0_i/hls_inst/inst/acc_I_fu_98_reg[9]
INFO: [Physopt 32-735] Processed net bd_0_i/hls_inst/inst/acc_I_fu_98[9]. Optimization improves timing on the net.
INFO: [Physopt 32-619] Estimated Timing Summary | WNS=-9.382 | TNS=-1130.863 |
INFO: [Physopt 32-702] Processed net bd_0_i/hls_inst/inst/acc_I_fu_98[21]. Optimizations did not improve timing on the net.
INFO: [Physopt 32-608] Optimized 1 net.  Swapped 21 pins.
INFO: [Physopt 32-735] Processed net bd_0_i/hls_inst/inst/fadd_32ns_32ns_32_2_full_dsp_1_U2/gnss_correlator_fadd_32ns_32ns_32_2_full_dsp_1_ip_u/U0/i_synth/ADDSUB_OP.ADDSUB/DSP.OP/DSP48E1_BODY.EXP/EXP_OFF.STRUCT_ADD/in0[21]. Optimization improves timing on the net.
INFO: [Physopt 32-619] Estimated Timing Summary | WNS=-9.377 | TNS=-1129.363 |
INFO: [Physopt 32-702] Processed net bd_0_i/hls_inst/inst/acc_Q_fu_102_reg_n_0_[13]. Optimizations did not improve timing on the net.
INFO: [Physopt 32-608] Optimized 1 net.  Swapped 20 pins.
INFO: [Physopt 32-735] Processed net bd_0_i/hls_inst/inst/fadd_32ns_32ns_32_2_full_dsp_1_U2/gnss_correlator_fadd_32ns_32ns_32_2_full_dsp_1_ip_u/U0/i_synth/ADDSUB_OP.ADDSUB/DSP.OP/DSP48E1_BODY.EXP/EXP_OFF.STRUCT_ADD/in0[13]. Optimization improves timing on the net.
INFO: [Physopt 32-619] Estimated Timing Summary | WNS=-9.377 | TNS=-1128.051 |
INFO: [Physopt 32-663] Processed net bd_0_i/hls_inst/inst/acc_Q_fu_102_reg_n_0_[28].  Re-placed instance bd_0_i/hls_inst/inst/acc_Q_fu_102_reg[28]
INFO: [Physopt 32-735] Processed net bd_0_i/hls_inst/inst/acc_Q_fu_102_reg_n_0_[28]. Optimization improves timing on the net.
INFO: [Physopt 32-619] Estimated Timing Summary | WNS=-9.373 | TNS=-1128.024 |
INFO: [Physopt 32-663] Processed net bd_0_i/hls_inst/inst/acc_I_fu_98[27].  Re-placed instance bd_0_i/hls_inst/inst/acc_I_fu_98_reg[27]
INFO: [Physopt 32-735] Processed net bd_0_i/hls_inst/inst/acc_I_fu_98[27]. Optimization improves timing on the net.
INFO: [Physopt 32-619] Estimated Timing Summary | WNS=-9.372 | TNS=-1128.000 |
INFO: [Physopt 32-663] Processed net bd_0_i/hls_inst/inst/acc_I_fu_98[1].  Re-placed instance bd_0_i/hls_inst/inst/acc_I_fu_98_reg[1]
INFO: [Physopt 32-735] Processed net bd_0_i/hls_inst/inst/acc_I_fu_98[1]. Optimization improves timing on the net.
INFO: [Physopt 32-619] Estimated Timing Summary | WNS=-9.372 | TNS=-1127.985 |
INFO: [Physopt 32-663] Processed net bd_0_i/hls_inst/inst/acc_I_fu_98[23].  Re-placed instance bd_0_i/hls_inst/inst/acc_I_fu_98_reg[23]
INFO: [Physopt 32-735] Processed net bd_0_i/hls_inst/inst/acc_I_fu_98[23]. Optimization improves timing on the net.
INFO: [Physopt 32-619] Estimated Timing Summary | WNS=-9.370 | TNS=-1127.666 |
INFO: [Physopt 32-702] Processed net bd_0_i/hls_inst/inst/acc_I_fu_98[28]. Optimizations did not improve timing on the net.
INFO: [Physopt 32-608] Optimized 1 net.  Swapped 14 pins.
INFO: [Physopt 32-735] Processed net bd_0_i/hls_inst/inst/fadd_32ns_32ns_32_2_full_dsp_1_U2/gnss_correlator_fadd_32ns_32ns_32_2_full_dsp_1_ip_u/U0/i_synth/ADDSUB_OP.ADDSUB/DSP.OP/DSP48E1_BODY.EXP/EXP_OFF.STRUCT_ADD/m_axis_result_tdata[5]. Optimization improves timing on the net.
INFO: [Physopt 32-619] Estimated Timing Summary | WNS=-9.370 | TNS=-1126.362 |
INFO: [Physopt 32-663] Processed net bd_0_i/hls_inst/inst/acc_Q_fu_102_reg_n_0_[6].  Re-placed instance bd_0_i/hls_inst/inst/acc_Q_fu_102_reg[6]
INFO: [Physopt 32-735] Processed net bd_0_i/hls_inst/inst/acc_Q_fu_102_reg_n_0_[6]. Optimization improves timing on the net.
INFO: [Physopt 32-619] Estimated Timing Summary | WNS=-9.369 | TNS=-1126.350 |
INFO: [Physopt 32-702] Processed net bd_0_i/hls_inst/inst/acc_Q_fu_102_reg_n_0_[9]. Optimizations did not improve timing on the net.
INFO: [Physopt 32-608] Optimized 1 net.  Swapped 24 pins.
INFO: [Physopt 32-735] Processed net bd_0_i/hls_inst/inst/fadd_32ns_32ns_32_2_full_dsp_1_U2/gnss_correlator_fadd_32ns_32ns_32_2_full_dsp_1_ip_u/U0/i_synth/ADDSUB_OP.ADDSUB/DSP.OP/DSP48E1_BODY.EXP/EXP_OFF.STRUCT_ADD/in0[9]. Optimization improves timing on the net.
INFO: [Physopt 32-619] Estimated Timing Summary | WNS=-9.361 | TNS=-1125.034 |
INFO: [Physopt 32-663] Processed net bd_0_i/hls_inst/inst/acc_Q_fu_102_reg_n_0_[22].  Re-placed instance bd_0_i/hls_inst/inst/acc_Q_fu_102_reg[22]
INFO: [Physopt 32-735] Processed net bd_0_i/hls_inst/inst/acc_Q_fu_102_reg_n_0_[22]. Optimization improves timing on the net.
INFO: [Physopt 32-619] Estimated Timing Summary | WNS=-9.361 | TNS=-1125.029 |
INFO: [Physopt 32-663] Processed net bd_0_i/hls_inst/inst/fadd_32ns_32ns_32_2_full_dsp_1_U2/dout_r[24].  Re-placed instance bd_0_i/hls_inst/inst/fadd_32ns_32ns_32_2_full_dsp_1_U2/dout_r_reg[24]
INFO: [Physopt 32-735] Processed net bd_0_i/hls_inst/inst/fadd_32ns_32ns_32_2_full_dsp_1_U2/dout_r[24]. Optimization improves timing on the net.
INFO: [Physopt 32-619] Estimated Timing Summary | WNS=-9.358 | TNS=-1125.004 |
INFO: [Physopt 32-619] Estimated Timing Summary | WNS=-9.358 | TNS=-1125.004 |
Netlist sorting complete. Time (s): cpu = 00:00:00.03 ; elapsed = 00:00:00.03 . Memory (MB): peak = 3142.969 ; gain = 0.000 ; free physical = 167 ; free virtual = 7829
Phase 3 Critical Path Optimization | Checksum: 1c44e4bb7

Time (s): cpu = 00:01:45 ; elapsed = 00:00:26 . Memory (MB): peak = 3142.969 ; gain = 0.000 ; free physical = 167 ; free virtual = 7829

Phase 4 Critical Path Optimization
INFO: [Physopt 32-619] Estimated Timing Summary | WNS=-9.358 | TNS=-1125.004 |
INFO: [Physopt 32-702] Processed net bd_0_i/hls_inst/inst/acc_Q_fu_102_reg_n_0_[6]. Optimizations did not improve timing on the net.
INFO: [Physopt 32-702] Processed net bd_0_i/hls_inst/inst/fadd_32ns_32ns_32_2_full_dsp_1_U2/din1_buf1[24]. Optimizations did not improve timing on the net.
INFO: [Physopt 32-710] Processed net bd_0_i/hls_inst/inst/fadd_32ns_32ns_32_2_full_dsp_1_U2/D[6]. Critical path length was reduced through logic transformation on cell bd_0_i/hls_inst/inst/fadd_32ns_32ns_32_2_full_dsp_1_U2/acc_I_fu_98[6]_i_1_comp.
INFO: [Physopt 32-735] Processed net bd_0_i/hls_inst/inst/fadd_32ns_32ns_32_2_full_dsp_1_U2/gnss_correlator_fadd_32ns_32ns_32_2_full_dsp_1_ip_u/U0/i_synth/ADDSUB_OP.ADDSUB/DSP.OP/DSP48E1_BODY.EXP/EXP_OFF.STRUCT_ADD/in0[6]. Optimization improves timing on the net.
INFO: [Physopt 32-619] Estimated Timing Summary | WNS=-9.357 | TNS=-1123.672 |
INFO: [Physopt 32-702] Processed net bd_0_i/hls_inst/inst/acc_I_fu_98[1]. Optimizations did not improve timing on the net.
INFO: [Physopt 32-710] Processed net bd_0_i/hls_inst/inst/fadd_32ns_32ns_32_2_full_dsp_1_U2/D[1]. Critical path length was reduced through logic transformation on cell bd_0_i/hls_inst/inst/fadd_32ns_32ns_32_2_full_dsp_1_U2/acc_I_fu_98[1]_i_1_comp.
INFO: [Physopt 32-735] Processed net bd_0_i/hls_inst/inst/fadd_32ns_32ns_32_2_full_dsp_1_U2/gnss_correlator_fadd_32ns_32ns_32_2_full_dsp_1_ip_u/U0/i_synth/ADDSUB_OP.ADDSUB/DSP.OP/DSP48E1_BODY.EXP/EXP_OFF.STRUCT_ADD/in0[1]. Optimization improves timing on the net.
INFO: [Physopt 32-619] Estimated Timing Summary | WNS=-9.356 | TNS=-1122.943 |
INFO: [Physopt 32-702] Processed net bd_0_i/hls_inst/inst/acc_Q_fu_102_reg_n_0_[22]. Optimizations did not improve timing on the net.
INFO: [Physopt 32-710] Processed net bd_0_i/hls_inst/inst/fadd_32ns_32ns_32_2_full_dsp_1_U2/D[22]. Critical path length was reduced through logic transformation on cell bd_0_i/hls_inst/inst/fadd_32ns_32ns_32_2_full_dsp_1_U2/acc_I_fu_98[22]_i_1_comp.
INFO: [Physopt 32-735] Processed net bd_0_i/hls_inst/inst/fadd_32ns_32ns_32_2_full_dsp_1_U2/gnss_correlator_fadd_32ns_32ns_32_2_full_dsp_1_ip_u/U0/i_synth/ADDSUB_OP.ADDSUB/DSP.OP/DSP48E1_BODY.EXP/EXP_OFF.STRUCT_ADD/in0[22]. Optimization improves timing on the net.
INFO: [Physopt 32-619] Estimated Timing Summary | WNS=-9.355 | TNS=-1121.347 |
INFO: [Physopt 32-702] Processed net bd_0_i/hls_inst/inst/acc_Q_fu_102_reg_n_0_[10]. Optimizations did not improve timing on the net.
INFO: [Physopt 32-663] Processed net bd_0_i/hls_inst/inst/fadd_32ns_32ns_32_2_full_dsp_1_U2/gnss_correlator_fadd_32ns_32ns_32_2_full_dsp_1_ip_u/U0/i_synth/ADDSUB_OP.ADDSUB/DSP.OP/DSP48E1_BODY.EXP/EXP_OFF.STRUCT_ADD/in0[10].  Re-placed instance bd_0_i/hls_inst/inst/fadd_32ns_32ns_32_2_full_dsp_1_U2/gnss_correlator_fadd_32ns_32ns_32_2_full_dsp_1_ip_u/U0/i_synth/ADDSUB_OP.ADDSUB/DSP.OP/DSP48E1_BODY.EXP/EXP_OFF.STRUCT_ADD/mant_op_inferred_i_13
INFO: [Physopt 32-735] Processed net bd_0_i/hls_inst/inst/fadd_32ns_32ns_32_2_full_dsp_1_U2/gnss_correlator_fadd_32ns_32ns_32_2_full_dsp_1_ip_u/U0/i_synth/ADDSUB_OP.ADDSUB/DSP.OP/DSP48E1_BODY.EXP/EXP_OFF.STRUCT_ADD/in0[10]. Optimization improves timing on the net.
INFO: [Physopt 32-619] Estimated Timing Summary | WNS=-9.351 | TNS=-1121.380 |
INFO: [Physopt 32-702] Processed net bd_0_i/hls_inst/inst/acc_I_fu_98[11]. Optimizations did not improve timing on the net.
INFO: [Physopt 32-710] Processed net bd_0_i/hls_inst/inst/fadd_32ns_32ns_32_2_full_dsp_1_U2/D[11]. Critical path length was reduced through logic transformation on cell bd_0_i/hls_inst/inst/fadd_32ns_32ns_32_2_full_dsp_1_U2/acc_I_fu_98[11]_i_1_comp.
INFO: [Physopt 32-735] Processed net bd_0_i/hls_inst/inst/fadd_32ns_32ns_32_2_full_dsp_1_U2/gnss_correlator_fadd_32ns_32ns_32_2_full_dsp_1_ip_u/U0/i_synth/ADDSUB_OP.ADDSUB/DSP.OP/DSP48E1_BODY.EXP/EXP_OFF.STRUCT_ADD/in0[11]. Optimization improves timing on the net.
INFO: [Physopt 32-619] Estimated Timing Summary | WNS=-9.349 | TNS=-1120.060 |
INFO: [Physopt 32-702] Processed net bd_0_i/hls_inst/inst/acc_I_fu_98[27]. Optimizations did not improve timing on the net.
INFO: [Physopt 32-710] Processed net bd_0_i/hls_inst/inst/fadd_32ns_32ns_32_2_full_dsp_1_U2/D[27]. Critical path length was reduced through logic transformation on cell bd_0_i/hls_inst/inst/fadd_32ns_32ns_32_2_full_dsp_1_U2/acc_I_fu_98[27]_i_1_comp.
INFO: [Physopt 32-735] Processed net bd_0_i/hls_inst/inst/fadd_32ns_32ns_32_2_full_dsp_1_U2/gnss_correlator_fadd_32ns_32ns_32_2_full_dsp_1_ip_u/U0/i_synth/ADDSUB_OP.ADDSUB/DSP.OP/DSP48E1_BODY.EXP/EXP_OFF.STRUCT_ADD/m_axis_result_tdata[4]. Optimization improves timing on the net.
INFO: [Physopt 32-619] Estimated Timing Summary | WNS=-9.345 | TNS=-1118.710 |
INFO: [Physopt 32-702] Processed net bd_0_i/hls_inst/inst/acc_I_fu_98[15]. Optimizations did not improve timing on the net.
INFO: [Physopt 32-710] Processed net bd_0_i/hls_inst/inst/fadd_32ns_32ns_32_2_full_dsp_1_U2/D[15]. Critical path length was reduced through logic transformation on cell bd_0_i/hls_inst/inst/fadd_32ns_32ns_32_2_full_dsp_1_U2/acc_I_fu_98[15]_i_1_comp.
INFO: [Physopt 32-735] Processed net bd_0_i/hls_inst/inst/fadd_32ns_32ns_32_2_full_dsp_1_U2/gnss_correlator_fadd_32ns_32ns_32_2_full_dsp_1_ip_u/U0/i_synth/ADDSUB_OP.ADDSUB/DSP.OP/DSP48E1_BODY.EXP/EXP_OFF.STRUCT_ADD/in0[15]. Optimization improves timing on the net.
INFO: [Physopt 32-619] Estimated Timing Summary | WNS=-9.341 | TNS=-1117.136 |
INFO: [Physopt 32-663] Processed net bd_0_i/hls_inst/inst/acc_I_fu_98[17].  Re-placed instance bd_0_i/hls_inst/inst/acc_I_fu_98_reg[17]
INFO: [Physopt 32-735] Processed net bd_0_i/hls_inst/inst/acc_I_fu_98[17]. Optimization improves timing on the net.
INFO: [Physopt 32-619] Estimated Timing Summary | WNS=-9.340 | TNS=-1117.023 |
INFO: [Physopt 32-663] Processed net bd_0_i/hls_inst/inst/acc_I_fu_98[14].  Re-placed instance bd_0_i/hls_inst/inst/acc_I_fu_98_reg[14]
INFO: [Physopt 32-735] Processed net bd_0_i/hls_inst/inst/acc_I_fu_98[14]. Optimization improves timing on the net.
INFO: [Physopt 32-619] Estimated Timing Summary | WNS=-9.340 | TNS=-1117.008 |
INFO: [Physopt 32-710] Processed net bd_0_i/hls_inst/inst/fadd_32ns_32ns_32_2_full_dsp_1_U2/D[10]. Critical path length was reduced through logic transformation on cell bd_0_i/hls_inst/inst/fadd_32ns_32ns_32_2_full_dsp_1_U2/acc_I_fu_98[10]_i_1_comp.
INFO: [Physopt 32-735] Processed net bd_0_i/hls_inst/inst/fadd_32ns_32ns_32_2_full_dsp_1_U2/gnss_correlator_fadd_32ns_32ns_32_2_full_dsp_1_ip_u/U0/i_synth/ADDSUB_OP.ADDSUB/DSP.OP/DSP48E1_BODY.EXP/EXP_OFF.STRUCT_ADD/in0[10]. Optimization improves timing on the net.
INFO: [Physopt 32-619] Estimated Timing Summary | WNS=-9.340 | TNS=-1115.676 |
INFO: [Physopt 32-702] Processed net bd_0_i/hls_inst/inst/acc_Q_fu_102_reg_n_0_[30]. Optimizations did not improve timing on the net.
INFO: [Physopt 32-702] Processed net bd_0_i/hls_inst/inst/fadd_32ns_32ns_32_2_full_dsp_1_U2/din1_buf1[24]. Optimizations did not improve timing on the net.
INFO: [Physopt 32-608] Optimized 1 net.  Swapped 19 pins.
INFO: [Physopt 32-735] Processed net bd_0_i/hls_inst/inst/fadd_32ns_32ns_32_2_full_dsp_1_U2/gnss_correlator_fadd_32ns_32ns_32_2_full_dsp_1_ip_u/U0/i_synth/ADDSUB_OP.ADDSUB/DSP.OP/DSP48E1_BODY.EXP/EXP_OFF.STRUCT_ADD/m_axis_result_tdata[7]. Optimization improves timing on the net.
INFO: [Physopt 32-619] Estimated Timing Summary | WNS=-9.339 | TNS=-1114.240 |
INFO: [Physopt 32-702] Processed net bd_0_i/hls_inst/inst/acc_I_fu_98[19]. Optimizations did not improve timing on the net.
INFO: [Physopt 32-608] Optimized 1 net.  Swapped 21 pins.
INFO: [Physopt 32-735] Processed net bd_0_i/hls_inst/inst/fadd_32ns_32ns_32_2_full_dsp_1_U2/gnss_correlator_fadd_32ns_32ns_32_2_full_dsp_1_ip_u/U0/i_synth/ADDSUB_OP.ADDSUB/DSP.OP/DSP48E1_BODY.EXP/EXP_OFF.STRUCT_ADD/in0[19]. Optimization improves timing on the net.
INFO: [Physopt 32-619] Estimated Timing Summary | WNS=-9.336 | TNS=-1111.664 |
INFO: [Physopt 32-702] Processed net bd_0_i/hls_inst/inst/fadd_32ns_32ns_32_2_full_dsp_1_U2/dout_r[24]. Optimizations did not improve timing on the net.
INFO: [Physopt 32-663] Processed net bd_0_i/hls_inst/inst/fadd_32ns_32ns_32_2_full_dsp_1_U2/gnss_correlator_fadd_32ns_32ns_32_2_full_dsp_1_ip_u/U0/i_synth/ADDSUB_OP.ADDSUB/DSP.OP/DSP48E1_BODY.EXP/EXP_OFF.STRUCT_ADD/m_axis_result_tdata[1].  Re-placed instance bd_0_i/hls_inst/inst/fadd_32ns_32ns_32_2_full_dsp_1_U2/gnss_correlator_fadd_32ns_32ns_32_2_full_dsp_1_ip_u/U0/i_synth/ADDSUB_OP.ADDSUB/DSP.OP/DSP48E1_BODY.EXP/EXP_OFF.STRUCT_ADD/m_axis_result_tdata[24]_INST_0
INFO: [Physopt 32-735] Processed net bd_0_i/hls_inst/inst/fadd_32ns_32ns_32_2_full_dsp_1_U2/gnss_correlator_fadd_32ns_32ns_32_2_full_dsp_1_ip_u/U0/i_synth/ADDSUB_OP.ADDSUB/DSP.OP/DSP48E1_BODY.EXP/EXP_OFF.STRUCT_ADD/m_axis_result_tdata[1]. Optimization improves timing on the net.
INFO: [Physopt 32-619] Estimated Timing Summary | WNS=-9.334 | TNS=-1111.448 |
INFO: [Physopt 32-702] Processed net bd_0_i/hls_inst/inst/acc_I_fu_98[8]. Optimizations did not improve timing on the net.
INFO: [Physopt 32-608] Optimized 1 net.  Swapped 20 pins.
INFO: [Physopt 32-735] Processed net bd_0_i/hls_inst/inst/fadd_32ns_32ns_32_2_full_dsp_1_U2/gnss_correlator_fadd_32ns_32ns_32_2_full_dsp_1_ip_u/U0/i_synth/ADDSUB_OP.ADDSUB/DSP.OP/DSP48E1_BODY.EXP/EXP_OFF.STRUCT_ADD/in0[8]. Optimization improves timing on the net.
INFO: [Physopt 32-619] Estimated Timing Summary | WNS=-9.325 | TNS=-1109.372 |
INFO: [Physopt 32-702] Processed net bd_0_i/hls_inst/inst/acc_I_fu_98[14]. Optimizations did not improve timing on the net.
INFO: [Physopt 32-663] Processed net bd_0_i/hls_inst/inst/fadd_32ns_32ns_32_2_full_dsp_1_U2/gnss_correlator_fadd_32ns_32ns_32_2_full_dsp_1_ip_u/U0/i_synth/ADDSUB_OP.ADDSUB/DSP.OP/DSP48E1_BODY.EXP/EXP_OFF.STRUCT_ADD/in0[14].  Re-placed instance bd_0_i/hls_inst/inst/fadd_32ns_32ns_32_2_full_dsp_1_U2/gnss_correlator_fadd_32ns_32ns_32_2_full_dsp_1_ip_u/U0/i_synth/ADDSUB_OP.ADDSUB/DSP.OP/DSP48E1_BODY.EXP/EXP_OFF.STRUCT_ADD/mant_op_inferred_i_9
INFO: [Physopt 32-735] Processed net bd_0_i/hls_inst/inst/fadd_32ns_32ns_32_2_full_dsp_1_U2/gnss_correlator_fadd_32ns_32ns_32_2_full_dsp_1_ip_u/U0/i_synth/ADDSUB_OP.ADDSUB/DSP.OP/DSP48E1_BODY.EXP/EXP_OFF.STRUCT_ADD/in0[14]. Optimization improves timing on the net.
INFO: [Physopt 32-619] Estimated Timing Summary | WNS=-9.324 | TNS=-1109.351 |
INFO: [Physopt 32-702] Processed net bd_0_i/hls_inst/inst/acc_Q_fu_102_reg_n_0_[23]. Optimizations did not improve timing on the net.
INFO: [Physopt 32-608] Optimized 1 net.  Swapped 18 pins.
INFO: [Physopt 32-735] Processed net bd_0_i/hls_inst/inst/fadd_32ns_32ns_32_2_full_dsp_1_U2/gnss_correlator_fadd_32ns_32ns_32_2_full_dsp_1_ip_u/U0/i_synth/ADDSUB_OP.ADDSUB/DSP.OP/DSP48E1_BODY.EXP/EXP_OFF.STRUCT_ADD/m_axis_result_tdata[0]. Optimization improves timing on the net.
INFO: [Physopt 32-619] Estimated Timing Summary | WNS=-9.320 | TNS=-1107.823 |
INFO: [Physopt 32-608] Optimized 1 net.  Swapped 18 pins.
INFO: [Physopt 32-735] Processed net bd_0_i/hls_inst/inst/fadd_32ns_32ns_32_2_full_dsp_1_U2/gnss_correlator_fadd_32ns_32ns_32_2_full_dsp_1_ip_u/U0/i_synth/ADDSUB_OP.ADDSUB/DSP.OP/DSP48E1_BODY.EXP/EXP_OFF.STRUCT_ADD/in0[14]. Optimization improves timing on the net.
INFO: [Physopt 32-619] Estimated Timing Summary | WNS=-9.317 | TNS=-1106.291 |
INFO: [Physopt 32-702] Processed net bd_0_i/hls_inst/inst/acc_I_fu_98[5]. Optimizations did not improve timing on the net.
INFO: [Physopt 32-608] Optimized 1 net.  Swapped 24 pins.
INFO: [Physopt 32-735] Processed net bd_0_i/hls_inst/inst/fadd_32ns_32ns_32_2_full_dsp_1_U2/gnss_correlator_fadd_32ns_32ns_32_2_full_dsp_1_ip_u/U0/i_synth/ADDSUB_OP.ADDSUB/DSP.OP/DSP48E1_BODY.EXP/EXP_OFF.STRUCT_ADD/in0[5]. Optimization improves timing on the net.
INFO: [Physopt 32-619] Estimated Timing Summary | WNS=-9.287 | TNS=-1104.791 |
INFO: [Physopt 32-663] Processed net bd_0_i/hls_inst/inst/fadd_32ns_32ns_32_2_full_dsp_1_U2/dout_r[0].  Re-placed instance bd_0_i/hls_inst/inst/fadd_32ns_32ns_32_2_full_dsp_1_U2/dout_r_reg[0]
INFO: [Physopt 32-735] Processed net bd_0_i/hls_inst/inst/fadd_32ns_32ns_32_2_full_dsp_1_U2/dout_r[0]. Optimization improves timing on the net.
INFO: [Physopt 32-619] Estimated Timing Summary | WNS=-9.238 | TNS=-1104.561 |
INFO: [Physopt 32-663] Processed net bd_0_i/hls_inst/inst/fadd_32ns_32ns_32_2_full_dsp_1_U2/dout_r[26].  Re-placed instance bd_0_i/hls_inst/inst/fadd_32ns_32ns_32_2_full_dsp_1_U2/dout_r_reg[26]
INFO: [Physopt 32-735] Processed net bd_0_i/hls_inst/inst/fadd_32ns_32ns_32_2_full_dsp_1_U2/dout_r[26]. Optimization improves timing on the net.
INFO: [Physopt 32-619] Estimated Timing Summary | WNS=-9.228 | TNS=-1104.514 |
INFO: [Physopt 32-702] Processed net bd_0_i/hls_inst/inst/acc_I_fu_98[17]. Optimizations did not improve timing on the net.
INFO: [Physopt 32-608] Optimized 1 net.  Swapped 18 pins.
INFO: [Physopt 32-735] Processed net bd_0_i/hls_inst/inst/fadd_32ns_32ns_32_2_full_dsp_1_U2/gnss_correlator_fadd_32ns_32ns_32_2_full_dsp_1_ip_u/U0/i_synth/ADDSUB_OP.ADDSUB/DSP.OP/DSP48E1_BODY.EXP/EXP_OFF.STRUCT_ADD/in0[17]. Optimization improves timing on the net.
INFO: [Physopt 32-619] Estimated Timing Summary | WNS=-9.226 | TNS=-1103.006 |
INFO: [Physopt 32-702] Processed net bd_0_i/hls_inst/inst/control_s_axi_U/int_corr_Q_reg_n_0_[10]. Optimizations did not improve timing on the net.
INFO: [Physopt 32-663] Processed net bd_0_i/hls_inst/inst/fadd_32ns_32ns_32_2_full_dsp_1_U2/gnss_correlator_fadd_32ns_32ns_32_2_full_dsp_1_ip_u/U0/i_synth/ADDSUB_OP.ADDSUB/DSP.OP/DSP48E1_BODY.EXP/EXP_OFF.STRUCT_ADD/in0[10].  Re-placed instance bd_0_i/hls_inst/inst/fadd_32ns_32ns_32_2_full_dsp_1_U2/gnss_correlator_fadd_32ns_32ns_32_2_full_dsp_1_ip_u/U0/i_synth/ADDSUB_OP.ADDSUB/DSP.OP/DSP48E1_BODY.EXP/EXP_OFF.STRUCT_ADD/mant_op_inferred_i_13
INFO: [Physopt 32-735] Processed net bd_0_i/hls_inst/inst/fadd_32ns_32ns_32_2_full_dsp_1_U2/gnss_correlator_fadd_32ns_32ns_32_2_full_dsp_1_ip_u/U0/i_synth/ADDSUB_OP.ADDSUB/DSP.OP/DSP48E1_BODY.EXP/EXP_OFF.STRUCT_ADD/in0[10]. Optimization improves timing on the net.
INFO: [Physopt 32-619] Estimated Timing Summary | WNS=-9.221 | TNS=-1102.943 |
INFO: [Physopt 32-608] Optimized 1 net.  Swapped 12 pins.
INFO: [Physopt 32-735] Processed net bd_0_i/hls_inst/inst/fadd_32ns_32ns_32_2_full_dsp_1_U2/gnss_correlator_fadd_32ns_32ns_32_2_full_dsp_1_ip_u/U0/i_synth/ADDSUB_OP.ADDSUB/DSP.OP/DSP48E1_BODY.EXP/EXP_OFF.STRUCT_ADD/m_axis_result_tdata[1]. Optimization improves timing on the net.
INFO: [Physopt 32-619] Estimated Timing Summary | WNS=-9.192 | TNS=-1102.151 |
INFO: [Physopt 32-702] Processed net bd_0_i/hls_inst/inst/control_s_axi_U/int_corr_Q_reg_n_0_[3]. Optimizations did not improve timing on the net.
INFO: [Physopt 32-663] Processed net bd_0_i/hls_inst/inst/fadd_32ns_32ns_32_2_full_dsp_1_U2/gnss_correlator_fadd_32ns_32ns_32_2_full_dsp_1_ip_u/U0/i_synth/ADDSUB_OP.ADDSUB/DSP.OP/DSP48E1_BODY.EXP/EXP_OFF.STRUCT_ADD/in0[3].  Re-placed instance bd_0_i/hls_inst/inst/fadd_32ns_32ns_32_2_full_dsp_1_U2/gnss_correlator_fadd_32ns_32ns_32_2_full_dsp_1_ip_u/U0/i_synth/ADDSUB_OP.ADDSUB/DSP.OP/DSP48E1_BODY.EXP/EXP_OFF.STRUCT_ADD/mant_op_inferred_i_20
INFO: [Physopt 32-735] Processed net bd_0_i/hls_inst/inst/fadd_32ns_32ns_32_2_full_dsp_1_U2/gnss_correlator_fadd_32ns_32ns_32_2_full_dsp_1_ip_u/U0/i_synth/ADDSUB_OP.ADDSUB/DSP.OP/DSP48E1_BODY.EXP/EXP_OFF.STRUCT_ADD/in0[3]. Optimization improves timing on the net.
INFO: [Physopt 32-619] Estimated Timing Summary | WNS=-9.191 | TNS=-1102.129 |
INFO: [Physopt 32-702] Processed net bd_0_i/hls_inst/inst/fadd_32ns_32ns_32_2_full_dsp_1_U2/dout_r[26]. Optimizations did not improve timing on the net.
INFO: [Physopt 32-663] Processed net bd_0_i/hls_inst/inst/fadd_32ns_32ns_32_2_full_dsp_1_U2/gnss_correlator_fadd_32ns_32ns_32_2_full_dsp_1_ip_u/U0/i_synth/ADDSUB_OP.ADDSUB/DSP.OP/DSP48E1_BODY.EXP/EXP_OFF.STRUCT_ADD/m_axis_result_tdata[3].  Re-placed instance bd_0_i/hls_inst/inst/fadd_32ns_32ns_32_2_full_dsp_1_U2/gnss_correlator_fadd_32ns_32ns_32_2_full_dsp_1_ip_u/U0/i_synth/ADDSUB_OP.ADDSUB/DSP.OP/DSP48E1_BODY.EXP/EXP_OFF.STRUCT_ADD/m_axis_result_tdata[26]_INST_0
INFO: [Physopt 32-735] Processed net bd_0_i/hls_inst/inst/fadd_32ns_32ns_32_2_full_dsp_1_U2/gnss_correlator_fadd_32ns_32ns_32_2_full_dsp_1_ip_u/U0/i_synth/ADDSUB_OP.ADDSUB/DSP.OP/DSP48E1_BODY.EXP/EXP_OFF.STRUCT_ADD/m_axis_result_tdata[3]. Optimization improves timing on the net.
INFO: [Physopt 32-619] Estimated Timing Summary | WNS=-9.189 | TNS=-1101.978 |
INFO: [Physopt 32-663] Processed net bd_0_i/hls_inst/inst/acc_Q_fu_102_reg_n_0_[3].  Re-placed instance bd_0_i/hls_inst/inst/acc_Q_fu_102_reg[3]
INFO: [Physopt 32-735] Processed net bd_0_i/hls_inst/inst/acc_Q_fu_102_reg_n_0_[3]. Optimization improves timing on the net.
INFO: [Physopt 32-619] Estimated Timing Summary | WNS=-9.179 | TNS=-1101.483 |
INFO: [Physopt 32-663] Processed net bd_0_i/hls_inst/inst/fadd_32ns_32ns_32_2_full_dsp_1_U2/dout_r[3].  Re-placed instance bd_0_i/hls_inst/inst/fadd_32ns_32ns_32_2_full_dsp_1_U2/dout_r_reg[3]
INFO: [Physopt 32-735] Processed net bd_0_i/hls_inst/inst/fadd_32ns_32ns_32_2_full_dsp_1_U2/dout_r[3]. Optimization improves timing on the net.
INFO: [Physopt 32-619] Estimated Timing Summary | WNS=-9.166 | TNS=-1101.468 |
INFO: [Physopt 32-702] Processed net bd_0_i/hls_inst/inst/control_s_axi_U/int_corr_Q_reg_n_0_[26]. Optimizations did not improve timing on the net.
INFO: [Physopt 32-608] Optimized 1 net.  Swapped 23 pins.
INFO: [Physopt 32-735] Processed net bd_0_i/hls_inst/inst/fadd_32ns_32ns_32_2_full_dsp_1_U2/gnss_correlator_fadd_32ns_32ns_32_2_full_dsp_1_ip_u/U0/i_synth/ADDSUB_OP.ADDSUB/DSP.OP/DSP48E1_BODY.EXP/EXP_OFF.STRUCT_ADD/m_axis_result_tdata[3]. Optimization improves timing on the net.
INFO: [Physopt 32-619] Estimated Timing Summary | WNS=-9.164 | TNS=-1100.482 |
INFO: [Physopt 32-702] Processed net bd_0_i/hls_inst/inst/fadd_32ns_32ns_32_2_full_dsp_1_U2/dout_r[3]. Optimizations did not improve timing on the net.
INFO: [Physopt 32-608] Optimized 1 net.  Swapped 18 pins.
INFO: [Physopt 32-735] Processed net bd_0_i/hls_inst/inst/fadd_32ns_32ns_32_2_full_dsp_1_U2/gnss_correlator_fadd_32ns_32ns_32_2_full_dsp_1_ip_u/U0/i_synth/ADDSUB_OP.ADDSUB/DSP.OP/DSP48E1_BODY.EXP/EXP_OFF.STRUCT_ADD/in0[3]. Optimization improves timing on the net.
INFO: [Physopt 32-619] Estimated Timing Summary | WNS=-9.119 | TNS=-1099.256 |
INFO: [Physopt 32-702] Processed net bd_0_i/hls_inst/inst/acc_I_fu_98[16]. Optimizations did not improve timing on the net.
INFO: [Physopt 32-702] Processed net bd_0_i/hls_inst/inst/fadd_32ns_32ns_32_2_full_dsp_1_U2/gnss_correlator_fadd_32ns_32ns_32_2_full_dsp_1_ip_u/U0/i_synth/ADDSUB_OP.ADDSUB/DSP.OP/DSP48E1_BODY.EXP/EXP_OFF.STRUCT_ADD/in0[16]. Optimizations did not improve timing on the net.
INFO: [Physopt 32-702] Processed net bd_0_i/hls_inst/inst/fadd_32ns_32ns_32_2_full_dsp_1_U2/D[16]. Optimizations did not improve timing on the net.
INFO: [Physopt 32-702] Processed net bd_0_i/hls_inst/inst/fadd_32ns_32ns_32_2_full_dsp_1_U2/gnss_correlator_fadd_32ns_32ns_32_2_full_dsp_1_ip_u/U0/i_synth/ADDSUB_OP.ADDSUB/DSP.OP/DSP48E1_BODY.ALIGN_ADD/DSP2/DET_GEN[7].CARRY_MUX[8]. Optimizations did not improve timing on the net.
INFO: [Physopt 32-702] Processed net bd_0_i/hls_inst/inst/fadd_32ns_32ns_32_2_full_dsp_1_U2/gnss_correlator_fadd_32ns_32ns_32_2_full_dsp_1_ip_u/U0/i_synth/ADDSUB_OP.ADDSUB/DSP.OP/DSP48E1_BODY.NORM_RND/FULL_USAGE_DSP.LOD/zero_pair_lzd_5. Optimizations did not improve timing on the net.
INFO: [Physopt 32-702] Processed net bd_0_i/hls_inst/inst/fadd_32ns_32ns_32_2_full_dsp_1_U2/gnss_correlator_fadd_32ns_32ns_32_2_full_dsp_1_ip_u/U0/i_synth/ADDSUB_OP.ADDSUB/DSP.OP/DSP48E1_BODY.NORM_RND/FULL_USAGE_DSP.LOD/DET_GEN[3].CARRY_MUX_0. Optimizations did not improve timing on the net.
INFO: [Physopt 32-608] Optimized 1 net.  Swapped 22 pins.
INFO: [Physopt 32-735] Processed net bd_0_i/hls_inst/inst/fadd_32ns_32ns_32_2_full_dsp_1_U2/gnss_correlator_fadd_32ns_32ns_32_2_full_dsp_1_ip_u/U0/i_synth/ADDSUB_OP.ADDSUB/DSP.OP/DSP48E1_BODY.ALIGN_ADD/DSP2/S14_out. Optimization improves timing on the net.
INFO: [Physopt 32-619] Estimated Timing Summary | WNS=-9.103 | TNS=-1097.208 |
INFO: [Physopt 32-608] Optimized 1 net.  Swapped 22 pins.
INFO: [Physopt 32-735] Processed net bd_0_i/hls_inst/inst/fadd_32ns_32ns_32_2_full_dsp_1_U2/gnss_correlator_fadd_32ns_32ns_32_2_full_dsp_1_ip_u/U0/i_synth/ADDSUB_OP.ADDSUB/DSP.OP/DSP48E1_BODY.ALIGN_ADD/DSP2/S. Optimization improves timing on the net.
INFO: [Physopt 32-619] Estimated Timing Summary | WNS=-9.037 | TNS=-1088.620 |
INFO: [Physopt 32-702] Processed net bd_0_i/hls_inst/inst/fadd_32ns_32ns_32_2_full_dsp_1_U2/gnss_correlator_fadd_32ns_32ns_32_2_full_dsp_1_ip_u/U0/i_synth/ADDSUB_OP.ADDSUB/DSP.OP/DSP48E1_BODY.EXP/C[4]. Optimizations did not improve timing on the net.
INFO: [Physopt 32-608] Optimized 1 net.  Swapped 20 pins.
INFO: [Physopt 32-735] Processed net bd_0_i/hls_inst/inst/fadd_32ns_32ns_32_2_full_dsp_1_U2/gnss_correlator_fadd_32ns_32ns_32_2_full_dsp_1_ip_u/U0/i_synth/ADDSUB_OP.ADDSUB/DSP.OP/DSP48E1_BODY.NORM_RND/FULL_USAGE_DSP.LOD/S[0]. Optimization improves timing on the net.
INFO: [Physopt 32-619] Estimated Timing Summary | WNS=-9.018 | TNS=-1086.264 |
INFO: [Physopt 32-608] Optimized 1 net.  Swapped 20 pins.
INFO: [Physopt 32-735] Processed net bd_0_i/hls_inst/inst/fadd_32ns_32ns_32_2_full_dsp_1_U2/gnss_correlator_fadd_32ns_32ns_32_2_full_dsp_1_ip_u/U0/i_synth/ADDSUB_OP.ADDSUB/DSP.OP/DSP48E1_BODY.NORM_RND/FULL_USAGE_DSP.LOD/S[1]. Optimization improves timing on the net.
INFO: [Physopt 32-619] Estimated Timing Summary | WNS=-8.994 | TNS=-1083.288 |
INFO: [Physopt 32-702] Processed net bd_0_i/hls_inst/inst/fadd_32ns_32ns_32_2_full_dsp_1_U2/gnss_correlator_fadd_32ns_32ns_32_2_full_dsp_1_ip_u/U0/i_synth/ADDSUB_OP.ADDSUB/DSP.OP/DSP48E1_BODY.ALIGN_ADD/DSP2/S14_out. Optimizations did not improve timing on the net.
INFO: [Physopt 32-702] Processed net bd_0_i/hls_inst/inst/fadd_32ns_32ns_32_2_full_dsp_1_U2/gnss_correlator_fadd_32ns_32ns_32_2_full_dsp_1_ip_u/U0/i_synth/ADDSUB_OP.ADDSUB/DSP.OP/DSP48E1_BODY.NORM_RND/FULL_USAGE_DSP.SHIFT_RND/P[16]. Optimizations did not improve timing on the net.
INFO: [Physopt 32-608] Optimized 1 net.  Swapped 21 pins.
INFO: [Physopt 32-735] Processed net bd_0_i/hls_inst/inst/fadd_32ns_32ns_32_2_full_dsp_1_U2/gnss_correlator_fadd_32ns_32ns_32_2_full_dsp_1_ip_u/U0/i_synth/ADDSUB_OP.ADDSUB/DSP.OP/DSP48E1_BODY.EXP/merged_sub_mux.STRUCT_ADD/INMODE[0]. Optimization improves timing on the net.
INFO: [Physopt 32-619] Estimated Timing Summary | WNS=-8.861 | TNS=-1066.264 |
INFO: [Physopt 32-663] Processed net bd_0_i/hls_inst/inst/fadd_32ns_32ns_32_2_full_dsp_1_U2/din0_buf1[26].  Re-placed instance bd_0_i/hls_inst/inst/fadd_32ns_32ns_32_2_full_dsp_1_U2/din0_buf1_reg[26]
INFO: [Physopt 32-735] Processed net bd_0_i/hls_inst/inst/fadd_32ns_32ns_32_2_full_dsp_1_U2/din0_buf1[26]. Optimization improves timing on the net.
INFO: [Physopt 32-619] Estimated Timing Summary | WNS=-8.828 | TNS=-1062.040 |
INFO: [Physopt 32-702] Processed net bd_0_i/hls_inst/inst/fadd_32ns_32ns_32_2_full_dsp_1_U2/gnss_correlator_fadd_32ns_32ns_32_2_full_dsp_1_ip_u/U0/i_synth/ADDSUB_OP.ADDSUB/DSP.OP/DSP48E1_BODY.EXP/merged_sub_mux.STRUCT_ADD/INMODE[0]. Optimizations did not improve timing on the net.
INFO: [Physopt 32-702] Processed net bd_0_i/hls_inst/inst/fadd_32ns_32ns_32_2_full_dsp_1_U2/gnss_correlator_fadd_32ns_32ns_32_2_full_dsp_1_ip_u/U0/i_synth/ADDSUB_OP.ADDSUB/DSP.OP/DSP48E1_BODY.EXP/merged_sub_mux.STRUCT_ADD/align_dist[5]. Optimizations did not improve timing on the net.
INFO: [Physopt 32-702] Processed net bd_0_i/hls_inst/inst/fadd_32ns_32ns_32_2_full_dsp_1_U2/gnss_correlator_fadd_32ns_32ns_32_2_full_dsp_1_ip_u/U0/i_synth/ADDSUB_OP.ADDSUB/DSP.OP/DSP48E1_BODY.EXP/merged_sub_mux.b_xor_not_a[1]. Optimizations did not improve timing on the net.
INFO: [Physopt 32-702] Processed net bd_0_i/hls_inst/inst/fadd_32ns_32ns_32_2_full_dsp_1_U2/gnss_correlator_fadd_32ns_32ns_32_2_full_dsp_1_ip_u/U0/i_synth/ADDSUB_OP.ADDSUB/DSP.OP/DSP48E1_BODY.ALIGN_ADD/DSP2/i_no_versal_es1_workaround.DSP_0. Optimizations did not improve timing on the net.
INFO: [Physopt 32-619] Estimated Timing Summary | WNS=-8.828 | TNS=-1062.040 |
Netlist sorting complete. Time (s): cpu = 00:00:00.02 ; elapsed = 00:00:00.01 . Memory (MB): peak = 3142.969 ; gain = 0.000 ; free physical = 325 ; free virtual = 7891
Phase 4 Critical Path Optimization | Checksum: 13bb0f124

Time (s): cpu = 00:03:11 ; elapsed = 00:00:46 . Memory (MB): peak = 3142.969 ; gain = 0.000 ; free physical = 325 ; free virtual = 7891
Netlist sorting complete. Time (s): cpu = 00:00:00 ; elapsed = 00:00:00 . Memory (MB): peak = 3142.969 ; gain = 0.000 ; free physical = 325 ; free virtual = 7891
INFO: [Physopt 32-603] Post Physical Optimization Timing Summary | WNS=-8.828 | TNS=-1062.040 |

Summary of Physical Synthesis Optimizations
============================================


-------------------------------------------------------------------------------------------------------------------------------------------------------------
|  Optimization   |  WNS Gain (ns)  |  TNS Gain (ns)  |  Added Cells  |  Removed Cells  |  Optimized Cells/Nets  |  Dont Touch  |  Iterations  |  Elapsed   |
-------------------------------------------------------------------------------------------------------------------------------------------------------------
|  DSP Register   |          0.000  |          0.000  |            0  |              0  |                     0  |           0  |           1  |  00:00:00  |
|  Critical Path  |          0.825  |        103.968  |            1  |              0  |                    77  |           0  |           2  |  00:00:45  |
|  Total          |          0.825  |        103.968  |            1  |              0  |                    77  |           0  |           3  |  00:00:45  |
-------------------------------------------------------------------------------------------------------------------------------------------------------------


Netlist sorting complete. Time (s): cpu = 00:00:00.01 ; elapsed = 00:00:00.01 . Memory (MB): peak = 3142.969 ; gain = 0.000 ; free physical = 325 ; free virtual = 7891
Ending Physical Synthesis Task | Checksum: 1dc677d2e

Time (s): cpu = 00:03:11 ; elapsed = 00:00:46 . Memory (MB): peak = 3142.969 ; gain = 0.000 ; free physical = 325 ; free virtual = 7891
INFO: [Common 17-83] Releasing license: Implementation
393 Infos, 5 Warnings, 0 Critical Warnings and 0 Errors encountered.
phys_opt_design completed successfully
phys_opt_design: Time (s): cpu = 00:03:16 ; elapsed = 00:00:48 . Memory (MB): peak = 3142.969 ; gain = 0.000 ; free physical = 328 ; free virtual = 7893
INFO: [Timing 38-480] Writing timing data to binary archive.
Wrote PlaceDB: Time (s): cpu = 00:00:00 ; elapsed = 00:00:00 . Memory (MB): peak = 3142.969 ; gain = 0.000 ; free physical = 327 ; free virtual = 7893
Wrote PulsedLatchDB: Time (s): cpu = 00:00:00 ; elapsed = 00:00:00 . Memory (MB): peak = 3142.969 ; gain = 0.000 ; free physical = 327 ; free virtual = 7893
Writing XDEF routing.
Write ShapeDB Complete: Time (s): cpu = 00:00:00.14 ; elapsed = 00:00:00.03 . Memory (MB): peak = 3142.969 ; gain = 0.000 ; free physical = 327 ; free virtual = 7893
Writing XDEF routing logical nets.
Writing XDEF routing special nets.
Wrote RouteStorage: Time (s): cpu = 00:00:00.26 ; elapsed = 00:00:00.06 . Memory (MB): peak = 3142.969 ; gain = 0.000 ; free physical = 327 ; free virtual = 7893
Wrote PlaceStorage: Time (s): cpu = 00:00:01 ; elapsed = 00:00:00.45 . Memory (MB): peak = 3142.969 ; gain = 0.000 ; free physical = 337 ; free virtual = 7908
Wrote Netlist Cache: Time (s): cpu = 00:00:00.01 ; elapsed = 00:00:00.01 . Memory (MB): peak = 3142.969 ; gain = 0.000 ; free physical = 337 ; free virtual = 7908
Wrote Device Cache: Time (s): cpu = 00:00:00.04 ; elapsed = 00:00:00.02 . Memory (MB): peak = 3142.969 ; gain = 0.000 ; free physical = 337 ; free virtual = 7909
Write Physdb Complete: Time (s): cpu = 00:00:02 ; elapsed = 00:00:00.55 . Memory (MB): peak = 3142.969 ; gain = 0.000 ; free physical = 337 ; free virtual = 7909
INFO: [Common 17-1381] The checkpoint '/home/johan2/Documents/fpga/zynq-pynq-gnss-receiver/vitis_workspace/gnss_correlator_hls/gnss_correlator_hls/hls/impl/verilog/project.runs/impl_1/bd_0_wrapper_physopt.dcp' has been generated.
Command: route_design
Attempting to get a license for feature 'Implementation' and/or device 'xc7z020'
INFO: [Common 17-349] Got license for feature 'Implementation' and/or device 'xc7z020'
INFO: [DRC 23-27] Running DRC with 8 threads
WARNING: [DRC 23-814] Not all possible (connectivity based) DRCs may have been run because this design is seen as Out of Context.
INFO: [Vivado_Tcl 4-198] DRC finished with 0 Errors
INFO: [Vivado_Tcl 4-199] Please refer to the DRC report (report_drc) for more information.


Starting Routing Task
INFO: [Route 35-254] Multithreading enabled for route_design using a maximum of 8 CPUs

Phase 1 Build RT Design
Checksum: PlaceDB: a9e7011e ConstDB: 0 ShapeSum: 53f03c83 RouteDB: 15f972f0
WARNING: [Route 35-197] Clock port "ap_clk" does not have an associated HD.CLK_SRC. Without this constraint, timing analysis may not be accurate and upstream checks cannot be done to ensure correct clock placement.
WARNING: [Route 35-198] Port "ap_rst_n" does not have an associated HD.PARTPIN_LOCS, which will prevent the partial routing of the signal "ap_rst_n". Without this partial route, timing analysis to/from this port will not be accurate, and no routing information for this port can be exported.
WARNING: [Route 35-198] Port "s_axi_control_r_wdata[22]" does not have an associated HD.PARTPIN_LOCS, which will prevent the partial routing of the signal "s_axi_control_r_wdata[22]". Without this partial route, timing analysis to/from this port will not be accurate, and no routing information for this port can be exported.
WARNING: [Route 35-198] Port "s_axi_control_r_wstrb[2]" does not have an associated HD.PARTPIN_LOCS, which will prevent the partial routing of the signal "s_axi_control_r_wstrb[2]". Without this partial route, timing analysis to/from this port will not be accurate, and no routing information for this port can be exported.
WARNING: [Route 35-198] Port "s_axi_control_r_wdata[23]" does not have an associated HD.PARTPIN_LOCS, which will prevent the partial routing of the signal "s_axi_control_r_wdata[23]". Without this partial route, timing analysis to/from this port will not be accurate, and no routing information for this port can be exported.
WARNING: [Route 35-198] Port "s_axi_control_r_wdata[24]" does not have an associated HD.PARTPIN_LOCS, which will prevent the partial routing of the signal "s_axi_control_r_wdata[24]". Without this partial route, timing analysis to/from this port will not be accurate, and no routing information for this port can be exported.
WARNING: [Route 35-198] Port "s_axi_control_r_wstrb[3]" does not have an associated HD.PARTPIN_LOCS, which will prevent the partial routing of the signal "s_axi_control_r_wstrb[3]". Without this partial route, timing analysis to/from this port will not be accurate, and no routing information for this port can be exported.
WARNING: [Route 35-198] Port "s_axi_control_r_wdata[25]" does not have an associated HD.PARTPIN_LOCS, which will prevent the partial routing of the signal "s_axi_control_r_wdata[25]". Without this partial route, timing analysis to/from this port will not be accurate, and no routing information for this port can be exported.
WARNING: [Route 35-198] Port "s_axi_control_r_wdata[28]" does not have an associated HD.PARTPIN_LOCS, which will prevent the partial routing of the signal "s_axi_control_r_wdata[28]". Without this partial route, timing analysis to/from this port will not be accurate, and no routing information for this port can be exported.
WARNING: [Route 35-198] Port "s_axi_control_r_wdata[29]" does not have an associated HD.PARTPIN_LOCS, which will prevent the partial routing of the signal "s_axi_control_r_wdata[29]". Without this partial route, timing analysis to/from this port will not be accurate, and no routing information for this port can be exported.
WARNING: [Route 35-198] Port "s_axi_control_r_wdata[30]" does not have an associated HD.PARTPIN_LOCS, which will prevent the partial routing of the signal "s_axi_control_r_wdata[30]". Without this partial route, timing analysis to/from this port will not be accurate, and no routing information for this port can be exported.
WARNING: [Route 35-198] Port "s_axi_control_r_wdata[31]" does not have an associated HD.PARTPIN_LOCS, which will prevent the partial routing of the signal "s_axi_control_r_wdata[31]". Without this partial route, timing analysis to/from this port will not be accurate, and no routing information for this port can be exported.
WARNING: [Route 35-198] Port "s_axi_control_r_wdata[26]" does not have an associated HD.PARTPIN_LOCS, which will prevent the partial routing of the signal "s_axi_control_r_wdata[26]". Without this partial route, timing analysis to/from this port will not be accurate, and no routing information for this port can be exported.
WARNING: [Route 35-198] Port "s_axi_control_r_wdata[27]" does not have an associated HD.PARTPIN_LOCS, which will prevent the partial routing of the signal "s_axi_control_r_wdata[27]". Without this partial route, timing analysis to/from this port will not be accurate, and no routing information for this port can be exported.
WARNING: [Route 35-198] Port "s_axi_control_r_wdata[20]" does not have an associated HD.PARTPIN_LOCS, which will prevent the partial routing of the signal "s_axi_control_r_wdata[20]". Without this partial route, timing analysis to/from this port will not be accurate, and no routing information for this port can be exported.
WARNING: [Route 35-198] Port "s_axi_control_r_wdata[21]" does not have an associated HD.PARTPIN_LOCS, which will prevent the partial routing of the signal "s_axi_control_r_wdata[21]". Without this partial route, timing analysis to/from this port will not be accurate, and no routing information for this port can be exported.
WARNING: [Route 35-198] Port "s_axi_control_r_bready" does not have an associated HD.PARTPIN_LOCS, which will prevent the partial routing of the signal "s_axi_control_r_bready". Without this partial route, timing analysis to/from this port will not be accurate, and no routing information for this port can be exported.
WARNING: [Route 35-198] Port "s_axi_control_r_awvalid" does not have an associated HD.PARTPIN_LOCS, which will prevent the partial routing of the signal "s_axi_control_r_awvalid". Without this partial route, timing analysis to/from this port will not be accurate, and no routing information for this port can be exported.
WARNING: [Route 35-198] Port "s_axi_control_r_wvalid" does not have an associated HD.PARTPIN_LOCS, which will prevent the partial routing of the signal "s_axi_control_r_wvalid". Without this partial route, timing analysis to/from this port will not be accurate, and no routing information for this port can be exported.
WARNING: [Route 35-198] Port "s_axi_control_r_arvalid" does not have an associated HD.PARTPIN_LOCS, which will prevent the partial routing of the signal "s_axi_control_r_arvalid". Without this partial route, timing analysis to/from this port will not be accurate, and no routing information for this port can be exported.
WARNING: [Route 35-198] Port "s_axi_control_r_rready" does not have an associated HD.PARTPIN_LOCS, which will prevent the partial routing of the signal "s_axi_control_r_rready". Without this partial route, timing analysis to/from this port will not be accurate, and no routing information for this port can be exported.
WARNING: [Route 35-198] Port "s_axi_control_r_wdata[16]" does not have an associated HD.PARTPIN_LOCS, which will prevent the partial routing of the signal "s_axi_control_r_wdata[16]". Without this partial route, timing analysis to/from this port will not be accurate, and no routing information for this port can be exported.
WARNING: [Route 35-198] Port "s_axi_control_r_wdata[17]" does not have an associated HD.PARTPIN_LOCS, which will prevent the partial routing of the signal "s_axi_control_r_wdata[17]". Without this partial route, timing analysis to/from this port will not be accurate, and no routing information for this port can be exported.
WARNING: [Route 35-198] Port "s_axi_control_r_wdata[14]" does not have an associated HD.PARTPIN_LOCS, which will prevent the partial routing of the signal "s_axi_control_r_wdata[14]". Without this partial route, timing analysis to/from this port will not be accurate, and no routing information for this port can be exported.
WARNING: [Route 35-198] Port "s_axi_control_r_wstrb[1]" does not have an associated HD.PARTPIN_LOCS, which will prevent the partial routing of the signal "s_axi_control_r_wstrb[1]". Without this partial route, timing analysis to/from this port will not be accurate, and no routing information for this port can be exported.
WARNING: [Route 35-198] Port "s_axi_control_r_wdata[15]" does not have an associated HD.PARTPIN_LOCS, which will prevent the partial routing of the signal "s_axi_control_r_wdata[15]". Without this partial route, timing analysis to/from this port will not be accurate, and no routing information for this port can be exported.
WARNING: [Route 35-198] Port "s_axi_control_r_wdata[18]" does not have an associated HD.PARTPIN_LOCS, which will prevent the partial routing of the signal "s_axi_control_r_wdata[18]". Without this partial route, timing analysis to/from this port will not be accurate, and no routing information for this port can be exported.
WARNING: [Route 35-198] Port "s_axi_control_r_wdata[19]" does not have an associated HD.PARTPIN_LOCS, which will prevent the partial routing of the signal "s_axi_control_r_wdata[19]". Without this partial route, timing analysis to/from this port will not be accurate, and no routing information for this port can be exported.
WARNING: [Route 35-198] Port "s_axi_control_r_wdata[6]" does not have an associated HD.PARTPIN_LOCS, which will prevent the partial routing of the signal "s_axi_control_r_wdata[6]". Without this partial route, timing analysis to/from this port will not be accurate, and no routing information for this port can be exported.
WARNING: [Route 35-198] Port "s_axi_control_r_wstrb[0]" does not have an associated HD.PARTPIN_LOCS, which will prevent the partial routing of the signal "s_axi_control_r_wstrb[0]". Without this partial route, timing analysis to/from this port will not be accurate, and no routing information for this port can be exported.
WARNING: [Route 35-198] Port "s_axi_control_r_wdata[7]" does not have an associated HD.PARTPIN_LOCS, which will prevent the partial routing of the signal "s_axi_control_r_wdata[7]". Without this partial route, timing analysis to/from this port will not be accurate, and no routing information for this port can be exported.
WARNING: [Route 35-198] Port "s_axi_control_r_wdata[10]" does not have an associated HD.PARTPIN_LOCS, which will prevent the partial routing of the signal "s_axi_control_r_wdata[10]". Without this partial route, timing analysis to/from this port will not be accurate, and no routing information for this port can be exported.
WARNING: [Route 35-198] Port "s_axi_control_r_wdata[11]" does not have an associated HD.PARTPIN_LOCS, which will prevent the partial routing of the signal "s_axi_control_r_wdata[11]". Without this partial route, timing analysis to/from this port will not be accurate, and no routing information for this port can be exported.
WARNING: [Route 35-198] Port "s_axi_control_r_wdata[12]" does not have an associated HD.PARTPIN_LOCS, which will prevent the partial routing of the signal "s_axi_control_r_wdata[12]". Without this partial route, timing analysis to/from this port will not be accurate, and no routing information for this port can be exported.
WARNING: [Route 35-198] Port "s_axi_control_r_wdata[13]" does not have an associated HD.PARTPIN_LOCS, which will prevent the partial routing of the signal "s_axi_control_r_wdata[13]". Without this partial route, timing analysis to/from this port will not be accurate, and no routing information for this port can be exported.
WARNING: [Route 35-198] Port "s_axi_control_r_wdata[2]" does not have an associated HD.PARTPIN_LOCS, which will prevent the partial routing of the signal "s_axi_control_r_wdata[2]". Without this partial route, timing analysis to/from this port will not be accurate, and no routing information for this port can be exported.
WARNING: [Route 35-198] Port "s_axi_control_r_wdata[3]" does not have an associated HD.PARTPIN_LOCS, which will prevent the partial routing of the signal "s_axi_control_r_wdata[3]". Without this partial route, timing analysis to/from this port will not be accurate, and no routing information for this port can be exported.
WARNING: [Route 35-198] Port "s_axi_control_r_awaddr[2]" does not have an associated HD.PARTPIN_LOCS, which will prevent the partial routing of the signal "s_axi_control_r_awaddr[2]". Without this partial route, timing analysis to/from this port will not be accurate, and no routing information for this port can be exported.
WARNING: [Route 35-198] Port "s_axi_control_r_awaddr[3]" does not have an associated HD.PARTPIN_LOCS, which will prevent the partial routing of the signal "s_axi_control_r_awaddr[3]". Without this partial route, timing analysis to/from this port will not be accurate, and no routing information for this port can be exported.
WARNING: [Route 35-198] Port "s_axi_control_r_awaddr[4]" does not have an associated HD.PARTPIN_LOCS, which will prevent the partial routing of the signal "s_axi_control_r_awaddr[4]". Without this partial route, timing analysis to/from this port will not be accurate, and no routing information for this port can be exported.
WARNING: [Route 35-198] Port "s_axi_control_r_awaddr[5]" does not have an associated HD.PARTPIN_LOCS, which will prevent the partial routing of the signal "s_axi_control_r_awaddr[5]". Without this partial route, timing analysis to/from this port will not be accurate, and no routing information for this port can be exported.
WARNING: [Route 35-198] Port "s_axi_control_r_wdata[4]" does not have an associated HD.PARTPIN_LOCS, which will prevent the partial routing of the signal "s_axi_control_r_wdata[4]". Without this partial route, timing analysis to/from this port will not be accurate, and no routing information for this port can be exported.
WARNING: [Route 35-198] Port "s_axi_control_r_wdata[5]" does not have an associated HD.PARTPIN_LOCS, which will prevent the partial routing of the signal "s_axi_control_r_wdata[5]". Without this partial route, timing analysis to/from this port will not be accurate, and no routing information for this port can be exported.
WARNING: [Route 35-198] Port "s_axi_control_r_araddr[0]" does not have an associated HD.PARTPIN_LOCS, which will prevent the partial routing of the signal "s_axi_control_r_araddr[0]". Without this partial route, timing analysis to/from this port will not be accurate, and no routing information for this port can be exported.
WARNING: [Route 35-198] Port "s_axi_control_r_araddr[1]" does not have an associated HD.PARTPIN_LOCS, which will prevent the partial routing of the signal "s_axi_control_r_araddr[1]". Without this partial route, timing analysis to/from this port will not be accurate, and no routing information for this port can be exported.
WARNING: [Route 35-198] Port "s_axi_control_r_araddr[3]" does not have an associated HD.PARTPIN_LOCS, which will prevent the partial routing of the signal "s_axi_control_r_araddr[3]". Without this partial route, timing analysis to/from this port will not be accurate, and no routing information for this port can be exported.
WARNING: [Route 35-198] Port "s_axi_control_r_araddr[4]" does not have an associated HD.PARTPIN_LOCS, which will prevent the partial routing of the signal "s_axi_control_r_araddr[4]". Without this partial route, timing analysis to/from this port will not be accurate, and no routing information for this port can be exported.
WARNING: [Route 35-198] Port "s_axi_control_r_araddr[5]" does not have an associated HD.PARTPIN_LOCS, which will prevent the partial routing of the signal "s_axi_control_r_araddr[5]". Without this partial route, timing analysis to/from this port will not be accurate, and no routing information for this port can be exported.
WARNING: [Route 35-198] Port "s_axi_control_r_araddr[2]" does not have an associated HD.PARTPIN_LOCS, which will prevent the partial routing of the signal "s_axi_control_r_araddr[2]". Without this partial route, timing analysis to/from this port will not be accurate, and no routing information for this port can be exported.
WARNING: [Route 35-198] Port "s_axi_control_r_wdata[8]" does not have an associated HD.PARTPIN_LOCS, which will prevent the partial routing of the signal "s_axi_control_r_wdata[8]". Without this partial route, timing analysis to/from this port will not be accurate, and no routing information for this port can be exported.
WARNING: [Route 35-198] Port "s_axi_control_r_wdata[9]" does not have an associated HD.PARTPIN_LOCS, which will prevent the partial routing of the signal "s_axi_control_r_wdata[9]". Without this partial route, timing analysis to/from this port will not be accurate, and no routing information for this port can be exported.
WARNING: [Route 35-198] Port "s_axi_control_r_wdata[0]" does not have an associated HD.PARTPIN_LOCS, which will prevent the partial routing of the signal "s_axi_control_r_wdata[0]". Without this partial route, timing analysis to/from this port will not be accurate, and no routing information for this port can be exported.
WARNING: [Route 35-198] Port "s_axi_control_r_wdata[1]" does not have an associated HD.PARTPIN_LOCS, which will prevent the partial routing of the signal "s_axi_control_r_wdata[1]". Without this partial route, timing analysis to/from this port will not be accurate, and no routing information for this port can be exported.
WARNING: [Route 35-198] Port "m_axi_gmem1_arready" does not have an associated HD.PARTPIN_LOCS, which will prevent the partial routing of the signal "m_axi_gmem1_arready". Without this partial route, timing analysis to/from this port will not be accurate, and no routing information for this port can be exported.
WARNING: [Route 35-198] Port "s_axi_control_wdata[16]" does not have an associated HD.PARTPIN_LOCS, which will prevent the partial routing of the signal "s_axi_control_wdata[16]". Without this partial route, timing analysis to/from this port will not be accurate, and no routing information for this port can be exported.
WARNING: [Route 35-198] Port "s_axi_control_wstrb[2]" does not have an associated HD.PARTPIN_LOCS, which will prevent the partial routing of the signal "s_axi_control_wstrb[2]". Without this partial route, timing analysis to/from this port will not be accurate, and no routing information for this port can be exported.
WARNING: [Route 35-198] Port "s_axi_control_wdata[17]" does not have an associated HD.PARTPIN_LOCS, which will prevent the partial routing of the signal "s_axi_control_wdata[17]". Without this partial route, timing analysis to/from this port will not be accurate, and no routing information for this port can be exported.
WARNING: [Route 35-198] Port "s_axi_control_wdata[28]" does not have an associated HD.PARTPIN_LOCS, which will prevent the partial routing of the signal "s_axi_control_wdata[28]". Without this partial route, timing analysis to/from this port will not be accurate, and no routing information for this port can be exported.
WARNING: [Route 35-198] Port "s_axi_control_wstrb[3]" does not have an associated HD.PARTPIN_LOCS, which will prevent the partial routing of the signal "s_axi_control_wstrb[3]". Without this partial route, timing analysis to/from this port will not be accurate, and no routing information for this port can be exported.
WARNING: [Route 35-198] Port "s_axi_control_wdata[29]" does not have an associated HD.PARTPIN_LOCS, which will prevent the partial routing of the signal "s_axi_control_wdata[29]". Without this partial route, timing analysis to/from this port will not be accurate, and no routing information for this port can be exported.
WARNING: [Route 35-198] Port "s_axi_control_wdata[18]" does not have an associated HD.PARTPIN_LOCS, which will prevent the partial routing of the signal "s_axi_control_wdata[18]". Without this partial route, timing analysis to/from this port will not be accurate, and no routing information for this port can be exported.
WARNING: [Route 35-198] Port "s_axi_control_wdata[19]" does not have an associated HD.PARTPIN_LOCS, which will prevent the partial routing of the signal "s_axi_control_wdata[19]". Without this partial route, timing analysis to/from this port will not be accurate, and no routing information for this port can be exported.
WARNING: [Route 35-198] Port "s_axi_control_wdata[22]" does not have an associated HD.PARTPIN_LOCS, which will prevent the partial routing of the signal "s_axi_control_wdata[22]". Without this partial route, timing analysis to/from this port will not be accurate, and no routing information for this port can be exported.
WARNING: [Route 35-198] Port "s_axi_control_wdata[23]" does not have an associated HD.PARTPIN_LOCS, which will prevent the partial routing of the signal "s_axi_control_wdata[23]". Without this partial route, timing analysis to/from this port will not be accurate, and no routing information for this port can be exported.
WARNING: [Route 35-198] Port "s_axi_control_wdata[24]" does not have an associated HD.PARTPIN_LOCS, which will prevent the partial routing of the signal "s_axi_control_wdata[24]". Without this partial route, timing analysis to/from this port will not be accurate, and no routing information for this port can be exported.
WARNING: [Route 35-198] Port "s_axi_control_wdata[25]" does not have an associated HD.PARTPIN_LOCS, which will prevent the partial routing of the signal "s_axi_control_wdata[25]". Without this partial route, timing analysis to/from this port will not be accurate, and no routing information for this port can be exported.
WARNING: [Route 35-198] Port "s_axi_control_wdata[26]" does not have an associated HD.PARTPIN_LOCS, which will prevent the partial routing of the signal "s_axi_control_wdata[26]". Without this partial route, timing analysis to/from this port will not be accurate, and no routing information for this port can be exported.
WARNING: [Route 35-198] Port "s_axi_control_wdata[27]" does not have an associated HD.PARTPIN_LOCS, which will prevent the partial routing of the signal "s_axi_control_wdata[27]". Without this partial route, timing analysis to/from this port will not be accurate, and no routing information for this port can be exported.
WARNING: [Route 35-198] Port "m_axi_gmem0_arready" does not have an associated HD.PARTPIN_LOCS, which will prevent the partial routing of the signal "m_axi_gmem0_arready". Without this partial route, timing analysis to/from this port will not be accurate, and no routing information for this port can be exported.
WARNING: [Route 35-198] Port "s_axi_control_araddr[5]" does not have an associated HD.PARTPIN_LOCS, which will prevent the partial routing of the signal "s_axi_control_araddr[5]". Without this partial route, timing analysis to/from this port will not be accurate, and no routing information for this port can be exported.
WARNING: [Route 35-198] Port "s_axi_control_araddr[4]" does not have an associated HD.PARTPIN_LOCS, which will prevent the partial routing of the signal "s_axi_control_araddr[4]". Without this partial route, timing analysis to/from this port will not be accurate, and no routing information for this port can be exported.
WARNING: [Route 35-198] Port "s_axi_control_wdata[12]" does not have an associated HD.PARTPIN_LOCS, which will prevent the partial routing of the signal "s_axi_control_wdata[12]". Without this partial route, timing analysis to/from this port will not be accurate, and no routing information for this port can be exported.
WARNING: [Route 35-198] Port "s_axi_control_wstrb[1]" does not have an associated HD.PARTPIN_LOCS, which will prevent the partial routing of the signal "s_axi_control_wstrb[1]". Without this partial route, timing analysis to/from this port will not be accurate, and no routing information for this port can be exported.
WARNING: [Route 35-198] Port "s_axi_control_wdata[13]" does not have an associated HD.PARTPIN_LOCS, which will prevent the partial routing of the signal "s_axi_control_wdata[13]". Without this partial route, timing analysis to/from this port will not be accurate, and no routing information for this port can be exported.
WARNING: [Route 35-198] Port "s_axi_control_wdata[20]" does not have an associated HD.PARTPIN_LOCS, which will prevent the partial routing of the signal "s_axi_control_wdata[20]". Without this partial route, timing analysis to/from this port will not be accurate, and no routing information for this port can be exported.
WARNING: [Route 35-198] Port "s_axi_control_wdata[21]" does not have an associated HD.PARTPIN_LOCS, which will prevent the partial routing of the signal "s_axi_control_wdata[21]". Without this partial route, timing analysis to/from this port will not be accurate, and no routing information for this port can be exported.
WARNING: [Route 35-198] Port "s_axi_control_wdata[8]" does not have an associated HD.PARTPIN_LOCS, which will prevent the partial routing of the signal "s_axi_control_wdata[8]". Without this partial route, timing analysis to/from this port will not be accurate, and no routing information for this port can be exported.
WARNING: [Route 35-198] Port "s_axi_control_wdata[9]" does not have an associated HD.PARTPIN_LOCS, which will prevent the partial routing of the signal "s_axi_control_wdata[9]". Without this partial route, timing analysis to/from this port will not be accurate, and no routing information for this port can be exported.
WARNING: [Route 35-198] Port "s_axi_control_wdata[10]" does not have an associated HD.PARTPIN_LOCS, which will prevent the partial routing of the signal "s_axi_control_wdata[10]". Without this partial route, timing analysis to/from this port will not be accurate, and no routing information for this port can be exported.
WARNING: [Route 35-198] Port "s_axi_control_wdata[11]" does not have an associated HD.PARTPIN_LOCS, which will prevent the partial routing of the signal "s_axi_control_wdata[11]". Without this partial route, timing analysis to/from this port will not be accurate, and no routing information for this port can be exported.
WARNING: [Route 35-198] Port "s_axi_control_wdata[14]" does not have an associated HD.PARTPIN_LOCS, which will prevent the partial routing of the signal "s_axi_control_wdata[14]". Without this partial route, timing analysis to/from this port will not be accurate, and no routing information for this port can be exported.
WARNING: [Route 35-198] Port "s_axi_control_wdata[15]" does not have an associated HD.PARTPIN_LOCS, which will prevent the partial routing of the signal "s_axi_control_wdata[15]". Without this partial route, timing analysis to/from this port will not be accurate, and no routing information for this port can be exported.
WARNING: [Route 35-198] Port "s_axi_control_wdata[30]" does not have an associated HD.PARTPIN_LOCS, which will prevent the partial routing of the signal "s_axi_control_wdata[30]". Without this partial route, timing analysis to/from this port will not be accurate, and no routing information for this port can be exported.
WARNING: [Route 35-198] Port "s_axi_control_wdata[31]" does not have an associated HD.PARTPIN_LOCS, which will prevent the partial routing of the signal "s_axi_control_wdata[31]". Without this partial route, timing analysis to/from this port will not be accurate, and no routing information for this port can be exported.
WARNING: [Route 35-198] Port "s_axi_control_wdata[2]" does not have an associated HD.PARTPIN_LOCS, which will prevent the partial routing of the signal "s_axi_control_wdata[2]". Without this partial route, timing analysis to/from this port will not be accurate, and no routing information for this port can be exported.
WARNING: [Route 35-198] Port "s_axi_control_wstrb[0]" does not have an associated HD.PARTPIN_LOCS, which will prevent the partial routing of the signal "s_axi_control_wstrb[0]". Without this partial route, timing analysis to/from this port will not be accurate, and no routing information for this port can be exported.
WARNING: [Route 35-198] Port "s_axi_control_wdata[3]" does not have an associated HD.PARTPIN_LOCS, which will prevent the partial routing of the signal "s_axi_control_wdata[3]". Without this partial route, timing analysis to/from this port will not be accurate, and no routing information for this port can be exported.
WARNING: [Route 35-198] Port "s_axi_control_wdata[0]" does not have an associated HD.PARTPIN_LOCS, which will prevent the partial routing of the signal "s_axi_control_wdata[0]". Without this partial route, timing analysis to/from this port will not be accurate, and no routing information for this port can be exported.
WARNING: [Route 35-198] Port "s_axi_control_wdata[1]" does not have an associated HD.PARTPIN_LOCS, which will prevent the partial routing of the signal "s_axi_control_wdata[1]". Without this partial route, timing analysis to/from this port will not be accurate, and no routing information for this port can be exported.
WARNING: [Route 35-198] Port "s_axi_control_araddr[0]" does not have an associated HD.PARTPIN_LOCS, which will prevent the partial routing of the signal "s_axi_control_araddr[0]". Without this partial route, timing analysis to/from this port will not be accurate, and no routing information for this port can be exported.
WARNING: [Route 35-198] Port "s_axi_control_araddr[1]" does not have an associated HD.PARTPIN_LOCS, which will prevent the partial routing of the signal "s_axi_control_araddr[1]". Without this partial route, timing analysis to/from this port will not be accurate, and no routing information for this port can be exported.
WARNING: [Route 35-198] Port "s_axi_control_arvalid" does not have an associated HD.PARTPIN_LOCS, which will prevent the partial routing of the signal "s_axi_control_arvalid". Without this partial route, timing analysis to/from this port will not be accurate, and no routing information for this port can be exported.
WARNING: [Route 35-198] Port "s_axi_control_awvalid" does not have an associated HD.PARTPIN_LOCS, which will prevent the partial routing of the signal "s_axi_control_awvalid". Without this partial route, timing analysis to/from this port will not be accurate, and no routing information for this port can be exported.
WARNING: [Route 35-198] Port "s_axi_control_bready" does not have an associated HD.PARTPIN_LOCS, which will prevent the partial routing of the signal "s_axi_control_bready". Without this partial route, timing analysis to/from this port will not be accurate, and no routing information for this port can be exported.
WARNING: [Route 35-198] Port "s_axi_control_wvalid" does not have an associated HD.PARTPIN_LOCS, which will prevent the partial routing of the signal "s_axi_control_wvalid". Without this partial route, timing analysis to/from this port will not be accurate, and no routing information for this port can be exported.
WARNING: [Route 35-198] Port "s_axi_control_araddr[2]" does not have an associated HD.PARTPIN_LOCS, which will prevent the partial routing of the signal "s_axi_control_araddr[2]". Without this partial route, timing analysis to/from this port will not be accurate, and no routing information for this port can be exported.
WARNING: [Route 35-198] Port "s_axi_control_araddr[3]" does not have an associated HD.PARTPIN_LOCS, which will prevent the partial routing of the signal "s_axi_control_araddr[3]". Without this partial route, timing analysis to/from this port will not be accurate, and no routing information for this port can be exported.
WARNING: [Route 35-198] Port "s_axi_control_wdata[4]" does not have an associated HD.PARTPIN_LOCS, which will prevent the partial routing of the signal "s_axi_control_wdata[4]". Without this partial route, timing analysis to/from this port will not be accurate, and no routing information for this port can be exported.
WARNING: [Route 35-198] Port "s_axi_control_wdata[5]" does not have an associated HD.PARTPIN_LOCS, which will prevent the partial routing of the signal "s_axi_control_wdata[5]". Without this partial route, timing analysis to/from this port will not be accurate, and no routing information for this port can be exported.
WARNING: [Route 35-198] Port "s_axi_control_wdata[6]" does not have an associated HD.PARTPIN_LOCS, which will prevent the partial routing of the signal "s_axi_control_wdata[6]". Without this partial route, timing analysis to/from this port will not be accurate, and no routing information for this port can be exported.
WARNING: [Route 35-198] Port "s_axi_control_wdata[7]" does not have an associated HD.PARTPIN_LOCS, which will prevent the partial routing of the signal "s_axi_control_wdata[7]". Without this partial route, timing analysis to/from this port will not be accurate, and no routing information for this port can be exported.
INFO: [Common 17-14] Message 'Route 35-198' appears 100 times and further instances of the messages will be disabled. Use the Tcl command set_msg_config to change the current settings.
WARNING: [Constraints 18-8777] Unable to split tiles. All required files are not available.
Post Restoration Checksum: NetGraph: 219595df | NumContArr: 6fb86b6e | Constraints: c2a8fa9d | Timing: c2a8fa9d
Phase 1 Build RT Design | Checksum: 2169ff687

Time (s): cpu = 00:00:58 ; elapsed = 00:00:46 . Memory (MB): peak = 3142.969 ; gain = 0.000 ; free physical = 498 ; free virtual = 8067

Phase 2 Router Initialization

Phase 2.1 Fix Topology Constraints
Phase 2.1 Fix Topology Constraints | Checksum: 2169ff687

Time (s): cpu = 00:00:58 ; elapsed = 00:00:46 . Memory (MB): peak = 3142.969 ; gain = 0.000 ; free physical = 498 ; free virtual = 8067

Phase 2.2 Pre Route Cleanup
Phase 2.2 Pre Route Cleanup | Checksum: 2169ff687

Time (s): cpu = 00:00:58 ; elapsed = 00:00:46 . Memory (MB): peak = 3142.969 ; gain = 0.000 ; free physical = 498 ; free virtual = 8067
 Number of Nodes with overlaps = 0

Phase 2.3 Update Timing
Phase 2.3 Update Timing | Checksum: 1ff96cb0f

Time (s): cpu = 00:01:05 ; elapsed = 00:00:48 . Memory (MB): peak = 3142.969 ; gain = 0.000 ; free physical = 393 ; free virtual = 7963
INFO: [Route 35-416] Intermediate Timing Summary | WNS=-8.592 | TNS=-1032.718| WHS=0.078  | THS=0.000  |


Phase 2.4 Soft Constraint Pins - Fast Budgeting
Phase 2.4 Soft Constraint Pins - Fast Budgeting | Checksum: 19b15c7b2

Time (s): cpu = 00:01:08 ; elapsed = 00:00:49 . Memory (MB): peak = 3142.969 ; gain = 0.000 ; free physical = 305 ; free virtual = 7881

Router Utilization Summary
  Global Vertical Routing Utilization    = 0 %
  Global Horizontal Routing Utilization  = 0 %
  Routable Net Status*
  *Does not include unroutable nets such as driverless and loadless.
  Run report_route_status for detailed report.
  Number of Failed Nets               = 4809
    (Failed Nets is the sum of unrouted and partially routed nets)
  Number of Unrouted Nets             = 4809
  Number of Partially Routed Nets     = 0
  Number of Node Overlaps             = 0

Phase 2 Router Initialization | Checksum: 19b15c7b2

Time (s): cpu = 00:01:09 ; elapsed = 00:00:49 . Memory (MB): peak = 3142.969 ; gain = 0.000 ; free physical = 242 ; free virtual = 7817

Phase 3 Global Routing
Phase 3 Global Routing | Checksum: 19b15c7b2

Time (s): cpu = 00:01:09 ; elapsed = 00:00:49 . Memory (MB): peak = 3142.969 ; gain = 0.000 ; free physical = 242 ; free virtual = 7817

Phase 4 Initial Routing

Phase 4.1 Initial Net Routing Pass
Phase 4.1 Initial Net Routing Pass | Checksum: 2e8c315f3

Time (s): cpu = 00:01:12 ; elapsed = 00:00:50 . Memory (MB): peak = 3142.969 ; gain = 0.000 ; free physical = 177 ; free virtual = 7751
Phase 4 Initial Routing | Checksum: 2e8c315f3

Time (s): cpu = 00:01:12 ; elapsed = 00:00:50 . Memory (MB): peak = 3142.969 ; gain = 0.000 ; free physical = 177 ; free virtual = 7751

Phase 5 Rip-up And Reroute

Phase 5.1 Global Iteration 0
 Number of Nodes with overlaps = 680
 Number of Nodes with overlaps = 228
 Number of Nodes with overlaps = 81
 Number of Nodes with overlaps = 37
 Number of Nodes with overlaps = 17
 Number of Nodes with overlaps = 3
 Number of Nodes with overlaps = 2
 Number of Nodes with overlaps = 0
INFO: [Route 35-416] Intermediate Timing Summary | WNS=-9.563 | TNS=-1139.652| WHS=N/A    | THS=N/A    |

Phase 5.1 Global Iteration 0 | Checksum: 23fa33a53

Time (s): cpu = 00:01:31 ; elapsed = 00:00:59 . Memory (MB): peak = 3142.969 ; gain = 0.000 ; free physical = 297 ; free virtual = 7734

Phase 5.2 Global Iteration 1
 Number of Nodes with overlaps = 235
 Number of Nodes with overlaps = 69
 Number of Nodes with overlaps = 52
 Number of Nodes with overlaps = 15
 Number of Nodes with overlaps = 13
 Number of Nodes with overlaps = 7
 Number of Nodes with overlaps = 7
 Number of Nodes with overlaps = 4
 Number of Nodes with overlaps = 0
INFO: [Route 35-416] Intermediate Timing Summary | WNS=-9.721 | TNS=-1157.523| WHS=N/A    | THS=N/A    |

Phase 5.2 Global Iteration 1 | Checksum: 22c6c79a8

Time (s): cpu = 00:01:44 ; elapsed = 00:01:09 . Memory (MB): peak = 3142.969 ; gain = 0.000 ; free physical = 344 ; free virtual = 7787
Phase 5 Rip-up And Reroute | Checksum: 22c6c79a8

Time (s): cpu = 00:01:44 ; elapsed = 00:01:09 . Memory (MB): peak = 3142.969 ; gain = 0.000 ; free physical = 344 ; free virtual = 7787

Phase 6 Delay and Skew Optimization

Phase 6.1 Delay CleanUp

Phase 6.1.1 Update Timing
Phase 6.1.1 Update Timing | Checksum: 22c6c79a8

Time (s): cpu = 00:01:45 ; elapsed = 00:01:09 . Memory (MB): peak = 3142.969 ; gain = 0.000 ; free physical = 343 ; free virtual = 7787
INFO: [Route 35-416] Intermediate Timing Summary | WNS=-9.563 | TNS=-1139.652| WHS=N/A    | THS=N/A    |

 Number of Nodes with overlaps = 0
Phase 6.1 Delay CleanUp | Checksum: 234cac7f3

Time (s): cpu = 00:01:45 ; elapsed = 00:01:09 . Memory (MB): peak = 3142.969 ; gain = 0.000 ; free physical = 343 ; free virtual = 7787

Phase 6.2 Clock Skew Optimization
Phase 6.2 Clock Skew Optimization | Checksum: 234cac7f3

Time (s): cpu = 00:01:45 ; elapsed = 00:01:09 . Memory (MB): peak = 3142.969 ; gain = 0.000 ; free physical = 343 ; free virtual = 7787
Phase 6 Delay and Skew Optimization | Checksum: 234cac7f3

Time (s): cpu = 00:01:45 ; elapsed = 00:01:09 . Memory (MB): peak = 3142.969 ; gain = 0.000 ; free physical = 343 ; free virtual = 7787

Phase 7 Post Hold Fix

Phase 7.1 Hold Fix Iter
INFO: [Route 35-416] Intermediate Timing Summary | WNS=-9.563 | TNS=-1139.351| WHS=0.070  | THS=0.000  |

Phase 7.1 Hold Fix Iter | Checksum: 1c56e9e22

Time (s): cpu = 00:01:46 ; elapsed = 00:01:09 . Memory (MB): peak = 3142.969 ; gain = 0.000 ; free physical = 344 ; free virtual = 7787
Phase 7 Post Hold Fix | Checksum: 1c56e9e22

Time (s): cpu = 00:01:46 ; elapsed = 00:01:09 . Memory (MB): peak = 3142.969 ; gain = 0.000 ; free physical = 344 ; free virtual = 7787

Phase 8 Route finalize

Router Utilization Summary
  Global Vertical Routing Utilization    = 0.703738 %
  Global Horizontal Routing Utilization  = 0.970166 %
  Routable Net Status*
  *Does not include unroutable nets such as driverless and loadless.
  Run report_route_status for detailed report.
  Number of Failed Nets               = 0
    (Failed Nets is the sum of unrouted and partially routed nets)
  Number of Unrouted Nets             = 0
  Number of Partially Routed Nets     = 0
  Number of Node Overlaps             = 0


--GLOBAL Congestion:
Utilization threshold used for congestion level computation: 0.85
Congestion Report
North Dir 1x1 Area, Max Cong = 52.2523%, No Congested Regions.
South Dir 1x1 Area, Max Cong = 53.1532%, No Congested Regions.
East Dir 1x1 Area, Max Cong = 64.7059%, No Congested Regions.
West Dir 1x1 Area, Max Cong = 54.4118%, No Congested Regions.

------------------------------
Reporting congestion hotspots
------------------------------
Direction: North
----------------
Congested clusters found at Level 0
Effective congestion level: 0 Aspect Ratio: 1 Sparse Ratio: 0
Direction: South
----------------
Congested clusters found at Level 0
Effective congestion level: 0 Aspect Ratio: 1 Sparse Ratio: 0
Direction: East
----------------
Congested clusters found at Level 0
Effective congestion level: 0 Aspect Ratio: 1 Sparse Ratio: 0
Direction: West
----------------
Congested clusters found at Level 0
Effective congestion level: 0 Aspect Ratio: 1 Sparse Ratio: 0

Phase 8 Route finalize | Checksum: 1c56e9e22

Time (s): cpu = 00:01:46 ; elapsed = 00:01:09 . Memory (MB): peak = 3142.969 ; gain = 0.000 ; free physical = 344 ; free virtual = 7787

Phase 9 Verifying routed nets

 Verification completed successfully
Phase 9 Verifying routed nets | Checksum: 1c56e9e22

Time (s): cpu = 00:01:46 ; elapsed = 00:01:09 . Memory (MB): peak = 3142.969 ; gain = 0.000 ; free physical = 344 ; free virtual = 7787

Phase 10 Depositing Routes
Phase 10 Depositing Routes | Checksum: 1c847ed78

Time (s): cpu = 00:01:48 ; elapsed = 00:01:10 . Memory (MB): peak = 3142.969 ; gain = 0.000 ; free physical = 341 ; free virtual = 7790

Phase 11 Post Process Routing
Phase 11 Post Process Routing | Checksum: 1c847ed78

Time (s): cpu = 00:01:48 ; elapsed = 00:01:10 . Memory (MB): peak = 3142.969 ; gain = 0.000 ; free physical = 340 ; free virtual = 7789

Phase 12 Post Router Timing
INFO: [Route 35-57] Estimated Timing Summary | WNS=-9.563 | TNS=-1139.351| WHS=0.070  | THS=0.000  |

WARNING: [Route 35-328] Router estimated timing not met.
Resolution: For a complete and accurate timing signoff, report_timing_summary must be run after route_design. Alternatively, route_design can be run with the -timing_summary option to enable a complete timing signoff at the end of route_design.
Phase 12 Post Router Timing | Checksum: 1c847ed78

Time (s): cpu = 00:01:48 ; elapsed = 00:01:10 . Memory (MB): peak = 3142.969 ; gain = 0.000 ; free physical = 340 ; free virtual = 7789
Total Elapsed time in route_design: 70.24 secs

Phase 13 Post-Route Event Processing
Phase 13 Post-Route Event Processing | Checksum: f3f79fb8

Time (s): cpu = 00:01:48 ; elapsed = 00:01:10 . Memory (MB): peak = 3142.969 ; gain = 0.000 ; free physical = 340 ; free virtual = 7789
INFO: [Route 35-16] Router Completed Successfully
Ending Routing Task | Checksum: f3f79fb8

Time (s): cpu = 00:01:48 ; elapsed = 00:01:10 . Memory (MB): peak = 3142.969 ; gain = 0.000 ; free physical = 341 ; free virtual = 7789

Routing Is Done.
INFO: [Common 17-83] Releasing license: Implementation
409 Infos, 109 Warnings, 0 Critical Warnings and 0 Errors encountered.
route_design completed successfully
route_design: Time (s): cpu = 00:01:49 ; elapsed = 00:01:11 . Memory (MB): peak = 3142.969 ; gain = 0.000 ; free physical = 337 ; free virtual = 7785
INFO: [Vivado 12-24828] Executing command : report_drc -file bd_0_wrapper_drc_routed.rpt -pb bd_0_wrapper_drc_routed.pb -rpx bd_0_wrapper_drc_routed.rpx
Command: report_drc -file bd_0_wrapper_drc_routed.rpt -pb bd_0_wrapper_drc_routed.pb -rpx bd_0_wrapper_drc_routed.rpx
INFO: [IP_Flow 19-1839] IP Catalog is up to date.
INFO: [DRC 23-27] Running DRC with 8 threads
WARNING: [DRC 23-814] Not all possible (connectivity based) DRCs may have been run because this design is seen as Out of Context.
INFO: [Vivado_Tcl 2-168] The results of DRC are in file /home/johan2/Documents/fpga/zynq-pynq-gnss-receiver/vitis_workspace/gnss_correlator_hls/gnss_correlator_hls/hls/impl/verilog/project.runs/impl_1/bd_0_wrapper_drc_routed.rpt.
report_drc completed successfully
INFO: [Vivado 12-24828] Executing command : report_methodology -file bd_0_wrapper_methodology_drc_routed.rpt -pb bd_0_wrapper_methodology_drc_routed.pb -rpx bd_0_wrapper_methodology_drc_routed.rpx
Command: report_methodology -file bd_0_wrapper_methodology_drc_routed.rpt -pb bd_0_wrapper_methodology_drc_routed.pb -rpx bd_0_wrapper_methodology_drc_routed.rpx
INFO: [Timing 38-35] Done setting XDC timing constraints.
WARNING: [Timing 38-242] The property HD.CLK_SRC of clock port "ap_clk" is not set. In out-of-context mode, this prevents timing estimation for clock delay/skew
Resolution: Set the HD.CLK_SRC property of the out-of-context port to the location of the clock buffer instance in the top-level design
INFO: [DRC 23-133] Running Methodology with 8 threads
WARNING: [DRC 23-814] Not all possible (connectivity based) DRCs may have been run because this design is seen as Out of Context.
INFO: [Vivado_Tcl 2-1520] The results of Report Methodology are in file /home/johan2/Documents/fpga/zynq-pynq-gnss-receiver/vitis_workspace/gnss_correlator_hls/gnss_correlator_hls/hls/impl/verilog/project.runs/impl_1/bd_0_wrapper_methodology_drc_routed.rpt.
report_methodology completed successfully
report_methodology: Time (s): cpu = 00:00:18 ; elapsed = 00:00:05 . Memory (MB): peak = 3142.969 ; gain = 0.000 ; free physical = 236 ; free virtual = 7698
INFO: [Vivado 12-24828] Executing command : report_timing_summary -max_paths 10 -routable_nets -report_unconstrained -file bd_0_wrapper_timing_summary_routed.rpt -pb bd_0_wrapper_timing_summary_routed.pb -rpx bd_0_wrapper_timing_summary_routed.rpx -warn_on_violation 
INFO: [Timing 38-35] Done setting XDC timing constraints.
INFO: [Timing 38-91] UpdateTimingParams: Speed grade: -1, Delay Type: min_max.
INFO: [Timing 38-191] Multithreading enabled for timing update using a maximum of 8 CPUs
CRITICAL WARNING: [Timing 38-282] The design failed to meet the timing requirements. Please see the timing summary report for details on the timing violations.
INFO: [Vivado 12-24838] Running report commands "report_bus_skew, report_incremental_reuse, report_route_status" in parallel.
Running report generation with 3 threads.
INFO: [Vivado 12-24828] Executing command : report_incremental_reuse -file bd_0_wrapper_incremental_reuse_routed.rpt
INFO: [Vivado_Tcl 4-1062] Incremental flow is disabled. No incremental reuse Info to report.
INFO: [Vivado 12-24828] Executing command : report_route_status -file bd_0_wrapper_route_status.rpt -pb bd_0_wrapper_route_status.pb
INFO: [Vivado 12-24828] Executing command : report_bus_skew -warn_on_violation -file bd_0_wrapper_bus_skew_routed.rpt -pb bd_0_wrapper_bus_skew_routed.pb -rpx bd_0_wrapper_bus_skew_routed.rpx
INFO: [Timing 38-91] UpdateTimingParams: Speed grade: -1, Delay Type: min_max.
INFO: [Timing 38-191] Multithreading enabled for timing update using a maximum of 8 CPUs
INFO: [Vivado 12-24828] Executing command : report_power -file bd_0_wrapper_power_routed.rpt -pb bd_0_wrapper_power_summary_routed.pb -rpx bd_0_wrapper_power_routed.rpx
Command: report_power -file bd_0_wrapper_power_routed.rpt -pb bd_0_wrapper_power_summary_routed.pb -rpx bd_0_wrapper_power_routed.rpx
Running Vector-less Activity Propagation...

Finished Running Vector-less Activity Propagation
429 Infos, 112 Warnings, 1 Critical Warnings and 0 Errors encountered.
report_power completed successfully
INFO: [Vivado 12-24828] Executing command : report_clock_utilization -file bd_0_wrapper_clock_utilization_routed.rpt
generate_parallel_reports: Time (s): cpu = 00:00:43 ; elapsed = 00:00:15 . Memory (MB): peak = 3142.969 ; gain = 0.000 ; free physical = 184 ; free virtual = 7651
INFO: [Timing 38-480] Writing timing data to binary archive.
Wrote PlaceDB: Time (s): cpu = 00:00:00 ; elapsed = 00:00:00 . Memory (MB): peak = 3142.969 ; gain = 0.000 ; free physical = 184 ; free virtual = 7651
Wrote PulsedLatchDB: Time (s): cpu = 00:00:00 ; elapsed = 00:00:00 . Memory (MB): peak = 3142.969 ; gain = 0.000 ; free physical = 184 ; free virtual = 7651
Writing XDEF routing.
Write ShapeDB Complete: Time (s): cpu = 00:00:00.12 ; elapsed = 00:00:00.03 . Memory (MB): peak = 3142.969 ; gain = 0.000 ; free physical = 184 ; free virtual = 7652
Writing XDEF routing logical nets.
Writing XDEF routing special nets.
Wrote RouteStorage: Time (s): cpu = 00:00:00.72 ; elapsed = 00:00:00.19 . Memory (MB): peak = 3142.969 ; gain = 0.000 ; free physical = 179 ; free virtual = 7649
Wrote PlaceStorage: Time (s): cpu = 00:00:01 ; elapsed = 00:00:00.51 . Memory (MB): peak = 3142.969 ; gain = 0.000 ; free physical = 191 ; free virtual = 7661
Wrote Netlist Cache: Time (s): cpu = 00:00:00.03 ; elapsed = 00:00:00.01 . Memory (MB): peak = 3142.969 ; gain = 0.000 ; free physical = 191 ; free virtual = 7661
Wrote Device Cache: Time (s): cpu = 00:00:00.03 ; elapsed = 00:00:00.01 . Memory (MB): peak = 3142.969 ; gain = 0.000 ; free physical = 191 ; free virtual = 7662
Write Physdb Complete: Time (s): cpu = 00:00:02 ; elapsed = 00:00:00.74 . Memory (MB): peak = 3142.969 ; gain = 0.000 ; free physical = 191 ; free virtual = 7662
INFO: [Common 17-1381] The checkpoint '/home/johan2/Documents/fpga/zynq-pynq-gnss-receiver/vitis_workspace/gnss_correlator_hls/gnss_correlator_hls/hls/impl/verilog/project.runs/impl_1/bd_0_wrapper_routed.dcp' has been generated.
INFO: [Common 17-206] Exiting Vivado at Sat Sep 19 17:46:44 2026...
[Sat Sep 19 17:46:45 2026] impl_1 finished
wait_on_runs: Time (s): cpu = 00:10:27 ; elapsed = 00:04:33 . Memory (MB): peak = 2863.789 ; gain = 0.000 ; free physical = 1968 ; free virtual = 9434
TIMESTAMP: HLS-REPORT: implementation open_run: 2026-09-19 17:46:45 IST
INFO: HLS-REPORT: Opening implementation design database: open_run impl_1
Netlist sorting complete. Time (s): cpu = 00:00:00.16 ; elapsed = 00:00:00.15 . Memory (MB): peak = 2863.789 ; gain = 0.000 ; free physical = 1974 ; free virtual = 9442
INFO: [Netlist 29-17] Analyzing 234 Unisim elements for replacement
INFO: [Netlist 29-28] Unisim Transformation completed in 0 CPU seconds
INFO: [Project 1-479] Netlist was created with Vivado 2025.2
INFO: [Project 1-570] Preparing netlist for logic optimization
Read ShapeDB Complete: Time (s): cpu = 00:00:00.02 ; elapsed = 00:00:00.03 . Memory (MB): peak = 2877.773 ; gain = 0.000 ; free physical = 1857 ; free virtual = 9325
INFO: [Timing 38-478] Restoring timing data from binary archive.
INFO: [Timing 38-479] Binary timing data restore complete.
INFO: [Project 1-856] Restoring constraints from binary archive.
INFO: [Project 1-853] Binary constraint restore complete.
INFO: [Designutils 20-5722] Start Reading Physical Databases.
Reading placement.
Read Netlist Cache: Time (s): cpu = 00:00:00.02 ; elapsed = 00:00:00.02 . Memory (MB): peak = 2991.516 ; gain = 0.000 ; free physical = 1771 ; free virtual = 9240
Reading placer database...
Read Device Cache: Time (s): cpu = 00:00:00.03 ; elapsed = 00:00:00.03 . Memory (MB): peak = 2991.516 ; gain = 0.000 ; free physical = 1771 ; free virtual = 9240
Read PlaceDB: Time (s): cpu = 00:00:00 ; elapsed = 00:00:00 . Memory (MB): peak = 2991.516 ; gain = 0.000 ; free physical = 1771 ; free virtual = 9240
Read placeStorage: Time (s): cpu = 00:00:00.39 ; elapsed = 00:00:00.39 . Memory (MB): peak = 2991.516 ; gain = 0.000 ; free physical = 1789 ; free virtual = 9257
Read PulsedLatchDB: Time (s): cpu = 00:00:00 ; elapsed = 00:00:00 . Memory (MB): peak = 2991.516 ; gain = 0.000 ; free physical = 1789 ; free virtual = 9257
Reading routing.
Read RouteStorage: Time (s): cpu = 00:00:00.25 ; elapsed = 00:00:00.1 . Memory (MB): peak = 2991.516 ; gain = 0.000 ; free physical = 1787 ; free virtual = 9255
Read Physdb Files: Time (s): cpu = 00:00:00.7 ; elapsed = 00:00:00.54 . Memory (MB): peak = 2991.516 ; gain = 0.000 ; free physical = 1787 ; free virtual = 9255
Restored from archive | CPU: 0.710000 secs | Memory: 4.492752 MB |
Finished XDEF File Restore: Time (s): cpu = 00:00:00.7 ; elapsed = 00:00:00.54 . Memory (MB): peak = 2991.516 ; gain = 0.000 ; free physical = 1787 ; free virtual = 9255
Netlist sorting complete. Time (s): cpu = 00:00:00 ; elapsed = 00:00:00 . Memory (MB): peak = 2991.516 ; gain = 0.000 ; free physical = 1787 ; free virtual = 9255
INFO: [Project 1-111] Unisim Transformation Summary:
No Unisim elements were transformed.

TIMESTAMP: HLS-REPORT: implementation generate_reports_vivado: 2026-09-19 17:46:49 IST
INFO: HLS-REPORT: Running report: report_utilization -file ./report/gnss_correlator_utilization_routed.rpt
INFO: HLS-REPORT: Running report: report_utilization -hierarchical -hierarchical_depth 5 -file ./report/gnss_correlator_utilization_hierarchical_routed.rpt
INFO: HLS-REPORT: Running report: report_timing_summary -file ./report/gnss_correlator_timing_routed.rpt
INFO: [Timing 38-91] UpdateTimingParams: Speed grade: -1, Delay Type: min_max.
INFO: [Timing 38-191] Multithreading enabled for timing update using a maximum of 8 CPUs
WARNING: [Timing 38-242] The property HD.CLK_SRC of clock port "ap_clk" is not set. In out-of-context mode, this prevents timing estimation for clock delay/skew
Resolution: Set the HD.CLK_SRC property of the out-of-context port to the location of the clock buffer instance in the top-level design
INFO: HLS-REPORT: Running report: report_power -file ./report/gnss_correlator_power_routed.rpt -xpe ./gnss_correlator_power.xpe
Command: report_power -file ./report/gnss_correlator_power_routed.rpt -xpe ./gnss_correlator_power.xpe
Running Vector-less Activity Propagation...

Finished Running Vector-less Activity Propagation
13 Infos, 2 Warnings, 0 Critical Warnings and 0 Errors encountered.
report_power completed successfully
INFO: HLS-REPORT: Running report: report_route_status -file ./report/gnss_correlator_status_routed.rpt
INFO: HLS-REPORT: Running report: report_timing -max_paths 10 -file ./report/gnss_correlator_timing_paths_routed.rpt
INFO: [Timing 38-91] UpdateTimingParams: Speed grade: -1, Delay Type: max.
INFO: [Timing 38-191] Multithreading enabled for timing update using a maximum of 8 CPUs
INFO: [Timing 38-78] ReportTimingParams: -max_paths 10 -nworst 1 -delay_type max -sort_by slack.
INFO: HLS-REPORT: Running report: report_design_analysis -file ./report/gnss_correlator_design_analysis_routed.rpt
INFO: HLS-REPORT: Running report: ::tclapp::xilinx::designutils::report_failfast -detailed_report impl -file ./report/gnss_correlator_failfast_routed.rpt
 -I- design metrics completed in 1 seconds
 -I- Generated file /home/johan2/Documents/fpga/zynq-pynq-gnss-receiver/vitis_workspace/gnss_correlator_hls/gnss_correlator_hls/hls/impl/verilog/report/impl.DONT_TOUCH.rpt
 -I- DONT_TOUCH metric completed in 0 seconds
 -I- MARK_DEBUG metric completed in 0 seconds
 -I- utilization metrics completed in 3 seconds
 -I- control set metrics completed in 0 seconds
 -I- methodology check metrics completed in 1 seconds
 -I- average fanout metrics completed in 1 seconds (0 modules)
 -I- non-FD high fanout nets completed in 0 seconds
 -I- path budgeting metrics completed in 28 seconds
 -I- Generated file /home/johan2/Documents/fpga/zynq-pynq-gnss-receiver/vitis_workspace/gnss_correlator_hls/gnss_correlator_hls/hls/impl/verilog/report/impl.timing_budget_Net.rpt
 -I- Generated file /home/johan2/Documents/fpga/zynq-pynq-gnss-receiver/vitis_workspace/gnss_correlator_hls/gnss_correlator_hls/hls/impl/verilog/report/impl.timing_budget_Net.csv
 -I- Generated interactive report /home/johan2/Documents/fpga/zynq-pynq-gnss-receiver/vitis_workspace/gnss_correlator_hls/gnss_correlator_hls/hls/impl/verilog/report/impl.timing_budget_Net.rpx
#  +-----------------------------------------------------------------------------------------+
#  | Design Summary                                                                          |
#  | impl_1                                                                                  |
#  | xc7z020clg484-1                                                                         |
#  +-----------------------------------------------------------+-----------+--------+--------+
#  | Criteria                                                  | Guideline | Actual | Status |
#  +-----------------------------------------------------------+-----------+--------+--------+
#  | LUT                                                       | 70%       | 4.44%  | OK     |
#  | FD                                                        | 50%       | 2.97%  | OK     |
#  | LUTRAM+SRL                                                | 25%       | 0.49%  | OK     |
#  | MUXF7                                                     | 15%       | 0.13%  | OK     |
#  | DSP                                                       | 80%       | 4.55%  | OK     |
#  | RAMB/FIFO                                                 | 80%       | 0.71%  | OK     |
#  | DSP+RAMB+URAM (Avg)                                       | 70%       | 2.63%  | OK     |
#  | BUFGCE* + BUFGCTRL                                        | 24        | 0      | OK     |
#  | DONT_TOUCH (cells/nets)                                   | 0         | 4      | REVIEW |
#  | MARK_DEBUG (nets)                                         | 0         | 0      | OK     |
#  | Control Sets                                              | 998       | 94     | OK     |
#  | Average Fanout for modules > 100k cells                   | 4         | 2.79   | OK     |
#  | Max Average Fanout for modules > 100k cells               | 4         | 0      | OK     |
#  | Non-FD high fanout nets > 10k loads                       | 0         | 0      | OK     |
#  +-----------------------------------------------------------+-----------+--------+--------+
#  | TIMING-6 (No common primary clock between related clocks) | 0         | 0      | OK     |
#  | TIMING-7 (No common node between related clocks)          | 0         | 0      | OK     |
#  | TIMING-8 (No common period between related clocks)        | 0         | 0      | OK     |
#  | TIMING-14 (LUT on the clock tree)                         | 0         | 0      | OK     |
#  | TIMING-35 (No common node in paths with the same clock)   | 0         | 0      | OK     |
#  +-----------------------------------------------------------+-----------+--------+--------+
#  | Number of paths above max LUT budgeting (0.575ns)         | 0         | 0      | OK     |
#  | Number of paths above max Net budgeting (0.403ns)         | 0         | 100    | REVIEW |
#  +-----------------------------------------------------------+-----------+--------+--------+
 -I- Generated file /home/johan2/Documents/fpga/zynq-pynq-gnss-receiver/vitis_workspace/gnss_correlator_hls/gnss_correlator_hls/hls/impl/verilog/report/gnss_correlator_failfast_routed.rpt
 -I- Number of criteria to review: 2
 -I- This report should be run before placing the design and uses conservative guidelines beyond which runtime and timing closure will likely be more challenging
 -I- report_failfast completed in 36 seconds
TIMESTAMP: HLS-REPORT: implementation gen_data_dict_vivado: 2026-09-19 17:47:32 IST
TIMESTAMP: HLS-REPORT: impl extract_util_hier: 2026-09-19 17:47:32 IST
TIMESTAMP: HLS-REPORT: impl get_cell_hier_data: 2026-09-19 17:47:32 IST
TIMESTAMP: HLS-REPORT: impl get_timing_paths: 2026-09-19 17:47:32 IST
TIMESTAMP: HLS-REPORT: impl process timing paths: 2026-09-19 17:47:32 IST
TIMESTAMP: HLS-REPORT: impl get_all_vv_rpt_files: 2026-09-19 17:47:32 IST
TIMESTAMP: HLS-REPORT: implementation write_reports_vivado: 2026-09-19 17:47:32 IST
HLS EXTRACTION: impl area_totals:  13300 53200 106400 220 280 0 0
HLS EXTRACTION: impl area_current: 1039 2363 3155 10 2 0 85 0 0 0
HLS EXTRACTION: impl resources_dict: AVAIL_SLICE 13300 SLICE 1039 AVAIL_LUT 53200 LUT 2363 AVAIL_FF 106400 FF 3155 AVAIL_DSP 220 DSP 10 AVAIL_BRAM 280 BRAM 2 AVAIL_URAM 0 URAM 0 LATCH 0 SRL 85 AVAIL_CLB 0 CLB 0
INFO: HLS-REPORT: generated /home/johan2/Documents/fpga/zynq-pynq-gnss-receiver/vitis_workspace/gnss_correlator_hls/gnss_correlator_hls/hls/impl/verilog/report/vivado_impl.xml
INFO: HLS-REPORT: generated /home/johan2/Documents/fpga/zynq-pynq-gnss-receiver/vitis_workspace/gnss_correlator_hls/gnss_correlator_hls/hls/impl/report/verilog/gnss_correlator_export.rpt


Implementation tool: Xilinx Vivado v.2025.2
Project:             gnss_correlator_hls
Solution:            hls
Device target:       xc7z020-clg484-1
Report date:         Sat Sep 19 17:47:32 IST 2026

#=== Post-Implementation Resource usage ===
SLICE:         1039
LUT:           2363
FF:            3155
DSP:             10
BRAM:             2
URAM:             0
LATCH:            0
SRL:             85
CLB:              0

#=== Final timing ===
CP required:                     10.000
CP achieved post-synthesis:      20.158
CP achieved post-implementation: 19.557
Timing not met

TIMESTAMP: HLS-REPORT: implementation end: 2026-09-19 17:47:32 IST
INFO: HLS-REPORT: impl run complete: worst setup slack (WNS)=-9.557490, worst hold slack (WHS)=0.070468, total pulse width slack(TPWS)=0.000000, number of unrouted nets=0
Vivado implementation timing failed: WNS (-9.557490) is less than 0
# hls_vivado_reports_finalize $report_options
TIMESTAMP: HLS-REPORT: all reports complete: 2026-09-19 17:47:32 IST
INFO: [Common 17-206] Exiting Vivado at Sat Sep 19 17:47:32 2026...
INFO: [HLS 200-802] Generated output file gnss_correlator_hls/gnss_correlator.zip
INFO: [HLS 200-112] Total CPU user time: 1185.33 seconds. Total CPU system time: 77.99 seconds. Total elapsed time: 739.4 seconds; peak allocated memory: 551.980 MB.
INFO: [vitis-run 60-791] Total elapsed time: 0h 12m 31s
