Copyright 1986-2022 Xilinx, Inc. All Rights Reserved. Copyright 2022-2025 Advanced Micro Devices, Inc. All Rights Reserved.
---------------------------------------------------------------------------------------------------------------------------------------------
| Tool Version : Vivado v.2025.2 (lin64) Build 6299465 Fri Nov 14 12:34:56 MST 2025
| Date         : Sat Sep 19 17:41:34 2026
| Host         : johan2-Yoga-7-15ITL5 running 64-bit Ubuntu 22.04.5 LTS
| Command      : report_timing -max_paths 10 -file ./report/gnss_correlator_timing_paths_synth.rpt
| Design       : bd_0_wrapper
| Device       : 7z020-clg484
| Speed File   : -1  PRODUCTION 1.12 2019-11-22
| Design State : Synthesized
---------------------------------------------------------------------------------------------------------------------------------------------

Timing Report

Slack (VIOLATED) :        -10.158ns  (required time - arrival time)
  Source:                 bd_0_i/hls_inst/inst/fadd_32ns_32ns_32_2_full_dsp_1_U2/din1_buf1_reg[24]/C
                            (rising edge-triggered cell FDRE clocked by ap_clk  {rise@0.000ns fall@5.000ns period=10.000ns})
  Destination:            bd_0_i/hls_inst/inst/acc_I_fu_98_reg[0]/D
                            (rising edge-triggered cell FDRE clocked by ap_clk  {rise@0.000ns fall@5.000ns period=10.000ns})
  Path Group:             ap_clk
  Path Type:              Setup (Max at Slow Process Corner)
  Requirement:            10.000ns  (ap_clk rise@10.000ns - ap_clk rise@0.000ns)
  Data Path Delay:        20.151ns  (logic 11.306ns (56.107%)  route 8.845ns (43.893%))
  Logic Levels:           13  (CARRY4=3 DSP48E1=2 LUT3=2 LUT4=1 LUT5=2 LUT6=3)
  Clock Path Skew:        -0.049ns (DCD - SCD + CPR)
    Destination Clock Delay (DCD):    0.924ns = ( 10.924 - 10.000 ) 
    Source Clock Delay      (SCD):    0.973ns
    Clock Pessimism Removal (CPR):    0.000ns
  Clock Uncertainty:      0.035ns  ((TSJ^2 + TIJ^2)^1/2 + DJ) / 2 + PE
    Total System Jitter     (TSJ):    0.071ns
    Total Input Jitter      (TIJ):    0.000ns
    Discrete Jitter          (DJ):    0.000ns
    Phase Error              (PE):    0.000ns

    Location             Delay type                Incr(ns)  Path(ns)    Netlist Resource(s)
  -------------------------------------------------------------------    -------------------
                         (clock ap_clk rise edge)     0.000     0.000 r  
                                                      0.000     0.000 r  ap_clk (IN)
                         net (fo=3332, unset)         0.973     0.973    bd_0_i/hls_inst/inst/fadd_32ns_32ns_32_2_full_dsp_1_U2/ap_clk
                         FDRE                                         r  bd_0_i/hls_inst/inst/fadd_32ns_32ns_32_2_full_dsp_1_U2/din1_buf1_reg[24]/C
  -------------------------------------------------------------------    -------------------
                         FDRE (Prop_fdre_C_Q)         0.518     1.491 r  bd_0_i/hls_inst/inst/fadd_32ns_32ns_32_2_full_dsp_1_U2/din1_buf1_reg[24]/Q
                         net (fo=9, unplaced)         0.847     2.338    bd_0_wrapper/bd_0/bd_0_hls_inst_0/bd_0_hls_inst_0_gnss_correlator/bd_0_hls_inst_0_gnss_correlator_fadd_32ns_32ns_32_2_full_dsp_1/bd_0_hls_inst_0_gnss_correlator_fadd_32ns_32ns_32_2_full_dsp_1_ip/<hidden>/<hidden>/<hidden>/<hidden>/<hidden>
                         LUT5 (Prop_lut5_I0_O)        0.323     2.661 r  bd_0_wrapper/bd_0/bd_0_hls_inst_0/bd_0_hls_inst_0_gnss_correlator/bd_0_hls_inst_0_gnss_correlator_fadd_32ns_32ns_32_2_full_dsp_1/bd_0_hls_inst_0_gnss_correlator_fadd_32ns_32ns_32_2_full_dsp_1_ip/<hidden>/<hidden>/<hidden>/<hidden>/<hidden>
                         net (fo=1, unplaced)         0.663     3.324    bd_0_wrapper/bd_0/bd_0_hls_inst_0/bd_0_hls_inst_0_gnss_correlator/bd_0_hls_inst_0_gnss_correlator_fadd_32ns_32ns_32_2_full_dsp_1/bd_0_hls_inst_0_gnss_correlator_fadd_32ns_32ns_32_2_full_dsp_1_ip/<hidden>/<hidden>/<hidden>/<hidden>/<hidden>/<hidden>
                         CARRY4 (Prop_carry4_S[1]_O[2])
                                                      0.702     4.026 r  bd_0_wrapper/bd_0/bd_0_hls_inst_0/bd_0_hls_inst_0_gnss_correlator/bd_0_hls_inst_0_gnss_correlator_fadd_32ns_32ns_32_2_full_dsp_1/bd_0_hls_inst_0_gnss_correlator_fadd_32ns_32ns_32_2_full_dsp_1_ip/<hidden>/<hidden>/<hidden>/<hidden>/<hidden>/<hidden>
                         net (fo=19, unplaced)        1.173     5.199    bd_0_wrapper/bd_0/bd_0_hls_inst_0/bd_0_hls_inst_0_gnss_correlator/bd_0_hls_inst_0_gnss_correlator_fadd_32ns_32ns_32_2_full_dsp_1/bd_0_hls_inst_0_gnss_correlator_fadd_32ns_32ns_32_2_full_dsp_1_ip/<hidden>/<hidden>/<hidden>/<hidden>/<hidden>/<hidden>
                         LUT6 (Prop_lut6_I2_O)        0.301     5.500 r  bd_0_wrapper/bd_0/bd_0_hls_inst_0/bd_0_hls_inst_0_gnss_correlator/bd_0_hls_inst_0_gnss_correlator_fadd_32ns_32ns_32_2_full_dsp_1/bd_0_hls_inst_0_gnss_correlator_fadd_32ns_32ns_32_2_full_dsp_1_ip/<hidden>/<hidden>/<hidden>/<hidden>/<hidden>/<hidden>
                         net (fo=2, unplaced)         0.800     6.300    bd_0_wrapper/bd_0/bd_0_hls_inst_0/bd_0_hls_inst_0_gnss_correlator/bd_0_hls_inst_0_gnss_correlator_fadd_32ns_32ns_32_2_full_dsp_1/bd_0_hls_inst_0_gnss_correlator_fadd_32ns_32ns_32_2_full_dsp_1_ip/<hidden>/<hidden>/<hidden>/<hidden>/<hidden>/<hidden>
                         DSP48E1 (Prop_dsp48e1_INMODE[2]_PATTERNDETECT)
                                                      5.849    12.149 r  bd_0_wrapper/bd_0/bd_0_hls_inst_0/bd_0_hls_inst_0_gnss_correlator/bd_0_hls_inst_0_gnss_correlator_fadd_32ns_32ns_32_2_full_dsp_1/bd_0_hls_inst_0_gnss_correlator_fadd_32ns_32ns_32_2_full_dsp_1_ip/<hidden>/<hidden>/<hidden>/<hidden>/<hidden>/<hidden>
                         net (fo=54, unplaced)        0.800    12.948    bd_0_wrapper/bd_0/bd_0_hls_inst_0/bd_0_hls_inst_0_gnss_correlator/bd_0_hls_inst_0_gnss_correlator_fadd_32ns_32ns_32_2_full_dsp_1/bd_0_hls_inst_0_gnss_correlator_fadd_32ns_32ns_32_2_full_dsp_1_ip/<hidden>/<hidden>/<hidden>/<hidden>/<hidden>/<hidden>
                         LUT3 (Prop_lut3_I1_O)        0.124    13.072 r  bd_0_wrapper/bd_0/bd_0_hls_inst_0/bd_0_hls_inst_0_gnss_correlator/bd_0_hls_inst_0_gnss_correlator_fadd_32ns_32ns_32_2_full_dsp_1/bd_0_hls_inst_0_gnss_correlator_fadd_32ns_32ns_32_2_full_dsp_1_ip/<hidden>/<hidden>/<hidden>/<hidden>/<hidden>/<hidden>
                         net (fo=3, unplaced)         0.920    13.992    bd_0_wrapper/bd_0/bd_0_hls_inst_0/bd_0_hls_inst_0_gnss_correlator/bd_0_hls_inst_0_gnss_correlator_fadd_32ns_32ns_32_2_full_dsp_1/bd_0_hls_inst_0_gnss_correlator_fadd_32ns_32ns_32_2_full_dsp_1_ip/<hidden>/<hidden>/<hidden>/<hidden>/<hidden>/<hidden>
                         LUT5 (Prop_lut5_I2_O)        0.124    14.116 r  bd_0_wrapper/bd_0/bd_0_hls_inst_0/bd_0_hls_inst_0_gnss_correlator/bd_0_hls_inst_0_gnss_correlator_fadd_32ns_32ns_32_2_full_dsp_1/bd_0_hls_inst_0_gnss_correlator_fadd_32ns_32ns_32_2_full_dsp_1_ip/<hidden>/<hidden>/<hidden>/<hidden>/<hidden>/<hidden>
                         net (fo=1, unplaced)         0.665    14.781    bd_0_wrapper/bd_0/bd_0_hls_inst_0/bd_0_hls_inst_0_gnss_correlator/bd_0_hls_inst_0_gnss_correlator_fadd_32ns_32ns_32_2_full_dsp_1/bd_0_hls_inst_0_gnss_correlator_fadd_32ns_32ns_32_2_full_dsp_1_ip/<hidden>/<hidden>/<hidden>/<hidden>/<hidden>/<hidden>
                         LUT4 (Prop_lut4_I0_O)        0.124    14.905 r  bd_0_wrapper/bd_0/bd_0_hls_inst_0/bd_0_hls_inst_0_gnss_correlator/bd_0_hls_inst_0_gnss_correlator_fadd_32ns_32ns_32_2_full_dsp_1/bd_0_hls_inst_0_gnss_correlator_fadd_32ns_32ns_32_2_full_dsp_1_ip/<hidden>/<hidden>/<hidden>/<hidden>/<hidden>/<hidden>
                         net (fo=1, unplaced)         0.902    15.807    bd_0_wrapper/bd_0/bd_0_hls_inst_0/bd_0_hls_inst_0_gnss_correlator/bd_0_hls_inst_0_gnss_correlator_fadd_32ns_32ns_32_2_full_dsp_1/bd_0_hls_inst_0_gnss_correlator_fadd_32ns_32ns_32_2_full_dsp_1_ip/<hidden>/<hidden>/<hidden>/<hidden>/<hidden>/<hidden>
                         LUT6 (Prop_lut6_I1_O)        0.124    15.931 r  bd_0_wrapper/bd_0/bd_0_hls_inst_0/bd_0_hls_inst_0_gnss_correlator/bd_0_hls_inst_0_gnss_correlator_fadd_32ns_32ns_32_2_full_dsp_1/bd_0_hls_inst_0_gnss_correlator_fadd_32ns_32ns_32_2_full_dsp_1_ip/<hidden>/<hidden>/<hidden>/<hidden>/<hidden>/<hidden>
                         net (fo=1, unplaced)         0.000    15.931    bd_0_wrapper/bd_0/bd_0_hls_inst_0/bd_0_hls_inst_0_gnss_correlator/bd_0_hls_inst_0_gnss_correlator_fadd_32ns_32ns_32_2_full_dsp_1/bd_0_hls_inst_0_gnss_correlator_fadd_32ns_32ns_32_2_full_dsp_1_ip/<hidden>/<hidden>/<hidden>/<hidden>/<hidden>
                         CARRY4 (Prop_carry4_S[1]_CO[3])
                                                      0.533    16.464 r  bd_0_wrapper/bd_0/bd_0_hls_inst_0/bd_0_hls_inst_0_gnss_correlator/bd_0_hls_inst_0_gnss_correlator_fadd_32ns_32ns_32_2_full_dsp_1/bd_0_hls_inst_0_gnss_correlator_fadd_32ns_32ns_32_2_full_dsp_1_ip/<hidden>/<hidden>/<hidden>/<hidden>/<hidden>
                         net (fo=1, unplaced)         0.009    16.473    bd_0_wrapper/bd_0/bd_0_hls_inst_0/bd_0_hls_inst_0_gnss_correlator/bd_0_hls_inst_0_gnss_correlator_fadd_32ns_32ns_32_2_full_dsp_1/bd_0_hls_inst_0_gnss_correlator_fadd_32ns_32ns_32_2_full_dsp_1_ip/<hidden>/<hidden>/<hidden>/<hidden>/<hidden>
                         CARRY4 (Prop_carry4_CI_O[1])
                                                      0.337    16.810 r  bd_0_wrapper/bd_0/bd_0_hls_inst_0/bd_0_hls_inst_0_gnss_correlator/bd_0_hls_inst_0_gnss_correlator_fadd_32ns_32ns_32_2_full_dsp_1/bd_0_hls_inst_0_gnss_correlator_fadd_32ns_32ns_32_2_full_dsp_1_ip/<hidden>/<hidden>/<hidden>/<hidden>/<hidden>
                         net (fo=3, unplaced)         0.800    17.610    bd_0_wrapper/bd_0/bd_0_hls_inst_0/bd_0_hls_inst_0_gnss_correlator/bd_0_hls_inst_0_gnss_correlator_fadd_32ns_32ns_32_2_full_dsp_1/bd_0_hls_inst_0_gnss_correlator_fadd_32ns_32ns_32_2_full_dsp_1_ip/<hidden>/<hidden>/<hidden>/<hidden>/<hidden>/<hidden>
                         DSP48E1 (Prop_dsp48e1_C[32]_P[2])
                                                      1.999    19.609 r  bd_0_wrapper/bd_0/bd_0_hls_inst_0/bd_0_hls_inst_0_gnss_correlator/bd_0_hls_inst_0_gnss_correlator_fadd_32ns_32ns_32_2_full_dsp_1/bd_0_hls_inst_0_gnss_correlator_fadd_32ns_32ns_32_2_full_dsp_1_ip/<hidden>/<hidden>/<hidden>/<hidden>/<hidden>/<hidden>
                         net (fo=1, unplaced)         0.800    20.409    bd_0_wrapper/bd_0/bd_0_hls_inst_0/bd_0_hls_inst_0_gnss_correlator/bd_0_hls_inst_0_gnss_correlator_fadd_32ns_32ns_32_2_full_dsp_1/bd_0_hls_inst_0_gnss_correlator_fadd_32ns_32ns_32_2_full_dsp_1_ip/<hidden>/<hidden>/<hidden>/<hidden>/<hidden>/<hidden>
                         LUT6 (Prop_lut6_I0_O)        0.124    20.533 r  bd_0_wrapper/bd_0/bd_0_hls_inst_0/bd_0_hls_inst_0_gnss_correlator/bd_0_hls_inst_0_gnss_correlator_fadd_32ns_32ns_32_2_full_dsp_1/bd_0_hls_inst_0_gnss_correlator_fadd_32ns_32ns_32_2_full_dsp_1_ip/<hidden>/<hidden>/<hidden>/<hidden>/<hidden>/<hidden>
                         net (fo=3, unplaced)         0.467    21.000    bd_0_i/hls_inst/inst/fadd_32ns_32ns_32_2_full_dsp_1_U2/r_tdata[0]
                         LUT3 (Prop_lut3_I0_O)        0.124    21.124 r  bd_0_i/hls_inst/inst/fadd_32ns_32ns_32_2_full_dsp_1_U2/acc_I_fu_98[0]_i_1/O
                         net (fo=2, unplaced)         0.000    21.124    bd_0_i/hls_inst/inst/grp_fu_182_p2[0]
                         FDRE                                         r  bd_0_i/hls_inst/inst/acc_I_fu_98_reg[0]/D
  -------------------------------------------------------------------    -------------------

                         (clock ap_clk rise edge)    10.000    10.000 r  
                                                      0.000    10.000 r  ap_clk (IN)
                         net (fo=3332, unset)         0.924    10.924    bd_0_i/hls_inst/inst/ap_clk
                         FDRE                                         r  bd_0_i/hls_inst/inst/acc_I_fu_98_reg[0]/C
                         clock pessimism              0.000    10.924    
                         clock uncertainty           -0.035    10.889    
                         FDRE (Setup_fdre_C_D)        0.077    10.966    bd_0_i/hls_inst/inst/acc_I_fu_98_reg[0]
  -------------------------------------------------------------------
                         required time                         10.966    
                         arrival time                         -21.124    
  -------------------------------------------------------------------
                         slack                                -10.158    

Slack (VIOLATED) :        -10.158ns  (required time - arrival time)
  Source:                 bd_0_i/hls_inst/inst/fadd_32ns_32ns_32_2_full_dsp_1_U2/din1_buf1_reg[24]/C
                            (rising edge-triggered cell FDRE clocked by ap_clk  {rise@0.000ns fall@5.000ns period=10.000ns})
  Destination:            bd_0_i/hls_inst/inst/acc_I_fu_98_reg[10]/D
                            (rising edge-triggered cell FDRE clocked by ap_clk  {rise@0.000ns fall@5.000ns period=10.000ns})
  Path Group:             ap_clk
  Path Type:              Setup (Max at Slow Process Corner)
  Requirement:            10.000ns  (ap_clk rise@10.000ns - ap_clk rise@0.000ns)
  Data Path Delay:        20.151ns  (logic 11.306ns (56.107%)  route 8.845ns (43.893%))
  Logic Levels:           13  (CARRY4=3 DSP48E1=2 LUT3=2 LUT4=1 LUT5=2 LUT6=3)
  Clock Path Skew:        -0.049ns (DCD - SCD + CPR)
    Destination Clock Delay (DCD):    0.924ns = ( 10.924 - 10.000 ) 
    Source Clock Delay      (SCD):    0.973ns
    Clock Pessimism Removal (CPR):    0.000ns
  Clock Uncertainty:      0.035ns  ((TSJ^2 + TIJ^2)^1/2 + DJ) / 2 + PE
    Total System Jitter     (TSJ):    0.071ns
    Total Input Jitter      (TIJ):    0.000ns
    Discrete Jitter          (DJ):    0.000ns
    Phase Error              (PE):    0.000ns

    Location             Delay type                Incr(ns)  Path(ns)    Netlist Resource(s)
  -------------------------------------------------------------------    -------------------
                         (clock ap_clk rise edge)     0.000     0.000 r  
                                                      0.000     0.000 r  ap_clk (IN)
                         net (fo=3332, unset)         0.973     0.973    bd_0_i/hls_inst/inst/fadd_32ns_32ns_32_2_full_dsp_1_U2/ap_clk
                         FDRE                                         r  bd_0_i/hls_inst/inst/fadd_32ns_32ns_32_2_full_dsp_1_U2/din1_buf1_reg[24]/C
  -------------------------------------------------------------------    -------------------
                         FDRE (Prop_fdre_C_Q)         0.518     1.491 r  bd_0_i/hls_inst/inst/fadd_32ns_32ns_32_2_full_dsp_1_U2/din1_buf1_reg[24]/Q
                         net (fo=9, unplaced)         0.847     2.338    bd_0_wrapper/bd_0/bd_0_hls_inst_0/bd_0_hls_inst_0_gnss_correlator/bd_0_hls_inst_0_gnss_correlator_fadd_32ns_32ns_32_2_full_dsp_1/bd_0_hls_inst_0_gnss_correlator_fadd_32ns_32ns_32_2_full_dsp_1_ip/<hidden>/<hidden>/<hidden>/<hidden>/<hidden>
                         LUT5 (Prop_lut5_I0_O)        0.323     2.661 r  bd_0_wrapper/bd_0/bd_0_hls_inst_0/bd_0_hls_inst_0_gnss_correlator/bd_0_hls_inst_0_gnss_correlator_fadd_32ns_32ns_32_2_full_dsp_1/bd_0_hls_inst_0_gnss_correlator_fadd_32ns_32ns_32_2_full_dsp_1_ip/<hidden>/<hidden>/<hidden>/<hidden>/<hidden>
                         net (fo=1, unplaced)         0.663     3.324    bd_0_wrapper/bd_0/bd_0_hls_inst_0/bd_0_hls_inst_0_gnss_correlator/bd_0_hls_inst_0_gnss_correlator_fadd_32ns_32ns_32_2_full_dsp_1/bd_0_hls_inst_0_gnss_correlator_fadd_32ns_32ns_32_2_full_dsp_1_ip/<hidden>/<hidden>/<hidden>/<hidden>/<hidden>/<hidden>
                         CARRY4 (Prop_carry4_S[1]_O[2])
                                                      0.702     4.026 r  bd_0_wrapper/bd_0/bd_0_hls_inst_0/bd_0_hls_inst_0_gnss_correlator/bd_0_hls_inst_0_gnss_correlator_fadd_32ns_32ns_32_2_full_dsp_1/bd_0_hls_inst_0_gnss_correlator_fadd_32ns_32ns_32_2_full_dsp_1_ip/<hidden>/<hidden>/<hidden>/<hidden>/<hidden>/<hidden>
                         net (fo=19, unplaced)        1.173     5.199    bd_0_wrapper/bd_0/bd_0_hls_inst_0/bd_0_hls_inst_0_gnss_correlator/bd_0_hls_inst_0_gnss_correlator_fadd_32ns_32ns_32_2_full_dsp_1/bd_0_hls_inst_0_gnss_correlator_fadd_32ns_32ns_32_2_full_dsp_1_ip/<hidden>/<hidden>/<hidden>/<hidden>/<hidden>/<hidden>
                         LUT6 (Prop_lut6_I2_O)        0.301     5.500 r  bd_0_wrapper/bd_0/bd_0_hls_inst_0/bd_0_hls_inst_0_gnss_correlator/bd_0_hls_inst_0_gnss_correlator_fadd_32ns_32ns_32_2_full_dsp_1/bd_0_hls_inst_0_gnss_correlator_fadd_32ns_32ns_32_2_full_dsp_1_ip/<hidden>/<hidden>/<hidden>/<hidden>/<hidden>/<hidden>
                         net (fo=2, unplaced)         0.800     6.300    bd_0_wrapper/bd_0/bd_0_hls_inst_0/bd_0_hls_inst_0_gnss_correlator/bd_0_hls_inst_0_gnss_correlator_fadd_32ns_32ns_32_2_full_dsp_1/bd_0_hls_inst_0_gnss_correlator_fadd_32ns_32ns_32_2_full_dsp_1_ip/<hidden>/<hidden>/<hidden>/<hidden>/<hidden>/<hidden>
                         DSP48E1 (Prop_dsp48e1_INMODE[2]_PATTERNDETECT)
                                                      5.849    12.149 r  bd_0_wrapper/bd_0/bd_0_hls_inst_0/bd_0_hls_inst_0_gnss_correlator/bd_0_hls_inst_0_gnss_correlator_fadd_32ns_32ns_32_2_full_dsp_1/bd_0_hls_inst_0_gnss_correlator_fadd_32ns_32ns_32_2_full_dsp_1_ip/<hidden>/<hidden>/<hidden>/<hidden>/<hidden>/<hidden>
                         net (fo=54, unplaced)        0.800    12.948    bd_0_wrapper/bd_0/bd_0_hls_inst_0/bd_0_hls_inst_0_gnss_correlator/bd_0_hls_inst_0_gnss_correlator_fadd_32ns_32ns_32_2_full_dsp_1/bd_0_hls_inst_0_gnss_correlator_fadd_32ns_32ns_32_2_full_dsp_1_ip/<hidden>/<hidden>/<hidden>/<hidden>/<hidden>/<hidden>
                         LUT3 (Prop_lut3_I1_O)        0.124    13.072 r  bd_0_wrapper/bd_0/bd_0_hls_inst_0/bd_0_hls_inst_0_gnss_correlator/bd_0_hls_inst_0_gnss_correlator_fadd_32ns_32ns_32_2_full_dsp_1/bd_0_hls_inst_0_gnss_correlator_fadd_32ns_32ns_32_2_full_dsp_1_ip/<hidden>/<hidden>/<hidden>/<hidden>/<hidden>/<hidden>
                         net (fo=3, unplaced)         0.920    13.992    bd_0_wrapper/bd_0/bd_0_hls_inst_0/bd_0_hls_inst_0_gnss_correlator/bd_0_hls_inst_0_gnss_correlator_fadd_32ns_32ns_32_2_full_dsp_1/bd_0_hls_inst_0_gnss_correlator_fadd_32ns_32ns_32_2_full_dsp_1_ip/<hidden>/<hidden>/<hidden>/<hidden>/<hidden>/<hidden>
                         LUT5 (Prop_lut5_I2_O)        0.124    14.116 r  bd_0_wrapper/bd_0/bd_0_hls_inst_0/bd_0_hls_inst_0_gnss_correlator/bd_0_hls_inst_0_gnss_correlator_fadd_32ns_32ns_32_2_full_dsp_1/bd_0_hls_inst_0_gnss_correlator_fadd_32ns_32ns_32_2_full_dsp_1_ip/<hidden>/<hidden>/<hidden>/<hidden>/<hidden>/<hidden>
                         net (fo=1, unplaced)         0.665    14.781    bd_0_wrapper/bd_0/bd_0_hls_inst_0/bd_0_hls_inst_0_gnss_correlator/bd_0_hls_inst_0_gnss_correlator_fadd_32ns_32ns_32_2_full_dsp_1/bd_0_hls_inst_0_gnss_correlator_fadd_32ns_32ns_32_2_full_dsp_1_ip/<hidden>/<hidden>/<hidden>/<hidden>/<hidden>/<hidden>
                         LUT4 (Prop_lut4_I0_O)        0.124    14.905 r  bd_0_wrapper/bd_0/bd_0_hls_inst_0/bd_0_hls_inst_0_gnss_correlator/bd_0_hls_inst_0_gnss_correlator_fadd_32ns_32ns_32_2_full_dsp_1/bd_0_hls_inst_0_gnss_correlator_fadd_32ns_32ns_32_2_full_dsp_1_ip/<hidden>/<hidden>/<hidden>/<hidden>/<hidden>/<hidden>
                         net (fo=1, unplaced)         0.902    15.807    bd_0_wrapper/bd_0/bd_0_hls_inst_0/bd_0_hls_inst_0_gnss_correlator/bd_0_hls_inst_0_gnss_correlator_fadd_32ns_32ns_32_2_full_dsp_1/bd_0_hls_inst_0_gnss_correlator_fadd_32ns_32ns_32_2_full_dsp_1_ip/<hidden>/<hidden>/<hidden>/<hidden>/<hidden>/<hidden>
                         LUT6 (Prop_lut6_I1_O)        0.124    15.931 r  bd_0_wrapper/bd_0/bd_0_hls_inst_0/bd_0_hls_inst_0_gnss_correlator/bd_0_hls_inst_0_gnss_correlator_fadd_32ns_32ns_32_2_full_dsp_1/bd_0_hls_inst_0_gnss_correlator_fadd_32ns_32ns_32_2_full_dsp_1_ip/<hidden>/<hidden>/<hidden>/<hidden>/<hidden>/<hidden>
                         net (fo=1, unplaced)         0.000    15.931    bd_0_wrapper/bd_0/bd_0_hls_inst_0/bd_0_hls_inst_0_gnss_correlator/bd_0_hls_inst_0_gnss_correlator_fadd_32ns_32ns_32_2_full_dsp_1/bd_0_hls_inst_0_gnss_correlator_fadd_32ns_32ns_32_2_full_dsp_1_ip/<hidden>/<hidden>/<hidden>/<hidden>/<hidden>
                         CARRY4 (Prop_carry4_S[1]_CO[3])
                                                      0.533    16.464 r  bd_0_wrapper/bd_0/bd_0_hls_inst_0/bd_0_hls_inst_0_gnss_correlator/bd_0_hls_inst_0_gnss_correlator_fadd_32ns_32ns_32_2_full_dsp_1/bd_0_hls_inst_0_gnss_correlator_fadd_32ns_32ns_32_2_full_dsp_1_ip/<hidden>/<hidden>/<hidden>/<hidden>/<hidden>
                         net (fo=1, unplaced)         0.009    16.473    bd_0_wrapper/bd_0/bd_0_hls_inst_0/bd_0_hls_inst_0_gnss_correlator/bd_0_hls_inst_0_gnss_correlator_fadd_32ns_32ns_32_2_full_dsp_1/bd_0_hls_inst_0_gnss_correlator_fadd_32ns_32ns_32_2_full_dsp_1_ip/<hidden>/<hidden>/<hidden>/<hidden>/<hidden>
                         CARRY4 (Prop_carry4_CI_O[1])
                                                      0.337    16.810 r  bd_0_wrapper/bd_0/bd_0_hls_inst_0/bd_0_hls_inst_0_gnss_correlator/bd_0_hls_inst_0_gnss_correlator_fadd_32ns_32ns_32_2_full_dsp_1/bd_0_hls_inst_0_gnss_correlator_fadd_32ns_32ns_32_2_full_dsp_1_ip/<hidden>/<hidden>/<hidden>/<hidden>/<hidden>
                         net (fo=3, unplaced)         0.800    17.610    bd_0_wrapper/bd_0/bd_0_hls_inst_0/bd_0_hls_inst_0_gnss_correlator/bd_0_hls_inst_0_gnss_correlator_fadd_32ns_32ns_32_2_full_dsp_1/bd_0_hls_inst_0_gnss_correlator_fadd_32ns_32ns_32_2_full_dsp_1_ip/<hidden>/<hidden>/<hidden>/<hidden>/<hidden>/<hidden>
                         DSP48E1 (Prop_dsp48e1_C[32]_P[12])
                                                      1.999    19.609 r  bd_0_wrapper/bd_0/bd_0_hls_inst_0/bd_0_hls_inst_0_gnss_correlator/bd_0_hls_inst_0_gnss_correlator_fadd_32ns_32ns_32_2_full_dsp_1/bd_0_hls_inst_0_gnss_correlator_fadd_32ns_32ns_32_2_full_dsp_1_ip/<hidden>/<hidden>/<hidden>/<hidden>/<hidden>/<hidden>
                         net (fo=1, unplaced)         0.800    20.409    bd_0_wrapper/bd_0/bd_0_hls_inst_0/bd_0_hls_inst_0_gnss_correlator/bd_0_hls_inst_0_gnss_correlator_fadd_32ns_32ns_32_2_full_dsp_1/bd_0_hls_inst_0_gnss_correlator_fadd_32ns_32ns_32_2_full_dsp_1_ip/<hidden>/<hidden>/<hidden>/<hidden>/<hidden>/<hidden>
                         LUT6 (Prop_lut6_I0_O)        0.124    20.533 r  bd_0_wrapper/bd_0/bd_0_hls_inst_0/bd_0_hls_inst_0_gnss_correlator/bd_0_hls_inst_0_gnss_correlator_fadd_32ns_32ns_32_2_full_dsp_1/bd_0_hls_inst_0_gnss_correlator_fadd_32ns_32ns_32_2_full_dsp_1_ip/<hidden>/<hidden>/<hidden>/<hidden>/<hidden>/<hidden>
                         net (fo=3, unplaced)         0.467    21.000    bd_0_i/hls_inst/inst/fadd_32ns_32ns_32_2_full_dsp_1_U2/r_tdata[10]
                         LUT3 (Prop_lut3_I0_O)        0.124    21.124 r  bd_0_i/hls_inst/inst/fadd_32ns_32ns_32_2_full_dsp_1_U2/acc_I_fu_98[10]_i_1/O
                         net (fo=2, unplaced)         0.000    21.124    bd_0_i/hls_inst/inst/grp_fu_182_p2[10]
                         FDRE                                         r  bd_0_i/hls_inst/inst/acc_I_fu_98_reg[10]/D
  -------------------------------------------------------------------    -------------------

                         (clock ap_clk rise edge)    10.000    10.000 r  
                                                      0.000    10.000 r  ap_clk (IN)
                         net (fo=3332, unset)         0.924    10.924    bd_0_i/hls_inst/inst/ap_clk
                         FDRE                                         r  bd_0_i/hls_inst/inst/acc_I_fu_98_reg[10]/C
                         clock pessimism              0.000    10.924    
                         clock uncertainty           -0.035    10.889    
                         FDRE (Setup_fdre_C_D)        0.077    10.966    bd_0_i/hls_inst/inst/acc_I_fu_98_reg[10]
  -------------------------------------------------------------------
                         required time                         10.966    
                         arrival time                         -21.124    
  -------------------------------------------------------------------
                         slack                                -10.158    

Slack (VIOLATED) :        -10.158ns  (required time - arrival time)
  Source:                 bd_0_i/hls_inst/inst/fadd_32ns_32ns_32_2_full_dsp_1_U2/din1_buf1_reg[24]/C
                            (rising edge-triggered cell FDRE clocked by ap_clk  {rise@0.000ns fall@5.000ns period=10.000ns})
  Destination:            bd_0_i/hls_inst/inst/acc_I_fu_98_reg[11]/D
                            (rising edge-triggered cell FDRE clocked by ap_clk  {rise@0.000ns fall@5.000ns period=10.000ns})
  Path Group:             ap_clk
  Path Type:              Setup (Max at Slow Process Corner)
  Requirement:            10.000ns  (ap_clk rise@10.000ns - ap_clk rise@0.000ns)
  Data Path Delay:        20.151ns  (logic 11.306ns (56.107%)  route 8.845ns (43.893%))
  Logic Levels:           13  (CARRY4=3 DSP48E1=2 LUT3=2 LUT4=1 LUT5=2 LUT6=3)
  Clock Path Skew:        -0.049ns (DCD - SCD + CPR)
    Destination Clock Delay (DCD):    0.924ns = ( 10.924 - 10.000 ) 
    Source Clock Delay      (SCD):    0.973ns
    Clock Pessimism Removal (CPR):    0.000ns
  Clock Uncertainty:      0.035ns  ((TSJ^2 + TIJ^2)^1/2 + DJ) / 2 + PE
    Total System Jitter     (TSJ):    0.071ns
    Total Input Jitter      (TIJ):    0.000ns
    Discrete Jitter          (DJ):    0.000ns
    Phase Error              (PE):    0.000ns

    Location             Delay type                Incr(ns)  Path(ns)    Netlist Resource(s)
  -------------------------------------------------------------------    -------------------
                         (clock ap_clk rise edge)     0.000     0.000 r  
                                                      0.000     0.000 r  ap_clk (IN)
                         net (fo=3332, unset)         0.973     0.973    bd_0_i/hls_inst/inst/fadd_32ns_32ns_32_2_full_dsp_1_U2/ap_clk
                         FDRE                                         r  bd_0_i/hls_inst/inst/fadd_32ns_32ns_32_2_full_dsp_1_U2/din1_buf1_reg[24]/C
  -------------------------------------------------------------------    -------------------
                         FDRE (Prop_fdre_C_Q)         0.518     1.491 r  bd_0_i/hls_inst/inst/fadd_32ns_32ns_32_2_full_dsp_1_U2/din1_buf1_reg[24]/Q
                         net (fo=9, unplaced)         0.847     2.338    bd_0_wrapper/bd_0/bd_0_hls_inst_0/bd_0_hls_inst_0_gnss_correlator/bd_0_hls_inst_0_gnss_correlator_fadd_32ns_32ns_32_2_full_dsp_1/bd_0_hls_inst_0_gnss_correlator_fadd_32ns_32ns_32_2_full_dsp_1_ip/<hidden>/<hidden>/<hidden>/<hidden>/<hidden>
                         LUT5 (Prop_lut5_I0_O)        0.323     2.661 r  bd_0_wrapper/bd_0/bd_0_hls_inst_0/bd_0_hls_inst_0_gnss_correlator/bd_0_hls_inst_0_gnss_correlator_fadd_32ns_32ns_32_2_full_dsp_1/bd_0_hls_inst_0_gnss_correlator_fadd_32ns_32ns_32_2_full_dsp_1_ip/<hidden>/<hidden>/<hidden>/<hidden>/<hidden>
                         net (fo=1, unplaced)         0.663     3.324    bd_0_wrapper/bd_0/bd_0_hls_inst_0/bd_0_hls_inst_0_gnss_correlator/bd_0_hls_inst_0_gnss_correlator_fadd_32ns_32ns_32_2_full_dsp_1/bd_0_hls_inst_0_gnss_correlator_fadd_32ns_32ns_32_2_full_dsp_1_ip/<hidden>/<hidden>/<hidden>/<hidden>/<hidden>/<hidden>
                         CARRY4 (Prop_carry4_S[1]_O[2])
                                                      0.702     4.026 r  bd_0_wrapper/bd_0/bd_0_hls_inst_0/bd_0_hls_inst_0_gnss_correlator/bd_0_hls_inst_0_gnss_correlator_fadd_32ns_32ns_32_2_full_dsp_1/bd_0_hls_inst_0_gnss_correlator_fadd_32ns_32ns_32_2_full_dsp_1_ip/<hidden>/<hidden>/<hidden>/<hidden>/<hidden>/<hidden>
                         net (fo=19, unplaced)        1.173     5.199    bd_0_wrapper/bd_0/bd_0_hls_inst_0/bd_0_hls_inst_0_gnss_correlator/bd_0_hls_inst_0_gnss_correlator_fadd_32ns_32ns_32_2_full_dsp_1/bd_0_hls_inst_0_gnss_correlator_fadd_32ns_32ns_32_2_full_dsp_1_ip/<hidden>/<hidden>/<hidden>/<hidden>/<hidden>/<hidden>
                         LUT6 (Prop_lut6_I2_O)        0.301     5.500 r  bd_0_wrapper/bd_0/bd_0_hls_inst_0/bd_0_hls_inst_0_gnss_correlator/bd_0_hls_inst_0_gnss_correlator_fadd_32ns_32ns_32_2_full_dsp_1/bd_0_hls_inst_0_gnss_correlator_fadd_32ns_32ns_32_2_full_dsp_1_ip/<hidden>/<hidden>/<hidden>/<hidden>/<hidden>/<hidden>
                         net (fo=2, unplaced)         0.800     6.300    bd_0_wrapper/bd_0/bd_0_hls_inst_0/bd_0_hls_inst_0_gnss_correlator/bd_0_hls_inst_0_gnss_correlator_fadd_32ns_32ns_32_2_full_dsp_1/bd_0_hls_inst_0_gnss_correlator_fadd_32ns_32ns_32_2_full_dsp_1_ip/<hidden>/<hidden>/<hidden>/<hidden>/<hidden>/<hidden>
                         DSP48E1 (Prop_dsp48e1_INMODE[2]_PATTERNDETECT)
                                                      5.849    12.149 r  bd_0_wrapper/bd_0/bd_0_hls_inst_0/bd_0_hls_inst_0_gnss_correlator/bd_0_hls_inst_0_gnss_correlator_fadd_32ns_32ns_32_2_full_dsp_1/bd_0_hls_inst_0_gnss_correlator_fadd_32ns_32ns_32_2_full_dsp_1_ip/<hidden>/<hidden>/<hidden>/<hidden>/<hidden>/<hidden>
                         net (fo=54, unplaced)        0.800    12.948    bd_0_wrapper/bd_0/bd_0_hls_inst_0/bd_0_hls_inst_0_gnss_correlator/bd_0_hls_inst_0_gnss_correlator_fadd_32ns_32ns_32_2_full_dsp_1/bd_0_hls_inst_0_gnss_correlator_fadd_32ns_32ns_32_2_full_dsp_1_ip/<hidden>/<hidden>/<hidden>/<hidden>/<hidden>/<hidden>
                         LUT3 (Prop_lut3_I1_O)        0.124    13.072 r  bd_0_wrapper/bd_0/bd_0_hls_inst_0/bd_0_hls_inst_0_gnss_correlator/bd_0_hls_inst_0_gnss_correlator_fadd_32ns_32ns_32_2_full_dsp_1/bd_0_hls_inst_0_gnss_correlator_fadd_32ns_32ns_32_2_full_dsp_1_ip/<hidden>/<hidden>/<hidden>/<hidden>/<hidden>/<hidden>
                         net (fo=3, unplaced)         0.920    13.992    bd_0_wrapper/bd_0/bd_0_hls_inst_0/bd_0_hls_inst_0_gnss_correlator/bd_0_hls_inst_0_gnss_correlator_fadd_32ns_32ns_32_2_full_dsp_1/bd_0_hls_inst_0_gnss_correlator_fadd_32ns_32ns_32_2_full_dsp_1_ip/<hidden>/<hidden>/<hidden>/<hidden>/<hidden>/<hidden>
                         LUT5 (Prop_lut5_I2_O)        0.124    14.116 r  bd_0_wrapper/bd_0/bd_0_hls_inst_0/bd_0_hls_inst_0_gnss_correlator/bd_0_hls_inst_0_gnss_correlator_fadd_32ns_32ns_32_2_full_dsp_1/bd_0_hls_inst_0_gnss_correlator_fadd_32ns_32ns_32_2_full_dsp_1_ip/<hidden>/<hidden>/<hidden>/<hidden>/<hidden>/<hidden>
                         net (fo=1, unplaced)         0.665    14.781    bd_0_wrapper/bd_0/bd_0_hls_inst_0/bd_0_hls_inst_0_gnss_correlator/bd_0_hls_inst_0_gnss_correlator_fadd_32ns_32ns_32_2_full_dsp_1/bd_0_hls_inst_0_gnss_correlator_fadd_32ns_32ns_32_2_full_dsp_1_ip/<hidden>/<hidden>/<hidden>/<hidden>/<hidden>/<hidden>
                         LUT4 (Prop_lut4_I0_O)        0.124    14.905 r  bd_0_wrapper/bd_0/bd_0_hls_inst_0/bd_0_hls_inst_0_gnss_correlator/bd_0_hls_inst_0_gnss_correlator_fadd_32ns_32ns_32_2_full_dsp_1/bd_0_hls_inst_0_gnss_correlator_fadd_32ns_32ns_32_2_full_dsp_1_ip/<hidden>/<hidden>/<hidden>/<hidden>/<hidden>/<hidden>
                         net (fo=1, unplaced)         0.902    15.807    bd_0_wrapper/bd_0/bd_0_hls_inst_0/bd_0_hls_inst_0_gnss_correlator/bd_0_hls_inst_0_gnss_correlator_fadd_32ns_32ns_32_2_full_dsp_1/bd_0_hls_inst_0_gnss_correlator_fadd_32ns_32ns_32_2_full_dsp_1_ip/<hidden>/<hidden>/<hidden>/<hidden>/<hidden>/<hidden>
                         LUT6 (Prop_lut6_I1_O)        0.124    15.931 r  bd_0_wrapper/bd_0/bd_0_hls_inst_0/bd_0_hls_inst_0_gnss_correlator/bd_0_hls_inst_0_gnss_correlator_fadd_32ns_32ns_32_2_full_dsp_1/bd_0_hls_inst_0_gnss_correlator_fadd_32ns_32ns_32_2_full_dsp_1_ip/<hidden>/<hidden>/<hidden>/<hidden>/<hidden>/<hidden>
                         net (fo=1, unplaced)         0.000    15.931    bd_0_wrapper/bd_0/bd_0_hls_inst_0/bd_0_hls_inst_0_gnss_correlator/bd_0_hls_inst_0_gnss_correlator_fadd_32ns_32ns_32_2_full_dsp_1/bd_0_hls_inst_0_gnss_correlator_fadd_32ns_32ns_32_2_full_dsp_1_ip/<hidden>/<hidden>/<hidden>/<hidden>/<hidden>
                         CARRY4 (Prop_carry4_S[1]_CO[3])
                                                      0.533    16.464 r  bd_0_wrapper/bd_0/bd_0_hls_inst_0/bd_0_hls_inst_0_gnss_correlator/bd_0_hls_inst_0_gnss_correlator_fadd_32ns_32ns_32_2_full_dsp_1/bd_0_hls_inst_0_gnss_correlator_fadd_32ns_32ns_32_2_full_dsp_1_ip/<hidden>/<hidden>/<hidden>/<hidden>/<hidden>
                         net (fo=1, unplaced)         0.009    16.473    bd_0_wrapper/bd_0/bd_0_hls_inst_0/bd_0_hls_inst_0_gnss_correlator/bd_0_hls_inst_0_gnss_correlator_fadd_32ns_32ns_32_2_full_dsp_1/bd_0_hls_inst_0_gnss_correlator_fadd_32ns_32ns_32_2_full_dsp_1_ip/<hidden>/<hidden>/<hidden>/<hidden>/<hidden>
                         CARRY4 (Prop_carry4_CI_O[1])
                                                      0.337    16.810 r  bd_0_wrapper/bd_0/bd_0_hls_inst_0/bd_0_hls_inst_0_gnss_correlator/bd_0_hls_inst_0_gnss_correlator_fadd_32ns_32ns_32_2_full_dsp_1/bd_0_hls_inst_0_gnss_correlator_fadd_32ns_32ns_32_2_full_dsp_1_ip/<hidden>/<hidden>/<hidden>/<hidden>/<hidden>
                         net (fo=3, unplaced)         0.800    17.610    bd_0_wrapper/bd_0/bd_0_hls_inst_0/bd_0_hls_inst_0_gnss_correlator/bd_0_hls_inst_0_gnss_correlator_fadd_32ns_32ns_32_2_full_dsp_1/bd_0_hls_inst_0_gnss_correlator_fadd_32ns_32ns_32_2_full_dsp_1_ip/<hidden>/<hidden>/<hidden>/<hidden>/<hidden>/<hidden>
                         DSP48E1 (Prop_dsp48e1_C[32]_P[13])
                                                      1.999    19.609 r  bd_0_wrapper/bd_0/bd_0_hls_inst_0/bd_0_hls_inst_0_gnss_correlator/bd_0_hls_inst_0_gnss_correlator_fadd_32ns_32ns_32_2_full_dsp_1/bd_0_hls_inst_0_gnss_correlator_fadd_32ns_32ns_32_2_full_dsp_1_ip/<hidden>/<hidden>/<hidden>/<hidden>/<hidden>/<hidden>
                         net (fo=1, unplaced)         0.800    20.409    bd_0_wrapper/bd_0/bd_0_hls_inst_0/bd_0_hls_inst_0_gnss_correlator/bd_0_hls_inst_0_gnss_correlator_fadd_32ns_32ns_32_2_full_dsp_1/bd_0_hls_inst_0_gnss_correlator_fadd_32ns_32ns_32_2_full_dsp_1_ip/<hidden>/<hidden>/<hidden>/<hidden>/<hidden>/<hidden>
                         LUT6 (Prop_lut6_I0_O)        0.124    20.533 r  bd_0_wrapper/bd_0/bd_0_hls_inst_0/bd_0_hls_inst_0_gnss_correlator/bd_0_hls_inst_0_gnss_correlator_fadd_32ns_32ns_32_2_full_dsp_1/bd_0_hls_inst_0_gnss_correlator_fadd_32ns_32ns_32_2_full_dsp_1_ip/<hidden>/<hidden>/<hidden>/<hidden>/<hidden>/<hidden>
                         net (fo=3, unplaced)         0.467    21.000    bd_0_i/hls_inst/inst/fadd_32ns_32ns_32_2_full_dsp_1_U2/r_tdata[11]
                         LUT3 (Prop_lut3_I0_O)        0.124    21.124 r  bd_0_i/hls_inst/inst/fadd_32ns_32ns_32_2_full_dsp_1_U2/acc_I_fu_98[11]_i_1/O
                         net (fo=2, unplaced)         0.000    21.124    bd_0_i/hls_inst/inst/grp_fu_182_p2[11]
                         FDRE                                         r  bd_0_i/hls_inst/inst/acc_I_fu_98_reg[11]/D
  -------------------------------------------------------------------    -------------------

                         (clock ap_clk rise edge)    10.000    10.000 r  
                                                      0.000    10.000 r  ap_clk (IN)
                         net (fo=3332, unset)         0.924    10.924    bd_0_i/hls_inst/inst/ap_clk
                         FDRE                                         r  bd_0_i/hls_inst/inst/acc_I_fu_98_reg[11]/C
                         clock pessimism              0.000    10.924    
                         clock uncertainty           -0.035    10.889    
                         FDRE (Setup_fdre_C_D)        0.077    10.966    bd_0_i/hls_inst/inst/acc_I_fu_98_reg[11]
  -------------------------------------------------------------------
                         required time                         10.966    
                         arrival time                         -21.124    
  -------------------------------------------------------------------
                         slack                                -10.158    

Slack (VIOLATED) :        -10.158ns  (required time - arrival time)
  Source:                 bd_0_i/hls_inst/inst/fadd_32ns_32ns_32_2_full_dsp_1_U2/din1_buf1_reg[24]/C
                            (rising edge-triggered cell FDRE clocked by ap_clk  {rise@0.000ns fall@5.000ns period=10.000ns})
  Destination:            bd_0_i/hls_inst/inst/acc_I_fu_98_reg[12]/D
                            (rising edge-triggered cell FDRE clocked by ap_clk  {rise@0.000ns fall@5.000ns period=10.000ns})
  Path Group:             ap_clk
  Path Type:              Setup (Max at Slow Process Corner)
  Requirement:            10.000ns  (ap_clk rise@10.000ns - ap_clk rise@0.000ns)
  Data Path Delay:        20.151ns  (logic 11.306ns (56.107%)  route 8.845ns (43.893%))
  Logic Levels:           13  (CARRY4=3 DSP48E1=2 LUT3=2 LUT4=1 LUT5=2 LUT6=3)
  Clock Path Skew:        -0.049ns (DCD - SCD + CPR)
    Destination Clock Delay (DCD):    0.924ns = ( 10.924 - 10.000 ) 
    Source Clock Delay      (SCD):    0.973ns
    Clock Pessimism Removal (CPR):    0.000ns
  Clock Uncertainty:      0.035ns  ((TSJ^2 + TIJ^2)^1/2 + DJ) / 2 + PE
    Total System Jitter     (TSJ):    0.071ns
    Total Input Jitter      (TIJ):    0.000ns
    Discrete Jitter          (DJ):    0.000ns
    Phase Error              (PE):    0.000ns

    Location             Delay type                Incr(ns)  Path(ns)    Netlist Resource(s)
  -------------------------------------------------------------------    -------------------
                         (clock ap_clk rise edge)     0.000     0.000 r  
                                                      0.000     0.000 r  ap_clk (IN)
                         net (fo=3332, unset)         0.973     0.973    bd_0_i/hls_inst/inst/fadd_32ns_32ns_32_2_full_dsp_1_U2/ap_clk
                         FDRE                                         r  bd_0_i/hls_inst/inst/fadd_32ns_32ns_32_2_full_dsp_1_U2/din1_buf1_reg[24]/C
  -------------------------------------------------------------------    -------------------
                         FDRE (Prop_fdre_C_Q)         0.518     1.491 r  bd_0_i/hls_inst/inst/fadd_32ns_32ns_32_2_full_dsp_1_U2/din1_buf1_reg[24]/Q
                         net (fo=9, unplaced)         0.847     2.338    bd_0_wrapper/bd_0/bd_0_hls_inst_0/bd_0_hls_inst_0_gnss_correlator/bd_0_hls_inst_0_gnss_correlator_fadd_32ns_32ns_32_2_full_dsp_1/bd_0_hls_inst_0_gnss_correlator_fadd_32ns_32ns_32_2_full_dsp_1_ip/<hidden>/<hidden>/<hidden>/<hidden>/<hidden>
                         LUT5 (Prop_lut5_I0_O)        0.323     2.661 r  bd_0_wrapper/bd_0/bd_0_hls_inst_0/bd_0_hls_inst_0_gnss_correlator/bd_0_hls_inst_0_gnss_correlator_fadd_32ns_32ns_32_2_full_dsp_1/bd_0_hls_inst_0_gnss_correlator_fadd_32ns_32ns_32_2_full_dsp_1_ip/<hidden>/<hidden>/<hidden>/<hidden>/<hidden>
                         net (fo=1, unplaced)         0.663     3.324    bd_0_wrapper/bd_0/bd_0_hls_inst_0/bd_0_hls_inst_0_gnss_correlator/bd_0_hls_inst_0_gnss_correlator_fadd_32ns_32ns_32_2_full_dsp_1/bd_0_hls_inst_0_gnss_correlator_fadd_32ns_32ns_32_2_full_dsp_1_ip/<hidden>/<hidden>/<hidden>/<hidden>/<hidden>/<hidden>
                         CARRY4 (Prop_carry4_S[1]_O[2])
                                                      0.702     4.026 r  bd_0_wrapper/bd_0/bd_0_hls_inst_0/bd_0_hls_inst_0_gnss_correlator/bd_0_hls_inst_0_gnss_correlator_fadd_32ns_32ns_32_2_full_dsp_1/bd_0_hls_inst_0_gnss_correlator_fadd_32ns_32ns_32_2_full_dsp_1_ip/<hidden>/<hidden>/<hidden>/<hidden>/<hidden>/<hidden>
                         net (fo=19, unplaced)        1.173     5.199    bd_0_wrapper/bd_0/bd_0_hls_inst_0/bd_0_hls_inst_0_gnss_correlator/bd_0_hls_inst_0_gnss_correlator_fadd_32ns_32ns_32_2_full_dsp_1/bd_0_hls_inst_0_gnss_correlator_fadd_32ns_32ns_32_2_full_dsp_1_ip/<hidden>/<hidden>/<hidden>/<hidden>/<hidden>/<hidden>
                         LUT6 (Prop_lut6_I2_O)        0.301     5.500 r  bd_0_wrapper/bd_0/bd_0_hls_inst_0/bd_0_hls_inst_0_gnss_correlator/bd_0_hls_inst_0_gnss_correlator_fadd_32ns_32ns_32_2_full_dsp_1/bd_0_hls_inst_0_gnss_correlator_fadd_32ns_32ns_32_2_full_dsp_1_ip/<hidden>/<hidden>/<hidden>/<hidden>/<hidden>/<hidden>
                         net (fo=2, unplaced)         0.800     6.300    bd_0_wrapper/bd_0/bd_0_hls_inst_0/bd_0_hls_inst_0_gnss_correlator/bd_0_hls_inst_0_gnss_correlator_fadd_32ns_32ns_32_2_full_dsp_1/bd_0_hls_inst_0_gnss_correlator_fadd_32ns_32ns_32_2_full_dsp_1_ip/<hidden>/<hidden>/<hidden>/<hidden>/<hidden>/<hidden>
                         DSP48E1 (Prop_dsp48e1_INMODE[2]_PATTERNDETECT)
                                                      5.849    12.149 r  bd_0_wrapper/bd_0/bd_0_hls_inst_0/bd_0_hls_inst_0_gnss_correlator/bd_0_hls_inst_0_gnss_correlator_fadd_32ns_32ns_32_2_full_dsp_1/bd_0_hls_inst_0_gnss_correlator_fadd_32ns_32ns_32_2_full_dsp_1_ip/<hidden>/<hidden>/<hidden>/<hidden>/<hidden>/<hidden>
                         net (fo=54, unplaced)        0.800    12.948    bd_0_wrapper/bd_0/bd_0_hls_inst_0/bd_0_hls_inst_0_gnss_correlator/bd_0_hls_inst_0_gnss_correlator_fadd_32ns_32ns_32_2_full_dsp_1/bd_0_hls_inst_0_gnss_correlator_fadd_32ns_32ns_32_2_full_dsp_1_ip/<hidden>/<hidden>/<hidden>/<hidden>/<hidden>/<hidden>
                         LUT3 (Prop_lut3_I1_O)        0.124    13.072 r  bd_0_wrapper/bd_0/bd_0_hls_inst_0/bd_0_hls_inst_0_gnss_correlator/bd_0_hls_inst_0_gnss_correlator_fadd_32ns_32ns_32_2_full_dsp_1/bd_0_hls_inst_0_gnss_correlator_fadd_32ns_32ns_32_2_full_dsp_1_ip/<hidden>/<hidden>/<hidden>/<hidden>/<hidden>/<hidden>
                         net (fo=3, unplaced)         0.920    13.992    bd_0_wrapper/bd_0/bd_0_hls_inst_0/bd_0_hls_inst_0_gnss_correlator/bd_0_hls_inst_0_gnss_correlator_fadd_32ns_32ns_32_2_full_dsp_1/bd_0_hls_inst_0_gnss_correlator_fadd_32ns_32ns_32_2_full_dsp_1_ip/<hidden>/<hidden>/<hidden>/<hidden>/<hidden>/<hidden>
                         LUT5 (Prop_lut5_I2_O)        0.124    14.116 r  bd_0_wrapper/bd_0/bd_0_hls_inst_0/bd_0_hls_inst_0_gnss_correlator/bd_0_hls_inst_0_gnss_correlator_fadd_32ns_32ns_32_2_full_dsp_1/bd_0_hls_inst_0_gnss_correlator_fadd_32ns_32ns_32_2_full_dsp_1_ip/<hidden>/<hidden>/<hidden>/<hidden>/<hidden>/<hidden>
                         net (fo=1, unplaced)         0.665    14.781    bd_0_wrapper/bd_0/bd_0_hls_inst_0/bd_0_hls_inst_0_gnss_correlator/bd_0_hls_inst_0_gnss_correlator_fadd_32ns_32ns_32_2_full_dsp_1/bd_0_hls_inst_0_gnss_correlator_fadd_32ns_32ns_32_2_full_dsp_1_ip/<hidden>/<hidden>/<hidden>/<hidden>/<hidden>/<hidden>
                         LUT4 (Prop_lut4_I0_O)        0.124    14.905 r  bd_0_wrapper/bd_0/bd_0_hls_inst_0/bd_0_hls_inst_0_gnss_correlator/bd_0_hls_inst_0_gnss_correlator_fadd_32ns_32ns_32_2_full_dsp_1/bd_0_hls_inst_0_gnss_correlator_fadd_32ns_32ns_32_2_full_dsp_1_ip/<hidden>/<hidden>/<hidden>/<hidden>/<hidden>/<hidden>
                         net (fo=1, unplaced)         0.902    15.807    bd_0_wrapper/bd_0/bd_0_hls_inst_0/bd_0_hls_inst_0_gnss_correlator/bd_0_hls_inst_0_gnss_correlator_fadd_32ns_32ns_32_2_full_dsp_1/bd_0_hls_inst_0_gnss_correlator_fadd_32ns_32ns_32_2_full_dsp_1_ip/<hidden>/<hidden>/<hidden>/<hidden>/<hidden>/<hidden>
                         LUT6 (Prop_lut6_I1_O)        0.124    15.931 r  bd_0_wrapper/bd_0/bd_0_hls_inst_0/bd_0_hls_inst_0_gnss_correlator/bd_0_hls_inst_0_gnss_correlator_fadd_32ns_32ns_32_2_full_dsp_1/bd_0_hls_inst_0_gnss_correlator_fadd_32ns_32ns_32_2_full_dsp_1_ip/<hidden>/<hidden>/<hidden>/<hidden>/<hidden>/<hidden>
                         net (fo=1, unplaced)         0.000    15.931    bd_0_wrapper/bd_0/bd_0_hls_inst_0/bd_0_hls_inst_0_gnss_correlator/bd_0_hls_inst_0_gnss_correlator_fadd_32ns_32ns_32_2_full_dsp_1/bd_0_hls_inst_0_gnss_correlator_fadd_32ns_32ns_32_2_full_dsp_1_ip/<hidden>/<hidden>/<hidden>/<hidden>/<hidden>
                         CARRY4 (Prop_carry4_S[1]_CO[3])
                                                      0.533    16.464 r  bd_0_wrapper/bd_0/bd_0_hls_inst_0/bd_0_hls_inst_0_gnss_correlator/bd_0_hls_inst_0_gnss_correlator_fadd_32ns_32ns_32_2_full_dsp_1/bd_0_hls_inst_0_gnss_correlator_fadd_32ns_32ns_32_2_full_dsp_1_ip/<hidden>/<hidden>/<hidden>/<hidden>/<hidden>
                         net (fo=1, unplaced)         0.009    16.473    bd_0_wrapper/bd_0/bd_0_hls_inst_0/bd_0_hls_inst_0_gnss_correlator/bd_0_hls_inst_0_gnss_correlator_fadd_32ns_32ns_32_2_full_dsp_1/bd_0_hls_inst_0_gnss_correlator_fadd_32ns_32ns_32_2_full_dsp_1_ip/<hidden>/<hidden>/<hidden>/<hidden>/<hidden>
                         CARRY4 (Prop_carry4_CI_O[1])
                                                      0.337    16.810 r  bd_0_wrapper/bd_0/bd_0_hls_inst_0/bd_0_hls_inst_0_gnss_correlator/bd_0_hls_inst_0_gnss_correlator_fadd_32ns_32ns_32_2_full_dsp_1/bd_0_hls_inst_0_gnss_correlator_fadd_32ns_32ns_32_2_full_dsp_1_ip/<hidden>/<hidden>/<hidden>/<hidden>/<hidden>
                         net (fo=3, unplaced)         0.800    17.610    bd_0_wrapper/bd_0/bd_0_hls_inst_0/bd_0_hls_inst_0_gnss_correlator/bd_0_hls_inst_0_gnss_correlator_fadd_32ns_32ns_32_2_full_dsp_1/bd_0_hls_inst_0_gnss_correlator_fadd_32ns_32ns_32_2_full_dsp_1_ip/<hidden>/<hidden>/<hidden>/<hidden>/<hidden>/<hidden>
                         DSP48E1 (Prop_dsp48e1_C[32]_P[14])
                                                      1.999    19.609 r  bd_0_wrapper/bd_0/bd_0_hls_inst_0/bd_0_hls_inst_0_gnss_correlator/bd_0_hls_inst_0_gnss_correlator_fadd_32ns_32ns_32_2_full_dsp_1/bd_0_hls_inst_0_gnss_correlator_fadd_32ns_32ns_32_2_full_dsp_1_ip/<hidden>/<hidden>/<hidden>/<hidden>/<hidden>/<hidden>
                         net (fo=1, unplaced)         0.800    20.409    bd_0_wrapper/bd_0/bd_0_hls_inst_0/bd_0_hls_inst_0_gnss_correlator/bd_0_hls_inst_0_gnss_correlator_fadd_32ns_32ns_32_2_full_dsp_1/bd_0_hls_inst_0_gnss_correlator_fadd_32ns_32ns_32_2_full_dsp_1_ip/<hidden>/<hidden>/<hidden>/<hidden>/<hidden>/<hidden>
                         LUT6 (Prop_lut6_I0_O)        0.124    20.533 r  bd_0_wrapper/bd_0/bd_0_hls_inst_0/bd_0_hls_inst_0_gnss_correlator/bd_0_hls_inst_0_gnss_correlator_fadd_32ns_32ns_32_2_full_dsp_1/bd_0_hls_inst_0_gnss_correlator_fadd_32ns_32ns_32_2_full_dsp_1_ip/<hidden>/<hidden>/<hidden>/<hidden>/<hidden>/<hidden>
                         net (fo=3, unplaced)         0.467    21.000    bd_0_i/hls_inst/inst/fadd_32ns_32ns_32_2_full_dsp_1_U2/r_tdata[12]
                         LUT3 (Prop_lut3_I0_O)        0.124    21.124 r  bd_0_i/hls_inst/inst/fadd_32ns_32ns_32_2_full_dsp_1_U2/acc_I_fu_98[12]_i_1/O
                         net (fo=2, unplaced)         0.000    21.124    bd_0_i/hls_inst/inst/grp_fu_182_p2[12]
                         FDRE                                         r  bd_0_i/hls_inst/inst/acc_I_fu_98_reg[12]/D
  -------------------------------------------------------------------    -------------------

                         (clock ap_clk rise edge)    10.000    10.000 r  
                                                      0.000    10.000 r  ap_clk (IN)
                         net (fo=3332, unset)         0.924    10.924    bd_0_i/hls_inst/inst/ap_clk
                         FDRE                                         r  bd_0_i/hls_inst/inst/acc_I_fu_98_reg[12]/C
                         clock pessimism              0.000    10.924    
                         clock uncertainty           -0.035    10.889    
                         FDRE (Setup_fdre_C_D)        0.077    10.966    bd_0_i/hls_inst/inst/acc_I_fu_98_reg[12]
  -------------------------------------------------------------------
                         required time                         10.966    
                         arrival time                         -21.124    
  -------------------------------------------------------------------
                         slack                                -10.158    

Slack (VIOLATED) :        -10.158ns  (required time - arrival time)
  Source:                 bd_0_i/hls_inst/inst/fadd_32ns_32ns_32_2_full_dsp_1_U2/din1_buf1_reg[24]/C
                            (rising edge-triggered cell FDRE clocked by ap_clk  {rise@0.000ns fall@5.000ns period=10.000ns})
  Destination:            bd_0_i/hls_inst/inst/acc_I_fu_98_reg[13]/D
                            (rising edge-triggered cell FDRE clocked by ap_clk  {rise@0.000ns fall@5.000ns period=10.000ns})
  Path Group:             ap_clk
  Path Type:              Setup (Max at Slow Process Corner)
  Requirement:            10.000ns  (ap_clk rise@10.000ns - ap_clk rise@0.000ns)
  Data Path Delay:        20.151ns  (logic 11.306ns (56.107%)  route 8.845ns (43.893%))
  Logic Levels:           13  (CARRY4=3 DSP48E1=2 LUT3=2 LUT4=1 LUT5=2 LUT6=3)
  Clock Path Skew:        -0.049ns (DCD - SCD + CPR)
    Destination Clock Delay (DCD):    0.924ns = ( 10.924 - 10.000 ) 
    Source Clock Delay      (SCD):    0.973ns
    Clock Pessimism Removal (CPR):    0.000ns
  Clock Uncertainty:      0.035ns  ((TSJ^2 + TIJ^2)^1/2 + DJ) / 2 + PE
    Total System Jitter     (TSJ):    0.071ns
    Total Input Jitter      (TIJ):    0.000ns
    Discrete Jitter          (DJ):    0.000ns
    Phase Error              (PE):    0.000ns

    Location             Delay type                Incr(ns)  Path(ns)    Netlist Resource(s)
  -------------------------------------------------------------------    -------------------
                         (clock ap_clk rise edge)     0.000     0.000 r  
                                                      0.000     0.000 r  ap_clk (IN)
                         net (fo=3332, unset)         0.973     0.973    bd_0_i/hls_inst/inst/fadd_32ns_32ns_32_2_full_dsp_1_U2/ap_clk
                         FDRE                                         r  bd_0_i/hls_inst/inst/fadd_32ns_32ns_32_2_full_dsp_1_U2/din1_buf1_reg[24]/C
  -------------------------------------------------------------------    -------------------
                         FDRE (Prop_fdre_C_Q)         0.518     1.491 r  bd_0_i/hls_inst/inst/fadd_32ns_32ns_32_2_full_dsp_1_U2/din1_buf1_reg[24]/Q
                         net (fo=9, unplaced)         0.847     2.338    bd_0_wrapper/bd_0/bd_0_hls_inst_0/bd_0_hls_inst_0_gnss_correlator/bd_0_hls_inst_0_gnss_correlator_fadd_32ns_32ns_32_2_full_dsp_1/bd_0_hls_inst_0_gnss_correlator_fadd_32ns_32ns_32_2_full_dsp_1_ip/<hidden>/<hidden>/<hidden>/<hidden>/<hidden>
                         LUT5 (Prop_lut5_I0_O)        0.323     2.661 r  bd_0_wrapper/bd_0/bd_0_hls_inst_0/bd_0_hls_inst_0_gnss_correlator/bd_0_hls_inst_0_gnss_correlator_fadd_32ns_32ns_32_2_full_dsp_1/bd_0_hls_inst_0_gnss_correlator_fadd_32ns_32ns_32_2_full_dsp_1_ip/<hidden>/<hidden>/<hidden>/<hidden>/<hidden>
                         net (fo=1, unplaced)         0.663     3.324    bd_0_wrapper/bd_0/bd_0_hls_inst_0/bd_0_hls_inst_0_gnss_correlator/bd_0_hls_inst_0_gnss_correlator_fadd_32ns_32ns_32_2_full_dsp_1/bd_0_hls_inst_0_gnss_correlator_fadd_32ns_32ns_32_2_full_dsp_1_ip/<hidden>/<hidden>/<hidden>/<hidden>/<hidden>/<hidden>
                         CARRY4 (Prop_carry4_S[1]_O[2])
                                                      0.702     4.026 r  bd_0_wrapper/bd_0/bd_0_hls_inst_0/bd_0_hls_inst_0_gnss_correlator/bd_0_hls_inst_0_gnss_correlator_fadd_32ns_32ns_32_2_full_dsp_1/bd_0_hls_inst_0_gnss_correlator_fadd_32ns_32ns_32_2_full_dsp_1_ip/<hidden>/<hidden>/<hidden>/<hidden>/<hidden>/<hidden>
                         net (fo=19, unplaced)        1.173     5.199    bd_0_wrapper/bd_0/bd_0_hls_inst_0/bd_0_hls_inst_0_gnss_correlator/bd_0_hls_inst_0_gnss_correlator_fadd_32ns_32ns_32_2_full_dsp_1/bd_0_hls_inst_0_gnss_correlator_fadd_32ns_32ns_32_2_full_dsp_1_ip/<hidden>/<hidden>/<hidden>/<hidden>/<hidden>/<hidden>
                         LUT6 (Prop_lut6_I2_O)        0.301     5.500 r  bd_0_wrapper/bd_0/bd_0_hls_inst_0/bd_0_hls_inst_0_gnss_correlator/bd_0_hls_inst_0_gnss_correlator_fadd_32ns_32ns_32_2_full_dsp_1/bd_0_hls_inst_0_gnss_correlator_fadd_32ns_32ns_32_2_full_dsp_1_ip/<hidden>/<hidden>/<hidden>/<hidden>/<hidden>/<hidden>
                         net (fo=2, unplaced)         0.800     6.300    bd_0_wrapper/bd_0/bd_0_hls_inst_0/bd_0_hls_inst_0_gnss_correlator/bd_0_hls_inst_0_gnss_correlator_fadd_32ns_32ns_32_2_full_dsp_1/bd_0_hls_inst_0_gnss_correlator_fadd_32ns_32ns_32_2_full_dsp_1_ip/<hidden>/<hidden>/<hidden>/<hidden>/<hidden>/<hidden>
                         DSP48E1 (Prop_dsp48e1_INMODE[2]_PATTERNDETECT)
                                                      5.849    12.149 r  bd_0_wrapper/bd_0/bd_0_hls_inst_0/bd_0_hls_inst_0_gnss_correlator/bd_0_hls_inst_0_gnss_correlator_fadd_32ns_32ns_32_2_full_dsp_1/bd_0_hls_inst_0_gnss_correlator_fadd_32ns_32ns_32_2_full_dsp_1_ip/<hidden>/<hidden>/<hidden>/<hidden>/<hidden>/<hidden>
                         net (fo=54, unplaced)        0.800    12.948    bd_0_wrapper/bd_0/bd_0_hls_inst_0/bd_0_hls_inst_0_gnss_correlator/bd_0_hls_inst_0_gnss_correlator_fadd_32ns_32ns_32_2_full_dsp_1/bd_0_hls_inst_0_gnss_correlator_fadd_32ns_32ns_32_2_full_dsp_1_ip/<hidden>/<hidden>/<hidden>/<hidden>/<hidden>/<hidden>
                         LUT3 (Prop_lut3_I1_O)        0.124    13.072 r  bd_0_wrapper/bd_0/bd_0_hls_inst_0/bd_0_hls_inst_0_gnss_correlator/bd_0_hls_inst_0_gnss_correlator_fadd_32ns_32ns_32_2_full_dsp_1/bd_0_hls_inst_0_gnss_correlator_fadd_32ns_32ns_32_2_full_dsp_1_ip/<hidden>/<hidden>/<hidden>/<hidden>/<hidden>/<hidden>
                         net (fo=3, unplaced)         0.920    13.992    bd_0_wrapper/bd_0/bd_0_hls_inst_0/bd_0_hls_inst_0_gnss_correlator/bd_0_hls_inst_0_gnss_correlator_fadd_32ns_32ns_32_2_full_dsp_1/bd_0_hls_inst_0_gnss_correlator_fadd_32ns_32ns_32_2_full_dsp_1_ip/<hidden>/<hidden>/<hidden>/<hidden>/<hidden>/<hidden>
                         LUT5 (Prop_lut5_I2_O)        0.124    14.116 r  bd_0_wrapper/bd_0/bd_0_hls_inst_0/bd_0_hls_inst_0_gnss_correlator/bd_0_hls_inst_0_gnss_correlator_fadd_32ns_32ns_32_2_full_dsp_1/bd_0_hls_inst_0_gnss_correlator_fadd_32ns_32ns_32_2_full_dsp_1_ip/<hidden>/<hidden>/<hidden>/<hidden>/<hidden>/<hidden>
                         net (fo=1, unplaced)         0.665    14.781    bd_0_wrapper/bd_0/bd_0_hls_inst_0/bd_0_hls_inst_0_gnss_correlator/bd_0_hls_inst_0_gnss_correlator_fadd_32ns_32ns_32_2_full_dsp_1/bd_0_hls_inst_0_gnss_correlator_fadd_32ns_32ns_32_2_full_dsp_1_ip/<hidden>/<hidden>/<hidden>/<hidden>/<hidden>/<hidden>
                         LUT4 (Prop_lut4_I0_O)        0.124    14.905 r  bd_0_wrapper/bd_0/bd_0_hls_inst_0/bd_0_hls_inst_0_gnss_correlator/bd_0_hls_inst_0_gnss_correlator_fadd_32ns_32ns_32_2_full_dsp_1/bd_0_hls_inst_0_gnss_correlator_fadd_32ns_32ns_32_2_full_dsp_1_ip/<hidden>/<hidden>/<hidden>/<hidden>/<hidden>/<hidden>
                         net (fo=1, unplaced)         0.902    15.807    bd_0_wrapper/bd_0/bd_0_hls_inst_0/bd_0_hls_inst_0_gnss_correlator/bd_0_hls_inst_0_gnss_correlator_fadd_32ns_32ns_32_2_full_dsp_1/bd_0_hls_inst_0_gnss_correlator_fadd_32ns_32ns_32_2_full_dsp_1_ip/<hidden>/<hidden>/<hidden>/<hidden>/<hidden>/<hidden>
                         LUT6 (Prop_lut6_I1_O)        0.124    15.931 r  bd_0_wrapper/bd_0/bd_0_hls_inst_0/bd_0_hls_inst_0_gnss_correlator/bd_0_hls_inst_0_gnss_correlator_fadd_32ns_32ns_32_2_full_dsp_1/bd_0_hls_inst_0_gnss_correlator_fadd_32ns_32ns_32_2_full_dsp_1_ip/<hidden>/<hidden>/<hidden>/<hidden>/<hidden>/<hidden>
                         net (fo=1, unplaced)         0.000    15.931    bd_0_wrapper/bd_0/bd_0_hls_inst_0/bd_0_hls_inst_0_gnss_correlator/bd_0_hls_inst_0_gnss_correlator_fadd_32ns_32ns_32_2_full_dsp_1/bd_0_hls_inst_0_gnss_correlator_fadd_32ns_32ns_32_2_full_dsp_1_ip/<hidden>/<hidden>/<hidden>/<hidden>/<hidden>
                         CARRY4 (Prop_carry4_S[1]_CO[3])
                                                      0.533    16.464 r  bd_0_wrapper/bd_0/bd_0_hls_inst_0/bd_0_hls_inst_0_gnss_correlator/bd_0_hls_inst_0_gnss_correlator_fadd_32ns_32ns_32_2_full_dsp_1/bd_0_hls_inst_0_gnss_correlator_fadd_32ns_32ns_32_2_full_dsp_1_ip/<hidden>/<hidden>/<hidden>/<hidden>/<hidden>
                         net (fo=1, unplaced)         0.009    16.473    bd_0_wrapper/bd_0/bd_0_hls_inst_0/bd_0_hls_inst_0_gnss_correlator/bd_0_hls_inst_0_gnss_correlator_fadd_32ns_32ns_32_2_full_dsp_1/bd_0_hls_inst_0_gnss_correlator_fadd_32ns_32ns_32_2_full_dsp_1_ip/<hidden>/<hidden>/<hidden>/<hidden>/<hidden>
                         CARRY4 (Prop_carry4_CI_O[1])
                                                      0.337    16.810 r  bd_0_wrapper/bd_0/bd_0_hls_inst_0/bd_0_hls_inst_0_gnss_correlator/bd_0_hls_inst_0_gnss_correlator_fadd_32ns_32ns_32_2_full_dsp_1/bd_0_hls_inst_0_gnss_correlator_fadd_32ns_32ns_32_2_full_dsp_1_ip/<hidden>/<hidden>/<hidden>/<hidden>/<hidden>
                         net (fo=3, unplaced)         0.800    17.610    bd_0_wrapper/bd_0/bd_0_hls_inst_0/bd_0_hls_inst_0_gnss_correlator/bd_0_hls_inst_0_gnss_correlator_fadd_32ns_32ns_32_2_full_dsp_1/bd_0_hls_inst_0_gnss_correlator_fadd_32ns_32ns_32_2_full_dsp_1_ip/<hidden>/<hidden>/<hidden>/<hidden>/<hidden>/<hidden>
                         DSP48E1 (Prop_dsp48e1_C[32]_P[15])
                                                      1.999    19.609 r  bd_0_wrapper/bd_0/bd_0_hls_inst_0/bd_0_hls_inst_0_gnss_correlator/bd_0_hls_inst_0_gnss_correlator_fadd_32ns_32ns_32_2_full_dsp_1/bd_0_hls_inst_0_gnss_correlator_fadd_32ns_32ns_32_2_full_dsp_1_ip/<hidden>/<hidden>/<hidden>/<hidden>/<hidden>/<hidden>
                         net (fo=1, unplaced)         0.800    20.409    bd_0_wrapper/bd_0/bd_0_hls_inst_0/bd_0_hls_inst_0_gnss_correlator/bd_0_hls_inst_0_gnss_correlator_fadd_32ns_32ns_32_2_full_dsp_1/bd_0_hls_inst_0_gnss_correlator_fadd_32ns_32ns_32_2_full_dsp_1_ip/<hidden>/<hidden>/<hidden>/<hidden>/<hidden>/<hidden>
                         LUT6 (Prop_lut6_I0_O)        0.124    20.533 r  bd_0_wrapper/bd_0/bd_0_hls_inst_0/bd_0_hls_inst_0_gnss_correlator/bd_0_hls_inst_0_gnss_correlator_fadd_32ns_32ns_32_2_full_dsp_1/bd_0_hls_inst_0_gnss_correlator_fadd_32ns_32ns_32_2_full_dsp_1_ip/<hidden>/<hidden>/<hidden>/<hidden>/<hidden>/<hidden>
                         net (fo=3, unplaced)         0.467    21.000    bd_0_i/hls_inst/inst/fadd_32ns_32ns_32_2_full_dsp_1_U2/r_tdata[13]
                         LUT3 (Prop_lut3_I0_O)        0.124    21.124 r  bd_0_i/hls_inst/inst/fadd_32ns_32ns_32_2_full_dsp_1_U2/acc_I_fu_98[13]_i_1/O
                         net (fo=2, unplaced)         0.000    21.124    bd_0_i/hls_inst/inst/grp_fu_182_p2[13]
                         FDRE                                         r  bd_0_i/hls_inst/inst/acc_I_fu_98_reg[13]/D
  -------------------------------------------------------------------    -------------------

                         (clock ap_clk rise edge)    10.000    10.000 r  
                                                      0.000    10.000 r  ap_clk (IN)
                         net (fo=3332, unset)         0.924    10.924    bd_0_i/hls_inst/inst/ap_clk
                         FDRE                                         r  bd_0_i/hls_inst/inst/acc_I_fu_98_reg[13]/C
                         clock pessimism              0.000    10.924    
                         clock uncertainty           -0.035    10.889    
                         FDRE (Setup_fdre_C_D)        0.077    10.966    bd_0_i/hls_inst/inst/acc_I_fu_98_reg[13]
  -------------------------------------------------------------------
                         required time                         10.966    
                         arrival time                         -21.124    
  -------------------------------------------------------------------
                         slack                                -10.158    

Slack (VIOLATED) :        -10.158ns  (required time - arrival time)
  Source:                 bd_0_i/hls_inst/inst/fadd_32ns_32ns_32_2_full_dsp_1_U2/din1_buf1_reg[24]/C
                            (rising edge-triggered cell FDRE clocked by ap_clk  {rise@0.000ns fall@5.000ns period=10.000ns})
  Destination:            bd_0_i/hls_inst/inst/acc_I_fu_98_reg[14]/D
                            (rising edge-triggered cell FDRE clocked by ap_clk  {rise@0.000ns fall@5.000ns period=10.000ns})
  Path Group:             ap_clk
  Path Type:              Setup (Max at Slow Process Corner)
  Requirement:            10.000ns  (ap_clk rise@10.000ns - ap_clk rise@0.000ns)
  Data Path Delay:        20.151ns  (logic 11.306ns (56.107%)  route 8.845ns (43.893%))
  Logic Levels:           13  (CARRY4=3 DSP48E1=2 LUT3=2 LUT4=1 LUT5=2 LUT6=3)
  Clock Path Skew:        -0.049ns (DCD - SCD + CPR)
    Destination Clock Delay (DCD):    0.924ns = ( 10.924 - 10.000 ) 
    Source Clock Delay      (SCD):    0.973ns
    Clock Pessimism Removal (CPR):    0.000ns
  Clock Uncertainty:      0.035ns  ((TSJ^2 + TIJ^2)^1/2 + DJ) / 2 + PE
    Total System Jitter     (TSJ):    0.071ns
    Total Input Jitter      (TIJ):    0.000ns
    Discrete Jitter          (DJ):    0.000ns
    Phase Error              (PE):    0.000ns

    Location             Delay type                Incr(ns)  Path(ns)    Netlist Resource(s)
  -------------------------------------------------------------------    -------------------
                         (clock ap_clk rise edge)     0.000     0.000 r  
                                                      0.000     0.000 r  ap_clk (IN)
                         net (fo=3332, unset)         0.973     0.973    bd_0_i/hls_inst/inst/fadd_32ns_32ns_32_2_full_dsp_1_U2/ap_clk
                         FDRE                                         r  bd_0_i/hls_inst/inst/fadd_32ns_32ns_32_2_full_dsp_1_U2/din1_buf1_reg[24]/C
  -------------------------------------------------------------------    -------------------
                         FDRE (Prop_fdre_C_Q)         0.518     1.491 r  bd_0_i/hls_inst/inst/fadd_32ns_32ns_32_2_full_dsp_1_U2/din1_buf1_reg[24]/Q
                         net (fo=9, unplaced)         0.847     2.338    bd_0_wrapper/bd_0/bd_0_hls_inst_0/bd_0_hls_inst_0_gnss_correlator/bd_0_hls_inst_0_gnss_correlator_fadd_32ns_32ns_32_2_full_dsp_1/bd_0_hls_inst_0_gnss_correlator_fadd_32ns_32ns_32_2_full_dsp_1_ip/<hidden>/<hidden>/<hidden>/<hidden>/<hidden>
                         LUT5 (Prop_lut5_I0_O)        0.323     2.661 r  bd_0_wrapper/bd_0/bd_0_hls_inst_0/bd_0_hls_inst_0_gnss_correlator/bd_0_hls_inst_0_gnss_correlator_fadd_32ns_32ns_32_2_full_dsp_1/bd_0_hls_inst_0_gnss_correlator_fadd_32ns_32ns_32_2_full_dsp_1_ip/<hidden>/<hidden>/<hidden>/<hidden>/<hidden>
                         net (fo=1, unplaced)         0.663     3.324    bd_0_wrapper/bd_0/bd_0_hls_inst_0/bd_0_hls_inst_0_gnss_correlator/bd_0_hls_inst_0_gnss_correlator_fadd_32ns_32ns_32_2_full_dsp_1/bd_0_hls_inst_0_gnss_correlator_fadd_32ns_32ns_32_2_full_dsp_1_ip/<hidden>/<hidden>/<hidden>/<hidden>/<hidden>/<hidden>
                         CARRY4 (Prop_carry4_S[1]_O[2])
                                                      0.702     4.026 r  bd_0_wrapper/bd_0/bd_0_hls_inst_0/bd_0_hls_inst_0_gnss_correlator/bd_0_hls_inst_0_gnss_correlator_fadd_32ns_32ns_32_2_full_dsp_1/bd_0_hls_inst_0_gnss_correlator_fadd_32ns_32ns_32_2_full_dsp_1_ip/<hidden>/<hidden>/<hidden>/<hidden>/<hidden>/<hidden>
                         net (fo=19, unplaced)        1.173     5.199    bd_0_wrapper/bd_0/bd_0_hls_inst_0/bd_0_hls_inst_0_gnss_correlator/bd_0_hls_inst_0_gnss_correlator_fadd_32ns_32ns_32_2_full_dsp_1/bd_0_hls_inst_0_gnss_correlator_fadd_32ns_32ns_32_2_full_dsp_1_ip/<hidden>/<hidden>/<hidden>/<hidden>/<hidden>/<hidden>
                         LUT6 (Prop_lut6_I2_O)        0.301     5.500 r  bd_0_wrapper/bd_0/bd_0_hls_inst_0/bd_0_hls_inst_0_gnss_correlator/bd_0_hls_inst_0_gnss_correlator_fadd_32ns_32ns_32_2_full_dsp_1/bd_0_hls_inst_0_gnss_correlator_fadd_32ns_32ns_32_2_full_dsp_1_ip/<hidden>/<hidden>/<hidden>/<hidden>/<hidden>/<hidden>
                         net (fo=2, unplaced)         0.800     6.300    bd_0_wrapper/bd_0/bd_0_hls_inst_0/bd_0_hls_inst_0_gnss_correlator/bd_0_hls_inst_0_gnss_correlator_fadd_32ns_32ns_32_2_full_dsp_1/bd_0_hls_inst_0_gnss_correlator_fadd_32ns_32ns_32_2_full_dsp_1_ip/<hidden>/<hidden>/<hidden>/<hidden>/<hidden>/<hidden>
                         DSP48E1 (Prop_dsp48e1_INMODE[2]_PATTERNDETECT)
                                                      5.849    12.149 r  bd_0_wrapper/bd_0/bd_0_hls_inst_0/bd_0_hls_inst_0_gnss_correlator/bd_0_hls_inst_0_gnss_correlator_fadd_32ns_32ns_32_2_full_dsp_1/bd_0_hls_inst_0_gnss_correlator_fadd_32ns_32ns_32_2_full_dsp_1_ip/<hidden>/<hidden>/<hidden>/<hidden>/<hidden>/<hidden>
                         net (fo=54, unplaced)        0.800    12.948    bd_0_wrapper/bd_0/bd_0_hls_inst_0/bd_0_hls_inst_0_gnss_correlator/bd_0_hls_inst_0_gnss_correlator_fadd_32ns_32ns_32_2_full_dsp_1/bd_0_hls_inst_0_gnss_correlator_fadd_32ns_32ns_32_2_full_dsp_1_ip/<hidden>/<hidden>/<hidden>/<hidden>/<hidden>/<hidden>
                         LUT3 (Prop_lut3_I1_O)        0.124    13.072 r  bd_0_wrapper/bd_0/bd_0_hls_inst_0/bd_0_hls_inst_0_gnss_correlator/bd_0_hls_inst_0_gnss_correlator_fadd_32ns_32ns_32_2_full_dsp_1/bd_0_hls_inst_0_gnss_correlator_fadd_32ns_32ns_32_2_full_dsp_1_ip/<hidden>/<hidden>/<hidden>/<hidden>/<hidden>/<hidden>
                         net (fo=3, unplaced)         0.920    13.992    bd_0_wrapper/bd_0/bd_0_hls_inst_0/bd_0_hls_inst_0_gnss_correlator/bd_0_hls_inst_0_gnss_correlator_fadd_32ns_32ns_32_2_full_dsp_1/bd_0_hls_inst_0_gnss_correlator_fadd_32ns_32ns_32_2_full_dsp_1_ip/<hidden>/<hidden>/<hidden>/<hidden>/<hidden>/<hidden>
                         LUT5 (Prop_lut5_I2_O)        0.124    14.116 r  bd_0_wrapper/bd_0/bd_0_hls_inst_0/bd_0_hls_inst_0_gnss_correlator/bd_0_hls_inst_0_gnss_correlator_fadd_32ns_32ns_32_2_full_dsp_1/bd_0_hls_inst_0_gnss_correlator_fadd_32ns_32ns_32_2_full_dsp_1_ip/<hidden>/<hidden>/<hidden>/<hidden>/<hidden>/<hidden>
                         net (fo=1, unplaced)         0.665    14.781    bd_0_wrapper/bd_0/bd_0_hls_inst_0/bd_0_hls_inst_0_gnss_correlator/bd_0_hls_inst_0_gnss_correlator_fadd_32ns_32ns_32_2_full_dsp_1/bd_0_hls_inst_0_gnss_correlator_fadd_32ns_32ns_32_2_full_dsp_1_ip/<hidden>/<hidden>/<hidden>/<hidden>/<hidden>/<hidden>
                         LUT4 (Prop_lut4_I0_O)        0.124    14.905 r  bd_0_wrapper/bd_0/bd_0_hls_inst_0/bd_0_hls_inst_0_gnss_correlator/bd_0_hls_inst_0_gnss_correlator_fadd_32ns_32ns_32_2_full_dsp_1/bd_0_hls_inst_0_gnss_correlator_fadd_32ns_32ns_32_2_full_dsp_1_ip/<hidden>/<hidden>/<hidden>/<hidden>/<hidden>/<hidden>
                         net (fo=1, unplaced)         0.902    15.807    bd_0_wrapper/bd_0/bd_0_hls_inst_0/bd_0_hls_inst_0_gnss_correlator/bd_0_hls_inst_0_gnss_correlator_fadd_32ns_32ns_32_2_full_dsp_1/bd_0_hls_inst_0_gnss_correlator_fadd_32ns_32ns_32_2_full_dsp_1_ip/<hidden>/<hidden>/<hidden>/<hidden>/<hidden>/<hidden>
                         LUT6 (Prop_lut6_I1_O)        0.124    15.931 r  bd_0_wrapper/bd_0/bd_0_hls_inst_0/bd_0_hls_inst_0_gnss_correlator/bd_0_hls_inst_0_gnss_correlator_fadd_32ns_32ns_32_2_full_dsp_1/bd_0_hls_inst_0_gnss_correlator_fadd_32ns_32ns_32_2_full_dsp_1_ip/<hidden>/<hidden>/<hidden>/<hidden>/<hidden>/<hidden>
                         net (fo=1, unplaced)         0.000    15.931    bd_0_wrapper/bd_0/bd_0_hls_inst_0/bd_0_hls_inst_0_gnss_correlator/bd_0_hls_inst_0_gnss_correlator_fadd_32ns_32ns_32_2_full_dsp_1/bd_0_hls_inst_0_gnss_correlator_fadd_32ns_32ns_32_2_full_dsp_1_ip/<hidden>/<hidden>/<hidden>/<hidden>/<hidden>
                         CARRY4 (Prop_carry4_S[1]_CO[3])
                                                      0.533    16.464 r  bd_0_wrapper/bd_0/bd_0_hls_inst_0/bd_0_hls_inst_0_gnss_correlator/bd_0_hls_inst_0_gnss_correlator_fadd_32ns_32ns_32_2_full_dsp_1/bd_0_hls_inst_0_gnss_correlator_fadd_32ns_32ns_32_2_full_dsp_1_ip/<hidden>/<hidden>/<hidden>/<hidden>/<hidden>
                         net (fo=1, unplaced)         0.009    16.473    bd_0_wrapper/bd_0/bd_0_hls_inst_0/bd_0_hls_inst_0_gnss_correlator/bd_0_hls_inst_0_gnss_correlator_fadd_32ns_32ns_32_2_full_dsp_1/bd_0_hls_inst_0_gnss_correlator_fadd_32ns_32ns_32_2_full_dsp_1_ip/<hidden>/<hidden>/<hidden>/<hidden>/<hidden>
                         CARRY4 (Prop_carry4_CI_O[1])
                                                      0.337    16.810 r  bd_0_wrapper/bd_0/bd_0_hls_inst_0/bd_0_hls_inst_0_gnss_correlator/bd_0_hls_inst_0_gnss_correlator_fadd_32ns_32ns_32_2_full_dsp_1/bd_0_hls_inst_0_gnss_correlator_fadd_32ns_32ns_32_2_full_dsp_1_ip/<hidden>/<hidden>/<hidden>/<hidden>/<hidden>
                         net (fo=3, unplaced)         0.800    17.610    bd_0_wrapper/bd_0/bd_0_hls_inst_0/bd_0_hls_inst_0_gnss_correlator/bd_0_hls_inst_0_gnss_correlator_fadd_32ns_32ns_32_2_full_dsp_1/bd_0_hls_inst_0_gnss_correlator_fadd_32ns_32ns_32_2_full_dsp_1_ip/<hidden>/<hidden>/<hidden>/<hidden>/<hidden>/<hidden>
                         DSP48E1 (Prop_dsp48e1_C[32]_P[16])
                                                      1.999    19.609 r  bd_0_wrapper/bd_0/bd_0_hls_inst_0/bd_0_hls_inst_0_gnss_correlator/bd_0_hls_inst_0_gnss_correlator_fadd_32ns_32ns_32_2_full_dsp_1/bd_0_hls_inst_0_gnss_correlator_fadd_32ns_32ns_32_2_full_dsp_1_ip/<hidden>/<hidden>/<hidden>/<hidden>/<hidden>/<hidden>
                         net (fo=1, unplaced)         0.800    20.409    bd_0_wrapper/bd_0/bd_0_hls_inst_0/bd_0_hls_inst_0_gnss_correlator/bd_0_hls_inst_0_gnss_correlator_fadd_32ns_32ns_32_2_full_dsp_1/bd_0_hls_inst_0_gnss_correlator_fadd_32ns_32ns_32_2_full_dsp_1_ip/<hidden>/<hidden>/<hidden>/<hidden>/<hidden>/<hidden>
                         LUT6 (Prop_lut6_I0_O)        0.124    20.533 r  bd_0_wrapper/bd_0/bd_0_hls_inst_0/bd_0_hls_inst_0_gnss_correlator/bd_0_hls_inst_0_gnss_correlator_fadd_32ns_32ns_32_2_full_dsp_1/bd_0_hls_inst_0_gnss_correlator_fadd_32ns_32ns_32_2_full_dsp_1_ip/<hidden>/<hidden>/<hidden>/<hidden>/<hidden>/<hidden>
                         net (fo=3, unplaced)         0.467    21.000    bd_0_i/hls_inst/inst/fadd_32ns_32ns_32_2_full_dsp_1_U2/r_tdata[14]
                         LUT3 (Prop_lut3_I0_O)        0.124    21.124 r  bd_0_i/hls_inst/inst/fadd_32ns_32ns_32_2_full_dsp_1_U2/acc_I_fu_98[14]_i_1/O
                         net (fo=2, unplaced)         0.000    21.124    bd_0_i/hls_inst/inst/grp_fu_182_p2[14]
                         FDRE                                         r  bd_0_i/hls_inst/inst/acc_I_fu_98_reg[14]/D
  -------------------------------------------------------------------    -------------------

                         (clock ap_clk rise edge)    10.000    10.000 r  
                                                      0.000    10.000 r  ap_clk (IN)
                         net (fo=3332, unset)         0.924    10.924    bd_0_i/hls_inst/inst/ap_clk
                         FDRE                                         r  bd_0_i/hls_inst/inst/acc_I_fu_98_reg[14]/C
                         clock pessimism              0.000    10.924    
                         clock uncertainty           -0.035    10.889    
                         FDRE (Setup_fdre_C_D)        0.077    10.966    bd_0_i/hls_inst/inst/acc_I_fu_98_reg[14]
  -------------------------------------------------------------------
                         required time                         10.966    
                         arrival time                         -21.124    
  -------------------------------------------------------------------
                         slack                                -10.158    

Slack (VIOLATED) :        -10.158ns  (required time - arrival time)
  Source:                 bd_0_i/hls_inst/inst/fadd_32ns_32ns_32_2_full_dsp_1_U2/din1_buf1_reg[24]/C
                            (rising edge-triggered cell FDRE clocked by ap_clk  {rise@0.000ns fall@5.000ns period=10.000ns})
  Destination:            bd_0_i/hls_inst/inst/acc_I_fu_98_reg[15]/D
                            (rising edge-triggered cell FDRE clocked by ap_clk  {rise@0.000ns fall@5.000ns period=10.000ns})
  Path Group:             ap_clk
  Path Type:              Setup (Max at Slow Process Corner)
  Requirement:            10.000ns  (ap_clk rise@10.000ns - ap_clk rise@0.000ns)
  Data Path Delay:        20.151ns  (logic 11.306ns (56.107%)  route 8.845ns (43.893%))
  Logic Levels:           13  (CARRY4=3 DSP48E1=2 LUT3=2 LUT4=1 LUT5=2 LUT6=3)
  Clock Path Skew:        -0.049ns (DCD - SCD + CPR)
    Destination Clock Delay (DCD):    0.924ns = ( 10.924 - 10.000 ) 
    Source Clock Delay      (SCD):    0.973ns
    Clock Pessimism Removal (CPR):    0.000ns
  Clock Uncertainty:      0.035ns  ((TSJ^2 + TIJ^2)^1/2 + DJ) / 2 + PE
    Total System Jitter     (TSJ):    0.071ns
    Total Input Jitter      (TIJ):    0.000ns
    Discrete Jitter          (DJ):    0.000ns
    Phase Error              (PE):    0.000ns

    Location             Delay type                Incr(ns)  Path(ns)    Netlist Resource(s)
  -------------------------------------------------------------------    -------------------
                         (clock ap_clk rise edge)     0.000     0.000 r  
                                                      0.000     0.000 r  ap_clk (IN)
                         net (fo=3332, unset)         0.973     0.973    bd_0_i/hls_inst/inst/fadd_32ns_32ns_32_2_full_dsp_1_U2/ap_clk
                         FDRE                                         r  bd_0_i/hls_inst/inst/fadd_32ns_32ns_32_2_full_dsp_1_U2/din1_buf1_reg[24]/C
  -------------------------------------------------------------------    -------------------
                         FDRE (Prop_fdre_C_Q)         0.518     1.491 r  bd_0_i/hls_inst/inst/fadd_32ns_32ns_32_2_full_dsp_1_U2/din1_buf1_reg[24]/Q
                         net (fo=9, unplaced)         0.847     2.338    bd_0_wrapper/bd_0/bd_0_hls_inst_0/bd_0_hls_inst_0_gnss_correlator/bd_0_hls_inst_0_gnss_correlator_fadd_32ns_32ns_32_2_full_dsp_1/bd_0_hls_inst_0_gnss_correlator_fadd_32ns_32ns_32_2_full_dsp_1_ip/<hidden>/<hidden>/<hidden>/<hidden>/<hidden>
                         LUT5 (Prop_lut5_I0_O)        0.323     2.661 r  bd_0_wrapper/bd_0/bd_0_hls_inst_0/bd_0_hls_inst_0_gnss_correlator/bd_0_hls_inst_0_gnss_correlator_fadd_32ns_32ns_32_2_full_dsp_1/bd_0_hls_inst_0_gnss_correlator_fadd_32ns_32ns_32_2_full_dsp_1_ip/<hidden>/<hidden>/<hidden>/<hidden>/<hidden>
                         net (fo=1, unplaced)         0.663     3.324    bd_0_wrapper/bd_0/bd_0_hls_inst_0/bd_0_hls_inst_0_gnss_correlator/bd_0_hls_inst_0_gnss_correlator_fadd_32ns_32ns_32_2_full_dsp_1/bd_0_hls_inst_0_gnss_correlator_fadd_32ns_32ns_32_2_full_dsp_1_ip/<hidden>/<hidden>/<hidden>/<hidden>/<hidden>/<hidden>
                         CARRY4 (Prop_carry4_S[1]_O[2])
                                                      0.702     4.026 r  bd_0_wrapper/bd_0/bd_0_hls_inst_0/bd_0_hls_inst_0_gnss_correlator/bd_0_hls_inst_0_gnss_correlator_fadd_32ns_32ns_32_2_full_dsp_1/bd_0_hls_inst_0_gnss_correlator_fadd_32ns_32ns_32_2_full_dsp_1_ip/<hidden>/<hidden>/<hidden>/<hidden>/<hidden>/<hidden>
                         net (fo=19, unplaced)        1.173     5.199    bd_0_wrapper/bd_0/bd_0_hls_inst_0/bd_0_hls_inst_0_gnss_correlator/bd_0_hls_inst_0_gnss_correlator_fadd_32ns_32ns_32_2_full_dsp_1/bd_0_hls_inst_0_gnss_correlator_fadd_32ns_32ns_32_2_full_dsp_1_ip/<hidden>/<hidden>/<hidden>/<hidden>/<hidden>/<hidden>
                         LUT6 (Prop_lut6_I2_O)        0.301     5.500 r  bd_0_wrapper/bd_0/bd_0_hls_inst_0/bd_0_hls_inst_0_gnss_correlator/bd_0_hls_inst_0_gnss_correlator_fadd_32ns_32ns_32_2_full_dsp_1/bd_0_hls_inst_0_gnss_correlator_fadd_32ns_32ns_32_2_full_dsp_1_ip/<hidden>/<hidden>/<hidden>/<hidden>/<hidden>/<hidden>
                         net (fo=2, unplaced)         0.800     6.300    bd_0_wrapper/bd_0/bd_0_hls_inst_0/bd_0_hls_inst_0_gnss_correlator/bd_0_hls_inst_0_gnss_correlator_fadd_32ns_32ns_32_2_full_dsp_1/bd_0_hls_inst_0_gnss_correlator_fadd_32ns_32ns_32_2_full_dsp_1_ip/<hidden>/<hidden>/<hidden>/<hidden>/<hidden>/<hidden>
                         DSP48E1 (Prop_dsp48e1_INMODE[2]_PATTERNDETECT)
                                                      5.849    12.149 r  bd_0_wrapper/bd_0/bd_0_hls_inst_0/bd_0_hls_inst_0_gnss_correlator/bd_0_hls_inst_0_gnss_correlator_fadd_32ns_32ns_32_2_full_dsp_1/bd_0_hls_inst_0_gnss_correlator_fadd_32ns_32ns_32_2_full_dsp_1_ip/<hidden>/<hidden>/<hidden>/<hidden>/<hidden>/<hidden>
                         net (fo=54, unplaced)        0.800    12.948    bd_0_wrapper/bd_0/bd_0_hls_inst_0/bd_0_hls_inst_0_gnss_correlator/bd_0_hls_inst_0_gnss_correlator_fadd_32ns_32ns_32_2_full_dsp_1/bd_0_hls_inst_0_gnss_correlator_fadd_32ns_32ns_32_2_full_dsp_1_ip/<hidden>/<hidden>/<hidden>/<hidden>/<hidden>/<hidden>
                         LUT3 (Prop_lut3_I1_O)        0.124    13.072 r  bd_0_wrapper/bd_0/bd_0_hls_inst_0/bd_0_hls_inst_0_gnss_correlator/bd_0_hls_inst_0_gnss_correlator_fadd_32ns_32ns_32_2_full_dsp_1/bd_0_hls_inst_0_gnss_correlator_fadd_32ns_32ns_32_2_full_dsp_1_ip/<hidden>/<hidden>/<hidden>/<hidden>/<hidden>/<hidden>
                         net (fo=3, unplaced)         0.920    13.992    bd_0_wrapper/bd_0/bd_0_hls_inst_0/bd_0_hls_inst_0_gnss_correlator/bd_0_hls_inst_0_gnss_correlator_fadd_32ns_32ns_32_2_full_dsp_1/bd_0_hls_inst_0_gnss_correlator_fadd_32ns_32ns_32_2_full_dsp_1_ip/<hidden>/<hidden>/<hidden>/<hidden>/<hidden>/<hidden>
                         LUT5 (Prop_lut5_I2_O)        0.124    14.116 r  bd_0_wrapper/bd_0/bd_0_hls_inst_0/bd_0_hls_inst_0_gnss_correlator/bd_0_hls_inst_0_gnss_correlator_fadd_32ns_32ns_32_2_full_dsp_1/bd_0_hls_inst_0_gnss_correlator_fadd_32ns_32ns_32_2_full_dsp_1_ip/<hidden>/<hidden>/<hidden>/<hidden>/<hidden>/<hidden>
                         net (fo=1, unplaced)         0.665    14.781    bd_0_wrapper/bd_0/bd_0_hls_inst_0/bd_0_hls_inst_0_gnss_correlator/bd_0_hls_inst_0_gnss_correlator_fadd_32ns_32ns_32_2_full_dsp_1/bd_0_hls_inst_0_gnss_correlator_fadd_32ns_32ns_32_2_full_dsp_1_ip/<hidden>/<hidden>/<hidden>/<hidden>/<hidden>/<hidden>
                         LUT4 (Prop_lut4_I0_O)        0.124    14.905 r  bd_0_wrapper/bd_0/bd_0_hls_inst_0/bd_0_hls_inst_0_gnss_correlator/bd_0_hls_inst_0_gnss_correlator_fadd_32ns_32ns_32_2_full_dsp_1/bd_0_hls_inst_0_gnss_correlator_fadd_32ns_32ns_32_2_full_dsp_1_ip/<hidden>/<hidden>/<hidden>/<hidden>/<hidden>/<hidden>
                         net (fo=1, unplaced)         0.902    15.807    bd_0_wrapper/bd_0/bd_0_hls_inst_0/bd_0_hls_inst_0_gnss_correlator/bd_0_hls_inst_0_gnss_correlator_fadd_32ns_32ns_32_2_full_dsp_1/bd_0_hls_inst_0_gnss_correlator_fadd_32ns_32ns_32_2_full_dsp_1_ip/<hidden>/<hidden>/<hidden>/<hidden>/<hidden>/<hidden>
                         LUT6 (Prop_lut6_I1_O)        0.124    15.931 r  bd_0_wrapper/bd_0/bd_0_hls_inst_0/bd_0_hls_inst_0_gnss_correlator/bd_0_hls_inst_0_gnss_correlator_fadd_32ns_32ns_32_2_full_dsp_1/bd_0_hls_inst_0_gnss_correlator_fadd_32ns_32ns_32_2_full_dsp_1_ip/<hidden>/<hidden>/<hidden>/<hidden>/<hidden>/<hidden>
                         net (fo=1, unplaced)         0.000    15.931    bd_0_wrapper/bd_0/bd_0_hls_inst_0/bd_0_hls_inst_0_gnss_correlator/bd_0_hls_inst_0_gnss_correlator_fadd_32ns_32ns_32_2_full_dsp_1/bd_0_hls_inst_0_gnss_correlator_fadd_32ns_32ns_32_2_full_dsp_1_ip/<hidden>/<hidden>/<hidden>/<hidden>/<hidden>
                         CARRY4 (Prop_carry4_S[1]_CO[3])
                                                      0.533    16.464 r  bd_0_wrapper/bd_0/bd_0_hls_inst_0/bd_0_hls_inst_0_gnss_correlator/bd_0_hls_inst_0_gnss_correlator_fadd_32ns_32ns_32_2_full_dsp_1/bd_0_hls_inst_0_gnss_correlator_fadd_32ns_32ns_32_2_full_dsp_1_ip/<hidden>/<hidden>/<hidden>/<hidden>/<hidden>
                         net (fo=1, unplaced)         0.009    16.473    bd_0_wrapper/bd_0/bd_0_hls_inst_0/bd_0_hls_inst_0_gnss_correlator/bd_0_hls_inst_0_gnss_correlator_fadd_32ns_32ns_32_2_full_dsp_1/bd_0_hls_inst_0_gnss_correlator_fadd_32ns_32ns_32_2_full_dsp_1_ip/<hidden>/<hidden>/<hidden>/<hidden>/<hidden>
                         CARRY4 (Prop_carry4_CI_O[1])
                                                      0.337    16.810 r  bd_0_wrapper/bd_0/bd_0_hls_inst_0/bd_0_hls_inst_0_gnss_correlator/bd_0_hls_inst_0_gnss_correlator_fadd_32ns_32ns_32_2_full_dsp_1/bd_0_hls_inst_0_gnss_correlator_fadd_32ns_32ns_32_2_full_dsp_1_ip/<hidden>/<hidden>/<hidden>/<hidden>/<hidden>
                         net (fo=3, unplaced)         0.800    17.610    bd_0_wrapper/bd_0/bd_0_hls_inst_0/bd_0_hls_inst_0_gnss_correlator/bd_0_hls_inst_0_gnss_correlator_fadd_32ns_32ns_32_2_full_dsp_1/bd_0_hls_inst_0_gnss_correlator_fadd_32ns_32ns_32_2_full_dsp_1_ip/<hidden>/<hidden>/<hidden>/<hidden>/<hidden>/<hidden>
                         DSP48E1 (Prop_dsp48e1_C[32]_P[17])
                                                      1.999    19.609 r  bd_0_wrapper/bd_0/bd_0_hls_inst_0/bd_0_hls_inst_0_gnss_correlator/bd_0_hls_inst_0_gnss_correlator_fadd_32ns_32ns_32_2_full_dsp_1/bd_0_hls_inst_0_gnss_correlator_fadd_32ns_32ns_32_2_full_dsp_1_ip/<hidden>/<hidden>/<hidden>/<hidden>/<hidden>/<hidden>
                         net (fo=1, unplaced)         0.800    20.409    bd_0_wrapper/bd_0/bd_0_hls_inst_0/bd_0_hls_inst_0_gnss_correlator/bd_0_hls_inst_0_gnss_correlator_fadd_32ns_32ns_32_2_full_dsp_1/bd_0_hls_inst_0_gnss_correlator_fadd_32ns_32ns_32_2_full_dsp_1_ip/<hidden>/<hidden>/<hidden>/<hidden>/<hidden>/<hidden>
                         LUT6 (Prop_lut6_I0_O)        0.124    20.533 r  bd_0_wrapper/bd_0/bd_0_hls_inst_0/bd_0_hls_inst_0_gnss_correlator/bd_0_hls_inst_0_gnss_correlator_fadd_32ns_32ns_32_2_full_dsp_1/bd_0_hls_inst_0_gnss_correlator_fadd_32ns_32ns_32_2_full_dsp_1_ip/<hidden>/<hidden>/<hidden>/<hidden>/<hidden>/<hidden>
                         net (fo=3, unplaced)         0.467    21.000    bd_0_i/hls_inst/inst/fadd_32ns_32ns_32_2_full_dsp_1_U2/r_tdata[15]
                         LUT3 (Prop_lut3_I0_O)        0.124    21.124 r  bd_0_i/hls_inst/inst/fadd_32ns_32ns_32_2_full_dsp_1_U2/acc_I_fu_98[15]_i_1/O
                         net (fo=2, unplaced)         0.000    21.124    bd_0_i/hls_inst/inst/grp_fu_182_p2[15]
                         FDRE                                         r  bd_0_i/hls_inst/inst/acc_I_fu_98_reg[15]/D
  -------------------------------------------------------------------    -------------------

                         (clock ap_clk rise edge)    10.000    10.000 r  
                                                      0.000    10.000 r  ap_clk (IN)
                         net (fo=3332, unset)         0.924    10.924    bd_0_i/hls_inst/inst/ap_clk
                         FDRE                                         r  bd_0_i/hls_inst/inst/acc_I_fu_98_reg[15]/C
                         clock pessimism              0.000    10.924    
                         clock uncertainty           -0.035    10.889    
                         FDRE (Setup_fdre_C_D)        0.077    10.966    bd_0_i/hls_inst/inst/acc_I_fu_98_reg[15]
  -------------------------------------------------------------------
                         required time                         10.966    
                         arrival time                         -21.124    
  -------------------------------------------------------------------
                         slack                                -10.158    

Slack (VIOLATED) :        -10.158ns  (required time - arrival time)
  Source:                 bd_0_i/hls_inst/inst/fadd_32ns_32ns_32_2_full_dsp_1_U2/din1_buf1_reg[24]/C
                            (rising edge-triggered cell FDRE clocked by ap_clk  {rise@0.000ns fall@5.000ns period=10.000ns})
  Destination:            bd_0_i/hls_inst/inst/acc_I_fu_98_reg[16]/D
                            (rising edge-triggered cell FDRE clocked by ap_clk  {rise@0.000ns fall@5.000ns period=10.000ns})
  Path Group:             ap_clk
  Path Type:              Setup (Max at Slow Process Corner)
  Requirement:            10.000ns  (ap_clk rise@10.000ns - ap_clk rise@0.000ns)
  Data Path Delay:        20.151ns  (logic 11.306ns (56.107%)  route 8.845ns (43.893%))
  Logic Levels:           13  (CARRY4=3 DSP48E1=2 LUT3=2 LUT4=1 LUT5=2 LUT6=3)
  Clock Path Skew:        -0.049ns (DCD - SCD + CPR)
    Destination Clock Delay (DCD):    0.924ns = ( 10.924 - 10.000 ) 
    Source Clock Delay      (SCD):    0.973ns
    Clock Pessimism Removal (CPR):    0.000ns
  Clock Uncertainty:      0.035ns  ((TSJ^2 + TIJ^2)^1/2 + DJ) / 2 + PE
    Total System Jitter     (TSJ):    0.071ns
    Total Input Jitter      (TIJ):    0.000ns
    Discrete Jitter          (DJ):    0.000ns
    Phase Error              (PE):    0.000ns

    Location             Delay type                Incr(ns)  Path(ns)    Netlist Resource(s)
  -------------------------------------------------------------------    -------------------
                         (clock ap_clk rise edge)     0.000     0.000 r  
                                                      0.000     0.000 r  ap_clk (IN)
                         net (fo=3332, unset)         0.973     0.973    bd_0_i/hls_inst/inst/fadd_32ns_32ns_32_2_full_dsp_1_U2/ap_clk
                         FDRE                                         r  bd_0_i/hls_inst/inst/fadd_32ns_32ns_32_2_full_dsp_1_U2/din1_buf1_reg[24]/C
  -------------------------------------------------------------------    -------------------
                         FDRE (Prop_fdre_C_Q)         0.518     1.491 r  bd_0_i/hls_inst/inst/fadd_32ns_32ns_32_2_full_dsp_1_U2/din1_buf1_reg[24]/Q
                         net (fo=9, unplaced)         0.847     2.338    bd_0_wrapper/bd_0/bd_0_hls_inst_0/bd_0_hls_inst_0_gnss_correlator/bd_0_hls_inst_0_gnss_correlator_fadd_32ns_32ns_32_2_full_dsp_1/bd_0_hls_inst_0_gnss_correlator_fadd_32ns_32ns_32_2_full_dsp_1_ip/<hidden>/<hidden>/<hidden>/<hidden>/<hidden>
                         LUT5 (Prop_lut5_I0_O)        0.323     2.661 r  bd_0_wrapper/bd_0/bd_0_hls_inst_0/bd_0_hls_inst_0_gnss_correlator/bd_0_hls_inst_0_gnss_correlator_fadd_32ns_32ns_32_2_full_dsp_1/bd_0_hls_inst_0_gnss_correlator_fadd_32ns_32ns_32_2_full_dsp_1_ip/<hidden>/<hidden>/<hidden>/<hidden>/<hidden>
                         net (fo=1, unplaced)         0.663     3.324    bd_0_wrapper/bd_0/bd_0_hls_inst_0/bd_0_hls_inst_0_gnss_correlator/bd_0_hls_inst_0_gnss_correlator_fadd_32ns_32ns_32_2_full_dsp_1/bd_0_hls_inst_0_gnss_correlator_fadd_32ns_32ns_32_2_full_dsp_1_ip/<hidden>/<hidden>/<hidden>/<hidden>/<hidden>/<hidden>
                         CARRY4 (Prop_carry4_S[1]_O[2])
                                                      0.702     4.026 r  bd_0_wrapper/bd_0/bd_0_hls_inst_0/bd_0_hls_inst_0_gnss_correlator/bd_0_hls_inst_0_gnss_correlator_fadd_32ns_32ns_32_2_full_dsp_1/bd_0_hls_inst_0_gnss_correlator_fadd_32ns_32ns_32_2_full_dsp_1_ip/<hidden>/<hidden>/<hidden>/<hidden>/<hidden>/<hidden>
                         net (fo=19, unplaced)        1.173     5.199    bd_0_wrapper/bd_0/bd_0_hls_inst_0/bd_0_hls_inst_0_gnss_correlator/bd_0_hls_inst_0_gnss_correlator_fadd_32ns_32ns_32_2_full_dsp_1/bd_0_hls_inst_0_gnss_correlator_fadd_32ns_32ns_32_2_full_dsp_1_ip/<hidden>/<hidden>/<hidden>/<hidden>/<hidden>/<hidden>
                         LUT6 (Prop_lut6_I2_O)        0.301     5.500 r  bd_0_wrapper/bd_0/bd_0_hls_inst_0/bd_0_hls_inst_0_gnss_correlator/bd_0_hls_inst_0_gnss_correlator_fadd_32ns_32ns_32_2_full_dsp_1/bd_0_hls_inst_0_gnss_correlator_fadd_32ns_32ns_32_2_full_dsp_1_ip/<hidden>/<hidden>/<hidden>/<hidden>/<hidden>/<hidden>
                         net (fo=2, unplaced)         0.800     6.300    bd_0_wrapper/bd_0/bd_0_hls_inst_0/bd_0_hls_inst_0_gnss_correlator/bd_0_hls_inst_0_gnss_correlator_fadd_32ns_32ns_32_2_full_dsp_1/bd_0_hls_inst_0_gnss_correlator_fadd_32ns_32ns_32_2_full_dsp_1_ip/<hidden>/<hidden>/<hidden>/<hidden>/<hidden>/<hidden>
                         DSP48E1 (Prop_dsp48e1_INMODE[2]_PATTERNDETECT)
                                                      5.849    12.149 r  bd_0_wrapper/bd_0/bd_0_hls_inst_0/bd_0_hls_inst_0_gnss_correlator/bd_0_hls_inst_0_gnss_correlator_fadd_32ns_32ns_32_2_full_dsp_1/bd_0_hls_inst_0_gnss_correlator_fadd_32ns_32ns_32_2_full_dsp_1_ip/<hidden>/<hidden>/<hidden>/<hidden>/<hidden>/<hidden>
                         net (fo=54, unplaced)        0.800    12.948    bd_0_wrapper/bd_0/bd_0_hls_inst_0/bd_0_hls_inst_0_gnss_correlator/bd_0_hls_inst_0_gnss_correlator_fadd_32ns_32ns_32_2_full_dsp_1/bd_0_hls_inst_0_gnss_correlator_fadd_32ns_32ns_32_2_full_dsp_1_ip/<hidden>/<hidden>/<hidden>/<hidden>/<hidden>/<hidden>
                         LUT3 (Prop_lut3_I1_O)        0.124    13.072 r  bd_0_wrapper/bd_0/bd_0_hls_inst_0/bd_0_hls_inst_0_gnss_correlator/bd_0_hls_inst_0_gnss_correlator_fadd_32ns_32ns_32_2_full_dsp_1/bd_0_hls_inst_0_gnss_correlator_fadd_32ns_32ns_32_2_full_dsp_1_ip/<hidden>/<hidden>/<hidden>/<hidden>/<hidden>/<hidden>
                         net (fo=3, unplaced)         0.920    13.992    bd_0_wrapper/bd_0/bd_0_hls_inst_0/bd_0_hls_inst_0_gnss_correlator/bd_0_hls_inst_0_gnss_correlator_fadd_32ns_32ns_32_2_full_dsp_1/bd_0_hls_inst_0_gnss_correlator_fadd_32ns_32ns_32_2_full_dsp_1_ip/<hidden>/<hidden>/<hidden>/<hidden>/<hidden>/<hidden>
                         LUT5 (Prop_lut5_I2_O)        0.124    14.116 r  bd_0_wrapper/bd_0/bd_0_hls_inst_0/bd_0_hls_inst_0_gnss_correlator/bd_0_hls_inst_0_gnss_correlator_fadd_32ns_32ns_32_2_full_dsp_1/bd_0_hls_inst_0_gnss_correlator_fadd_32ns_32ns_32_2_full_dsp_1_ip/<hidden>/<hidden>/<hidden>/<hidden>/<hidden>/<hidden>
                         net (fo=1, unplaced)         0.665    14.781    bd_0_wrapper/bd_0/bd_0_hls_inst_0/bd_0_hls_inst_0_gnss_correlator/bd_0_hls_inst_0_gnss_correlator_fadd_32ns_32ns_32_2_full_dsp_1/bd_0_hls_inst_0_gnss_correlator_fadd_32ns_32ns_32_2_full_dsp_1_ip/<hidden>/<hidden>/<hidden>/<hidden>/<hidden>/<hidden>
                         LUT4 (Prop_lut4_I0_O)        0.124    14.905 r  bd_0_wrapper/bd_0/bd_0_hls_inst_0/bd_0_hls_inst_0_gnss_correlator/bd_0_hls_inst_0_gnss_correlator_fadd_32ns_32ns_32_2_full_dsp_1/bd_0_hls_inst_0_gnss_correlator_fadd_32ns_32ns_32_2_full_dsp_1_ip/<hidden>/<hidden>/<hidden>/<hidden>/<hidden>/<hidden>
                         net (fo=1, unplaced)         0.902    15.807    bd_0_wrapper/bd_0/bd_0_hls_inst_0/bd_0_hls_inst_0_gnss_correlator/bd_0_hls_inst_0_gnss_correlator_fadd_32ns_32ns_32_2_full_dsp_1/bd_0_hls_inst_0_gnss_correlator_fadd_32ns_32ns_32_2_full_dsp_1_ip/<hidden>/<hidden>/<hidden>/<hidden>/<hidden>/<hidden>
                         LUT6 (Prop_lut6_I1_O)        0.124    15.931 r  bd_0_wrapper/bd_0/bd_0_hls_inst_0/bd_0_hls_inst_0_gnss_correlator/bd_0_hls_inst_0_gnss_correlator_fadd_32ns_32ns_32_2_full_dsp_1/bd_0_hls_inst_0_gnss_correlator_fadd_32ns_32ns_32_2_full_dsp_1_ip/<hidden>/<hidden>/<hidden>/<hidden>/<hidden>/<hidden>
                         net (fo=1, unplaced)         0.000    15.931    bd_0_wrapper/bd_0/bd_0_hls_inst_0/bd_0_hls_inst_0_gnss_correlator/bd_0_hls_inst_0_gnss_correlator_fadd_32ns_32ns_32_2_full_dsp_1/bd_0_hls_inst_0_gnss_correlator_fadd_32ns_32ns_32_2_full_dsp_1_ip/<hidden>/<hidden>/<hidden>/<hidden>/<hidden>
                         CARRY4 (Prop_carry4_S[1]_CO[3])
                                                      0.533    16.464 r  bd_0_wrapper/bd_0/bd_0_hls_inst_0/bd_0_hls_inst_0_gnss_correlator/bd_0_hls_inst_0_gnss_correlator_fadd_32ns_32ns_32_2_full_dsp_1/bd_0_hls_inst_0_gnss_correlator_fadd_32ns_32ns_32_2_full_dsp_1_ip/<hidden>/<hidden>/<hidden>/<hidden>/<hidden>
                         net (fo=1, unplaced)         0.009    16.473    bd_0_wrapper/bd_0/bd_0_hls_inst_0/bd_0_hls_inst_0_gnss_correlator/bd_0_hls_inst_0_gnss_correlator_fadd_32ns_32ns_32_2_full_dsp_1/bd_0_hls_inst_0_gnss_correlator_fadd_32ns_32ns_32_2_full_dsp_1_ip/<hidden>/<hidden>/<hidden>/<hidden>/<hidden>
                         CARRY4 (Prop_carry4_CI_O[1])
                                                      0.337    16.810 r  bd_0_wrapper/bd_0/bd_0_hls_inst_0/bd_0_hls_inst_0_gnss_correlator/bd_0_hls_inst_0_gnss_correlator_fadd_32ns_32ns_32_2_full_dsp_1/bd_0_hls_inst_0_gnss_correlator_fadd_32ns_32ns_32_2_full_dsp_1_ip/<hidden>/<hidden>/<hidden>/<hidden>/<hidden>
                         net (fo=3, unplaced)         0.800    17.610    bd_0_wrapper/bd_0/bd_0_hls_inst_0/bd_0_hls_inst_0_gnss_correlator/bd_0_hls_inst_0_gnss_correlator_fadd_32ns_32ns_32_2_full_dsp_1/bd_0_hls_inst_0_gnss_correlator_fadd_32ns_32ns_32_2_full_dsp_1_ip/<hidden>/<hidden>/<hidden>/<hidden>/<hidden>/<hidden>
                         DSP48E1 (Prop_dsp48e1_C[32]_P[18])
                                                      1.999    19.609 r  bd_0_wrapper/bd_0/bd_0_hls_inst_0/bd_0_hls_inst_0_gnss_correlator/bd_0_hls_inst_0_gnss_correlator_fadd_32ns_32ns_32_2_full_dsp_1/bd_0_hls_inst_0_gnss_correlator_fadd_32ns_32ns_32_2_full_dsp_1_ip/<hidden>/<hidden>/<hidden>/<hidden>/<hidden>/<hidden>
                         net (fo=1, unplaced)         0.800    20.409    bd_0_wrapper/bd_0/bd_0_hls_inst_0/bd_0_hls_inst_0_gnss_correlator/bd_0_hls_inst_0_gnss_correlator_fadd_32ns_32ns_32_2_full_dsp_1/bd_0_hls_inst_0_gnss_correlator_fadd_32ns_32ns_32_2_full_dsp_1_ip/<hidden>/<hidden>/<hidden>/<hidden>/<hidden>/<hidden>
                         LUT6 (Prop_lut6_I0_O)        0.124    20.533 r  bd_0_wrapper/bd_0/bd_0_hls_inst_0/bd_0_hls_inst_0_gnss_correlator/bd_0_hls_inst_0_gnss_correlator_fadd_32ns_32ns_32_2_full_dsp_1/bd_0_hls_inst_0_gnss_correlator_fadd_32ns_32ns_32_2_full_dsp_1_ip/<hidden>/<hidden>/<hidden>/<hidden>/<hidden>/<hidden>
                         net (fo=3, unplaced)         0.467    21.000    bd_0_i/hls_inst/inst/fadd_32ns_32ns_32_2_full_dsp_1_U2/r_tdata[16]
                         LUT3 (Prop_lut3_I0_O)        0.124    21.124 r  bd_0_i/hls_inst/inst/fadd_32ns_32ns_32_2_full_dsp_1_U2/acc_I_fu_98[16]_i_1/O
                         net (fo=2, unplaced)         0.000    21.124    bd_0_i/hls_inst/inst/grp_fu_182_p2[16]
                         FDRE                                         r  bd_0_i/hls_inst/inst/acc_I_fu_98_reg[16]/D
  -------------------------------------------------------------------    -------------------

                         (clock ap_clk rise edge)    10.000    10.000 r  
                                                      0.000    10.000 r  ap_clk (IN)
                         net (fo=3332, unset)         0.924    10.924    bd_0_i/hls_inst/inst/ap_clk
                         FDRE                                         r  bd_0_i/hls_inst/inst/acc_I_fu_98_reg[16]/C
                         clock pessimism              0.000    10.924    
                         clock uncertainty           -0.035    10.889    
                         FDRE (Setup_fdre_C_D)        0.077    10.966    bd_0_i/hls_inst/inst/acc_I_fu_98_reg[16]
  -------------------------------------------------------------------
                         required time                         10.966    
                         arrival time                         -21.124    
  -------------------------------------------------------------------
                         slack                                -10.158    

Slack (VIOLATED) :        -10.158ns  (required time - arrival time)
  Source:                 bd_0_i/hls_inst/inst/fadd_32ns_32ns_32_2_full_dsp_1_U2/din1_buf1_reg[24]/C
                            (rising edge-triggered cell FDRE clocked by ap_clk  {rise@0.000ns fall@5.000ns period=10.000ns})
  Destination:            bd_0_i/hls_inst/inst/acc_I_fu_98_reg[17]/D
                            (rising edge-triggered cell FDRE clocked by ap_clk  {rise@0.000ns fall@5.000ns period=10.000ns})
  Path Group:             ap_clk
  Path Type:              Setup (Max at Slow Process Corner)
  Requirement:            10.000ns  (ap_clk rise@10.000ns - ap_clk rise@0.000ns)
  Data Path Delay:        20.151ns  (logic 11.306ns (56.107%)  route 8.845ns (43.893%))
  Logic Levels:           13  (CARRY4=3 DSP48E1=2 LUT3=2 LUT4=1 LUT5=2 LUT6=3)
  Clock Path Skew:        -0.049ns (DCD - SCD + CPR)
    Destination Clock Delay (DCD):    0.924ns = ( 10.924 - 10.000 ) 
    Source Clock Delay      (SCD):    0.973ns
    Clock Pessimism Removal (CPR):    0.000ns
  Clock Uncertainty:      0.035ns  ((TSJ^2 + TIJ^2)^1/2 + DJ) / 2 + PE
    Total System Jitter     (TSJ):    0.071ns
    Total Input Jitter      (TIJ):    0.000ns
    Discrete Jitter          (DJ):    0.000ns
    Phase Error              (PE):    0.000ns

    Location             Delay type                Incr(ns)  Path(ns)    Netlist Resource(s)
  -------------------------------------------------------------------    -------------------
                         (clock ap_clk rise edge)     0.000     0.000 r  
                                                      0.000     0.000 r  ap_clk (IN)
                         net (fo=3332, unset)         0.973     0.973    bd_0_i/hls_inst/inst/fadd_32ns_32ns_32_2_full_dsp_1_U2/ap_clk
                         FDRE                                         r  bd_0_i/hls_inst/inst/fadd_32ns_32ns_32_2_full_dsp_1_U2/din1_buf1_reg[24]/C
  -------------------------------------------------------------------    -------------------
                         FDRE (Prop_fdre_C_Q)         0.518     1.491 r  bd_0_i/hls_inst/inst/fadd_32ns_32ns_32_2_full_dsp_1_U2/din1_buf1_reg[24]/Q
                         net (fo=9, unplaced)         0.847     2.338    bd_0_wrapper/bd_0/bd_0_hls_inst_0/bd_0_hls_inst_0_gnss_correlator/bd_0_hls_inst_0_gnss_correlator_fadd_32ns_32ns_32_2_full_dsp_1/bd_0_hls_inst_0_gnss_correlator_fadd_32ns_32ns_32_2_full_dsp_1_ip/<hidden>/<hidden>/<hidden>/<hidden>/<hidden>
                         LUT5 (Prop_lut5_I0_O)        0.323     2.661 r  bd_0_wrapper/bd_0/bd_0_hls_inst_0/bd_0_hls_inst_0_gnss_correlator/bd_0_hls_inst_0_gnss_correlator_fadd_32ns_32ns_32_2_full_dsp_1/bd_0_hls_inst_0_gnss_correlator_fadd_32ns_32ns_32_2_full_dsp_1_ip/<hidden>/<hidden>/<hidden>/<hidden>/<hidden>
                         net (fo=1, unplaced)         0.663     3.324    bd_0_wrapper/bd_0/bd_0_hls_inst_0/bd_0_hls_inst_0_gnss_correlator/bd_0_hls_inst_0_gnss_correlator_fadd_32ns_32ns_32_2_full_dsp_1/bd_0_hls_inst_0_gnss_correlator_fadd_32ns_32ns_32_2_full_dsp_1_ip/<hidden>/<hidden>/<hidden>/<hidden>/<hidden>/<hidden>
                         CARRY4 (Prop_carry4_S[1]_O[2])
                                                      0.702     4.026 r  bd_0_wrapper/bd_0/bd_0_hls_inst_0/bd_0_hls_inst_0_gnss_correlator/bd_0_hls_inst_0_gnss_correlator_fadd_32ns_32ns_32_2_full_dsp_1/bd_0_hls_inst_0_gnss_correlator_fadd_32ns_32ns_32_2_full_dsp_1_ip/<hidden>/<hidden>/<hidden>/<hidden>/<hidden>/<hidden>
                         net (fo=19, unplaced)        1.173     5.199    bd_0_wrapper/bd_0/bd_0_hls_inst_0/bd_0_hls_inst_0_gnss_correlator/bd_0_hls_inst_0_gnss_correlator_fadd_32ns_32ns_32_2_full_dsp_1/bd_0_hls_inst_0_gnss_correlator_fadd_32ns_32ns_32_2_full_dsp_1_ip/<hidden>/<hidden>/<hidden>/<hidden>/<hidden>/<hidden>
                         LUT6 (Prop_lut6_I2_O)        0.301     5.500 r  bd_0_wrapper/bd_0/bd_0_hls_inst_0/bd_0_hls_inst_0_gnss_correlator/bd_0_hls_inst_0_gnss_correlator_fadd_32ns_32ns_32_2_full_dsp_1/bd_0_hls_inst_0_gnss_correlator_fadd_32ns_32ns_32_2_full_dsp_1_ip/<hidden>/<hidden>/<hidden>/<hidden>/<hidden>/<hidden>
                         net (fo=2, unplaced)         0.800     6.300    bd_0_wrapper/bd_0/bd_0_hls_inst_0/bd_0_hls_inst_0_gnss_correlator/bd_0_hls_inst_0_gnss_correlator_fadd_32ns_32ns_32_2_full_dsp_1/bd_0_hls_inst_0_gnss_correlator_fadd_32ns_32ns_32_2_full_dsp_1_ip/<hidden>/<hidden>/<hidden>/<hidden>/<hidden>/<hidden>
                         DSP48E1 (Prop_dsp48e1_INMODE[2]_PATTERNDETECT)
                                                      5.849    12.149 r  bd_0_wrapper/bd_0/bd_0_hls_inst_0/bd_0_hls_inst_0_gnss_correlator/bd_0_hls_inst_0_gnss_correlator_fadd_32ns_32ns_32_2_full_dsp_1/bd_0_hls_inst_0_gnss_correlator_fadd_32ns_32ns_32_2_full_dsp_1_ip/<hidden>/<hidden>/<hidden>/<hidden>/<hidden>/<hidden>
                         net (fo=54, unplaced)        0.800    12.948    bd_0_wrapper/bd_0/bd_0_hls_inst_0/bd_0_hls_inst_0_gnss_correlator/bd_0_hls_inst_0_gnss_correlator_fadd_32ns_32ns_32_2_full_dsp_1/bd_0_hls_inst_0_gnss_correlator_fadd_32ns_32ns_32_2_full_dsp_1_ip/<hidden>/<hidden>/<hidden>/<hidden>/<hidden>/<hidden>
                         LUT3 (Prop_lut3_I1_O)        0.124    13.072 r  bd_0_wrapper/bd_0/bd_0_hls_inst_0/bd_0_hls_inst_0_gnss_correlator/bd_0_hls_inst_0_gnss_correlator_fadd_32ns_32ns_32_2_full_dsp_1/bd_0_hls_inst_0_gnss_correlator_fadd_32ns_32ns_32_2_full_dsp_1_ip/<hidden>/<hidden>/<hidden>/<hidden>/<hidden>/<hidden>
                         net (fo=3, unplaced)         0.920    13.992    bd_0_wrapper/bd_0/bd_0_hls_inst_0/bd_0_hls_inst_0_gnss_correlator/bd_0_hls_inst_0_gnss_correlator_fadd_32ns_32ns_32_2_full_dsp_1/bd_0_hls_inst_0_gnss_correlator_fadd_32ns_32ns_32_2_full_dsp_1_ip/<hidden>/<hidden>/<hidden>/<hidden>/<hidden>/<hidden>
                         LUT5 (Prop_lut5_I2_O)        0.124    14.116 r  bd_0_wrapper/bd_0/bd_0_hls_inst_0/bd_0_hls_inst_0_gnss_correlator/bd_0_hls_inst_0_gnss_correlator_fadd_32ns_32ns_32_2_full_dsp_1/bd_0_hls_inst_0_gnss_correlator_fadd_32ns_32ns_32_2_full_dsp_1_ip/<hidden>/<hidden>/<hidden>/<hidden>/<hidden>/<hidden>
                         net (fo=1, unplaced)         0.665    14.781    bd_0_wrapper/bd_0/bd_0_hls_inst_0/bd_0_hls_inst_0_gnss_correlator/bd_0_hls_inst_0_gnss_correlator_fadd_32ns_32ns_32_2_full_dsp_1/bd_0_hls_inst_0_gnss_correlator_fadd_32ns_32ns_32_2_full_dsp_1_ip/<hidden>/<hidden>/<hidden>/<hidden>/<hidden>/<hidden>
                         LUT4 (Prop_lut4_I0_O)        0.124    14.905 r  bd_0_wrapper/bd_0/bd_0_hls_inst_0/bd_0_hls_inst_0_gnss_correlator/bd_0_hls_inst_0_gnss_correlator_fadd_32ns_32ns_32_2_full_dsp_1/bd_0_hls_inst_0_gnss_correlator_fadd_32ns_32ns_32_2_full_dsp_1_ip/<hidden>/<hidden>/<hidden>/<hidden>/<hidden>/<hidden>
                         net (fo=1, unplaced)         0.902    15.807    bd_0_wrapper/bd_0/bd_0_hls_inst_0/bd_0_hls_inst_0_gnss_correlator/bd_0_hls_inst_0_gnss_correlator_fadd_32ns_32ns_32_2_full_dsp_1/bd_0_hls_inst_0_gnss_correlator_fadd_32ns_32ns_32_2_full_dsp_1_ip/<hidden>/<hidden>/<hidden>/<hidden>/<hidden>/<hidden>
                         LUT6 (Prop_lut6_I1_O)        0.124    15.931 r  bd_0_wrapper/bd_0/bd_0_hls_inst_0/bd_0_hls_inst_0_gnss_correlator/bd_0_hls_inst_0_gnss_correlator_fadd_32ns_32ns_32_2_full_dsp_1/bd_0_hls_inst_0_gnss_correlator_fadd_32ns_32ns_32_2_full_dsp_1_ip/<hidden>/<hidden>/<hidden>/<hidden>/<hidden>/<hidden>
                         net (fo=1, unplaced)         0.000    15.931    bd_0_wrapper/bd_0/bd_0_hls_inst_0/bd_0_hls_inst_0_gnss_correlator/bd_0_hls_inst_0_gnss_correlator_fadd_32ns_32ns_32_2_full_dsp_1/bd_0_hls_inst_0_gnss_correlator_fadd_32ns_32ns_32_2_full_dsp_1_ip/<hidden>/<hidden>/<hidden>/<hidden>/<hidden>
                         CARRY4 (Prop_carry4_S[1]_CO[3])
                                                      0.533    16.464 r  bd_0_wrapper/bd_0/bd_0_hls_inst_0/bd_0_hls_inst_0_gnss_correlator/bd_0_hls_inst_0_gnss_correlator_fadd_32ns_32ns_32_2_full_dsp_1/bd_0_hls_inst_0_gnss_correlator_fadd_32ns_32ns_32_2_full_dsp_1_ip/<hidden>/<hidden>/<hidden>/<hidden>/<hidden>
                         net (fo=1, unplaced)         0.009    16.473    bd_0_wrapper/bd_0/bd_0_hls_inst_0/bd_0_hls_inst_0_gnss_correlator/bd_0_hls_inst_0_gnss_correlator_fadd_32ns_32ns_32_2_full_dsp_1/bd_0_hls_inst_0_gnss_correlator_fadd_32ns_32ns_32_2_full_dsp_1_ip/<hidden>/<hidden>/<hidden>/<hidden>/<hidden>
                         CARRY4 (Prop_carry4_CI_O[1])
                                                      0.337    16.810 r  bd_0_wrapper/bd_0/bd_0_hls_inst_0/bd_0_hls_inst_0_gnss_correlator/bd_0_hls_inst_0_gnss_correlator_fadd_32ns_32ns_32_2_full_dsp_1/bd_0_hls_inst_0_gnss_correlator_fadd_32ns_32ns_32_2_full_dsp_1_ip/<hidden>/<hidden>/<hidden>/<hidden>/<hidden>
                         net (fo=3, unplaced)         0.800    17.610    bd_0_wrapper/bd_0/bd_0_hls_inst_0/bd_0_hls_inst_0_gnss_correlator/bd_0_hls_inst_0_gnss_correlator_fadd_32ns_32ns_32_2_full_dsp_1/bd_0_hls_inst_0_gnss_correlator_fadd_32ns_32ns_32_2_full_dsp_1_ip/<hidden>/<hidden>/<hidden>/<hidden>/<hidden>/<hidden>
                         DSP48E1 (Prop_dsp48e1_C[32]_P[19])
                                                      1.999    19.609 r  bd_0_wrapper/bd_0/bd_0_hls_inst_0/bd_0_hls_inst_0_gnss_correlator/bd_0_hls_inst_0_gnss_correlator_fadd_32ns_32ns_32_2_full_dsp_1/bd_0_hls_inst_0_gnss_correlator_fadd_32ns_32ns_32_2_full_dsp_1_ip/<hidden>/<hidden>/<hidden>/<hidden>/<hidden>/<hidden>
                         net (fo=1, unplaced)         0.800    20.409    bd_0_wrapper/bd_0/bd_0_hls_inst_0/bd_0_hls_inst_0_gnss_correlator/bd_0_hls_inst_0_gnss_correlator_fadd_32ns_32ns_32_2_full_dsp_1/bd_0_hls_inst_0_gnss_correlator_fadd_32ns_32ns_32_2_full_dsp_1_ip/<hidden>/<hidden>/<hidden>/<hidden>/<hidden>/<hidden>
                         LUT6 (Prop_lut6_I0_O)        0.124    20.533 r  bd_0_wrapper/bd_0/bd_0_hls_inst_0/bd_0_hls_inst_0_gnss_correlator/bd_0_hls_inst_0_gnss_correlator_fadd_32ns_32ns_32_2_full_dsp_1/bd_0_hls_inst_0_gnss_correlator_fadd_32ns_32ns_32_2_full_dsp_1_ip/<hidden>/<hidden>/<hidden>/<hidden>/<hidden>/<hidden>
                         net (fo=3, unplaced)         0.467    21.000    bd_0_i/hls_inst/inst/fadd_32ns_32ns_32_2_full_dsp_1_U2/r_tdata[17]
                         LUT3 (Prop_lut3_I0_O)        0.124    21.124 r  bd_0_i/hls_inst/inst/fadd_32ns_32ns_32_2_full_dsp_1_U2/acc_I_fu_98[17]_i_1/O
                         net (fo=2, unplaced)         0.000    21.124    bd_0_i/hls_inst/inst/grp_fu_182_p2[17]
                         FDRE                                         r  bd_0_i/hls_inst/inst/acc_I_fu_98_reg[17]/D
  -------------------------------------------------------------------    -------------------

                         (clock ap_clk rise edge)    10.000    10.000 r  
                                                      0.000    10.000 r  ap_clk (IN)
                         net (fo=3332, unset)         0.924    10.924    bd_0_i/hls_inst/inst/ap_clk
                         FDRE                                         r  bd_0_i/hls_inst/inst/acc_I_fu_98_reg[17]/C
                         clock pessimism              0.000    10.924    
                         clock uncertainty           -0.035    10.889    
                         FDRE (Setup_fdre_C_D)        0.077    10.966    bd_0_i/hls_inst/inst/acc_I_fu_98_reg[17]
  -------------------------------------------------------------------
                         required time                         10.966    
                         arrival time                         -21.124    
  -------------------------------------------------------------------
                         slack                                -10.158    

Slack (VIOLATED) :        -10.158ns  (required time - arrival time)
  Source:                 bd_0_i/hls_inst/inst/fadd_32ns_32ns_32_2_full_dsp_1_U2/din1_buf1_reg[24]/C
                            (rising edge-triggered cell FDRE clocked by ap_clk  {rise@0.000ns fall@5.000ns period=10.000ns})
  Destination:            bd_0_i/hls_inst/inst/acc_I_fu_98_reg[18]/D
                            (rising edge-triggered cell FDRE clocked by ap_clk  {rise@0.000ns fall@5.000ns period=10.000ns})
  Path Group:             ap_clk
  Path Type:              Setup (Max at Slow Process Corner)
  Requirement:            10.000ns  (ap_clk rise@10.000ns - ap_clk rise@0.000ns)
  Data Path Delay:        20.151ns  (logic 11.306ns (56.107%)  route 8.845ns (43.893%))
  Logic Levels:           13  (CARRY4=3 DSP48E1=2 LUT3=2 LUT4=1 LUT5=2 LUT6=3)
  Clock Path Skew:        -0.049ns (DCD - SCD + CPR)
    Destination Clock Delay (DCD):    0.924ns = ( 10.924 - 10.000 ) 
    Source Clock Delay      (SCD):    0.973ns
    Clock Pessimism Removal (CPR):    0.000ns
  Clock Uncertainty:      0.035ns  ((TSJ^2 + TIJ^2)^1/2 + DJ) / 2 + PE
    Total System Jitter     (TSJ):    0.071ns
    Total Input Jitter      (TIJ):    0.000ns
    Discrete Jitter          (DJ):    0.000ns
    Phase Error              (PE):    0.000ns

    Location             Delay type                Incr(ns)  Path(ns)    Netlist Resource(s)
  -------------------------------------------------------------------    -------------------
                         (clock ap_clk rise edge)     0.000     0.000 r  
                                                      0.000     0.000 r  ap_clk (IN)
                         net (fo=3332, unset)         0.973     0.973    bd_0_i/hls_inst/inst/fadd_32ns_32ns_32_2_full_dsp_1_U2/ap_clk
                         FDRE                                         r  bd_0_i/hls_inst/inst/fadd_32ns_32ns_32_2_full_dsp_1_U2/din1_buf1_reg[24]/C
  -------------------------------------------------------------------    -------------------
                         FDRE (Prop_fdre_C_Q)         0.518     1.491 r  bd_0_i/hls_inst/inst/fadd_32ns_32ns_32_2_full_dsp_1_U2/din1_buf1_reg[24]/Q
                         net (fo=9, unplaced)         0.847     2.338    bd_0_wrapper/bd_0/bd_0_hls_inst_0/bd_0_hls_inst_0_gnss_correlator/bd_0_hls_inst_0_gnss_correlator_fadd_32ns_32ns_32_2_full_dsp_1/bd_0_hls_inst_0_gnss_correlator_fadd_32ns_32ns_32_2_full_dsp_1_ip/<hidden>/<hidden>/<hidden>/<hidden>/<hidden>
                         LUT5 (Prop_lut5_I0_O)        0.323     2.661 r  bd_0_wrapper/bd_0/bd_0_hls_inst_0/bd_0_hls_inst_0_gnss_correlator/bd_0_hls_inst_0_gnss_correlator_fadd_32ns_32ns_32_2_full_dsp_1/bd_0_hls_inst_0_gnss_correlator_fadd_32ns_32ns_32_2_full_dsp_1_ip/<hidden>/<hidden>/<hidden>/<hidden>/<hidden>
                         net (fo=1, unplaced)         0.663     3.324    bd_0_wrapper/bd_0/bd_0_hls_inst_0/bd_0_hls_inst_0_gnss_correlator/bd_0_hls_inst_0_gnss_correlator_fadd_32ns_32ns_32_2_full_dsp_1/bd_0_hls_inst_0_gnss_correlator_fadd_32ns_32ns_32_2_full_dsp_1_ip/<hidden>/<hidden>/<hidden>/<hidden>/<hidden>/<hidden>
                         CARRY4 (Prop_carry4_S[1]_O[2])
                                                      0.702     4.026 r  bd_0_wrapper/bd_0/bd_0_hls_inst_0/bd_0_hls_inst_0_gnss_correlator/bd_0_hls_inst_0_gnss_correlator_fadd_32ns_32ns_32_2_full_dsp_1/bd_0_hls_inst_0_gnss_correlator_fadd_32ns_32ns_32_2_full_dsp_1_ip/<hidden>/<hidden>/<hidden>/<hidden>/<hidden>/<hidden>
                         net (fo=19, unplaced)        1.173     5.199    bd_0_wrapper/bd_0/bd_0_hls_inst_0/bd_0_hls_inst_0_gnss_correlator/bd_0_hls_inst_0_gnss_correlator_fadd_32ns_32ns_32_2_full_dsp_1/bd_0_hls_inst_0_gnss_correlator_fadd_32ns_32ns_32_2_full_dsp_1_ip/<hidden>/<hidden>/<hidden>/<hidden>/<hidden>/<hidden>
                         LUT6 (Prop_lut6_I2_O)        0.301     5.500 r  bd_0_wrapper/bd_0/bd_0_hls_inst_0/bd_0_hls_inst_0_gnss_correlator/bd_0_hls_inst_0_gnss_correlator_fadd_32ns_32ns_32_2_full_dsp_1/bd_0_hls_inst_0_gnss_correlator_fadd_32ns_32ns_32_2_full_dsp_1_ip/<hidden>/<hidden>/<hidden>/<hidden>/<hidden>/<hidden>
                         net (fo=2, unplaced)         0.800     6.300    bd_0_wrapper/bd_0/bd_0_hls_inst_0/bd_0_hls_inst_0_gnss_correlator/bd_0_hls_inst_0_gnss_correlator_fadd_32ns_32ns_32_2_full_dsp_1/bd_0_hls_inst_0_gnss_correlator_fadd_32ns_32ns_32_2_full_dsp_1_ip/<hidden>/<hidden>/<hidden>/<hidden>/<hidden>/<hidden>
                         DSP48E1 (Prop_dsp48e1_INMODE[2]_PATTERNDETECT)
                                                      5.849    12.149 r  bd_0_wrapper/bd_0/bd_0_hls_inst_0/bd_0_hls_inst_0_gnss_correlator/bd_0_hls_inst_0_gnss_correlator_fadd_32ns_32ns_32_2_full_dsp_1/bd_0_hls_inst_0_gnss_correlator_fadd_32ns_32ns_32_2_full_dsp_1_ip/<hidden>/<hidden>/<hidden>/<hidden>/<hidden>/<hidden>
                         net (fo=54, unplaced)        0.800    12.948    bd_0_wrapper/bd_0/bd_0_hls_inst_0/bd_0_hls_inst_0_gnss_correlator/bd_0_hls_inst_0_gnss_correlator_fadd_32ns_32ns_32_2_full_dsp_1/bd_0_hls_inst_0_gnss_correlator_fadd_32ns_32ns_32_2_full_dsp_1_ip/<hidden>/<hidden>/<hidden>/<hidden>/<hidden>/<hidden>
                         LUT3 (Prop_lut3_I1_O)        0.124    13.072 r  bd_0_wrapper/bd_0/bd_0_hls_inst_0/bd_0_hls_inst_0_gnss_correlator/bd_0_hls_inst_0_gnss_correlator_fadd_32ns_32ns_32_2_full_dsp_1/bd_0_hls_inst_0_gnss_correlator_fadd_32ns_32ns_32_2_full_dsp_1_ip/<hidden>/<hidden>/<hidden>/<hidden>/<hidden>/<hidden>
                         net (fo=3, unplaced)         0.920    13.992    bd_0_wrapper/bd_0/bd_0_hls_inst_0/bd_0_hls_inst_0_gnss_correlator/bd_0_hls_inst_0_gnss_correlator_fadd_32ns_32ns_32_2_full_dsp_1/bd_0_hls_inst_0_gnss_correlator_fadd_32ns_32ns_32_2_full_dsp_1_ip/<hidden>/<hidden>/<hidden>/<hidden>/<hidden>/<hidden>
                         LUT5 (Prop_lut5_I2_O)        0.124    14.116 r  bd_0_wrapper/bd_0/bd_0_hls_inst_0/bd_0_hls_inst_0_gnss_correlator/bd_0_hls_inst_0_gnss_correlator_fadd_32ns_32ns_32_2_full_dsp_1/bd_0_hls_inst_0_gnss_correlator_fadd_32ns_32ns_32_2_full_dsp_1_ip/<hidden>/<hidden>/<hidden>/<hidden>/<hidden>/<hidden>
                         net (fo=1, unplaced)         0.665    14.781    bd_0_wrapper/bd_0/bd_0_hls_inst_0/bd_0_hls_inst_0_gnss_correlator/bd_0_hls_inst_0_gnss_correlator_fadd_32ns_32ns_32_2_full_dsp_1/bd_0_hls_inst_0_gnss_correlator_fadd_32ns_32ns_32_2_full_dsp_1_ip/<hidden>/<hidden>/<hidden>/<hidden>/<hidden>/<hidden>
                         LUT4 (Prop_lut4_I0_O)        0.124    14.905 r  bd_0_wrapper/bd_0/bd_0_hls_inst_0/bd_0_hls_inst_0_gnss_correlator/bd_0_hls_inst_0_gnss_correlator_fadd_32ns_32ns_32_2_full_dsp_1/bd_0_hls_inst_0_gnss_correlator_fadd_32ns_32ns_32_2_full_dsp_1_ip/<hidden>/<hidden>/<hidden>/<hidden>/<hidden>/<hidden>
                         net (fo=1, unplaced)         0.902    15.807    bd_0_wrapper/bd_0/bd_0_hls_inst_0/bd_0_hls_inst_0_gnss_correlator/bd_0_hls_inst_0_gnss_correlator_fadd_32ns_32ns_32_2_full_dsp_1/bd_0_hls_inst_0_gnss_correlator_fadd_32ns_32ns_32_2_full_dsp_1_ip/<hidden>/<hidden>/<hidden>/<hidden>/<hidden>/<hidden>
                         LUT6 (Prop_lut6_I1_O)        0.124    15.931 r  bd_0_wrapper/bd_0/bd_0_hls_inst_0/bd_0_hls_inst_0_gnss_correlator/bd_0_hls_inst_0_gnss_correlator_fadd_32ns_32ns_32_2_full_dsp_1/bd_0_hls_inst_0_gnss_correlator_fadd_32ns_32ns_32_2_full_dsp_1_ip/<hidden>/<hidden>/<hidden>/<hidden>/<hidden>/<hidden>
                         net (fo=1, unplaced)         0.000    15.931    bd_0_wrapper/bd_0/bd_0_hls_inst_0/bd_0_hls_inst_0_gnss_correlator/bd_0_hls_inst_0_gnss_correlator_fadd_32ns_32ns_32_2_full_dsp_1/bd_0_hls_inst_0_gnss_correlator_fadd_32ns_32ns_32_2_full_dsp_1_ip/<hidden>/<hidden>/<hidden>/<hidden>/<hidden>
                         CARRY4 (Prop_carry4_S[1]_CO[3])
                                                      0.533    16.464 r  bd_0_wrapper/bd_0/bd_0_hls_inst_0/bd_0_hls_inst_0_gnss_correlator/bd_0_hls_inst_0_gnss_correlator_fadd_32ns_32ns_32_2_full_dsp_1/bd_0_hls_inst_0_gnss_correlator_fadd_32ns_32ns_32_2_full_dsp_1_ip/<hidden>/<hidden>/<hidden>/<hidden>/<hidden>
                         net (fo=1, unplaced)         0.009    16.473    bd_0_wrapper/bd_0/bd_0_hls_inst_0/bd_0_hls_inst_0_gnss_correlator/bd_0_hls_inst_0_gnss_correlator_fadd_32ns_32ns_32_2_full_dsp_1/bd_0_hls_inst_0_gnss_correlator_fadd_32ns_32ns_32_2_full_dsp_1_ip/<hidden>/<hidden>/<hidden>/<hidden>/<hidden>
                         CARRY4 (Prop_carry4_CI_O[1])
                                                      0.337    16.810 r  bd_0_wrapper/bd_0/bd_0_hls_inst_0/bd_0_hls_inst_0_gnss_correlator/bd_0_hls_inst_0_gnss_correlator_fadd_32ns_32ns_32_2_full_dsp_1/bd_0_hls_inst_0_gnss_correlator_fadd_32ns_32ns_32_2_full_dsp_1_ip/<hidden>/<hidden>/<hidden>/<hidden>/<hidden>
                         net (fo=3, unplaced)         0.800    17.610    bd_0_wrapper/bd_0/bd_0_hls_inst_0/bd_0_hls_inst_0_gnss_correlator/bd_0_hls_inst_0_gnss_correlator_fadd_32ns_32ns_32_2_full_dsp_1/bd_0_hls_inst_0_gnss_correlator_fadd_32ns_32ns_32_2_full_dsp_1_ip/<hidden>/<hidden>/<hidden>/<hidden>/<hidden>/<hidden>
                         DSP48E1 (Prop_dsp48e1_C[32]_P[20])
                                                      1.999    19.609 r  bd_0_wrapper/bd_0/bd_0_hls_inst_0/bd_0_hls_inst_0_gnss_correlator/bd_0_hls_inst_0_gnss_correlator_fadd_32ns_32ns_32_2_full_dsp_1/bd_0_hls_inst_0_gnss_correlator_fadd_32ns_32ns_32_2_full_dsp_1_ip/<hidden>/<hidden>/<hidden>/<hidden>/<hidden>/<hidden>
                         net (fo=1, unplaced)         0.800    20.409    bd_0_wrapper/bd_0/bd_0_hls_inst_0/bd_0_hls_inst_0_gnss_correlator/bd_0_hls_inst_0_gnss_correlator_fadd_32ns_32ns_32_2_full_dsp_1/bd_0_hls_inst_0_gnss_correlator_fadd_32ns_32ns_32_2_full_dsp_1_ip/<hidden>/<hidden>/<hidden>/<hidden>/<hidden>/<hidden>
                         LUT6 (Prop_lut6_I0_O)        0.124    20.533 r  bd_0_wrapper/bd_0/bd_0_hls_inst_0/bd_0_hls_inst_0_gnss_correlator/bd_0_hls_inst_0_gnss_correlator_fadd_32ns_32ns_32_2_full_dsp_1/bd_0_hls_inst_0_gnss_correlator_fadd_32ns_32ns_32_2_full_dsp_1_ip/<hidden>/<hidden>/<hidden>/<hidden>/<hidden>/<hidden>
                         net (fo=3, unplaced)         0.467    21.000    bd_0_i/hls_inst/inst/fadd_32ns_32ns_32_2_full_dsp_1_U2/r_tdata[18]
                         LUT3 (Prop_lut3_I0_O)        0.124    21.124 r  bd_0_i/hls_inst/inst/fadd_32ns_32ns_32_2_full_dsp_1_U2/acc_I_fu_98[18]_i_1/O
                         net (fo=2, unplaced)         0.000    21.124    bd_0_i/hls_inst/inst/grp_fu_182_p2[18]
                         FDRE                                         r  bd_0_i/hls_inst/inst/acc_I_fu_98_reg[18]/D
  -------------------------------------------------------------------    -------------------

                         (clock ap_clk rise edge)    10.000    10.000 r  
                                                      0.000    10.000 r  ap_clk (IN)
                         net (fo=3332, unset)         0.924    10.924    bd_0_i/hls_inst/inst/ap_clk
                         FDRE                                         r  bd_0_i/hls_inst/inst/acc_I_fu_98_reg[18]/C
                         clock pessimism              0.000    10.924    
                         clock uncertainty           -0.035    10.889    
                         FDRE (Setup_fdre_C_D)        0.077    10.966    bd_0_i/hls_inst/inst/acc_I_fu_98_reg[18]
  -------------------------------------------------------------------
                         required time                         10.966    
                         arrival time                         -21.124    
  -------------------------------------------------------------------
                         slack                                -10.158    




