

================================================================
== Vitis HLS Report for 'gnss_correlator_Pipeline_VITIS_LOOP_30_1'
================================================================
* Date:           Wed Sep 16 17:42:51 2026

* Version:        2025.2 (Build 6295257 on Nov 14 2025)
* Project:        gnss_correlator_hls
* Solution:       hls (Vivado IP Flow Target)
* Product family: zynq
* Target device:  xc7z020-clg484-1


================================================================
== Performance Estimates
================================================================
+ Timing: 
    * Summary: 
    +--------+----------+----------+------------+
    |  Clock |  Target  | Estimated| Uncertainty|
    +--------+----------+----------+------------+
    |ap_clk  |  10.00 ns|  7.300 ns|     2.70 ns|
    +--------+----------+----------+------------+

+ Latency: 
    * Summary: 
    +---------+---------+----------+----------+-----+-----+-------------------+
    |  Latency (cycles) |  Latency (absolute) |  Interval |      Pipeline     |
    |   min   |   max   |    min   |    max   | min | max |        Type       |
    +---------+---------+----------+----------+-----+-----+-------------------+
    |        ?|        ?|         ?|         ?|    0|    0|  loop pipeline stp|
    +---------+---------+----------+----------+-----+-----+-------------------+

    + Detail: 
        * Instance: 
        N/A

        * Loop: 
        +-------------------+---------+---------+----------+-----------+-----------+------+----------+
        |                   |  Latency (cycles) | Iteration|  Initiation Interval  | Trip |          |
        |     Loop Name     |   min   |   max   |  Latency |  achieved |   target  | Count| Pipelined|
        +-------------------+---------+---------+----------+-----------+-----------+------+----------+
        |- VITIS_LOOP_30_1  |        ?|        ?|        20|          2|          1|     ?|       yes|
        +-------------------+---------+---------+----------+-----------+-----------+------+----------+



================================================================
== Utilization Estimates
================================================================
* Summary: 
+-----------------+---------+-----+--------+-------+-----+
|       Name      | BRAM_18K| DSP |   FF   |  LUT  | URAM|
+-----------------+---------+-----+--------+-------+-----+
|DSP              |        -|    2|       -|      -|    -|
|Expression       |        -|    -|       0|   2595|    -|
|FIFO             |        -|    -|       -|      -|    -|
|Instance         |        -|    2|       0|     68|    -|
|Memory           |        -|    -|       -|      -|    -|
|Multiplexer      |        -|    -|       0|    169|    -|
|Register         |        -|    -|    1719|     32|    -|
+-----------------+---------+-----+--------+-------+-----+
|Total            |        0|    4|    1719|   2864|    0|
+-----------------+---------+-----+--------+-------+-----+
|Available        |      280|  220|  106400|  53200|    0|
+-----------------+---------+-----+--------+-------+-----+
|Utilization (%)  |        0|    1|       1|      5|    0|
+-----------------+---------+-----+--------+-------+-----+

+ Detail: 
    * Instance: 
    +-----------------------------+--------------------------+---------+----+---+----+-----+
    |           Instance          |          Module          | BRAM_18K| DSP| FF| LUT| URAM|
    +-----------------------------+--------------------------+---------+----+---+----+-----+
    |fpext_32ns_64_2_no_dsp_1_U1  |fpext_32ns_64_2_no_dsp_1  |        0|   0|  0|   0|    0|
    |fpext_32ns_64_2_no_dsp_1_U2  |fpext_32ns_64_2_no_dsp_1  |        0|   0|  0|   0|    0|
    |mul_18s_18s_34_1_1_U7        |mul_18s_18s_34_1_1        |        0|   1|  0|   6|    0|
    |mul_18s_18s_34_1_1_U8        |mul_18s_18s_34_1_1        |        0|   1|  0|   6|    0|
    |sparsemux_9_3_18_1_1_U3      |sparsemux_9_3_18_1_1      |        0|   0|  0|  14|    0|
    |sparsemux_9_3_18_1_1_U4      |sparsemux_9_3_18_1_1      |        0|   0|  0|  14|    0|
    |sparsemux_9_3_18_1_1_U5      |sparsemux_9_3_18_1_1      |        0|   0|  0|  14|    0|
    |sparsemux_9_3_18_1_1_U6      |sparsemux_9_3_18_1_1      |        0|   0|  0|  14|    0|
    +-----------------------------+--------------------------+---------+----+---+----+-----+
    |Total                        |                          |        0|   2|  0|  68|    0|
    +-----------------------------+--------------------------+---------+----+---+----+-----+

    * DSP: 
    +-----------------------------------+-------------------------------+--------------+
    |              Instance             |             Module            |  Expression  |
    +-----------------------------------+-------------------------------+--------------+
    |mac_muladd_18s_18s_34s_34_4_1_U10  |mac_muladd_18s_18s_34s_34_4_1  |  i0 + i1 * i2|
    |mac_mulsub_18s_18s_34s_34_4_1_U9   |mac_mulsub_18s_18s_34s_34_4_1  |  i0 - i1 * i2|
    +-----------------------------------+-------------------------------+--------------+

    * Memory: 
    N/A

    * FIFO: 
    N/A

    * Expression: 
    +--------------------------------+----------+----+---+-----+------------+------------+
    |          Variable Name         | Operation| DSP| FF| LUT | Bitwidth P0| Bitwidth P1|
    +--------------------------------+----------+----+---+-----+------------+------------+
    |add_ln30_fu_256_p2              |         +|   0|  0|   38|          31|           1|
    |add_ln34_1_fu_459_p2            |         +|   0|  0|   12|          11|           6|
    |add_ln34_fu_266_p2              |         +|   0|  0|   70|          63|          63|
    |add_ln35_1_fu_724_p2            |         +|   0|  0|   12|          11|           6|
    |add_ln35_fu_282_p2              |         +|   0|  0|   70|          63|          63|
    |add_ln36_1_fu_565_p2            |         +|   0|  0|   12|          11|           6|
    |add_ln36_fu_298_p2              |         +|   0|  0|   70|          63|          63|
    |add_ln37_1_fu_873_p2            |         +|   0|  0|   12|          11|           6|
    |add_ln37_fu_314_p2              |         +|   0|  0|   70|          63|          63|
    |add_ln40_fu_1248_p2             |         +|   0|  0|   41|          34|          34|
    |add_ln41_1_fu_1279_p2           |         +|   0|  0|   41|          34|          34|
    |sub_ln34_1_fu_443_p2            |         -|   0|  0|   12|          11|          12|
    |sub_ln34_2_fu_465_p2            |         -|   0|  0|   12|           5|          11|
    |sub_ln34_fu_425_p2              |         -|   0|  0|   61|           1|          54|
    |sub_ln35_1_fu_708_p2            |         -|   0|  0|   12|          11|          12|
    |sub_ln35_2_fu_730_p2            |         -|   0|  0|   12|           5|          11|
    |sub_ln35_fu_690_p2              |         -|   0|  0|   61|           1|          54|
    |sub_ln36_1_fu_549_p2            |         -|   0|  0|   12|          11|          12|
    |sub_ln36_2_fu_571_p2            |         -|   0|  0|   12|           5|          11|
    |sub_ln36_fu_531_p2              |         -|   0|  0|   61|           1|          54|
    |sub_ln37_1_fu_857_p2            |         -|   0|  0|   12|          11|          12|
    |sub_ln37_2_fu_879_p2            |         -|   0|  0|   12|           5|          11|
    |sub_ln37_fu_839_p2              |         -|   0|  0|   61|           1|          54|
    |and_ln34_1_fu_923_p2            |       and|   0|  0|    2|           1|           1|
    |and_ln34_fu_908_p2              |       and|   0|  0|    2|           1|           1|
    |and_ln35_1_fu_766_p2            |       and|   0|  0|    2|           1|           1|
    |and_ln35_fu_1124_p2             |       and|   0|  0|    2|           1|           1|
    |and_ln36_1_fu_1031_p2           |       and|   0|  0|    2|           1|           1|
    |and_ln36_fu_1016_p2             |       and|   0|  0|    2|           1|           1|
    |and_ln37_1_fu_1178_p2           |       and|   0|  0|    2|           1|           1|
    |and_ln37_fu_1163_p2             |       and|   0|  0|    2|           1|           1|
    |ap_block_pp0_stage0_11001_grp3  |       and|   0|  0|    2|           1|           1|
    |ap_block_pp0_stage0_11001_grp4  |       and|   0|  0|    2|           1|           1|
    |ap_block_pp0_stage0_11001_grp7  |       and|   0|  0|    2|           1|           1|
    |ap_block_pp0_stage0_11001_grp8  |       and|   0|  0|    2|           1|           1|
    |ap_block_pp0_stage1_11001_grp1  |       and|   0|  0|    2|           1|           1|
    |ap_block_pp0_stage1_11001_grp2  |       and|   0|  0|    2|           1|           1|
    |ap_block_pp0_stage1_11001_grp5  |       and|   0|  0|    2|           1|           1|
    |ap_block_pp0_stage1_11001_grp6  |       and|   0|  0|    2|           1|           1|
    |ap_block_state2_io_grp1         |       and|   0|  0|    2|           1|           1|
    |ap_block_state2_io_grp2         |       and|   0|  0|    2|           1|           1|
    |ap_condition_356                |       and|   0|  0|    2|           1|           1|
    |ashr_ln34_fu_638_p2             |      ashr|   0|  0|  161|          54|          54|
    |ashr_ln35_fu_973_p2             |      ashr|   0|  0|  161|          54|          54|
    |ashr_ln36_fu_787_p2             |      ashr|   0|  0|  161|          54|          54|
    |ashr_ln37_fu_1081_p2            |      ashr|   0|  0|  161|          54|          54|
    |icmp_ln30_fu_250_p2             |      icmp|   0|  0|   39|          32|          32|
    |icmp_ln34_1_fu_453_p2           |      icmp|   0|  0|   12|          12|           5|
    |icmp_ln34_2_fu_479_p2           |      icmp|   0|  0|   12|          12|           5|
    |icmp_ln34_3_fu_623_p2           |      icmp|   0|  0|   12|          11|           6|
    |icmp_ln34_4_fu_655_p2           |      icmp|   0|  0|   12|          11|           5|
    |icmp_ln34_fu_438_p2             |      icmp|   0|  0|   70|          63|           1|
    |icmp_ln35_1_fu_718_p2           |      icmp|   0|  0|   12|          12|           5|
    |icmp_ln35_2_fu_744_p2           |      icmp|   0|  0|   12|          12|           5|
    |icmp_ln35_3_fu_958_p2           |      icmp|   0|  0|   12|          11|           6|
    |icmp_ln35_4_fu_990_p2           |      icmp|   0|  0|   12|          11|           5|
    |icmp_ln35_fu_703_p2             |      icmp|   0|  0|   70|          63|           1|
    |icmp_ln36_1_fu_559_p2           |      icmp|   0|  0|   12|          12|           5|
    |icmp_ln36_2_fu_585_p2           |      icmp|   0|  0|   12|          12|           5|
    |icmp_ln36_3_fu_772_p2           |      icmp|   0|  0|   12|          11|           6|
    |icmp_ln36_4_fu_804_p2           |      icmp|   0|  0|   12|          11|           5|
    |icmp_ln36_fu_544_p2             |      icmp|   0|  0|   70|          63|           1|
    |icmp_ln37_1_fu_867_p2           |      icmp|   0|  0|   12|          12|           5|
    |icmp_ln37_2_fu_893_p2           |      icmp|   0|  0|   12|          12|           5|
    |icmp_ln37_3_fu_1066_p2          |      icmp|   0|  0|   12|          11|           6|
    |icmp_ln37_4_fu_1098_p2          |      icmp|   0|  0|   12|          11|           5|
    |icmp_ln37_fu_852_p2             |      icmp|   0|  0|   70|          63|           1|
    |ap_block_pp0_stage0_11001       |        or|   0|  0|    2|           1|           1|
    |ap_block_pp0_stage1_11001       |        or|   0|  0|    2|           1|           1|
    |or_ln34_fu_913_p2               |        or|   0|  0|    2|           1|           1|
    |or_ln35_fu_754_p2               |        or|   0|  0|    2|           1|           1|
    |or_ln36_fu_1021_p2              |        or|   0|  0|    2|           1|           1|
    |or_ln37_fu_1168_p2              |        or|   0|  0|    2|           1|           1|
    |select_ln34_1_fu_471_p3         |    select|   0|  0|   11|           1|          11|
    |select_ln34_2_fu_647_p3         |    select|   0|  0|   18|           1|          18|
    |select_ln34_3_fu_668_p3         |    select|   0|  0|   18|           1|          18|
    |select_ln34_4_fu_628_p3         |    select|   0|  0|    2|           1|           2|
    |select_ln34_fu_431_p3           |    select|   0|  0|   54|           1|          54|
    |select_ln35_1_fu_736_p3         |    select|   0|  0|   11|           1|          11|
    |select_ln35_2_fu_982_p3         |    select|   0|  0|   18|           1|          18|
    |select_ln35_3_fu_1003_p3        |    select|   0|  0|   18|           1|          18|
    |select_ln35_4_fu_963_p3         |    select|   0|  0|    2|           1|           2|
    |select_ln35_fu_696_p3           |    select|   0|  0|   54|           1|          54|
    |select_ln36_1_fu_577_p3         |    select|   0|  0|   11|           1|          11|
    |select_ln36_2_fu_796_p3         |    select|   0|  0|   18|           1|          18|
    |select_ln36_3_fu_817_p3         |    select|   0|  0|   18|           1|          18|
    |select_ln36_4_fu_777_p3         |    select|   0|  0|    2|           1|           2|
    |select_ln36_fu_537_p3           |    select|   0|  0|   54|           1|          54|
    |select_ln37_1_fu_885_p3         |    select|   0|  0|   11|           1|          11|
    |select_ln37_2_fu_1090_p3        |    select|   0|  0|   18|           1|          18|
    |select_ln37_3_fu_1111_p3        |    select|   0|  0|   18|           1|          18|
    |select_ln37_4_fu_1071_p3        |    select|   0|  0|    2|           1|           2|
    |select_ln37_fu_845_p3           |    select|   0|  0|   54|           1|          54|
    |shl_ln34_fu_663_p2              |       shl|   0|  0|   43|          18|          18|
    |shl_ln35_fu_998_p2              |       shl|   0|  0|   43|          18|          18|
    |shl_ln36_fu_812_p2              |       shl|   0|  0|   43|          18|          18|
    |shl_ln37_fu_1106_p2             |       shl|   0|  0|   43|          18|          18|
    |ap_enable_pp0                   |       xor|   0|  0|    2|           1|           2|
    |xor_ln34_1_fu_917_p2            |       xor|   0|  0|    2|           1|           2|
    |xor_ln34_fu_903_p2              |       xor|   0|  0|    2|           1|           2|
    |xor_ln35_1_fu_760_p2            |       xor|   0|  0|    2|           1|           2|
    |xor_ln35_fu_1119_p2             |       xor|   0|  0|    2|           1|           2|
    |xor_ln36_1_fu_1025_p2           |       xor|   0|  0|    2|           1|           2|
    |xor_ln36_fu_1011_p2             |       xor|   0|  0|    2|           1|           2|
    |xor_ln37_1_fu_1172_p2           |       xor|   0|  0|    2|           1|           2|
    |xor_ln37_fu_1158_p2             |       xor|   0|  0|    2|           1|           2|
    +--------------------------------+----------+----+---+-----+------------+------------+
    |Total                           |          |   0|  0| 2595|        1273|        1516|
    +--------------------------------+----------+----+---+-----+------------+------------+

    * Multiplexer: 
    +-------------------------+----+-----------+-----+-----------+
    |           Name          | LUT| Input Size| Bits| Total Bits|
    +-------------------------+----+-----------+-----+-----------+
    |acc_I_fu_118             |   9|          2|   18|         36|
    |acc_Q_fu_122             |   9|          2|   18|         36|
    |ap_NS_fsm                |  14|          3|    1|          3|
    |ap_done_int              |   9|          2|    1|          2|
    |ap_enable_reg_pp0_iter0  |   9|          2|    1|          2|
    |ap_enable_reg_pp0_iter1  |   9|          2|    1|          2|
    |ap_sig_allocacmp_i_1     |   9|          2|   31|         62|
    |gmem0_blk_n_AR           |   9|          2|    1|          2|
    |gmem0_blk_n_R            |   9|          2|    1|          2|
    |gmem1_blk_n_AR           |   9|          2|    1|          2|
    |gmem1_blk_n_R            |   9|          2|    1|          2|
    |grp_fu_198_p0            |  14|          3|   32|         96|
    |grp_fu_201_p0            |  14|          3|   32|         96|
    |i_fu_126                 |   9|          2|   31|         62|
    |m_axi_gmem0_0_ARADDR     |  14|          3|   64|        192|
    |m_axi_gmem1_0_ARADDR     |  14|          3|   64|        192|
    +-------------------------+----+-----------+-----+-----------+
    |Total                    | 169|         37|  298|        789|
    +-------------------------+----+-----------+-----+-----------+

    * Register: 
    +-------------------------------------------+----+----+-----+-----------+
    |                    Name                   | FF | LUT| Bits| Const Bits|
    +-------------------------------------------+----+----+-----+-----------+
    |a_reg_1642                                 |  18|   0|   18|          0|
    |acc_I_fu_118                               |  18|   0|   18|          0|
    |acc_Q_fu_122                               |  18|   0|   18|          0|
    |and_ln35_1_reg_1590                        |   1|   0|    1|          0|
    |ap_CS_fsm                                  |   2|   0|    2|          0|
    |ap_block_pp0_stage0_subdone_grp0_done_reg  |   1|   0|    1|          0|
    |ap_block_pp0_stage0_subdone_grp3_done_reg  |   1|   0|    1|          0|
    |ap_block_pp0_stage0_subdone_grp4_done_reg  |   1|   0|    1|          0|
    |ap_block_pp0_stage0_subdone_grp7_done_reg  |   1|   0|    1|          0|
    |ap_block_pp0_stage0_subdone_grp8_done_reg  |   1|   0|    1|          0|
    |ap_block_pp0_stage1_subdone_grp0_done_reg  |   1|   0|    1|          0|
    |ap_block_pp0_stage1_subdone_grp1_done_reg  |   1|   0|    1|          0|
    |ap_block_pp0_stage1_subdone_grp2_done_reg  |   1|   0|    1|          0|
    |ap_block_pp0_stage1_subdone_grp5_done_reg  |   1|   0|    1|          0|
    |ap_block_pp0_stage1_subdone_grp6_done_reg  |   1|   0|    1|          0|
    |ap_done_reg                                |   1|   0|    1|          0|
    |ap_enable_reg_pp0_iter0_reg                |   1|   0|    1|          0|
    |ap_enable_reg_pp0_iter1                    |   1|   0|    1|          0|
    |ap_enable_reg_pp0_iter2                    |   1|   0|    1|          0|
    |ap_enable_reg_pp0_iter3                    |   1|   0|    1|          0|
    |ap_enable_reg_pp0_iter4                    |   1|   0|    1|          0|
    |ap_enable_reg_pp0_iter5                    |   1|   0|    1|          0|
    |ap_enable_reg_pp0_iter6                    |   1|   0|    1|          0|
    |ap_enable_reg_pp0_iter7                    |   1|   0|    1|          0|
    |ap_enable_reg_pp0_iter8                    |   1|   0|    1|          0|
    |ap_enable_reg_pp0_iter9                    |   1|   0|    1|          0|
    |ap_loop_exit_ready_pp0_iter1_reg           |   1|   0|    1|          0|
    |ap_loop_exit_ready_pp0_iter2_reg           |   1|   0|    1|          0|
    |ap_loop_exit_ready_pp0_iter3_reg           |   1|   0|    1|          0|
    |ap_loop_exit_ready_pp0_iter4_reg           |   1|   0|    1|          0|
    |ap_loop_exit_ready_pp0_iter5_reg           |   1|   0|    1|          0|
    |ap_loop_exit_ready_pp0_iter6_reg           |   1|   0|    1|          0|
    |ap_loop_exit_ready_pp0_iter7_reg           |   1|   0|    1|          0|
    |ap_loop_exit_ready_pp0_iter8_reg           |   1|   0|    1|          0|
    |c_reg_1657                                 |  18|   0|   18|          0|
    |gmem0_addr_1_reg_1354                      |  64|   0|   64|          0|
    |gmem0_addr_reg_1348                        |  64|   0|   64|          0|
    |gmem1_addr_1_reg_1366                      |  64|   0|   64|          0|
    |gmem1_addr_reg_1360                        |  64|   0|   64|          0|
    |i_fu_126                                   |  31|   0|   31|          0|
    |icmp_ln30_reg_1344                         |   1|   0|    1|          0|
    |icmp_ln34_1_reg_1446                       |   1|   0|    1|          0|
    |icmp_ln34_2_reg_1459                       |   1|   0|    1|          0|
    |icmp_ln34_reg_1439                         |   1|   0|    1|          0|
    |icmp_ln35_2_reg_1579                       |   1|   0|    1|          0|
    |icmp_ln35_reg_1565                         |   1|   0|    1|          0|
    |icmp_ln36_1_reg_1504                       |   1|   0|    1|          0|
    |icmp_ln36_2_reg_1517                       |   1|   0|    1|          0|
    |icmp_ln36_reg_1497                         |   1|   0|    1|          0|
    |icmp_ln37_1_reg_1617                       |   1|   0|    1|          0|
    |icmp_ln37_2_reg_1630                       |   1|   0|    1|          0|
    |icmp_ln37_reg_1610                         |   1|   0|    1|          0|
    |mul_ln40_reg_1694                          |  34|   0|   34|          0|
    |mul_ln41_reg_1699                          |  34|   0|   34|          0|
    |reg_204                                    |  32|   0|   32|          0|
    |reg_208                                    |  32|   0|   32|          0|
    |select_ln34_1_reg_1451                     |  11|   0|   11|          0|
    |select_ln34_2_reg_1550                     |  18|   0|   18|          0|
    |select_ln34_3_reg_1555                     |  18|   0|   18|          0|
    |select_ln34_reg_1434                       |  54|   0|   54|          0|
    |select_ln35_1_reg_1571                     |  11|   0|   11|          0|
    |select_ln35_2_reg_1647                     |  18|   0|   18|          0|
    |select_ln35_3_reg_1652                     |  18|   0|   18|          0|
    |select_ln35_reg_1560                       |  54|   0|   54|          0|
    |select_ln36_1_reg_1509                     |  11|   0|   11|          0|
    |select_ln36_2_reg_1595                     |  18|   0|   18|          0|
    |select_ln36_3_reg_1600                     |  18|   0|   18|          0|
    |select_ln36_reg_1492                       |  54|   0|   54|          0|
    |select_ln37_1_reg_1622                     |  11|   0|   11|          0|
    |select_ln37_2_reg_1662                     |  18|   0|   18|          0|
    |select_ln37_3_reg_1667                     |  18|   0|   18|          0|
    |select_ln37_reg_1605                       |  54|   0|   54|          0|
    |sext_ln40_1_reg_1677                       |  34|   0|   34|          0|
    |sext_ln40_2_reg_1682                       |  34|   0|   34|          0|
    |sext_ln40_3_reg_1688                       |  34|   0|   34|          0|
    |sext_ln40_reg_1672                         |  34|   0|   34|          0|
    |tmp_1_reg_1393                             |  11|   0|   11|          0|
    |tmp_2_reg_1476                             |   1|   0|    1|          0|
    |tmp_3_reg_1413                             |   1|   0|    1|          0|
    |tmp_4_reg_1534                             |   1|   0|    1|          0|
    |tmp_5_reg_1540                             |  11|   0|   11|          0|
    |tmp_9_reg_1482                             |  11|   0|   11|          0|
    |tmp_reg_1387                               |   1|   0|    1|          0|
    |tmp_s_reg_1419                             |  11|   0|   11|          0|
    |trunc_ln34_1_reg_1398                      |  52|   0|   52|          0|
    |trunc_ln34_3_reg_1465                      |  18|   0|   18|          0|
    |trunc_ln34_reg_1382                        |  63|   0|   63|          0|
    |trunc_ln35_1_reg_1487                      |  52|   0|   52|          0|
    |trunc_ln35_3_reg_1584                      |  18|   0|   18|          0|
    |trunc_ln35_reg_1471                        |  63|   0|   63|          0|
    |trunc_ln36_1_reg_1424                      |  52|   0|   52|          0|
    |trunc_ln36_3_reg_1523                      |  18|   0|   18|          0|
    |trunc_ln36_reg_1408                        |  63|   0|   63|          0|
    |trunc_ln37_1_reg_1545                      |  52|   0|   52|          0|
    |trunc_ln37_3_reg_1636                      |  18|   0|   18|          0|
    |trunc_ln37_reg_1529                        |  63|   0|   63|          0|
    |icmp_ln30_reg_1344                         |  64|  32|    1|          0|
    +-------------------------------------------+----+----+-----+-----------+
    |Total                                      |1719|  32| 1656|          0|
    +-------------------------------------------+----+----+-----+-----------+



================================================================
== Interface
================================================================
* Summary: 
+------------------------+-----+-----+------------+------------------------------------------+--------------+
|        RTL Ports       | Dir | Bits|  Protocol  |               Source Object              |    C Type    |
+------------------------+-----+-----+------------+------------------------------------------+--------------+
|ap_clk                  |   in|    1|  ap_ctrl_hs|  gnss_correlator_Pipeline_VITIS_LOOP_30_1|  return value|
|ap_rst                  |   in|    1|  ap_ctrl_hs|  gnss_correlator_Pipeline_VITIS_LOOP_30_1|  return value|
|ap_start                |   in|    1|  ap_ctrl_hs|  gnss_correlator_Pipeline_VITIS_LOOP_30_1|  return value|
|ap_done                 |  out|    1|  ap_ctrl_hs|  gnss_correlator_Pipeline_VITIS_LOOP_30_1|  return value|
|ap_idle                 |  out|    1|  ap_ctrl_hs|  gnss_correlator_Pipeline_VITIS_LOOP_30_1|  return value|
|ap_ready                |  out|    1|  ap_ctrl_hs|  gnss_correlator_Pipeline_VITIS_LOOP_30_1|  return value|
|m_axi_gmem0_0_AWVALID   |  out|    1|       m_axi|                                     gmem0|       pointer|
|m_axi_gmem0_0_AWREADY   |   in|    1|       m_axi|                                     gmem0|       pointer|
|m_axi_gmem0_0_AWADDR    |  out|   64|       m_axi|                                     gmem0|       pointer|
|m_axi_gmem0_0_AWID      |  out|    1|       m_axi|                                     gmem0|       pointer|
|m_axi_gmem0_0_AWLEN     |  out|   32|       m_axi|                                     gmem0|       pointer|
|m_axi_gmem0_0_AWSIZE    |  out|    3|       m_axi|                                     gmem0|       pointer|
|m_axi_gmem0_0_AWBURST   |  out|    2|       m_axi|                                     gmem0|       pointer|
|m_axi_gmem0_0_AWLOCK    |  out|    2|       m_axi|                                     gmem0|       pointer|
|m_axi_gmem0_0_AWCACHE   |  out|    4|       m_axi|                                     gmem0|       pointer|
|m_axi_gmem0_0_AWPROT    |  out|    3|       m_axi|                                     gmem0|       pointer|
|m_axi_gmem0_0_AWQOS     |  out|    4|       m_axi|                                     gmem0|       pointer|
|m_axi_gmem0_0_AWREGION  |  out|    4|       m_axi|                                     gmem0|       pointer|
|m_axi_gmem0_0_AWUSER    |  out|    1|       m_axi|                                     gmem0|       pointer|
|m_axi_gmem0_0_WVALID    |  out|    1|       m_axi|                                     gmem0|       pointer|
|m_axi_gmem0_0_WREADY    |   in|    1|       m_axi|                                     gmem0|       pointer|
|m_axi_gmem0_0_WDATA     |  out|   32|       m_axi|                                     gmem0|       pointer|
|m_axi_gmem0_0_WSTRB     |  out|    4|       m_axi|                                     gmem0|       pointer|
|m_axi_gmem0_0_WLAST     |  out|    1|       m_axi|                                     gmem0|       pointer|
|m_axi_gmem0_0_WID       |  out|    1|       m_axi|                                     gmem0|       pointer|
|m_axi_gmem0_0_WUSER     |  out|    1|       m_axi|                                     gmem0|       pointer|
|m_axi_gmem0_0_ARVALID   |  out|    1|       m_axi|                                     gmem0|       pointer|
|m_axi_gmem0_0_ARREADY   |   in|    1|       m_axi|                                     gmem0|       pointer|
|m_axi_gmem0_0_ARADDR    |  out|   64|       m_axi|                                     gmem0|       pointer|
|m_axi_gmem0_0_ARID      |  out|    1|       m_axi|                                     gmem0|       pointer|
|m_axi_gmem0_0_ARLEN     |  out|   32|       m_axi|                                     gmem0|       pointer|
|m_axi_gmem0_0_ARSIZE    |  out|    3|       m_axi|                                     gmem0|       pointer|
|m_axi_gmem0_0_ARBURST   |  out|    2|       m_axi|                                     gmem0|       pointer|
|m_axi_gmem0_0_ARLOCK    |  out|    2|       m_axi|                                     gmem0|       pointer|
|m_axi_gmem0_0_ARCACHE   |  out|    4|       m_axi|                                     gmem0|       pointer|
|m_axi_gmem0_0_ARPROT    |  out|    3|       m_axi|                                     gmem0|       pointer|
|m_axi_gmem0_0_ARQOS     |  out|    4|       m_axi|                                     gmem0|       pointer|
|m_axi_gmem0_0_ARREGION  |  out|    4|       m_axi|                                     gmem0|       pointer|
|m_axi_gmem0_0_ARUSER    |  out|    1|       m_axi|                                     gmem0|       pointer|
|m_axi_gmem0_0_RVALID    |   in|    1|       m_axi|                                     gmem0|       pointer|
|m_axi_gmem0_0_RREADY    |  out|    1|       m_axi|                                     gmem0|       pointer|
|m_axi_gmem0_0_RDATA     |   in|   32|       m_axi|                                     gmem0|       pointer|
|m_axi_gmem0_0_RLAST     |   in|    1|       m_axi|                                     gmem0|       pointer|
|m_axi_gmem0_0_RID       |   in|    1|       m_axi|                                     gmem0|       pointer|
|m_axi_gmem0_0_RFIFONUM  |   in|    9|       m_axi|                                     gmem0|       pointer|
|m_axi_gmem0_0_RUSER     |   in|    1|       m_axi|                                     gmem0|       pointer|
|m_axi_gmem0_0_RRESP     |   in|    2|       m_axi|                                     gmem0|       pointer|
|m_axi_gmem0_0_BVALID    |   in|    1|       m_axi|                                     gmem0|       pointer|
|m_axi_gmem0_0_BREADY    |  out|    1|       m_axi|                                     gmem0|       pointer|
|m_axi_gmem0_0_BRESP     |   in|    2|       m_axi|                                     gmem0|       pointer|
|m_axi_gmem0_0_BID       |   in|    1|       m_axi|                                     gmem0|       pointer|
|m_axi_gmem0_0_BUSER     |   in|    1|       m_axi|                                     gmem0|       pointer|
|m_axi_gmem1_0_AWVALID   |  out|    1|       m_axi|                                     gmem1|       pointer|
|m_axi_gmem1_0_AWREADY   |   in|    1|       m_axi|                                     gmem1|       pointer|
|m_axi_gmem1_0_AWADDR    |  out|   64|       m_axi|                                     gmem1|       pointer|
|m_axi_gmem1_0_AWID      |  out|    1|       m_axi|                                     gmem1|       pointer|
|m_axi_gmem1_0_AWLEN     |  out|   32|       m_axi|                                     gmem1|       pointer|
|m_axi_gmem1_0_AWSIZE    |  out|    3|       m_axi|                                     gmem1|       pointer|
|m_axi_gmem1_0_AWBURST   |  out|    2|       m_axi|                                     gmem1|       pointer|
|m_axi_gmem1_0_AWLOCK    |  out|    2|       m_axi|                                     gmem1|       pointer|
|m_axi_gmem1_0_AWCACHE   |  out|    4|       m_axi|                                     gmem1|       pointer|
|m_axi_gmem1_0_AWPROT    |  out|    3|       m_axi|                                     gmem1|       pointer|
|m_axi_gmem1_0_AWQOS     |  out|    4|       m_axi|                                     gmem1|       pointer|
|m_axi_gmem1_0_AWREGION  |  out|    4|       m_axi|                                     gmem1|       pointer|
|m_axi_gmem1_0_AWUSER    |  out|    1|       m_axi|                                     gmem1|       pointer|
|m_axi_gmem1_0_WVALID    |  out|    1|       m_axi|                                     gmem1|       pointer|
|m_axi_gmem1_0_WREADY    |   in|    1|       m_axi|                                     gmem1|       pointer|
|m_axi_gmem1_0_WDATA     |  out|   32|       m_axi|                                     gmem1|       pointer|
|m_axi_gmem1_0_WSTRB     |  out|    4|       m_axi|                                     gmem1|       pointer|
|m_axi_gmem1_0_WLAST     |  out|    1|       m_axi|                                     gmem1|       pointer|
|m_axi_gmem1_0_WID       |  out|    1|       m_axi|                                     gmem1|       pointer|
|m_axi_gmem1_0_WUSER     |  out|    1|       m_axi|                                     gmem1|       pointer|
|m_axi_gmem1_0_ARVALID   |  out|    1|       m_axi|                                     gmem1|       pointer|
|m_axi_gmem1_0_ARREADY   |   in|    1|       m_axi|                                     gmem1|       pointer|
|m_axi_gmem1_0_ARADDR    |  out|   64|       m_axi|                                     gmem1|       pointer|
|m_axi_gmem1_0_ARID      |  out|    1|       m_axi|                                     gmem1|       pointer|
|m_axi_gmem1_0_ARLEN     |  out|   32|       m_axi|                                     gmem1|       pointer|
|m_axi_gmem1_0_ARSIZE    |  out|    3|       m_axi|                                     gmem1|       pointer|
|m_axi_gmem1_0_ARBURST   |  out|    2|       m_axi|                                     gmem1|       pointer|
|m_axi_gmem1_0_ARLOCK    |  out|    2|       m_axi|                                     gmem1|       pointer|
|m_axi_gmem1_0_ARCACHE   |  out|    4|       m_axi|                                     gmem1|       pointer|
|m_axi_gmem1_0_ARPROT    |  out|    3|       m_axi|                                     gmem1|       pointer|
|m_axi_gmem1_0_ARQOS     |  out|    4|       m_axi|                                     gmem1|       pointer|
|m_axi_gmem1_0_ARREGION  |  out|    4|       m_axi|                                     gmem1|       pointer|
|m_axi_gmem1_0_ARUSER    |  out|    1|       m_axi|                                     gmem1|       pointer|
|m_axi_gmem1_0_RVALID    |   in|    1|       m_axi|                                     gmem1|       pointer|
|m_axi_gmem1_0_RREADY    |  out|    1|       m_axi|                                     gmem1|       pointer|
|m_axi_gmem1_0_RDATA     |   in|   32|       m_axi|                                     gmem1|       pointer|
|m_axi_gmem1_0_RLAST     |   in|    1|       m_axi|                                     gmem1|       pointer|
|m_axi_gmem1_0_RID       |   in|    1|       m_axi|                                     gmem1|       pointer|
|m_axi_gmem1_0_RFIFONUM  |   in|    9|       m_axi|                                     gmem1|       pointer|
|m_axi_gmem1_0_RUSER     |   in|    1|       m_axi|                                     gmem1|       pointer|
|m_axi_gmem1_0_RRESP     |   in|    2|       m_axi|                                     gmem1|       pointer|
|m_axi_gmem1_0_BVALID    |   in|    1|       m_axi|                                     gmem1|       pointer|
|m_axi_gmem1_0_BREADY    |  out|    1|       m_axi|                                     gmem1|       pointer|
|m_axi_gmem1_0_BRESP     |   in|    2|       m_axi|                                     gmem1|       pointer|
|m_axi_gmem1_0_BID       |   in|    1|       m_axi|                                     gmem1|       pointer|
|m_axi_gmem1_0_BUSER     |   in|    1|       m_axi|                                     gmem1|       pointer|
|num_samples             |   in|   32|     ap_none|                               num_samples|        scalar|
|sext_ln30               |   in|   62|     ap_none|                                 sext_ln30|        scalar|
|sext_ln30_1             |   in|   62|     ap_none|                               sext_ln30_1|        scalar|
|sext_ln30_2             |   in|   62|     ap_none|                               sext_ln30_2|        scalar|
|sext_ln30_3             |   in|   62|     ap_none|                               sext_ln30_3|        scalar|
|acc_Q_out               |  out|   18|      ap_vld|                                 acc_Q_out|       pointer|
|acc_Q_out_ap_vld        |  out|    1|      ap_vld|                                 acc_Q_out|       pointer|
|acc_I_out               |  out|   18|      ap_vld|                                 acc_I_out|       pointer|
|acc_I_out_ap_vld        |  out|    1|      ap_vld|                                 acc_I_out|       pointer|
+------------------------+-----+-----+------------+------------------------------------------+--------------+

============================================================
+ Verbose Summary: Synthesis Manager
============================================================
InlineROM: 1
ExposeGlobal: 0
============================================================
+ Verbose Summary: CDFG Model
============================================================
IsTopModel: 0
ResetActiveHigh: 1
IsCombinational: 2
IsDatapathOnly: 2
HasWiredReturn: 1
HasMFsm: 2
HasVarLatency: 1
IsPipeline: 0
IsRtlPipelined: 0
IsInstanceOverlapped: 0
IsDontTouch: 0
HasImplIP: 0
IsGatedGlobalClock: 0

+ Individual pipeline summary: 
  * Pipeline-0: initiation interval (II) = 2, depth = 20


============================================================
+ Verbose Summary: Schedule
============================================================
* Number of FSM states : 20
* Pipeline : 1
  Pipeline-0 : II = 2, D = 20, States = { 1 2 3 4 5 6 7 8 9 10 11 12 13 14 15 16 17 18 19 20 }
* Dataflow Pipeline: 0

* FSM state transitions: 
1 --> 2 
2 --> 3 
3 --> 4 
4 --> 5 
5 --> 6 
6 --> 7 
7 --> 8 
8 --> 9 
9 --> 10 
10 --> 11 
11 --> 12 
12 --> 13 
13 --> 14 
14 --> 15 
15 --> 16 
16 --> 17 
17 --> 18 
18 --> 19 
19 --> 20 
20 --> 

* FSM state operations: 

State 1 <SV = 0> <Delay = 5.72>
ST_1 : Operation 23 [1/1] (0.00ns)   --->   "%acc_I = alloca i32 1" [vivado/ip_repo/gnss_correlator/src/gnss_correlator.cpp:27]   --->   Operation 23 'alloca' 'acc_I' <Predicate = true> <Delay = 0.00>
ST_1 : Operation 24 [1/1] (0.00ns)   --->   "%acc_Q = alloca i32 1" [vivado/ip_repo/gnss_correlator/src/gnss_correlator.cpp:28]   --->   Operation 24 'alloca' 'acc_Q' <Predicate = true> <Delay = 0.00>
ST_1 : Operation 25 [1/1] (0.00ns)   --->   "%i = alloca i32 1" [vivado/ip_repo/gnss_correlator/src/gnss_correlator.cpp:30]   --->   Operation 25 'alloca' 'i' <Predicate = true> <Delay = 0.00>
ST_1 : Operation 26 [1/1] (0.00ns)   --->   "%sext_ln30_3_read = read i62 @_ssdm_op_Read.ap_auto.i62, i62 %sext_ln30_3"   --->   Operation 26 'read' 'sext_ln30_3_read' <Predicate = true> <Delay = 0.00>
ST_1 : Operation 27 [1/1] (0.00ns)   --->   "%sext_ln30_2_read = read i62 @_ssdm_op_Read.ap_auto.i62, i62 %sext_ln30_2"   --->   Operation 27 'read' 'sext_ln30_2_read' <Predicate = true> <Delay = 0.00>
ST_1 : Operation 28 [1/1] (0.00ns)   --->   "%sext_ln30_1_read = read i62 @_ssdm_op_Read.ap_auto.i62, i62 %sext_ln30_1"   --->   Operation 28 'read' 'sext_ln30_1_read' <Predicate = true> <Delay = 0.00>
ST_1 : Operation 29 [1/1] (0.00ns)   --->   "%sext_ln30_read = read i62 @_ssdm_op_Read.ap_auto.i62, i62 %sext_ln30"   --->   Operation 29 'read' 'sext_ln30_read' <Predicate = true> <Delay = 0.00>
ST_1 : Operation 30 [1/1] (0.00ns)   --->   "%num_samples_read = read i32 @_ssdm_op_Read.ap_auto.i32, i32 %num_samples"   --->   Operation 30 'read' 'num_samples_read' <Predicate = true> <Delay = 0.00>
ST_1 : Operation 31 [1/1] (0.00ns)   --->   "%sext_ln30_3_cast = sext i62 %sext_ln30_3_read"   --->   Operation 31 'sext' 'sext_ln30_3_cast' <Predicate = true> <Delay = 0.00>
ST_1 : Operation 32 [1/1] (0.00ns)   --->   "%sext_ln30_2_cast = sext i62 %sext_ln30_2_read"   --->   Operation 32 'sext' 'sext_ln30_2_cast' <Predicate = true> <Delay = 0.00>
ST_1 : Operation 33 [1/1] (0.00ns)   --->   "%sext_ln30_1_cast = sext i62 %sext_ln30_1_read"   --->   Operation 33 'sext' 'sext_ln30_1_cast' <Predicate = true> <Delay = 0.00>
ST_1 : Operation 34 [1/1] (0.00ns)   --->   "%sext_ln30_cast = sext i62 %sext_ln30_read"   --->   Operation 34 'sext' 'sext_ln30_cast' <Predicate = true> <Delay = 0.00>
ST_1 : Operation 35 [1/1] (0.00ns)   --->   "%specinterface_ln0 = specinterface void @_ssdm_op_SpecInterface, i32 %gmem1, void @empty_4, i32 0, i32 0, void @empty_5, i32 0, i32 0, void @empty, void @empty_7, void @empty_5, i32 16, i32 16, i32 16, i32 16, void @empty_5, void @empty_5, i32 4294967295, i32 0, i32 0, i32 4"   --->   Operation 35 'specinterface' 'specinterface_ln0' <Predicate = true> <Delay = 0.00>
ST_1 : Operation 36 [1/1] (0.00ns)   --->   "%specinterface_ln0 = specinterface void @_ssdm_op_SpecInterface, i32 %gmem0, void @empty_4, i32 0, i32 0, void @empty_5, i32 0, i32 0, void @empty_6, void @empty_7, void @empty_5, i32 16, i32 16, i32 16, i32 16, void @empty_5, void @empty_5, i32 4294967295, i32 0, i32 0, i32 4"   --->   Operation 36 'specinterface' 'specinterface_ln0' <Predicate = true> <Delay = 0.00>
ST_1 : Operation 37 [1/1] (1.58ns)   --->   "%store_ln30 = store i31 0, i31 %i" [vivado/ip_repo/gnss_correlator/src/gnss_correlator.cpp:30]   --->   Operation 37 'store' 'store_ln30' <Predicate = true> <Delay = 1.58>
ST_1 : Operation 38 [1/1] (1.58ns)   --->   "%store_ln28 = store i18 0, i18 %acc_Q" [vivado/ip_repo/gnss_correlator/src/gnss_correlator.cpp:28]   --->   Operation 38 'store' 'store_ln28' <Predicate = true> <Delay = 1.58>
ST_1 : Operation 39 [1/1] (1.58ns)   --->   "%store_ln27 = store i18 0, i18 %acc_I" [vivado/ip_repo/gnss_correlator/src/gnss_correlator.cpp:27]   --->   Operation 39 'store' 'store_ln27' <Predicate = true> <Delay = 1.58>
ST_1 : Operation 40 [1/1] (0.00ns)   --->   "%br_ln0 = br void %for.body"   --->   Operation 40 'br' 'br_ln0' <Predicate = true> <Delay = 0.00>
ST_1 : Operation 41 [1/1] (0.00ns)   --->   "%i_1 = load i31 %i" [vivado/ip_repo/gnss_correlator/src/gnss_correlator.cpp:30]   --->   Operation 41 'load' 'i_1' <Predicate = true> <Delay = 0.00>
ST_1 : Operation 42 [1/1] (0.00ns)   --->   "%specbitsmap_ln0 = specbitsmap void @_ssdm_op_SpecBitsMap, i32 %gmem1"   --->   Operation 42 'specbitsmap' 'specbitsmap_ln0' <Predicate = true> <Delay = 0.00>
ST_1 : Operation 43 [1/1] (0.00ns)   --->   "%specbitsmap_ln0 = specbitsmap void @_ssdm_op_SpecBitsMap, i32 %gmem0"   --->   Operation 43 'specbitsmap' 'specbitsmap_ln0' <Predicate = true> <Delay = 0.00>
ST_1 : Operation 44 [1/1] (0.00ns)   --->   "%zext_ln30_1 = zext i31 %i_1" [vivado/ip_repo/gnss_correlator/src/gnss_correlator.cpp:30]   --->   Operation 44 'zext' 'zext_ln30_1' <Predicate = true> <Delay = 0.00>
ST_1 : Operation 45 [1/1] (2.55ns)   --->   "%icmp_ln30 = icmp_slt  i32 %zext_ln30_1, i32 %num_samples_read" [vivado/ip_repo/gnss_correlator/src/gnss_correlator.cpp:30]   --->   Operation 45 'icmp' 'icmp_ln30' <Predicate = true> <Delay = 2.55> <CoreInst = "Cmp">   --->   Core 9 'Cmp' <Latency = 0> <II = 1> <Delay = 2.55> <FuncUnit> <Opcode : 'seteq' 'setne' 'setle' 'setge' 'setlt' 'setgt'> <InPorts = 2> <OutPorts = 1>
ST_1 : Operation 46 [1/1] (0.00ns)   --->   "%br_ln30 = br i1 %icmp_ln30, void %for.end.loopexit_ifconv.exitStub, void %for.body.split_ifconv" [vivado/ip_repo/gnss_correlator/src/gnss_correlator.cpp:30]   --->   Operation 46 'br' 'br_ln30' <Predicate = true> <Delay = 0.00>
ST_1 : Operation 47 [1/1] (2.52ns)   --->   "%add_ln30 = add i31 %i_1, i31 1" [vivado/ip_repo/gnss_correlator/src/gnss_correlator.cpp:30]   --->   Operation 47 'add' 'add_ln30' <Predicate = (icmp_ln30)> <Delay = 2.52> <CoreInst = "Adder">   --->   Core 1 'Adder' <Latency = 0> <II = 1> <Delay = 2.52> <FuncUnit> <Opcode : 'add' 'sub'> <InPorts = 2> <OutPorts = 1>
ST_1 : Operation 48 [1/1] (0.00ns)   --->   "%zext_ln30 = zext i31 %i_1" [vivado/ip_repo/gnss_correlator/src/gnss_correlator.cpp:30]   --->   Operation 48 'zext' 'zext_ln30' <Predicate = (icmp_ln30)> <Delay = 0.00>
ST_1 : Operation 49 [1/1] (3.46ns)   --->   "%add_ln34 = add i63 %zext_ln30, i63 %sext_ln30_cast" [vivado/ip_repo/gnss_correlator/src/gnss_correlator.cpp:34]   --->   Operation 49 'add' 'add_ln34' <Predicate = (icmp_ln30)> <Delay = 3.46> <CoreInst = "Adder">   --->   Core 1 'Adder' <Latency = 0> <II = 1> <Delay = 3.49> <FuncUnit> <Opcode : 'add' 'sub'> <InPorts = 2> <OutPorts = 1>
ST_1 : Operation 50 [1/1] (0.00ns)   --->   "%sext_ln34 = sext i63 %add_ln34" [vivado/ip_repo/gnss_correlator/src/gnss_correlator.cpp:34]   --->   Operation 50 'sext' 'sext_ln34' <Predicate = (icmp_ln30)> <Delay = 0.00>
ST_1 : Operation 51 [1/1] (0.00ns)   --->   "%gmem0_addr = getelementptr i32 %gmem0, i64 %sext_ln34" [vivado/ip_repo/gnss_correlator/src/gnss_correlator.cpp:34]   --->   Operation 51 'getelementptr' 'gmem0_addr' <Predicate = (icmp_ln30)> <Delay = 0.00>
ST_1 : Operation 52 [1/1] (3.46ns)   --->   "%add_ln35 = add i63 %zext_ln30, i63 %sext_ln30_1_cast" [vivado/ip_repo/gnss_correlator/src/gnss_correlator.cpp:35]   --->   Operation 52 'add' 'add_ln35' <Predicate = (icmp_ln30)> <Delay = 3.46> <CoreInst = "Adder">   --->   Core 1 'Adder' <Latency = 0> <II = 1> <Delay = 3.49> <FuncUnit> <Opcode : 'add' 'sub'> <InPorts = 2> <OutPorts = 1>
ST_1 : Operation 53 [1/1] (0.00ns)   --->   "%sext_ln35 = sext i63 %add_ln35" [vivado/ip_repo/gnss_correlator/src/gnss_correlator.cpp:35]   --->   Operation 53 'sext' 'sext_ln35' <Predicate = (icmp_ln30)> <Delay = 0.00>
ST_1 : Operation 54 [1/1] (0.00ns)   --->   "%gmem0_addr_1 = getelementptr i32 %gmem0, i64 %sext_ln35" [vivado/ip_repo/gnss_correlator/src/gnss_correlator.cpp:35]   --->   Operation 54 'getelementptr' 'gmem0_addr_1' <Predicate = (icmp_ln30)> <Delay = 0.00>
ST_1 : Operation 55 [1/1] (3.46ns)   --->   "%add_ln36 = add i63 %zext_ln30, i63 %sext_ln30_2_cast" [vivado/ip_repo/gnss_correlator/src/gnss_correlator.cpp:36]   --->   Operation 55 'add' 'add_ln36' <Predicate = (icmp_ln30)> <Delay = 3.46> <CoreInst = "Adder">   --->   Core 1 'Adder' <Latency = 0> <II = 1> <Delay = 3.49> <FuncUnit> <Opcode : 'add' 'sub'> <InPorts = 2> <OutPorts = 1>
ST_1 : Operation 56 [1/1] (0.00ns)   --->   "%sext_ln36 = sext i63 %add_ln36" [vivado/ip_repo/gnss_correlator/src/gnss_correlator.cpp:36]   --->   Operation 56 'sext' 'sext_ln36' <Predicate = (icmp_ln30)> <Delay = 0.00>
ST_1 : Operation 57 [1/1] (0.00ns)   --->   "%gmem1_addr = getelementptr i32 %gmem1, i64 %sext_ln36" [vivado/ip_repo/gnss_correlator/src/gnss_correlator.cpp:36]   --->   Operation 57 'getelementptr' 'gmem1_addr' <Predicate = (icmp_ln30)> <Delay = 0.00>
ST_1 : Operation 58 [1/1] (3.46ns)   --->   "%add_ln37 = add i63 %zext_ln30, i63 %sext_ln30_3_cast" [vivado/ip_repo/gnss_correlator/src/gnss_correlator.cpp:37]   --->   Operation 58 'add' 'add_ln37' <Predicate = (icmp_ln30)> <Delay = 3.46> <CoreInst = "Adder">   --->   Core 1 'Adder' <Latency = 0> <II = 1> <Delay = 3.49> <FuncUnit> <Opcode : 'add' 'sub'> <InPorts = 2> <OutPorts = 1>
ST_1 : Operation 59 [1/1] (0.00ns)   --->   "%sext_ln37 = sext i63 %add_ln37" [vivado/ip_repo/gnss_correlator/src/gnss_correlator.cpp:37]   --->   Operation 59 'sext' 'sext_ln37' <Predicate = (icmp_ln30)> <Delay = 0.00>
ST_1 : Operation 60 [1/1] (0.00ns)   --->   "%gmem1_addr_1 = getelementptr i32 %gmem1, i64 %sext_ln37" [vivado/ip_repo/gnss_correlator/src/gnss_correlator.cpp:37]   --->   Operation 60 'getelementptr' 'gmem1_addr_1' <Predicate = (icmp_ln30)> <Delay = 0.00>
ST_1 : Operation 61 [1/1] (1.58ns)   --->   "%store_ln30 = store i31 %add_ln30, i31 %i" [vivado/ip_repo/gnss_correlator/src/gnss_correlator.cpp:30]   --->   Operation 61 'store' 'store_ln30' <Predicate = (icmp_ln30)> <Delay = 1.58>

State 2 <SV = 1> <Delay = 0.00>
ST_2 : Operation 62 [8/8] (7.30ns)   --->   "%gmem0_load_req = readreq i1 @_ssdm_op_ReadReq.m_axi.i32P1A, i64 %gmem0_addr, i64 1" [vivado/ip_repo/gnss_correlator/src/gnss_correlator.cpp:34]   --->   Operation 62 'readreq' 'gmem0_load_req' <Predicate = (icmp_ln30)> <Delay = 7.30> <CoreInst = "m_axi">   --->   Core 111 'm_axi' <Latency = 6> <II = 1> <Delay = 1.00> <Adapter> <Opcode : 'readrequnaligned' 'writerequnaligned' 'read' 'write' 'readreq' 'writereq' 'writeresp'>
ST_2 : Operation 63 [8/8] (7.30ns)   --->   "%gmem1_load_req = readreq i1 @_ssdm_op_ReadReq.m_axi.i32P1A, i64 %gmem1_addr, i64 1" [vivado/ip_repo/gnss_correlator/src/gnss_correlator.cpp:36]   --->   Operation 63 'readreq' 'gmem1_load_req' <Predicate = (icmp_ln30)> <Delay = 7.30> <CoreInst = "m_axi">   --->   Core 111 'm_axi' <Latency = 6> <II = 1> <Delay = 1.00> <Adapter> <Opcode : 'readrequnaligned' 'writerequnaligned' 'read' 'write' 'readreq' 'writereq' 'writeresp'>

State 3 <SV = 2> <Delay = 0.00>
ST_3 : Operation 64 [7/8] (7.30ns)   --->   "%gmem0_load_req = readreq i1 @_ssdm_op_ReadReq.m_axi.i32P1A, i64 %gmem0_addr, i64 1" [vivado/ip_repo/gnss_correlator/src/gnss_correlator.cpp:34]   --->   Operation 64 'readreq' 'gmem0_load_req' <Predicate = true> <Delay = 7.30> <CoreInst = "m_axi">   --->   Core 111 'm_axi' <Latency = 6> <II = 1> <Delay = 1.00> <Adapter> <Opcode : 'readrequnaligned' 'writerequnaligned' 'read' 'write' 'readreq' 'writereq' 'writeresp'>
ST_3 : Operation 65 [8/8] (7.30ns)   --->   "%gmem0_load_1_req = readreq i1 @_ssdm_op_ReadReq.m_axi.i32P1A, i64 %gmem0_addr_1, i64 1" [vivado/ip_repo/gnss_correlator/src/gnss_correlator.cpp:35]   --->   Operation 65 'readreq' 'gmem0_load_1_req' <Predicate = true> <Delay = 7.30> <CoreInst = "m_axi">   --->   Core 111 'm_axi' <Latency = 6> <II = 1> <Delay = 1.00> <Adapter> <Opcode : 'readrequnaligned' 'writerequnaligned' 'read' 'write' 'readreq' 'writereq' 'writeresp'>
ST_3 : Operation 66 [7/8] (7.30ns)   --->   "%gmem1_load_req = readreq i1 @_ssdm_op_ReadReq.m_axi.i32P1A, i64 %gmem1_addr, i64 1" [vivado/ip_repo/gnss_correlator/src/gnss_correlator.cpp:36]   --->   Operation 66 'readreq' 'gmem1_load_req' <Predicate = true> <Delay = 7.30> <CoreInst = "m_axi">   --->   Core 111 'm_axi' <Latency = 6> <II = 1> <Delay = 1.00> <Adapter> <Opcode : 'readrequnaligned' 'writerequnaligned' 'read' 'write' 'readreq' 'writereq' 'writeresp'>
ST_3 : Operation 67 [8/8] (7.30ns)   --->   "%gmem1_load_1_req = readreq i1 @_ssdm_op_ReadReq.m_axi.i32P1A, i64 %gmem1_addr_1, i64 1" [vivado/ip_repo/gnss_correlator/src/gnss_correlator.cpp:37]   --->   Operation 67 'readreq' 'gmem1_load_1_req' <Predicate = true> <Delay = 7.30> <CoreInst = "m_axi">   --->   Core 111 'm_axi' <Latency = 6> <II = 1> <Delay = 1.00> <Adapter> <Opcode : 'readrequnaligned' 'writerequnaligned' 'read' 'write' 'readreq' 'writereq' 'writeresp'>

State 4 <SV = 3> <Delay = 0.00>
ST_4 : Operation 68 [6/8] (7.30ns)   --->   "%gmem0_load_req = readreq i1 @_ssdm_op_ReadReq.m_axi.i32P1A, i64 %gmem0_addr, i64 1" [vivado/ip_repo/gnss_correlator/src/gnss_correlator.cpp:34]   --->   Operation 68 'readreq' 'gmem0_load_req' <Predicate = true> <Delay = 7.30> <CoreInst = "m_axi">   --->   Core 111 'm_axi' <Latency = 6> <II = 1> <Delay = 1.00> <Adapter> <Opcode : 'readrequnaligned' 'writerequnaligned' 'read' 'write' 'readreq' 'writereq' 'writeresp'>
ST_4 : Operation 69 [7/8] (7.30ns)   --->   "%gmem0_load_1_req = readreq i1 @_ssdm_op_ReadReq.m_axi.i32P1A, i64 %gmem0_addr_1, i64 1" [vivado/ip_repo/gnss_correlator/src/gnss_correlator.cpp:35]   --->   Operation 69 'readreq' 'gmem0_load_1_req' <Predicate = true> <Delay = 7.30> <CoreInst = "m_axi">   --->   Core 111 'm_axi' <Latency = 6> <II = 1> <Delay = 1.00> <Adapter> <Opcode : 'readrequnaligned' 'writerequnaligned' 'read' 'write' 'readreq' 'writereq' 'writeresp'>
ST_4 : Operation 70 [6/8] (7.30ns)   --->   "%gmem1_load_req = readreq i1 @_ssdm_op_ReadReq.m_axi.i32P1A, i64 %gmem1_addr, i64 1" [vivado/ip_repo/gnss_correlator/src/gnss_correlator.cpp:36]   --->   Operation 70 'readreq' 'gmem1_load_req' <Predicate = true> <Delay = 7.30> <CoreInst = "m_axi">   --->   Core 111 'm_axi' <Latency = 6> <II = 1> <Delay = 1.00> <Adapter> <Opcode : 'readrequnaligned' 'writerequnaligned' 'read' 'write' 'readreq' 'writereq' 'writeresp'>
ST_4 : Operation 71 [7/8] (7.30ns)   --->   "%gmem1_load_1_req = readreq i1 @_ssdm_op_ReadReq.m_axi.i32P1A, i64 %gmem1_addr_1, i64 1" [vivado/ip_repo/gnss_correlator/src/gnss_correlator.cpp:37]   --->   Operation 71 'readreq' 'gmem1_load_1_req' <Predicate = true> <Delay = 7.30> <CoreInst = "m_axi">   --->   Core 111 'm_axi' <Latency = 6> <II = 1> <Delay = 1.00> <Adapter> <Opcode : 'readrequnaligned' 'writerequnaligned' 'read' 'write' 'readreq' 'writereq' 'writeresp'>

State 5 <SV = 4> <Delay = 0.00>
ST_5 : Operation 72 [5/8] (7.30ns)   --->   "%gmem0_load_req = readreq i1 @_ssdm_op_ReadReq.m_axi.i32P1A, i64 %gmem0_addr, i64 1" [vivado/ip_repo/gnss_correlator/src/gnss_correlator.cpp:34]   --->   Operation 72 'readreq' 'gmem0_load_req' <Predicate = true> <Delay = 7.30> <CoreInst = "m_axi">   --->   Core 111 'm_axi' <Latency = 6> <II = 1> <Delay = 1.00> <Adapter> <Opcode : 'readrequnaligned' 'writerequnaligned' 'read' 'write' 'readreq' 'writereq' 'writeresp'>
ST_5 : Operation 73 [6/8] (7.30ns)   --->   "%gmem0_load_1_req = readreq i1 @_ssdm_op_ReadReq.m_axi.i32P1A, i64 %gmem0_addr_1, i64 1" [vivado/ip_repo/gnss_correlator/src/gnss_correlator.cpp:35]   --->   Operation 73 'readreq' 'gmem0_load_1_req' <Predicate = true> <Delay = 7.30> <CoreInst = "m_axi">   --->   Core 111 'm_axi' <Latency = 6> <II = 1> <Delay = 1.00> <Adapter> <Opcode : 'readrequnaligned' 'writerequnaligned' 'read' 'write' 'readreq' 'writereq' 'writeresp'>
ST_5 : Operation 74 [5/8] (7.30ns)   --->   "%gmem1_load_req = readreq i1 @_ssdm_op_ReadReq.m_axi.i32P1A, i64 %gmem1_addr, i64 1" [vivado/ip_repo/gnss_correlator/src/gnss_correlator.cpp:36]   --->   Operation 74 'readreq' 'gmem1_load_req' <Predicate = true> <Delay = 7.30> <CoreInst = "m_axi">   --->   Core 111 'm_axi' <Latency = 6> <II = 1> <Delay = 1.00> <Adapter> <Opcode : 'readrequnaligned' 'writerequnaligned' 'read' 'write' 'readreq' 'writereq' 'writeresp'>
ST_5 : Operation 75 [6/8] (7.30ns)   --->   "%gmem1_load_1_req = readreq i1 @_ssdm_op_ReadReq.m_axi.i32P1A, i64 %gmem1_addr_1, i64 1" [vivado/ip_repo/gnss_correlator/src/gnss_correlator.cpp:37]   --->   Operation 75 'readreq' 'gmem1_load_1_req' <Predicate = true> <Delay = 7.30> <CoreInst = "m_axi">   --->   Core 111 'm_axi' <Latency = 6> <II = 1> <Delay = 1.00> <Adapter> <Opcode : 'readrequnaligned' 'writerequnaligned' 'read' 'write' 'readreq' 'writereq' 'writeresp'>

State 6 <SV = 5> <Delay = 0.00>
ST_6 : Operation 76 [4/8] (7.30ns)   --->   "%gmem0_load_req = readreq i1 @_ssdm_op_ReadReq.m_axi.i32P1A, i64 %gmem0_addr, i64 1" [vivado/ip_repo/gnss_correlator/src/gnss_correlator.cpp:34]   --->   Operation 76 'readreq' 'gmem0_load_req' <Predicate = true> <Delay = 7.30> <CoreInst = "m_axi">   --->   Core 111 'm_axi' <Latency = 6> <II = 1> <Delay = 1.00> <Adapter> <Opcode : 'readrequnaligned' 'writerequnaligned' 'read' 'write' 'readreq' 'writereq' 'writeresp'>
ST_6 : Operation 77 [5/8] (7.30ns)   --->   "%gmem0_load_1_req = readreq i1 @_ssdm_op_ReadReq.m_axi.i32P1A, i64 %gmem0_addr_1, i64 1" [vivado/ip_repo/gnss_correlator/src/gnss_correlator.cpp:35]   --->   Operation 77 'readreq' 'gmem0_load_1_req' <Predicate = true> <Delay = 7.30> <CoreInst = "m_axi">   --->   Core 111 'm_axi' <Latency = 6> <II = 1> <Delay = 1.00> <Adapter> <Opcode : 'readrequnaligned' 'writerequnaligned' 'read' 'write' 'readreq' 'writereq' 'writeresp'>
ST_6 : Operation 78 [4/8] (7.30ns)   --->   "%gmem1_load_req = readreq i1 @_ssdm_op_ReadReq.m_axi.i32P1A, i64 %gmem1_addr, i64 1" [vivado/ip_repo/gnss_correlator/src/gnss_correlator.cpp:36]   --->   Operation 78 'readreq' 'gmem1_load_req' <Predicate = true> <Delay = 7.30> <CoreInst = "m_axi">   --->   Core 111 'm_axi' <Latency = 6> <II = 1> <Delay = 1.00> <Adapter> <Opcode : 'readrequnaligned' 'writerequnaligned' 'read' 'write' 'readreq' 'writereq' 'writeresp'>
ST_6 : Operation 79 [5/8] (7.30ns)   --->   "%gmem1_load_1_req = readreq i1 @_ssdm_op_ReadReq.m_axi.i32P1A, i64 %gmem1_addr_1, i64 1" [vivado/ip_repo/gnss_correlator/src/gnss_correlator.cpp:37]   --->   Operation 79 'readreq' 'gmem1_load_1_req' <Predicate = true> <Delay = 7.30> <CoreInst = "m_axi">   --->   Core 111 'm_axi' <Latency = 6> <II = 1> <Delay = 1.00> <Adapter> <Opcode : 'readrequnaligned' 'writerequnaligned' 'read' 'write' 'readreq' 'writereq' 'writeresp'>

State 7 <SV = 6> <Delay = 0.00>
ST_7 : Operation 80 [3/8] (7.30ns)   --->   "%gmem0_load_req = readreq i1 @_ssdm_op_ReadReq.m_axi.i32P1A, i64 %gmem0_addr, i64 1" [vivado/ip_repo/gnss_correlator/src/gnss_correlator.cpp:34]   --->   Operation 80 'readreq' 'gmem0_load_req' <Predicate = true> <Delay = 7.30> <CoreInst = "m_axi">   --->   Core 111 'm_axi' <Latency = 6> <II = 1> <Delay = 1.00> <Adapter> <Opcode : 'readrequnaligned' 'writerequnaligned' 'read' 'write' 'readreq' 'writereq' 'writeresp'>
ST_7 : Operation 81 [4/8] (7.30ns)   --->   "%gmem0_load_1_req = readreq i1 @_ssdm_op_ReadReq.m_axi.i32P1A, i64 %gmem0_addr_1, i64 1" [vivado/ip_repo/gnss_correlator/src/gnss_correlator.cpp:35]   --->   Operation 81 'readreq' 'gmem0_load_1_req' <Predicate = true> <Delay = 7.30> <CoreInst = "m_axi">   --->   Core 111 'm_axi' <Latency = 6> <II = 1> <Delay = 1.00> <Adapter> <Opcode : 'readrequnaligned' 'writerequnaligned' 'read' 'write' 'readreq' 'writereq' 'writeresp'>
ST_7 : Operation 82 [3/8] (7.30ns)   --->   "%gmem1_load_req = readreq i1 @_ssdm_op_ReadReq.m_axi.i32P1A, i64 %gmem1_addr, i64 1" [vivado/ip_repo/gnss_correlator/src/gnss_correlator.cpp:36]   --->   Operation 82 'readreq' 'gmem1_load_req' <Predicate = true> <Delay = 7.30> <CoreInst = "m_axi">   --->   Core 111 'm_axi' <Latency = 6> <II = 1> <Delay = 1.00> <Adapter> <Opcode : 'readrequnaligned' 'writerequnaligned' 'read' 'write' 'readreq' 'writereq' 'writeresp'>
ST_7 : Operation 83 [4/8] (7.30ns)   --->   "%gmem1_load_1_req = readreq i1 @_ssdm_op_ReadReq.m_axi.i32P1A, i64 %gmem1_addr_1, i64 1" [vivado/ip_repo/gnss_correlator/src/gnss_correlator.cpp:37]   --->   Operation 83 'readreq' 'gmem1_load_1_req' <Predicate = true> <Delay = 7.30> <CoreInst = "m_axi">   --->   Core 111 'm_axi' <Latency = 6> <II = 1> <Delay = 1.00> <Adapter> <Opcode : 'readrequnaligned' 'writerequnaligned' 'read' 'write' 'readreq' 'writereq' 'writeresp'>

State 8 <SV = 7> <Delay = 0.00>
ST_8 : Operation 84 [2/8] (7.30ns)   --->   "%gmem0_load_req = readreq i1 @_ssdm_op_ReadReq.m_axi.i32P1A, i64 %gmem0_addr, i64 1" [vivado/ip_repo/gnss_correlator/src/gnss_correlator.cpp:34]   --->   Operation 84 'readreq' 'gmem0_load_req' <Predicate = true> <Delay = 7.30> <CoreInst = "m_axi">   --->   Core 111 'm_axi' <Latency = 6> <II = 1> <Delay = 1.00> <Adapter> <Opcode : 'readrequnaligned' 'writerequnaligned' 'read' 'write' 'readreq' 'writereq' 'writeresp'>
ST_8 : Operation 85 [3/8] (7.30ns)   --->   "%gmem0_load_1_req = readreq i1 @_ssdm_op_ReadReq.m_axi.i32P1A, i64 %gmem0_addr_1, i64 1" [vivado/ip_repo/gnss_correlator/src/gnss_correlator.cpp:35]   --->   Operation 85 'readreq' 'gmem0_load_1_req' <Predicate = true> <Delay = 7.30> <CoreInst = "m_axi">   --->   Core 111 'm_axi' <Latency = 6> <II = 1> <Delay = 1.00> <Adapter> <Opcode : 'readrequnaligned' 'writerequnaligned' 'read' 'write' 'readreq' 'writereq' 'writeresp'>
ST_8 : Operation 86 [2/8] (7.30ns)   --->   "%gmem1_load_req = readreq i1 @_ssdm_op_ReadReq.m_axi.i32P1A, i64 %gmem1_addr, i64 1" [vivado/ip_repo/gnss_correlator/src/gnss_correlator.cpp:36]   --->   Operation 86 'readreq' 'gmem1_load_req' <Predicate = true> <Delay = 7.30> <CoreInst = "m_axi">   --->   Core 111 'm_axi' <Latency = 6> <II = 1> <Delay = 1.00> <Adapter> <Opcode : 'readrequnaligned' 'writerequnaligned' 'read' 'write' 'readreq' 'writereq' 'writeresp'>
ST_8 : Operation 87 [3/8] (7.30ns)   --->   "%gmem1_load_1_req = readreq i1 @_ssdm_op_ReadReq.m_axi.i32P1A, i64 %gmem1_addr_1, i64 1" [vivado/ip_repo/gnss_correlator/src/gnss_correlator.cpp:37]   --->   Operation 87 'readreq' 'gmem1_load_1_req' <Predicate = true> <Delay = 7.30> <CoreInst = "m_axi">   --->   Core 111 'm_axi' <Latency = 6> <II = 1> <Delay = 1.00> <Adapter> <Opcode : 'readrequnaligned' 'writerequnaligned' 'read' 'write' 'readreq' 'writereq' 'writeresp'>

State 9 <SV = 8> <Delay = 7.30>
ST_9 : Operation 88 [1/8] ( I:7.30ns O:7.30ns )   --->   "%gmem0_load_req = readreq i1 @_ssdm_op_ReadReq.m_axi.i32P1A, i64 %gmem0_addr, i64 1" [vivado/ip_repo/gnss_correlator/src/gnss_correlator.cpp:34]   --->   Operation 88 'readreq' 'gmem0_load_req' <Predicate = true> <Delay = 7.30> <CoreInst = "m_axi">   --->   Core 111 'm_axi' <Latency = 6> <II = 1> <Delay = 1.00> <Adapter> <Opcode : 'readrequnaligned' 'writerequnaligned' 'read' 'write' 'readreq' 'writereq' 'writeresp'>
ST_9 : Operation 89 [2/8] (7.30ns)   --->   "%gmem0_load_1_req = readreq i1 @_ssdm_op_ReadReq.m_axi.i32P1A, i64 %gmem0_addr_1, i64 1" [vivado/ip_repo/gnss_correlator/src/gnss_correlator.cpp:35]   --->   Operation 89 'readreq' 'gmem0_load_1_req' <Predicate = true> <Delay = 7.30> <CoreInst = "m_axi">   --->   Core 111 'm_axi' <Latency = 6> <II = 1> <Delay = 1.00> <Adapter> <Opcode : 'readrequnaligned' 'writerequnaligned' 'read' 'write' 'readreq' 'writereq' 'writeresp'>
ST_9 : Operation 90 [1/8] ( I:7.30ns O:7.30ns )   --->   "%gmem1_load_req = readreq i1 @_ssdm_op_ReadReq.m_axi.i32P1A, i64 %gmem1_addr, i64 1" [vivado/ip_repo/gnss_correlator/src/gnss_correlator.cpp:36]   --->   Operation 90 'readreq' 'gmem1_load_req' <Predicate = true> <Delay = 7.30> <CoreInst = "m_axi">   --->   Core 111 'm_axi' <Latency = 6> <II = 1> <Delay = 1.00> <Adapter> <Opcode : 'readrequnaligned' 'writerequnaligned' 'read' 'write' 'readreq' 'writereq' 'writeresp'>
ST_9 : Operation 91 [2/8] (7.30ns)   --->   "%gmem1_load_1_req = readreq i1 @_ssdm_op_ReadReq.m_axi.i32P1A, i64 %gmem1_addr_1, i64 1" [vivado/ip_repo/gnss_correlator/src/gnss_correlator.cpp:37]   --->   Operation 91 'readreq' 'gmem1_load_1_req' <Predicate = true> <Delay = 7.30> <CoreInst = "m_axi">   --->   Core 111 'm_axi' <Latency = 6> <II = 1> <Delay = 1.00> <Adapter> <Opcode : 'readrequnaligned' 'writerequnaligned' 'read' 'write' 'readreq' 'writereq' 'writeresp'>

State 10 <SV = 9> <Delay = 7.30>
ST_10 : Operation 92 [1/1] ( I:7.30ns O:7.30ns )   --->   "%gmem0_addr_read = read i32 @_ssdm_op_Read.m_axi.i32P1A, i64 %gmem0_addr" [vivado/ip_repo/gnss_correlator/src/gnss_correlator.cpp:34]   --->   Operation 92 'read' 'gmem0_addr_read' <Predicate = true> <Delay = 7.30> <CoreInst = "m_axi">   --->   Core 111 'm_axi' <Latency = 3> <II = 1> <Delay = 1.00> <Adapter> <Opcode : 'readrequnaligned' 'writerequnaligned' 'read' 'write' 'readreq' 'writereq' 'writeresp'>
ST_10 : Operation 93 [1/8] ( I:7.30ns O:7.30ns )   --->   "%gmem0_load_1_req = readreq i1 @_ssdm_op_ReadReq.m_axi.i32P1A, i64 %gmem0_addr_1, i64 1" [vivado/ip_repo/gnss_correlator/src/gnss_correlator.cpp:35]   --->   Operation 93 'readreq' 'gmem0_load_1_req' <Predicate = true> <Delay = 7.30> <CoreInst = "m_axi">   --->   Core 111 'm_axi' <Latency = 6> <II = 1> <Delay = 1.00> <Adapter> <Opcode : 'readrequnaligned' 'writerequnaligned' 'read' 'write' 'readreq' 'writereq' 'writeresp'>
ST_10 : Operation 94 [1/1] ( I:7.30ns O:7.30ns )   --->   "%gmem1_addr_read = read i32 @_ssdm_op_Read.m_axi.i32P1A, i64 %gmem1_addr" [vivado/ip_repo/gnss_correlator/src/gnss_correlator.cpp:36]   --->   Operation 94 'read' 'gmem1_addr_read' <Predicate = true> <Delay = 7.30> <CoreInst = "m_axi">   --->   Core 111 'm_axi' <Latency = 3> <II = 1> <Delay = 1.00> <Adapter> <Opcode : 'readrequnaligned' 'writerequnaligned' 'read' 'write' 'readreq' 'writereq' 'writeresp'>
ST_10 : Operation 95 [1/8] ( I:7.30ns O:7.30ns )   --->   "%gmem1_load_1_req = readreq i1 @_ssdm_op_ReadReq.m_axi.i32P1A, i64 %gmem1_addr_1, i64 1" [vivado/ip_repo/gnss_correlator/src/gnss_correlator.cpp:37]   --->   Operation 95 'readreq' 'gmem1_load_1_req' <Predicate = true> <Delay = 7.30> <CoreInst = "m_axi">   --->   Core 111 'm_axi' <Latency = 6> <II = 1> <Delay = 1.00> <Adapter> <Opcode : 'readrequnaligned' 'writerequnaligned' 'read' 'write' 'readreq' 'writereq' 'writeresp'>

State 11 <SV = 10> <Delay = 7.30>
ST_11 : Operation 96 [1/1] (0.00ns)   --->   "%bitcast_ln34 = bitcast i32 %gmem0_addr_read" [vivado/ip_repo/gnss_correlator/src/gnss_correlator.cpp:34]   --->   Operation 96 'bitcast' 'bitcast_ln34' <Predicate = true> <Delay = 0.00>
ST_11 : Operation 97 [2/2] (4.43ns)   --->   "%pf = fpext i32 %bitcast_ln34" [vivado/ip_repo/gnss_correlator/src/gnss_correlator.cpp:34]   --->   Operation 97 'fpext' 'pf' <Predicate = true> <Delay = 4.43> <CoreInst = "Float2Double">   --->   Core 64 'Float2Double' <Latency = 1> <II = 1> <Delay = 4.43> <FuncUnit> <Opcode : 'fpext'> <InPorts = 1> <OutPorts = 1>
ST_11 : Operation 98 [1/1] ( I:7.30ns O:7.30ns )   --->   "%gmem0_addr_1_read = read i32 @_ssdm_op_Read.m_axi.i32P1A, i64 %gmem0_addr_1" [vivado/ip_repo/gnss_correlator/src/gnss_correlator.cpp:35]   --->   Operation 98 'read' 'gmem0_addr_1_read' <Predicate = true> <Delay = 7.30> <CoreInst = "m_axi">   --->   Core 111 'm_axi' <Latency = 3> <II = 1> <Delay = 1.00> <Adapter> <Opcode : 'readrequnaligned' 'writerequnaligned' 'read' 'write' 'readreq' 'writereq' 'writeresp'>
ST_11 : Operation 99 [1/1] (0.00ns)   --->   "%bitcast_ln36 = bitcast i32 %gmem1_addr_read" [vivado/ip_repo/gnss_correlator/src/gnss_correlator.cpp:36]   --->   Operation 99 'bitcast' 'bitcast_ln36' <Predicate = true> <Delay = 0.00>
ST_11 : Operation 100 [2/2] (4.43ns)   --->   "%pf_2 = fpext i32 %bitcast_ln36" [vivado/ip_repo/gnss_correlator/src/gnss_correlator.cpp:36]   --->   Operation 100 'fpext' 'pf_2' <Predicate = true> <Delay = 4.43> <CoreInst = "Float2Double">   --->   Core 64 'Float2Double' <Latency = 1> <II = 1> <Delay = 4.43> <FuncUnit> <Opcode : 'fpext'> <InPorts = 1> <OutPorts = 1>
ST_11 : Operation 101 [1/1] ( I:7.30ns O:7.30ns )   --->   "%gmem1_addr_1_read = read i32 @_ssdm_op_Read.m_axi.i32P1A, i64 %gmem1_addr_1" [vivado/ip_repo/gnss_correlator/src/gnss_correlator.cpp:37]   --->   Operation 101 'read' 'gmem1_addr_1_read' <Predicate = true> <Delay = 7.30> <CoreInst = "m_axi">   --->   Core 111 'm_axi' <Latency = 3> <II = 1> <Delay = 1.00> <Adapter> <Opcode : 'readrequnaligned' 'writerequnaligned' 'read' 'write' 'readreq' 'writereq' 'writeresp'>

State 12 <SV = 11> <Delay = 4.43>
ST_12 : Operation 102 [1/2] (4.43ns)   --->   "%pf = fpext i32 %bitcast_ln34" [vivado/ip_repo/gnss_correlator/src/gnss_correlator.cpp:34]   --->   Operation 102 'fpext' 'pf' <Predicate = true> <Delay = 4.43> <CoreInst = "Float2Double">   --->   Core 64 'Float2Double' <Latency = 1> <II = 1> <Delay = 4.43> <FuncUnit> <Opcode : 'fpext'> <InPorts = 1> <OutPorts = 1>
ST_12 : Operation 103 [1/1] (0.00ns)   --->   "%bitcast_ln726 = bitcast i64 %pf" [vivado/ip_repo/gnss_correlator/src/gnss_correlator.cpp:34]   --->   Operation 103 'bitcast' 'bitcast_ln726' <Predicate = true> <Delay = 0.00>
ST_12 : Operation 104 [1/1] (0.00ns)   --->   "%trunc_ln34 = trunc i64 %bitcast_ln726" [vivado/ip_repo/gnss_correlator/src/gnss_correlator.cpp:34]   --->   Operation 104 'trunc' 'trunc_ln34' <Predicate = true> <Delay = 0.00>
ST_12 : Operation 105 [1/1] (0.00ns)   --->   "%tmp = bitselect i1 @_ssdm_op_BitSelect.i1.i64.i32, i64 %bitcast_ln726, i32 63" [vivado/ip_repo/gnss_correlator/src/gnss_correlator.cpp:34]   --->   Operation 105 'bitselect' 'tmp' <Predicate = true> <Delay = 0.00>
ST_12 : Operation 106 [1/1] (0.00ns)   --->   "%tmp_1 = partselect i11 @_ssdm_op_PartSelect.i11.i64.i32, i64 %bitcast_ln726, i32 52" [vivado/ip_repo/gnss_correlator/src/gnss_correlator.cpp:34]   --->   Operation 106 'partselect' 'tmp_1' <Predicate = true> <Delay = 0.00>
ST_12 : Operation 107 [1/1] (0.00ns)   --->   "%trunc_ln34_1 = trunc i64 %bitcast_ln726" [vivado/ip_repo/gnss_correlator/src/gnss_correlator.cpp:34]   --->   Operation 107 'trunc' 'trunc_ln34_1' <Predicate = true> <Delay = 0.00>
ST_12 : Operation 108 [1/1] (0.00ns)   --->   "%bitcast_ln35 = bitcast i32 %gmem0_addr_1_read" [vivado/ip_repo/gnss_correlator/src/gnss_correlator.cpp:35]   --->   Operation 108 'bitcast' 'bitcast_ln35' <Predicate = true> <Delay = 0.00>
ST_12 : Operation 109 [2/2] (4.43ns)   --->   "%pf_1 = fpext i32 %bitcast_ln35" [vivado/ip_repo/gnss_correlator/src/gnss_correlator.cpp:35]   --->   Operation 109 'fpext' 'pf_1' <Predicate = true> <Delay = 4.43> <CoreInst = "Float2Double">   --->   Core 64 'Float2Double' <Latency = 1> <II = 1> <Delay = 4.43> <FuncUnit> <Opcode : 'fpext'> <InPorts = 1> <OutPorts = 1>
ST_12 : Operation 110 [1/2] (4.43ns)   --->   "%pf_2 = fpext i32 %bitcast_ln36" [vivado/ip_repo/gnss_correlator/src/gnss_correlator.cpp:36]   --->   Operation 110 'fpext' 'pf_2' <Predicate = true> <Delay = 4.43> <CoreInst = "Float2Double">   --->   Core 64 'Float2Double' <Latency = 1> <II = 1> <Delay = 4.43> <FuncUnit> <Opcode : 'fpext'> <InPorts = 1> <OutPorts = 1>
ST_12 : Operation 111 [1/1] (0.00ns)   --->   "%bitcast_ln726_2 = bitcast i64 %pf_2" [vivado/ip_repo/gnss_correlator/src/gnss_correlator.cpp:36]   --->   Operation 111 'bitcast' 'bitcast_ln726_2' <Predicate = true> <Delay = 0.00>
ST_12 : Operation 112 [1/1] (0.00ns)   --->   "%trunc_ln36 = trunc i64 %bitcast_ln726_2" [vivado/ip_repo/gnss_correlator/src/gnss_correlator.cpp:36]   --->   Operation 112 'trunc' 'trunc_ln36' <Predicate = true> <Delay = 0.00>
ST_12 : Operation 113 [1/1] (0.00ns)   --->   "%tmp_3 = bitselect i1 @_ssdm_op_BitSelect.i1.i64.i32, i64 %bitcast_ln726_2, i32 63" [vivado/ip_repo/gnss_correlator/src/gnss_correlator.cpp:36]   --->   Operation 113 'bitselect' 'tmp_3' <Predicate = true> <Delay = 0.00>
ST_12 : Operation 114 [1/1] (0.00ns)   --->   "%tmp_s = partselect i11 @_ssdm_op_PartSelect.i11.i64.i32, i64 %bitcast_ln726_2, i32 52" [vivado/ip_repo/gnss_correlator/src/gnss_correlator.cpp:36]   --->   Operation 114 'partselect' 'tmp_s' <Predicate = true> <Delay = 0.00>
ST_12 : Operation 115 [1/1] (0.00ns)   --->   "%trunc_ln36_1 = trunc i64 %bitcast_ln726_2" [vivado/ip_repo/gnss_correlator/src/gnss_correlator.cpp:36]   --->   Operation 115 'trunc' 'trunc_ln36_1' <Predicate = true> <Delay = 0.00>
ST_12 : Operation 116 [1/1] (0.00ns)   --->   "%bitcast_ln37 = bitcast i32 %gmem1_addr_1_read" [vivado/ip_repo/gnss_correlator/src/gnss_correlator.cpp:37]   --->   Operation 116 'bitcast' 'bitcast_ln37' <Predicate = true> <Delay = 0.00>
ST_12 : Operation 117 [2/2] (4.43ns)   --->   "%pf_3 = fpext i32 %bitcast_ln37" [vivado/ip_repo/gnss_correlator/src/gnss_correlator.cpp:37]   --->   Operation 117 'fpext' 'pf_3' <Predicate = true> <Delay = 4.43> <CoreInst = "Float2Double">   --->   Core 64 'Float2Double' <Latency = 1> <II = 1> <Delay = 4.43> <FuncUnit> <Opcode : 'fpext'> <InPorts = 1> <OutPorts = 1>

State 13 <SV = 12> <Delay = 4.43>
ST_13 : Operation 118 [1/1] (0.00ns)   --->   "%zext_ln34 = zext i11 %tmp_1" [vivado/ip_repo/gnss_correlator/src/gnss_correlator.cpp:34]   --->   Operation 118 'zext' 'zext_ln34' <Predicate = true> <Delay = 0.00>
ST_13 : Operation 119 [1/1] (0.00ns)   --->   "%zext_ln34_1_cast = bitconcatenate i53 @_ssdm_op_BitConcatenate.i53.i1.i52, i1 1, i52 %trunc_ln34_1" [vivado/ip_repo/gnss_correlator/src/gnss_correlator.cpp:34]   --->   Operation 119 'bitconcatenate' 'zext_ln34_1_cast' <Predicate = true> <Delay = 0.00>
ST_13 : Operation 120 [1/1] (0.00ns)   --->   "%zext_ln34_1 = zext i53 %zext_ln34_1_cast" [vivado/ip_repo/gnss_correlator/src/gnss_correlator.cpp:34]   --->   Operation 120 'zext' 'zext_ln34_1' <Predicate = true> <Delay = 0.00>
ST_13 : Operation 121 [1/1] (3.23ns)   --->   "%sub_ln34 = sub i54 0, i54 %zext_ln34_1" [vivado/ip_repo/gnss_correlator/src/gnss_correlator.cpp:34]   --->   Operation 121 'sub' 'sub_ln34' <Predicate = (tmp)> <Delay = 3.23> <CoreInst = "Adder">   --->   Core 1 'Adder' <Latency = 0> <II = 1> <Delay = 3.26> <FuncUnit> <Opcode : 'add' 'sub'> <InPorts = 2> <OutPorts = 1>
ST_13 : Operation 122 [1/1] (0.94ns)   --->   "%select_ln34 = select i1 %tmp, i54 %sub_ln34, i54 %zext_ln34_1" [vivado/ip_repo/gnss_correlator/src/gnss_correlator.cpp:34]   --->   Operation 122 'select' 'select_ln34' <Predicate = true> <Delay = 0.94> <CoreInst = "Sel">   --->   Core 73 'Sel' <Latency = 0> <II = 1> <Delay = 0.94> <FuncUnit> <Opcode : 'select'> <InPorts = 3> <OutPorts = 1>
ST_13 : Operation 123 [1/1] (3.49ns)   --->   "%icmp_ln34 = icmp_eq  i63 %trunc_ln34, i63 0" [vivado/ip_repo/gnss_correlator/src/gnss_correlator.cpp:34]   --->   Operation 123 'icmp' 'icmp_ln34' <Predicate = true> <Delay = 3.49> <CoreInst = "Cmp">   --->   Core 9 'Cmp' <Latency = 0> <II = 1> <Delay = 3.49> <FuncUnit> <Opcode : 'seteq' 'setne' 'setle' 'setge' 'setlt' 'setgt'> <InPorts = 2> <OutPorts = 1>
ST_13 : Operation 124 [1/1] (1.54ns)   --->   "%sub_ln34_1 = sub i12 1075, i12 %zext_ln34" [vivado/ip_repo/gnss_correlator/src/gnss_correlator.cpp:34]   --->   Operation 124 'sub' 'sub_ln34_1' <Predicate = true> <Delay = 1.54> <CoreInst = "Adder">   --->   Core 1 'Adder' <Latency = 0> <II = 1> <Delay = 1.54> <FuncUnit> <Opcode : 'add' 'sub'> <InPorts = 2> <OutPorts = 1>
ST_13 : Operation 125 [1/1] (0.00ns)   --->   "%trunc_ln34_2 = trunc i12 %sub_ln34_1" [vivado/ip_repo/gnss_correlator/src/gnss_correlator.cpp:34]   --->   Operation 125 'trunc' 'trunc_ln34_2' <Predicate = true> <Delay = 0.00>
ST_13 : Operation 126 [1/1] (1.54ns)   --->   "%icmp_ln34_1 = icmp_sgt  i12 %sub_ln34_1, i12 16" [vivado/ip_repo/gnss_correlator/src/gnss_correlator.cpp:34]   --->   Operation 126 'icmp' 'icmp_ln34_1' <Predicate = true> <Delay = 1.54> <CoreInst = "Cmp">   --->   Core 9 'Cmp' <Latency = 0> <II = 1> <Delay = 1.54> <FuncUnit> <Opcode : 'seteq' 'setne' 'setle' 'setge' 'setlt' 'setgt'> <InPorts = 2> <OutPorts = 1>
ST_13 : Operation 127 [1/1] (1.63ns)   --->   "%add_ln34_1 = add i11 %trunc_ln34_2, i11 2032" [vivado/ip_repo/gnss_correlator/src/gnss_correlator.cpp:34]   --->   Operation 127 'add' 'add_ln34_1' <Predicate = true> <Delay = 1.63> <CoreInst = "Adder">   --->   Core 1 'Adder' <Latency = 0> <II = 1> <Delay = 1.63> <FuncUnit> <Opcode : 'add' 'sub'> <InPorts = 2> <OutPorts = 1>
ST_13 : Operation 128 [1/1] (1.63ns)   --->   "%sub_ln34_2 = sub i11 16, i11 %trunc_ln34_2" [vivado/ip_repo/gnss_correlator/src/gnss_correlator.cpp:34]   --->   Operation 128 'sub' 'sub_ln34_2' <Predicate = true> <Delay = 1.63> <CoreInst = "Adder">   --->   Core 1 'Adder' <Latency = 0> <II = 1> <Delay = 1.63> <FuncUnit> <Opcode : 'add' 'sub'> <InPorts = 2> <OutPorts = 1>
ST_13 : Operation 129 [1/1] (0.69ns)   --->   "%select_ln34_1 = select i1 %icmp_ln34_1, i11 %add_ln34_1, i11 %sub_ln34_2" [vivado/ip_repo/gnss_correlator/src/gnss_correlator.cpp:34]   --->   Operation 129 'select' 'select_ln34_1' <Predicate = true> <Delay = 0.69> <CoreInst = "Sel">   --->   Core 73 'Sel' <Latency = 0> <II = 1> <Delay = 0.69> <FuncUnit> <Opcode : 'select'> <InPorts = 3> <OutPorts = 1>
ST_13 : Operation 130 [1/1] (1.54ns)   --->   "%icmp_ln34_2 = icmp_eq  i12 %sub_ln34_1, i12 16" [vivado/ip_repo/gnss_correlator/src/gnss_correlator.cpp:34]   --->   Operation 130 'icmp' 'icmp_ln34_2' <Predicate = true> <Delay = 1.54> <CoreInst = "Cmp">   --->   Core 9 'Cmp' <Latency = 0> <II = 1> <Delay = 1.54> <FuncUnit> <Opcode : 'seteq' 'setne' 'setle' 'setge' 'setlt' 'setgt'> <InPorts = 2> <OutPorts = 1>
ST_13 : Operation 131 [1/1] (0.00ns)   --->   "%trunc_ln34_3 = trunc i54 %select_ln34" [vivado/ip_repo/gnss_correlator/src/gnss_correlator.cpp:34]   --->   Operation 131 'trunc' 'trunc_ln34_3' <Predicate = true> <Delay = 0.00>
ST_13 : Operation 132 [1/2] (4.43ns)   --->   "%pf_1 = fpext i32 %bitcast_ln35" [vivado/ip_repo/gnss_correlator/src/gnss_correlator.cpp:35]   --->   Operation 132 'fpext' 'pf_1' <Predicate = true> <Delay = 4.43> <CoreInst = "Float2Double">   --->   Core 64 'Float2Double' <Latency = 1> <II = 1> <Delay = 4.43> <FuncUnit> <Opcode : 'fpext'> <InPorts = 1> <OutPorts = 1>
ST_13 : Operation 133 [1/1] (0.00ns)   --->   "%bitcast_ln726_1 = bitcast i64 %pf_1" [vivado/ip_repo/gnss_correlator/src/gnss_correlator.cpp:35]   --->   Operation 133 'bitcast' 'bitcast_ln726_1' <Predicate = true> <Delay = 0.00>
ST_13 : Operation 134 [1/1] (0.00ns)   --->   "%trunc_ln35 = trunc i64 %bitcast_ln726_1" [vivado/ip_repo/gnss_correlator/src/gnss_correlator.cpp:35]   --->   Operation 134 'trunc' 'trunc_ln35' <Predicate = true> <Delay = 0.00>
ST_13 : Operation 135 [1/1] (0.00ns)   --->   "%tmp_2 = bitselect i1 @_ssdm_op_BitSelect.i1.i64.i32, i64 %bitcast_ln726_1, i32 63" [vivado/ip_repo/gnss_correlator/src/gnss_correlator.cpp:35]   --->   Operation 135 'bitselect' 'tmp_2' <Predicate = true> <Delay = 0.00>
ST_13 : Operation 136 [1/1] (0.00ns)   --->   "%tmp_9 = partselect i11 @_ssdm_op_PartSelect.i11.i64.i32, i64 %bitcast_ln726_1, i32 52" [vivado/ip_repo/gnss_correlator/src/gnss_correlator.cpp:35]   --->   Operation 136 'partselect' 'tmp_9' <Predicate = true> <Delay = 0.00>
ST_13 : Operation 137 [1/1] (0.00ns)   --->   "%trunc_ln35_1 = trunc i64 %bitcast_ln726_1" [vivado/ip_repo/gnss_correlator/src/gnss_correlator.cpp:35]   --->   Operation 137 'trunc' 'trunc_ln35_1' <Predicate = true> <Delay = 0.00>
ST_13 : Operation 138 [1/1] (0.00ns)   --->   "%zext_ln36 = zext i11 %tmp_s" [vivado/ip_repo/gnss_correlator/src/gnss_correlator.cpp:36]   --->   Operation 138 'zext' 'zext_ln36' <Predicate = true> <Delay = 0.00>
ST_13 : Operation 139 [1/1] (0.00ns)   --->   "%zext_ln36_1_cast = bitconcatenate i53 @_ssdm_op_BitConcatenate.i53.i1.i52, i1 1, i52 %trunc_ln36_1" [vivado/ip_repo/gnss_correlator/src/gnss_correlator.cpp:36]   --->   Operation 139 'bitconcatenate' 'zext_ln36_1_cast' <Predicate = true> <Delay = 0.00>
ST_13 : Operation 140 [1/1] (0.00ns)   --->   "%zext_ln36_1 = zext i53 %zext_ln36_1_cast" [vivado/ip_repo/gnss_correlator/src/gnss_correlator.cpp:36]   --->   Operation 140 'zext' 'zext_ln36_1' <Predicate = true> <Delay = 0.00>
ST_13 : Operation 141 [1/1] (3.23ns)   --->   "%sub_ln36 = sub i54 0, i54 %zext_ln36_1" [vivado/ip_repo/gnss_correlator/src/gnss_correlator.cpp:36]   --->   Operation 141 'sub' 'sub_ln36' <Predicate = (tmp_3)> <Delay = 3.23> <CoreInst = "Adder">   --->   Core 1 'Adder' <Latency = 0> <II = 1> <Delay = 3.26> <FuncUnit> <Opcode : 'add' 'sub'> <InPorts = 2> <OutPorts = 1>
ST_13 : Operation 142 [1/1] (0.94ns)   --->   "%select_ln36 = select i1 %tmp_3, i54 %sub_ln36, i54 %zext_ln36_1" [vivado/ip_repo/gnss_correlator/src/gnss_correlator.cpp:36]   --->   Operation 142 'select' 'select_ln36' <Predicate = true> <Delay = 0.94> <CoreInst = "Sel">   --->   Core 73 'Sel' <Latency = 0> <II = 1> <Delay = 0.94> <FuncUnit> <Opcode : 'select'> <InPorts = 3> <OutPorts = 1>
ST_13 : Operation 143 [1/1] (3.49ns)   --->   "%icmp_ln36 = icmp_eq  i63 %trunc_ln36, i63 0" [vivado/ip_repo/gnss_correlator/src/gnss_correlator.cpp:36]   --->   Operation 143 'icmp' 'icmp_ln36' <Predicate = true> <Delay = 3.49> <CoreInst = "Cmp">   --->   Core 9 'Cmp' <Latency = 0> <II = 1> <Delay = 3.49> <FuncUnit> <Opcode : 'seteq' 'setne' 'setle' 'setge' 'setlt' 'setgt'> <InPorts = 2> <OutPorts = 1>
ST_13 : Operation 144 [1/1] (1.54ns)   --->   "%sub_ln36_1 = sub i12 1075, i12 %zext_ln36" [vivado/ip_repo/gnss_correlator/src/gnss_correlator.cpp:36]   --->   Operation 144 'sub' 'sub_ln36_1' <Predicate = true> <Delay = 1.54> <CoreInst = "Adder">   --->   Core 1 'Adder' <Latency = 0> <II = 1> <Delay = 1.54> <FuncUnit> <Opcode : 'add' 'sub'> <InPorts = 2> <OutPorts = 1>
ST_13 : Operation 145 [1/1] (0.00ns)   --->   "%trunc_ln36_2 = trunc i12 %sub_ln36_1" [vivado/ip_repo/gnss_correlator/src/gnss_correlator.cpp:36]   --->   Operation 145 'trunc' 'trunc_ln36_2' <Predicate = true> <Delay = 0.00>
ST_13 : Operation 146 [1/1] (1.54ns)   --->   "%icmp_ln36_1 = icmp_sgt  i12 %sub_ln36_1, i12 16" [vivado/ip_repo/gnss_correlator/src/gnss_correlator.cpp:36]   --->   Operation 146 'icmp' 'icmp_ln36_1' <Predicate = true> <Delay = 1.54> <CoreInst = "Cmp">   --->   Core 9 'Cmp' <Latency = 0> <II = 1> <Delay = 1.54> <FuncUnit> <Opcode : 'seteq' 'setne' 'setle' 'setge' 'setlt' 'setgt'> <InPorts = 2> <OutPorts = 1>
ST_13 : Operation 147 [1/1] (1.63ns)   --->   "%add_ln36_1 = add i11 %trunc_ln36_2, i11 2032" [vivado/ip_repo/gnss_correlator/src/gnss_correlator.cpp:36]   --->   Operation 147 'add' 'add_ln36_1' <Predicate = true> <Delay = 1.63> <CoreInst = "Adder">   --->   Core 1 'Adder' <Latency = 0> <II = 1> <Delay = 1.63> <FuncUnit> <Opcode : 'add' 'sub'> <InPorts = 2> <OutPorts = 1>
ST_13 : Operation 148 [1/1] (1.63ns)   --->   "%sub_ln36_2 = sub i11 16, i11 %trunc_ln36_2" [vivado/ip_repo/gnss_correlator/src/gnss_correlator.cpp:36]   --->   Operation 148 'sub' 'sub_ln36_2' <Predicate = true> <Delay = 1.63> <CoreInst = "Adder">   --->   Core 1 'Adder' <Latency = 0> <II = 1> <Delay = 1.63> <FuncUnit> <Opcode : 'add' 'sub'> <InPorts = 2> <OutPorts = 1>
ST_13 : Operation 149 [1/1] (0.69ns)   --->   "%select_ln36_1 = select i1 %icmp_ln36_1, i11 %add_ln36_1, i11 %sub_ln36_2" [vivado/ip_repo/gnss_correlator/src/gnss_correlator.cpp:36]   --->   Operation 149 'select' 'select_ln36_1' <Predicate = true> <Delay = 0.69> <CoreInst = "Sel">   --->   Core 73 'Sel' <Latency = 0> <II = 1> <Delay = 0.69> <FuncUnit> <Opcode : 'select'> <InPorts = 3> <OutPorts = 1>
ST_13 : Operation 150 [1/1] (1.54ns)   --->   "%icmp_ln36_2 = icmp_eq  i12 %sub_ln36_1, i12 16" [vivado/ip_repo/gnss_correlator/src/gnss_correlator.cpp:36]   --->   Operation 150 'icmp' 'icmp_ln36_2' <Predicate = true> <Delay = 1.54> <CoreInst = "Cmp">   --->   Core 9 'Cmp' <Latency = 0> <II = 1> <Delay = 1.54> <FuncUnit> <Opcode : 'seteq' 'setne' 'setle' 'setge' 'setlt' 'setgt'> <InPorts = 2> <OutPorts = 1>
ST_13 : Operation 151 [1/1] (0.00ns)   --->   "%trunc_ln36_3 = trunc i54 %select_ln36" [vivado/ip_repo/gnss_correlator/src/gnss_correlator.cpp:36]   --->   Operation 151 'trunc' 'trunc_ln36_3' <Predicate = true> <Delay = 0.00>
ST_13 : Operation 152 [1/2] (4.43ns)   --->   "%pf_3 = fpext i32 %bitcast_ln37" [vivado/ip_repo/gnss_correlator/src/gnss_correlator.cpp:37]   --->   Operation 152 'fpext' 'pf_3' <Predicate = true> <Delay = 4.43> <CoreInst = "Float2Double">   --->   Core 64 'Float2Double' <Latency = 1> <II = 1> <Delay = 4.43> <FuncUnit> <Opcode : 'fpext'> <InPorts = 1> <OutPorts = 1>
ST_13 : Operation 153 [1/1] (0.00ns)   --->   "%bitcast_ln726_3 = bitcast i64 %pf_3" [vivado/ip_repo/gnss_correlator/src/gnss_correlator.cpp:37]   --->   Operation 153 'bitcast' 'bitcast_ln726_3' <Predicate = true> <Delay = 0.00>
ST_13 : Operation 154 [1/1] (0.00ns)   --->   "%trunc_ln37 = trunc i64 %bitcast_ln726_3" [vivado/ip_repo/gnss_correlator/src/gnss_correlator.cpp:37]   --->   Operation 154 'trunc' 'trunc_ln37' <Predicate = true> <Delay = 0.00>
ST_13 : Operation 155 [1/1] (0.00ns)   --->   "%tmp_4 = bitselect i1 @_ssdm_op_BitSelect.i1.i64.i32, i64 %bitcast_ln726_3, i32 63" [vivado/ip_repo/gnss_correlator/src/gnss_correlator.cpp:37]   --->   Operation 155 'bitselect' 'tmp_4' <Predicate = true> <Delay = 0.00>
ST_13 : Operation 156 [1/1] (0.00ns)   --->   "%tmp_5 = partselect i11 @_ssdm_op_PartSelect.i11.i64.i32, i64 %bitcast_ln726_3, i32 52" [vivado/ip_repo/gnss_correlator/src/gnss_correlator.cpp:37]   --->   Operation 156 'partselect' 'tmp_5' <Predicate = true> <Delay = 0.00>
ST_13 : Operation 157 [1/1] (0.00ns)   --->   "%trunc_ln37_1 = trunc i64 %bitcast_ln726_3" [vivado/ip_repo/gnss_correlator/src/gnss_correlator.cpp:37]   --->   Operation 157 'trunc' 'trunc_ln37_1' <Predicate = true> <Delay = 0.00>

State 14 <SV = 13> <Delay = 5.60>
ST_14 : Operation 158 [1/1] (1.63ns)   --->   "%icmp_ln34_3 = icmp_ult  i11 %select_ln34_1, i11 54" [vivado/ip_repo/gnss_correlator/src/gnss_correlator.cpp:34]   --->   Operation 158 'icmp' 'icmp_ln34_3' <Predicate = true> <Delay = 1.63> <CoreInst = "Cmp">   --->   Core 9 'Cmp' <Latency = 0> <II = 1> <Delay = 1.63> <FuncUnit> <Opcode : 'seteq' 'setne' 'setle' 'setge' 'setlt' 'setgt'> <InPorts = 2> <OutPorts = 1>
ST_14 : Operation 159 [1/1] (0.00ns) (grouped into LUT with out node select_ln34_2)   --->   "%select_ln34_4 = select i1 %tmp, i18 262143, i18 0" [vivado/ip_repo/gnss_correlator/src/gnss_correlator.cpp:34]   --->   Operation 159 'select' 'select_ln34_4' <Predicate = true> <Delay = 0.00> <CoreInst = "Sel">   --->   Core 73 'Sel' <Latency = 0> <II = 1> <Delay = 0.99> <FuncUnit> <Opcode : 'select'> <InPorts = 3> <OutPorts = 1>
ST_14 : Operation 160 [1/1] (0.00ns)   --->   "%zext_ln34_2 = zext i11 %select_ln34_1" [vivado/ip_repo/gnss_correlator/src/gnss_correlator.cpp:34]   --->   Operation 160 'zext' 'zext_ln34_2' <Predicate = true> <Delay = 0.00>
ST_14 : Operation 161 [1/1] (4.61ns)   --->   "%ashr_ln34 = ashr i54 %select_ln34, i54 %zext_ln34_2" [vivado/ip_repo/gnss_correlator/src/gnss_correlator.cpp:34]   --->   Operation 161 'ashr' 'ashr_ln34' <Predicate = true> <Delay = 4.61> <CoreInst = "Shifter">   --->   Core 75 'Shifter' <Latency = 0> <II = 1> <Delay = 4.61> <FuncUnit> <Opcode : 'shl' 'lshr' 'ashr'> <InPorts = 2> <OutPorts = 1>
ST_14 : Operation 162 [1/1] (0.00ns) (grouped into LUT with out node select_ln34_2)   --->   "%trunc_ln34_4 = trunc i54 %ashr_ln34" [vivado/ip_repo/gnss_correlator/src/gnss_correlator.cpp:34]   --->   Operation 162 'trunc' 'trunc_ln34_4' <Predicate = true> <Delay = 0.00>
ST_14 : Operation 163 [1/1] (0.99ns) (out node of the LUT)   --->   "%select_ln34_2 = select i1 %icmp_ln34_3, i18 %trunc_ln34_4, i18 %select_ln34_4" [vivado/ip_repo/gnss_correlator/src/gnss_correlator.cpp:34]   --->   Operation 163 'select' 'select_ln34_2' <Predicate = true> <Delay = 0.99> <CoreInst = "Sel">   --->   Core 73 'Sel' <Latency = 0> <II = 1> <Delay = 0.75> <FuncUnit> <Opcode : 'select'> <InPorts = 3> <OutPorts = 1>
ST_14 : Operation 164 [1/1] (1.63ns)   --->   "%icmp_ln34_4 = icmp_ult  i11 %select_ln34_1, i11 18" [vivado/ip_repo/gnss_correlator/src/gnss_correlator.cpp:34]   --->   Operation 164 'icmp' 'icmp_ln34_4' <Predicate = true> <Delay = 1.63> <CoreInst = "Cmp">   --->   Core 9 'Cmp' <Latency = 0> <II = 1> <Delay = 1.63> <FuncUnit> <Opcode : 'seteq' 'setne' 'setle' 'setge' 'setlt' 'setgt'> <InPorts = 2> <OutPorts = 1>
ST_14 : Operation 165 [1/1] (0.00ns)   --->   "%select_ln34_1cast = zext i11 %select_ln34_1" [vivado/ip_repo/gnss_correlator/src/gnss_correlator.cpp:34]   --->   Operation 165 'zext' 'select_ln34_1cast' <Predicate = true> <Delay = 0.00>
ST_14 : Operation 166 [1/1] (4.04ns)   --->   "%shl_ln34 = shl i18 %trunc_ln34_3, i18 %select_ln34_1cast" [vivado/ip_repo/gnss_correlator/src/gnss_correlator.cpp:34]   --->   Operation 166 'shl' 'shl_ln34' <Predicate = true> <Delay = 4.04> <CoreInst = "Shifter">   --->   Core 75 'Shifter' <Latency = 0> <II = 1> <Delay = 4.04> <FuncUnit> <Opcode : 'shl' 'lshr' 'ashr'> <InPorts = 2> <OutPorts = 1>
ST_14 : Operation 167 [1/1] (0.75ns)   --->   "%select_ln34_3 = select i1 %icmp_ln34_4, i18 %shl_ln34, i18 0" [vivado/ip_repo/gnss_correlator/src/gnss_correlator.cpp:34]   --->   Operation 167 'select' 'select_ln34_3' <Predicate = true> <Delay = 0.75> <CoreInst = "Sel">   --->   Core 73 'Sel' <Latency = 0> <II = 1> <Delay = 0.75> <FuncUnit> <Opcode : 'select'> <InPorts = 3> <OutPorts = 1>
ST_14 : Operation 168 [1/1] (0.00ns)   --->   "%zext_ln35 = zext i11 %tmp_9" [vivado/ip_repo/gnss_correlator/src/gnss_correlator.cpp:35]   --->   Operation 168 'zext' 'zext_ln35' <Predicate = true> <Delay = 0.00>
ST_14 : Operation 169 [1/1] (0.00ns)   --->   "%zext_ln35_1_cast = bitconcatenate i53 @_ssdm_op_BitConcatenate.i53.i1.i52, i1 1, i52 %trunc_ln35_1" [vivado/ip_repo/gnss_correlator/src/gnss_correlator.cpp:35]   --->   Operation 169 'bitconcatenate' 'zext_ln35_1_cast' <Predicate = true> <Delay = 0.00>
ST_14 : Operation 170 [1/1] (0.00ns)   --->   "%zext_ln35_1 = zext i53 %zext_ln35_1_cast" [vivado/ip_repo/gnss_correlator/src/gnss_correlator.cpp:35]   --->   Operation 170 'zext' 'zext_ln35_1' <Predicate = true> <Delay = 0.00>
ST_14 : Operation 171 [1/1] (3.23ns)   --->   "%sub_ln35 = sub i54 0, i54 %zext_ln35_1" [vivado/ip_repo/gnss_correlator/src/gnss_correlator.cpp:35]   --->   Operation 171 'sub' 'sub_ln35' <Predicate = (tmp_2)> <Delay = 3.23> <CoreInst = "Adder">   --->   Core 1 'Adder' <Latency = 0> <II = 1> <Delay = 3.26> <FuncUnit> <Opcode : 'add' 'sub'> <InPorts = 2> <OutPorts = 1>
ST_14 : Operation 172 [1/1] (0.94ns)   --->   "%select_ln35 = select i1 %tmp_2, i54 %sub_ln35, i54 %zext_ln35_1" [vivado/ip_repo/gnss_correlator/src/gnss_correlator.cpp:35]   --->   Operation 172 'select' 'select_ln35' <Predicate = true> <Delay = 0.94> <CoreInst = "Sel">   --->   Core 73 'Sel' <Latency = 0> <II = 1> <Delay = 0.94> <FuncUnit> <Opcode : 'select'> <InPorts = 3> <OutPorts = 1>
ST_14 : Operation 173 [1/1] (3.49ns)   --->   "%icmp_ln35 = icmp_eq  i63 %trunc_ln35, i63 0" [vivado/ip_repo/gnss_correlator/src/gnss_correlator.cpp:35]   --->   Operation 173 'icmp' 'icmp_ln35' <Predicate = true> <Delay = 3.49> <CoreInst = "Cmp">   --->   Core 9 'Cmp' <Latency = 0> <II = 1> <Delay = 3.49> <FuncUnit> <Opcode : 'seteq' 'setne' 'setle' 'setge' 'setlt' 'setgt'> <InPorts = 2> <OutPorts = 1>
ST_14 : Operation 174 [1/1] (1.54ns)   --->   "%sub_ln35_1 = sub i12 1075, i12 %zext_ln35" [vivado/ip_repo/gnss_correlator/src/gnss_correlator.cpp:35]   --->   Operation 174 'sub' 'sub_ln35_1' <Predicate = true> <Delay = 1.54> <CoreInst = "Adder">   --->   Core 1 'Adder' <Latency = 0> <II = 1> <Delay = 1.54> <FuncUnit> <Opcode : 'add' 'sub'> <InPorts = 2> <OutPorts = 1>
ST_14 : Operation 175 [1/1] (0.00ns)   --->   "%trunc_ln35_2 = trunc i12 %sub_ln35_1" [vivado/ip_repo/gnss_correlator/src/gnss_correlator.cpp:35]   --->   Operation 175 'trunc' 'trunc_ln35_2' <Predicate = true> <Delay = 0.00>
ST_14 : Operation 176 [1/1] (1.54ns)   --->   "%icmp_ln35_1 = icmp_sgt  i12 %sub_ln35_1, i12 16" [vivado/ip_repo/gnss_correlator/src/gnss_correlator.cpp:35]   --->   Operation 176 'icmp' 'icmp_ln35_1' <Predicate = true> <Delay = 1.54> <CoreInst = "Cmp">   --->   Core 9 'Cmp' <Latency = 0> <II = 1> <Delay = 1.54> <FuncUnit> <Opcode : 'seteq' 'setne' 'setle' 'setge' 'setlt' 'setgt'> <InPorts = 2> <OutPorts = 1>
ST_14 : Operation 177 [1/1] (1.63ns)   --->   "%add_ln35_1 = add i11 %trunc_ln35_2, i11 2032" [vivado/ip_repo/gnss_correlator/src/gnss_correlator.cpp:35]   --->   Operation 177 'add' 'add_ln35_1' <Predicate = true> <Delay = 1.63> <CoreInst = "Adder">   --->   Core 1 'Adder' <Latency = 0> <II = 1> <Delay = 1.63> <FuncUnit> <Opcode : 'add' 'sub'> <InPorts = 2> <OutPorts = 1>
ST_14 : Operation 178 [1/1] (1.63ns)   --->   "%sub_ln35_2 = sub i11 16, i11 %trunc_ln35_2" [vivado/ip_repo/gnss_correlator/src/gnss_correlator.cpp:35]   --->   Operation 178 'sub' 'sub_ln35_2' <Predicate = true> <Delay = 1.63> <CoreInst = "Adder">   --->   Core 1 'Adder' <Latency = 0> <II = 1> <Delay = 1.63> <FuncUnit> <Opcode : 'add' 'sub'> <InPorts = 2> <OutPorts = 1>
ST_14 : Operation 179 [1/1] (0.69ns)   --->   "%select_ln35_1 = select i1 %icmp_ln35_1, i11 %add_ln35_1, i11 %sub_ln35_2" [vivado/ip_repo/gnss_correlator/src/gnss_correlator.cpp:35]   --->   Operation 179 'select' 'select_ln35_1' <Predicate = true> <Delay = 0.69> <CoreInst = "Sel">   --->   Core 73 'Sel' <Latency = 0> <II = 1> <Delay = 0.69> <FuncUnit> <Opcode : 'select'> <InPorts = 3> <OutPorts = 1>
ST_14 : Operation 180 [1/1] (1.54ns)   --->   "%icmp_ln35_2 = icmp_eq  i12 %sub_ln35_1, i12 16" [vivado/ip_repo/gnss_correlator/src/gnss_correlator.cpp:35]   --->   Operation 180 'icmp' 'icmp_ln35_2' <Predicate = true> <Delay = 1.54> <CoreInst = "Cmp">   --->   Core 9 'Cmp' <Latency = 0> <II = 1> <Delay = 1.54> <FuncUnit> <Opcode : 'seteq' 'setne' 'setle' 'setge' 'setlt' 'setgt'> <InPorts = 2> <OutPorts = 1>
ST_14 : Operation 181 [1/1] (0.00ns)   --->   "%trunc_ln35_3 = trunc i54 %select_ln35" [vivado/ip_repo/gnss_correlator/src/gnss_correlator.cpp:35]   --->   Operation 181 'trunc' 'trunc_ln35_3' <Predicate = true> <Delay = 0.00>
ST_14 : Operation 182 [1/1] (0.00ns) (grouped into LUT with out node and_ln35_1)   --->   "%or_ln35 = or i1 %icmp_ln35, i1 %icmp_ln35_2" [vivado/ip_repo/gnss_correlator/src/gnss_correlator.cpp:35]   --->   Operation 182 'or' 'or_ln35' <Predicate = true> <Delay = 0.00> <CoreInst = "LogicGate">   --->   Core 74 'LogicGate' <Latency = 0> <II = 1> <Delay = 0.97> <FuncUnit> <Opcode : 'and' 'or' 'xor'> <InPorts = 2> <OutPorts = 1>
ST_14 : Operation 183 [1/1] (0.00ns) (grouped into LUT with out node and_ln35_1)   --->   "%xor_ln35_1 = xor i1 %or_ln35, i1 1" [vivado/ip_repo/gnss_correlator/src/gnss_correlator.cpp:35]   --->   Operation 183 'xor' 'xor_ln35_1' <Predicate = true> <Delay = 0.00> <CoreInst = "LogicGate">   --->   Core 74 'LogicGate' <Latency = 0> <II = 1> <Delay = 0.97> <FuncUnit> <Opcode : 'and' 'or' 'xor'> <InPorts = 2> <OutPorts = 1>
ST_14 : Operation 184 [1/1] (0.97ns) (out node of the LUT)   --->   "%and_ln35_1 = and i1 %icmp_ln35_1, i1 %xor_ln35_1" [vivado/ip_repo/gnss_correlator/src/gnss_correlator.cpp:35]   --->   Operation 184 'and' 'and_ln35_1' <Predicate = true> <Delay = 0.97> <CoreInst = "LogicGate">   --->   Core 74 'LogicGate' <Latency = 0> <II = 1> <Delay = 0.97> <FuncUnit> <Opcode : 'and' 'or' 'xor'> <InPorts = 2> <OutPorts = 1>
ST_14 : Operation 185 [1/1] (1.63ns)   --->   "%icmp_ln36_3 = icmp_ult  i11 %select_ln36_1, i11 54" [vivado/ip_repo/gnss_correlator/src/gnss_correlator.cpp:36]   --->   Operation 185 'icmp' 'icmp_ln36_3' <Predicate = true> <Delay = 1.63> <CoreInst = "Cmp">   --->   Core 9 'Cmp' <Latency = 0> <II = 1> <Delay = 1.63> <FuncUnit> <Opcode : 'seteq' 'setne' 'setle' 'setge' 'setlt' 'setgt'> <InPorts = 2> <OutPorts = 1>
ST_14 : Operation 186 [1/1] (0.00ns) (grouped into LUT with out node select_ln36_2)   --->   "%select_ln36_4 = select i1 %tmp_3, i18 262143, i18 0" [vivado/ip_repo/gnss_correlator/src/gnss_correlator.cpp:36]   --->   Operation 186 'select' 'select_ln36_4' <Predicate = true> <Delay = 0.00> <CoreInst = "Sel">   --->   Core 73 'Sel' <Latency = 0> <II = 1> <Delay = 0.99> <FuncUnit> <Opcode : 'select'> <InPorts = 3> <OutPorts = 1>
ST_14 : Operation 187 [1/1] (0.00ns)   --->   "%zext_ln36_2 = zext i11 %select_ln36_1" [vivado/ip_repo/gnss_correlator/src/gnss_correlator.cpp:36]   --->   Operation 187 'zext' 'zext_ln36_2' <Predicate = true> <Delay = 0.00>
ST_14 : Operation 188 [1/1] (4.61ns)   --->   "%ashr_ln36 = ashr i54 %select_ln36, i54 %zext_ln36_2" [vivado/ip_repo/gnss_correlator/src/gnss_correlator.cpp:36]   --->   Operation 188 'ashr' 'ashr_ln36' <Predicate = true> <Delay = 4.61> <CoreInst = "Shifter">   --->   Core 75 'Shifter' <Latency = 0> <II = 1> <Delay = 4.61> <FuncUnit> <Opcode : 'shl' 'lshr' 'ashr'> <InPorts = 2> <OutPorts = 1>
ST_14 : Operation 189 [1/1] (0.00ns) (grouped into LUT with out node select_ln36_2)   --->   "%trunc_ln36_4 = trunc i54 %ashr_ln36" [vivado/ip_repo/gnss_correlator/src/gnss_correlator.cpp:36]   --->   Operation 189 'trunc' 'trunc_ln36_4' <Predicate = true> <Delay = 0.00>
ST_14 : Operation 190 [1/1] (0.99ns) (out node of the LUT)   --->   "%select_ln36_2 = select i1 %icmp_ln36_3, i18 %trunc_ln36_4, i18 %select_ln36_4" [vivado/ip_repo/gnss_correlator/src/gnss_correlator.cpp:36]   --->   Operation 190 'select' 'select_ln36_2' <Predicate = true> <Delay = 0.99> <CoreInst = "Sel">   --->   Core 73 'Sel' <Latency = 0> <II = 1> <Delay = 0.75> <FuncUnit> <Opcode : 'select'> <InPorts = 3> <OutPorts = 1>
ST_14 : Operation 191 [1/1] (1.63ns)   --->   "%icmp_ln36_4 = icmp_ult  i11 %select_ln36_1, i11 18" [vivado/ip_repo/gnss_correlator/src/gnss_correlator.cpp:36]   --->   Operation 191 'icmp' 'icmp_ln36_4' <Predicate = true> <Delay = 1.63> <CoreInst = "Cmp">   --->   Core 9 'Cmp' <Latency = 0> <II = 1> <Delay = 1.63> <FuncUnit> <Opcode : 'seteq' 'setne' 'setle' 'setge' 'setlt' 'setgt'> <InPorts = 2> <OutPorts = 1>
ST_14 : Operation 192 [1/1] (0.00ns)   --->   "%select_ln36_1cast = zext i11 %select_ln36_1" [vivado/ip_repo/gnss_correlator/src/gnss_correlator.cpp:36]   --->   Operation 192 'zext' 'select_ln36_1cast' <Predicate = true> <Delay = 0.00>
ST_14 : Operation 193 [1/1] (4.04ns)   --->   "%shl_ln36 = shl i18 %trunc_ln36_3, i18 %select_ln36_1cast" [vivado/ip_repo/gnss_correlator/src/gnss_correlator.cpp:36]   --->   Operation 193 'shl' 'shl_ln36' <Predicate = true> <Delay = 4.04> <CoreInst = "Shifter">   --->   Core 75 'Shifter' <Latency = 0> <II = 1> <Delay = 4.04> <FuncUnit> <Opcode : 'shl' 'lshr' 'ashr'> <InPorts = 2> <OutPorts = 1>
ST_14 : Operation 194 [1/1] (0.75ns)   --->   "%select_ln36_3 = select i1 %icmp_ln36_4, i18 %shl_ln36, i18 0" [vivado/ip_repo/gnss_correlator/src/gnss_correlator.cpp:36]   --->   Operation 194 'select' 'select_ln36_3' <Predicate = true> <Delay = 0.75> <CoreInst = "Sel">   --->   Core 73 'Sel' <Latency = 0> <II = 1> <Delay = 0.75> <FuncUnit> <Opcode : 'select'> <InPorts = 3> <OutPorts = 1>
ST_14 : Operation 195 [1/1] (0.00ns)   --->   "%zext_ln37 = zext i11 %tmp_5" [vivado/ip_repo/gnss_correlator/src/gnss_correlator.cpp:37]   --->   Operation 195 'zext' 'zext_ln37' <Predicate = true> <Delay = 0.00>
ST_14 : Operation 196 [1/1] (0.00ns)   --->   "%zext_ln37_1_cast = bitconcatenate i53 @_ssdm_op_BitConcatenate.i53.i1.i52, i1 1, i52 %trunc_ln37_1" [vivado/ip_repo/gnss_correlator/src/gnss_correlator.cpp:37]   --->   Operation 196 'bitconcatenate' 'zext_ln37_1_cast' <Predicate = true> <Delay = 0.00>
ST_14 : Operation 197 [1/1] (0.00ns)   --->   "%zext_ln37_1 = zext i53 %zext_ln37_1_cast" [vivado/ip_repo/gnss_correlator/src/gnss_correlator.cpp:37]   --->   Operation 197 'zext' 'zext_ln37_1' <Predicate = true> <Delay = 0.00>
ST_14 : Operation 198 [1/1] (3.23ns)   --->   "%sub_ln37 = sub i54 0, i54 %zext_ln37_1" [vivado/ip_repo/gnss_correlator/src/gnss_correlator.cpp:37]   --->   Operation 198 'sub' 'sub_ln37' <Predicate = (tmp_4)> <Delay = 3.23> <CoreInst = "Adder">   --->   Core 1 'Adder' <Latency = 0> <II = 1> <Delay = 3.26> <FuncUnit> <Opcode : 'add' 'sub'> <InPorts = 2> <OutPorts = 1>
ST_14 : Operation 199 [1/1] (0.94ns)   --->   "%select_ln37 = select i1 %tmp_4, i54 %sub_ln37, i54 %zext_ln37_1" [vivado/ip_repo/gnss_correlator/src/gnss_correlator.cpp:37]   --->   Operation 199 'select' 'select_ln37' <Predicate = true> <Delay = 0.94> <CoreInst = "Sel">   --->   Core 73 'Sel' <Latency = 0> <II = 1> <Delay = 0.94> <FuncUnit> <Opcode : 'select'> <InPorts = 3> <OutPorts = 1>
ST_14 : Operation 200 [1/1] (3.49ns)   --->   "%icmp_ln37 = icmp_eq  i63 %trunc_ln37, i63 0" [vivado/ip_repo/gnss_correlator/src/gnss_correlator.cpp:37]   --->   Operation 200 'icmp' 'icmp_ln37' <Predicate = true> <Delay = 3.49> <CoreInst = "Cmp">   --->   Core 9 'Cmp' <Latency = 0> <II = 1> <Delay = 3.49> <FuncUnit> <Opcode : 'seteq' 'setne' 'setle' 'setge' 'setlt' 'setgt'> <InPorts = 2> <OutPorts = 1>
ST_14 : Operation 201 [1/1] (1.54ns)   --->   "%sub_ln37_1 = sub i12 1075, i12 %zext_ln37" [vivado/ip_repo/gnss_correlator/src/gnss_correlator.cpp:37]   --->   Operation 201 'sub' 'sub_ln37_1' <Predicate = true> <Delay = 1.54> <CoreInst = "Adder">   --->   Core 1 'Adder' <Latency = 0> <II = 1> <Delay = 1.54> <FuncUnit> <Opcode : 'add' 'sub'> <InPorts = 2> <OutPorts = 1>
ST_14 : Operation 202 [1/1] (0.00ns)   --->   "%trunc_ln37_2 = trunc i12 %sub_ln37_1" [vivado/ip_repo/gnss_correlator/src/gnss_correlator.cpp:37]   --->   Operation 202 'trunc' 'trunc_ln37_2' <Predicate = true> <Delay = 0.00>
ST_14 : Operation 203 [1/1] (1.54ns)   --->   "%icmp_ln37_1 = icmp_sgt  i12 %sub_ln37_1, i12 16" [vivado/ip_repo/gnss_correlator/src/gnss_correlator.cpp:37]   --->   Operation 203 'icmp' 'icmp_ln37_1' <Predicate = true> <Delay = 1.54> <CoreInst = "Cmp">   --->   Core 9 'Cmp' <Latency = 0> <II = 1> <Delay = 1.54> <FuncUnit> <Opcode : 'seteq' 'setne' 'setle' 'setge' 'setlt' 'setgt'> <InPorts = 2> <OutPorts = 1>
ST_14 : Operation 204 [1/1] (1.63ns)   --->   "%add_ln37_1 = add i11 %trunc_ln37_2, i11 2032" [vivado/ip_repo/gnss_correlator/src/gnss_correlator.cpp:37]   --->   Operation 204 'add' 'add_ln37_1' <Predicate = true> <Delay = 1.63> <CoreInst = "Adder">   --->   Core 1 'Adder' <Latency = 0> <II = 1> <Delay = 1.63> <FuncUnit> <Opcode : 'add' 'sub'> <InPorts = 2> <OutPorts = 1>
ST_14 : Operation 205 [1/1] (1.63ns)   --->   "%sub_ln37_2 = sub i11 16, i11 %trunc_ln37_2" [vivado/ip_repo/gnss_correlator/src/gnss_correlator.cpp:37]   --->   Operation 205 'sub' 'sub_ln37_2' <Predicate = true> <Delay = 1.63> <CoreInst = "Adder">   --->   Core 1 'Adder' <Latency = 0> <II = 1> <Delay = 1.63> <FuncUnit> <Opcode : 'add' 'sub'> <InPorts = 2> <OutPorts = 1>
ST_14 : Operation 206 [1/1] (0.69ns)   --->   "%select_ln37_1 = select i1 %icmp_ln37_1, i11 %add_ln37_1, i11 %sub_ln37_2" [vivado/ip_repo/gnss_correlator/src/gnss_correlator.cpp:37]   --->   Operation 206 'select' 'select_ln37_1' <Predicate = true> <Delay = 0.69> <CoreInst = "Sel">   --->   Core 73 'Sel' <Latency = 0> <II = 1> <Delay = 0.69> <FuncUnit> <Opcode : 'select'> <InPorts = 3> <OutPorts = 1>
ST_14 : Operation 207 [1/1] (1.54ns)   --->   "%icmp_ln37_2 = icmp_eq  i12 %sub_ln37_1, i12 16" [vivado/ip_repo/gnss_correlator/src/gnss_correlator.cpp:37]   --->   Operation 207 'icmp' 'icmp_ln37_2' <Predicate = true> <Delay = 1.54> <CoreInst = "Cmp">   --->   Core 9 'Cmp' <Latency = 0> <II = 1> <Delay = 1.54> <FuncUnit> <Opcode : 'seteq' 'setne' 'setle' 'setge' 'setlt' 'setgt'> <InPorts = 2> <OutPorts = 1>
ST_14 : Operation 208 [1/1] (0.00ns)   --->   "%trunc_ln37_3 = trunc i54 %select_ln37" [vivado/ip_repo/gnss_correlator/src/gnss_correlator.cpp:37]   --->   Operation 208 'trunc' 'trunc_ln37_3' <Predicate = true> <Delay = 0.00>

State 15 <SV = 14> <Delay = 5.60>
ST_15 : Operation 209 [1/1] (0.00ns) (grouped into LUT with out node and_ln34)   --->   "%xor_ln34 = xor i1 %icmp_ln34, i1 1" [vivado/ip_repo/gnss_correlator/src/gnss_correlator.cpp:34]   --->   Operation 209 'xor' 'xor_ln34' <Predicate = true> <Delay = 0.00> <CoreInst = "LogicGate">   --->   Core 74 'LogicGate' <Latency = 0> <II = 1> <Delay = 0.97> <FuncUnit> <Opcode : 'and' 'or' 'xor'> <InPorts = 2> <OutPorts = 1>
ST_15 : Operation 210 [1/1] (0.97ns) (out node of the LUT)   --->   "%and_ln34 = and i1 %icmp_ln34_2, i1 %xor_ln34" [vivado/ip_repo/gnss_correlator/src/gnss_correlator.cpp:34]   --->   Operation 210 'and' 'and_ln34' <Predicate = true> <Delay = 0.97> <CoreInst = "LogicGate">   --->   Core 74 'LogicGate' <Latency = 0> <II = 1> <Delay = 0.97> <FuncUnit> <Opcode : 'and' 'or' 'xor'> <InPorts = 2> <OutPorts = 1>
ST_15 : Operation 211 [1/1] (0.00ns) (grouped into LUT with out node and_ln34_1)   --->   "%or_ln34 = or i1 %icmp_ln34, i1 %icmp_ln34_2" [vivado/ip_repo/gnss_correlator/src/gnss_correlator.cpp:34]   --->   Operation 211 'or' 'or_ln34' <Predicate = true> <Delay = 0.00> <CoreInst = "LogicGate">   --->   Core 74 'LogicGate' <Latency = 0> <II = 1> <Delay = 0.97> <FuncUnit> <Opcode : 'and' 'or' 'xor'> <InPorts = 2> <OutPorts = 1>
ST_15 : Operation 212 [1/1] (0.00ns) (grouped into LUT with out node and_ln34_1)   --->   "%xor_ln34_1 = xor i1 %or_ln34, i1 1" [vivado/ip_repo/gnss_correlator/src/gnss_correlator.cpp:34]   --->   Operation 212 'xor' 'xor_ln34_1' <Predicate = true> <Delay = 0.00> <CoreInst = "LogicGate">   --->   Core 74 'LogicGate' <Latency = 0> <II = 1> <Delay = 0.97> <FuncUnit> <Opcode : 'and' 'or' 'xor'> <InPorts = 2> <OutPorts = 1>
ST_15 : Operation 213 [1/1] (0.97ns) (out node of the LUT)   --->   "%and_ln34_1 = and i1 %icmp_ln34_1, i1 %xor_ln34_1" [vivado/ip_repo/gnss_correlator/src/gnss_correlator.cpp:34]   --->   Operation 213 'and' 'and_ln34_1' <Predicate = true> <Delay = 0.97> <CoreInst = "LogicGate">   --->   Core 74 'LogicGate' <Latency = 0> <II = 1> <Delay = 0.97> <FuncUnit> <Opcode : 'and' 'or' 'xor'> <InPorts = 2> <OutPorts = 1>
ST_15 : Operation 214 [1/1] (0.00ns)   --->   "%sel_tmp6 = bitconcatenate i3 @_ssdm_op_BitConcatenate.i3.i1.i1.i1, i1 %icmp_ln34, i1 %and_ln34, i1 %and_ln34_1" [vivado/ip_repo/gnss_correlator/src/gnss_correlator.cpp:34]   --->   Operation 214 'bitconcatenate' 'sel_tmp6' <Predicate = true> <Delay = 0.00>
ST_15 : Operation 215 [1/1] (1.70ns)   --->   "%a = sparsemux i18 @_ssdm_op_SparseMux.ap_auto.4i18.i18.i3, i3 4, i18 0, i3 2, i18 %trunc_ln34_3, i3 1, i18 %select_ln34_2, i3 0, i18 %select_ln34_3, i18 0, i3 %sel_tmp6" [vivado/ip_repo/gnss_correlator/src/gnss_correlator.cpp:34]   --->   Operation 215 'sparsemux' 'a' <Predicate = true> <Delay = 1.70> <CoreInst = "OneHotSparseMux_HasDef">   --->   Core 140 'OneHotSparseMux_HasDef' <Latency = 0> <II = 1> <Delay = 1.70> <FuncUnit> <Opcode : 'sparsemux'> <InPorts = 2> <OutPorts = 1>
ST_15 : Operation 216 [1/1] (1.63ns)   --->   "%icmp_ln35_3 = icmp_ult  i11 %select_ln35_1, i11 54" [vivado/ip_repo/gnss_correlator/src/gnss_correlator.cpp:35]   --->   Operation 216 'icmp' 'icmp_ln35_3' <Predicate = true> <Delay = 1.63> <CoreInst = "Cmp">   --->   Core 9 'Cmp' <Latency = 0> <II = 1> <Delay = 1.63> <FuncUnit> <Opcode : 'seteq' 'setne' 'setle' 'setge' 'setlt' 'setgt'> <InPorts = 2> <OutPorts = 1>
ST_15 : Operation 217 [1/1] (0.00ns) (grouped into LUT with out node select_ln35_2)   --->   "%select_ln35_4 = select i1 %tmp_2, i18 262143, i18 0" [vivado/ip_repo/gnss_correlator/src/gnss_correlator.cpp:35]   --->   Operation 217 'select' 'select_ln35_4' <Predicate = true> <Delay = 0.00> <CoreInst = "Sel">   --->   Core 73 'Sel' <Latency = 0> <II = 1> <Delay = 0.99> <FuncUnit> <Opcode : 'select'> <InPorts = 3> <OutPorts = 1>
ST_15 : Operation 218 [1/1] (0.00ns)   --->   "%zext_ln35_2 = zext i11 %select_ln35_1" [vivado/ip_repo/gnss_correlator/src/gnss_correlator.cpp:35]   --->   Operation 218 'zext' 'zext_ln35_2' <Predicate = true> <Delay = 0.00>
ST_15 : Operation 219 [1/1] (4.61ns)   --->   "%ashr_ln35 = ashr i54 %select_ln35, i54 %zext_ln35_2" [vivado/ip_repo/gnss_correlator/src/gnss_correlator.cpp:35]   --->   Operation 219 'ashr' 'ashr_ln35' <Predicate = true> <Delay = 4.61> <CoreInst = "Shifter">   --->   Core 75 'Shifter' <Latency = 0> <II = 1> <Delay = 4.61> <FuncUnit> <Opcode : 'shl' 'lshr' 'ashr'> <InPorts = 2> <OutPorts = 1>
ST_15 : Operation 220 [1/1] (0.00ns) (grouped into LUT with out node select_ln35_2)   --->   "%trunc_ln35_4 = trunc i54 %ashr_ln35" [vivado/ip_repo/gnss_correlator/src/gnss_correlator.cpp:35]   --->   Operation 220 'trunc' 'trunc_ln35_4' <Predicate = true> <Delay = 0.00>
ST_15 : Operation 221 [1/1] (0.99ns) (out node of the LUT)   --->   "%select_ln35_2 = select i1 %icmp_ln35_3, i18 %trunc_ln35_4, i18 %select_ln35_4" [vivado/ip_repo/gnss_correlator/src/gnss_correlator.cpp:35]   --->   Operation 221 'select' 'select_ln35_2' <Predicate = true> <Delay = 0.99> <CoreInst = "Sel">   --->   Core 73 'Sel' <Latency = 0> <II = 1> <Delay = 0.75> <FuncUnit> <Opcode : 'select'> <InPorts = 3> <OutPorts = 1>
ST_15 : Operation 222 [1/1] (1.63ns)   --->   "%icmp_ln35_4 = icmp_ult  i11 %select_ln35_1, i11 18" [vivado/ip_repo/gnss_correlator/src/gnss_correlator.cpp:35]   --->   Operation 222 'icmp' 'icmp_ln35_4' <Predicate = true> <Delay = 1.63> <CoreInst = "Cmp">   --->   Core 9 'Cmp' <Latency = 0> <II = 1> <Delay = 1.63> <FuncUnit> <Opcode : 'seteq' 'setne' 'setle' 'setge' 'setlt' 'setgt'> <InPorts = 2> <OutPorts = 1>
ST_15 : Operation 223 [1/1] (0.00ns)   --->   "%select_ln35_1cast = zext i11 %select_ln35_1" [vivado/ip_repo/gnss_correlator/src/gnss_correlator.cpp:35]   --->   Operation 223 'zext' 'select_ln35_1cast' <Predicate = true> <Delay = 0.00>
ST_15 : Operation 224 [1/1] (4.04ns)   --->   "%shl_ln35 = shl i18 %trunc_ln35_3, i18 %select_ln35_1cast" [vivado/ip_repo/gnss_correlator/src/gnss_correlator.cpp:35]   --->   Operation 224 'shl' 'shl_ln35' <Predicate = true> <Delay = 4.04> <CoreInst = "Shifter">   --->   Core 75 'Shifter' <Latency = 0> <II = 1> <Delay = 4.04> <FuncUnit> <Opcode : 'shl' 'lshr' 'ashr'> <InPorts = 2> <OutPorts = 1>
ST_15 : Operation 225 [1/1] (0.75ns)   --->   "%select_ln35_3 = select i1 %icmp_ln35_4, i18 %shl_ln35, i18 0" [vivado/ip_repo/gnss_correlator/src/gnss_correlator.cpp:35]   --->   Operation 225 'select' 'select_ln35_3' <Predicate = true> <Delay = 0.75> <CoreInst = "Sel">   --->   Core 73 'Sel' <Latency = 0> <II = 1> <Delay = 0.75> <FuncUnit> <Opcode : 'select'> <InPorts = 3> <OutPorts = 1>
ST_15 : Operation 226 [1/1] (0.00ns) (grouped into LUT with out node and_ln36)   --->   "%xor_ln36 = xor i1 %icmp_ln36, i1 1" [vivado/ip_repo/gnss_correlator/src/gnss_correlator.cpp:36]   --->   Operation 226 'xor' 'xor_ln36' <Predicate = true> <Delay = 0.00> <CoreInst = "LogicGate">   --->   Core 74 'LogicGate' <Latency = 0> <II = 1> <Delay = 0.97> <FuncUnit> <Opcode : 'and' 'or' 'xor'> <InPorts = 2> <OutPorts = 1>
ST_15 : Operation 227 [1/1] (0.97ns) (out node of the LUT)   --->   "%and_ln36 = and i1 %icmp_ln36_2, i1 %xor_ln36" [vivado/ip_repo/gnss_correlator/src/gnss_correlator.cpp:36]   --->   Operation 227 'and' 'and_ln36' <Predicate = true> <Delay = 0.97> <CoreInst = "LogicGate">   --->   Core 74 'LogicGate' <Latency = 0> <II = 1> <Delay = 0.97> <FuncUnit> <Opcode : 'and' 'or' 'xor'> <InPorts = 2> <OutPorts = 1>
ST_15 : Operation 228 [1/1] (0.00ns) (grouped into LUT with out node and_ln36_1)   --->   "%or_ln36 = or i1 %icmp_ln36, i1 %icmp_ln36_2" [vivado/ip_repo/gnss_correlator/src/gnss_correlator.cpp:36]   --->   Operation 228 'or' 'or_ln36' <Predicate = true> <Delay = 0.00> <CoreInst = "LogicGate">   --->   Core 74 'LogicGate' <Latency = 0> <II = 1> <Delay = 0.97> <FuncUnit> <Opcode : 'and' 'or' 'xor'> <InPorts = 2> <OutPorts = 1>
ST_15 : Operation 229 [1/1] (0.00ns) (grouped into LUT with out node and_ln36_1)   --->   "%xor_ln36_1 = xor i1 %or_ln36, i1 1" [vivado/ip_repo/gnss_correlator/src/gnss_correlator.cpp:36]   --->   Operation 229 'xor' 'xor_ln36_1' <Predicate = true> <Delay = 0.00> <CoreInst = "LogicGate">   --->   Core 74 'LogicGate' <Latency = 0> <II = 1> <Delay = 0.97> <FuncUnit> <Opcode : 'and' 'or' 'xor'> <InPorts = 2> <OutPorts = 1>
ST_15 : Operation 230 [1/1] (0.97ns) (out node of the LUT)   --->   "%and_ln36_1 = and i1 %icmp_ln36_1, i1 %xor_ln36_1" [vivado/ip_repo/gnss_correlator/src/gnss_correlator.cpp:36]   --->   Operation 230 'and' 'and_ln36_1' <Predicate = true> <Delay = 0.97> <CoreInst = "LogicGate">   --->   Core 74 'LogicGate' <Latency = 0> <II = 1> <Delay = 0.97> <FuncUnit> <Opcode : 'and' 'or' 'xor'> <InPorts = 2> <OutPorts = 1>
ST_15 : Operation 231 [1/1] (0.00ns)   --->   "%sel_tmp1 = bitconcatenate i3 @_ssdm_op_BitConcatenate.i3.i1.i1.i1, i1 %icmp_ln36, i1 %and_ln36, i1 %and_ln36_1" [vivado/ip_repo/gnss_correlator/src/gnss_correlator.cpp:36]   --->   Operation 231 'bitconcatenate' 'sel_tmp1' <Predicate = true> <Delay = 0.00>
ST_15 : Operation 232 [1/1] (1.70ns)   --->   "%c = sparsemux i18 @_ssdm_op_SparseMux.ap_auto.4i18.i18.i3, i3 4, i18 0, i3 2, i18 %trunc_ln36_3, i3 1, i18 %select_ln36_2, i3 0, i18 %select_ln36_3, i18 0, i3 %sel_tmp1" [vivado/ip_repo/gnss_correlator/src/gnss_correlator.cpp:36]   --->   Operation 232 'sparsemux' 'c' <Predicate = true> <Delay = 1.70> <CoreInst = "OneHotSparseMux_HasDef">   --->   Core 140 'OneHotSparseMux_HasDef' <Latency = 0> <II = 1> <Delay = 1.70> <FuncUnit> <Opcode : 'sparsemux'> <InPorts = 2> <OutPorts = 1>
ST_15 : Operation 233 [1/1] (1.63ns)   --->   "%icmp_ln37_3 = icmp_ult  i11 %select_ln37_1, i11 54" [vivado/ip_repo/gnss_correlator/src/gnss_correlator.cpp:37]   --->   Operation 233 'icmp' 'icmp_ln37_3' <Predicate = true> <Delay = 1.63> <CoreInst = "Cmp">   --->   Core 9 'Cmp' <Latency = 0> <II = 1> <Delay = 1.63> <FuncUnit> <Opcode : 'seteq' 'setne' 'setle' 'setge' 'setlt' 'setgt'> <InPorts = 2> <OutPorts = 1>
ST_15 : Operation 234 [1/1] (0.00ns) (grouped into LUT with out node select_ln37_2)   --->   "%select_ln37_4 = select i1 %tmp_4, i18 262143, i18 0" [vivado/ip_repo/gnss_correlator/src/gnss_correlator.cpp:37]   --->   Operation 234 'select' 'select_ln37_4' <Predicate = true> <Delay = 0.00> <CoreInst = "Sel">   --->   Core 73 'Sel' <Latency = 0> <II = 1> <Delay = 0.99> <FuncUnit> <Opcode : 'select'> <InPorts = 3> <OutPorts = 1>
ST_15 : Operation 235 [1/1] (0.00ns)   --->   "%zext_ln37_2 = zext i11 %select_ln37_1" [vivado/ip_repo/gnss_correlator/src/gnss_correlator.cpp:37]   --->   Operation 235 'zext' 'zext_ln37_2' <Predicate = true> <Delay = 0.00>
ST_15 : Operation 236 [1/1] (4.61ns)   --->   "%ashr_ln37 = ashr i54 %select_ln37, i54 %zext_ln37_2" [vivado/ip_repo/gnss_correlator/src/gnss_correlator.cpp:37]   --->   Operation 236 'ashr' 'ashr_ln37' <Predicate = true> <Delay = 4.61> <CoreInst = "Shifter">   --->   Core 75 'Shifter' <Latency = 0> <II = 1> <Delay = 4.61> <FuncUnit> <Opcode : 'shl' 'lshr' 'ashr'> <InPorts = 2> <OutPorts = 1>
ST_15 : Operation 237 [1/1] (0.00ns) (grouped into LUT with out node select_ln37_2)   --->   "%trunc_ln37_4 = trunc i54 %ashr_ln37" [vivado/ip_repo/gnss_correlator/src/gnss_correlator.cpp:37]   --->   Operation 237 'trunc' 'trunc_ln37_4' <Predicate = true> <Delay = 0.00>
ST_15 : Operation 238 [1/1] (0.99ns) (out node of the LUT)   --->   "%select_ln37_2 = select i1 %icmp_ln37_3, i18 %trunc_ln37_4, i18 %select_ln37_4" [vivado/ip_repo/gnss_correlator/src/gnss_correlator.cpp:37]   --->   Operation 238 'select' 'select_ln37_2' <Predicate = true> <Delay = 0.99> <CoreInst = "Sel">   --->   Core 73 'Sel' <Latency = 0> <II = 1> <Delay = 0.75> <FuncUnit> <Opcode : 'select'> <InPorts = 3> <OutPorts = 1>
ST_15 : Operation 239 [1/1] (1.63ns)   --->   "%icmp_ln37_4 = icmp_ult  i11 %select_ln37_1, i11 18" [vivado/ip_repo/gnss_correlator/src/gnss_correlator.cpp:37]   --->   Operation 239 'icmp' 'icmp_ln37_4' <Predicate = true> <Delay = 1.63> <CoreInst = "Cmp">   --->   Core 9 'Cmp' <Latency = 0> <II = 1> <Delay = 1.63> <FuncUnit> <Opcode : 'seteq' 'setne' 'setle' 'setge' 'setlt' 'setgt'> <InPorts = 2> <OutPorts = 1>
ST_15 : Operation 240 [1/1] (0.00ns)   --->   "%select_ln37_1cast = zext i11 %select_ln37_1" [vivado/ip_repo/gnss_correlator/src/gnss_correlator.cpp:37]   --->   Operation 240 'zext' 'select_ln37_1cast' <Predicate = true> <Delay = 0.00>
ST_15 : Operation 241 [1/1] (4.04ns)   --->   "%shl_ln37 = shl i18 %trunc_ln37_3, i18 %select_ln37_1cast" [vivado/ip_repo/gnss_correlator/src/gnss_correlator.cpp:37]   --->   Operation 241 'shl' 'shl_ln37' <Predicate = true> <Delay = 4.04> <CoreInst = "Shifter">   --->   Core 75 'Shifter' <Latency = 0> <II = 1> <Delay = 4.04> <FuncUnit> <Opcode : 'shl' 'lshr' 'ashr'> <InPorts = 2> <OutPorts = 1>
ST_15 : Operation 242 [1/1] (0.75ns)   --->   "%select_ln37_3 = select i1 %icmp_ln37_4, i18 %shl_ln37, i18 0" [vivado/ip_repo/gnss_correlator/src/gnss_correlator.cpp:37]   --->   Operation 242 'select' 'select_ln37_3' <Predicate = true> <Delay = 0.75> <CoreInst = "Sel">   --->   Core 73 'Sel' <Latency = 0> <II = 1> <Delay = 0.75> <FuncUnit> <Opcode : 'select'> <InPorts = 3> <OutPorts = 1>

State 16 <SV = 15> <Delay = 5.59>
ST_16 : Operation 243 [1/1] (0.00ns) (grouped into LUT with out node and_ln35)   --->   "%xor_ln35 = xor i1 %icmp_ln35, i1 1" [vivado/ip_repo/gnss_correlator/src/gnss_correlator.cpp:35]   --->   Operation 243 'xor' 'xor_ln35' <Predicate = true> <Delay = 0.00> <CoreInst = "LogicGate">   --->   Core 74 'LogicGate' <Latency = 0> <II = 1> <Delay = 0.97> <FuncUnit> <Opcode : 'and' 'or' 'xor'> <InPorts = 2> <OutPorts = 1>
ST_16 : Operation 244 [1/1] (0.97ns) (out node of the LUT)   --->   "%and_ln35 = and i1 %icmp_ln35_2, i1 %xor_ln35" [vivado/ip_repo/gnss_correlator/src/gnss_correlator.cpp:35]   --->   Operation 244 'and' 'and_ln35' <Predicate = true> <Delay = 0.97> <CoreInst = "LogicGate">   --->   Core 74 'LogicGate' <Latency = 0> <II = 1> <Delay = 0.97> <FuncUnit> <Opcode : 'and' 'or' 'xor'> <InPorts = 2> <OutPorts = 1>
ST_16 : Operation 245 [1/1] (0.00ns)   --->   "%sel_tmp = bitconcatenate i3 @_ssdm_op_BitConcatenate.i3.i1.i1.i1, i1 %icmp_ln35, i1 %and_ln35, i1 %and_ln35_1" [vivado/ip_repo/gnss_correlator/src/gnss_correlator.cpp:35]   --->   Operation 245 'bitconcatenate' 'sel_tmp' <Predicate = true> <Delay = 0.00>
ST_16 : Operation 246 [1/1] (1.70ns)   --->   "%b = sparsemux i18 @_ssdm_op_SparseMux.ap_auto.4i18.i18.i3, i3 4, i18 0, i3 2, i18 %trunc_ln35_3, i3 1, i18 %select_ln35_2, i3 0, i18 %select_ln35_3, i18 0, i3 %sel_tmp" [vivado/ip_repo/gnss_correlator/src/gnss_correlator.cpp:35]   --->   Operation 246 'sparsemux' 'b' <Predicate = true> <Delay = 1.70> <CoreInst = "OneHotSparseMux_HasDef">   --->   Core 140 'OneHotSparseMux_HasDef' <Latency = 0> <II = 1> <Delay = 1.70> <FuncUnit> <Opcode : 'sparsemux'> <InPorts = 2> <OutPorts = 1>
ST_16 : Operation 247 [1/1] (0.00ns) (grouped into LUT with out node and_ln37)   --->   "%xor_ln37 = xor i1 %icmp_ln37, i1 1" [vivado/ip_repo/gnss_correlator/src/gnss_correlator.cpp:37]   --->   Operation 247 'xor' 'xor_ln37' <Predicate = true> <Delay = 0.00> <CoreInst = "LogicGate">   --->   Core 74 'LogicGate' <Latency = 0> <II = 1> <Delay = 0.97> <FuncUnit> <Opcode : 'and' 'or' 'xor'> <InPorts = 2> <OutPorts = 1>
ST_16 : Operation 248 [1/1] (0.97ns) (out node of the LUT)   --->   "%and_ln37 = and i1 %icmp_ln37_2, i1 %xor_ln37" [vivado/ip_repo/gnss_correlator/src/gnss_correlator.cpp:37]   --->   Operation 248 'and' 'and_ln37' <Predicate = true> <Delay = 0.97> <CoreInst = "LogicGate">   --->   Core 74 'LogicGate' <Latency = 0> <II = 1> <Delay = 0.97> <FuncUnit> <Opcode : 'and' 'or' 'xor'> <InPorts = 2> <OutPorts = 1>
ST_16 : Operation 249 [1/1] (0.00ns) (grouped into LUT with out node and_ln37_1)   --->   "%or_ln37 = or i1 %icmp_ln37, i1 %icmp_ln37_2" [vivado/ip_repo/gnss_correlator/src/gnss_correlator.cpp:37]   --->   Operation 249 'or' 'or_ln37' <Predicate = true> <Delay = 0.00> <CoreInst = "LogicGate">   --->   Core 74 'LogicGate' <Latency = 0> <II = 1> <Delay = 0.97> <FuncUnit> <Opcode : 'and' 'or' 'xor'> <InPorts = 2> <OutPorts = 1>
ST_16 : Operation 250 [1/1] (0.00ns) (grouped into LUT with out node and_ln37_1)   --->   "%xor_ln37_1 = xor i1 %or_ln37, i1 1" [vivado/ip_repo/gnss_correlator/src/gnss_correlator.cpp:37]   --->   Operation 250 'xor' 'xor_ln37_1' <Predicate = true> <Delay = 0.00> <CoreInst = "LogicGate">   --->   Core 74 'LogicGate' <Latency = 0> <II = 1> <Delay = 0.97> <FuncUnit> <Opcode : 'and' 'or' 'xor'> <InPorts = 2> <OutPorts = 1>
ST_16 : Operation 251 [1/1] (0.97ns) (out node of the LUT)   --->   "%and_ln37_1 = and i1 %icmp_ln37_1, i1 %xor_ln37_1" [vivado/ip_repo/gnss_correlator/src/gnss_correlator.cpp:37]   --->   Operation 251 'and' 'and_ln37_1' <Predicate = true> <Delay = 0.97> <CoreInst = "LogicGate">   --->   Core 74 'LogicGate' <Latency = 0> <II = 1> <Delay = 0.97> <FuncUnit> <Opcode : 'and' 'or' 'xor'> <InPorts = 2> <OutPorts = 1>
ST_16 : Operation 252 [1/1] (0.00ns)   --->   "%sel_tmp2 = bitconcatenate i3 @_ssdm_op_BitConcatenate.i3.i1.i1.i1, i1 %icmp_ln37, i1 %and_ln37, i1 %and_ln37_1" [vivado/ip_repo/gnss_correlator/src/gnss_correlator.cpp:37]   --->   Operation 252 'bitconcatenate' 'sel_tmp2' <Predicate = true> <Delay = 0.00>
ST_16 : Operation 253 [1/1] (1.70ns)   --->   "%d = sparsemux i18 @_ssdm_op_SparseMux.ap_auto.4i18.i18.i3, i3 4, i18 0, i3 2, i18 %trunc_ln37_3, i3 1, i18 %select_ln37_2, i3 0, i18 %select_ln37_3, i18 0, i3 %sel_tmp2" [vivado/ip_repo/gnss_correlator/src/gnss_correlator.cpp:37]   --->   Operation 253 'sparsemux' 'd' <Predicate = true> <Delay = 1.70> <CoreInst = "OneHotSparseMux_HasDef">   --->   Core 140 'OneHotSparseMux_HasDef' <Latency = 0> <II = 1> <Delay = 1.70> <FuncUnit> <Opcode : 'sparsemux'> <InPorts = 2> <OutPorts = 1>
ST_16 : Operation 254 [1/1] (0.00ns)   --->   "%sext_ln40 = sext i18 %c" [vivado/ip_repo/gnss_correlator/src/gnss_correlator.cpp:40]   --->   Operation 254 'sext' 'sext_ln40' <Predicate = true> <Delay = 0.00>
ST_16 : Operation 255 [1/1] (0.00ns)   --->   "%sext_ln40_1 = sext i18 %a" [vivado/ip_repo/gnss_correlator/src/gnss_correlator.cpp:40]   --->   Operation 255 'sext' 'sext_ln40_1' <Predicate = true> <Delay = 0.00>
ST_16 : Operation 256 [1/1] (0.00ns)   --->   "%sext_ln40_2 = sext i18 %d" [vivado/ip_repo/gnss_correlator/src/gnss_correlator.cpp:40]   --->   Operation 256 'sext' 'sext_ln40_2' <Predicate = true> <Delay = 0.00>
ST_16 : Operation 257 [1/1] (0.00ns)   --->   "%sext_ln40_3 = sext i18 %b" [vivado/ip_repo/gnss_correlator/src/gnss_correlator.cpp:40]   --->   Operation 257 'sext' 'sext_ln40_3' <Predicate = true> <Delay = 0.00>
ST_16 : Operation 258 [1/1] (5.59ns)   --->   "%mul_ln40 = mul i34 %sext_ln40, i34 %sext_ln40_1" [vivado/ip_repo/gnss_correlator/src/gnss_correlator.cpp:40]   --->   Operation 258 'mul' 'mul_ln40' <Predicate = true> <Delay = 5.59> <CoreInst = "Multiplier">   --->   Core 3 'Multiplier' <Latency = 0> <II = 1> <Delay = 5.59> <FuncUnit> <Opcode : 'mul'> <InPorts = 2> <OutPorts = 1>
ST_16 : Operation 259 [3/3] (1.05ns) (grouped into DSP with root node sub_ln40)   --->   "%mul_ln40_1 = mul i34 %sext_ln40_2, i34 %sext_ln40_3" [vivado/ip_repo/gnss_correlator/src/gnss_correlator.cpp:40]   --->   Operation 259 'mul' 'mul_ln40_1' <Predicate = true> <Delay = 1.05> <CoreInst = "DSP48">   --->   Core 116 'DSP48' <Latency = 3> <II = 1> <Delay = 2.15> <IPBlock> <Opcode : 'add' 'sub' 'mul' 'select'> <InPorts = 0> <OutPorts = 1> <Sync> <CReg>

State 17 <SV = 16> <Delay = 5.59>
ST_17 : Operation 260 [2/3] (1.05ns) (grouped into DSP with root node sub_ln40)   --->   "%mul_ln40_1 = mul i34 %sext_ln40_2, i34 %sext_ln40_3" [vivado/ip_repo/gnss_correlator/src/gnss_correlator.cpp:40]   --->   Operation 260 'mul' 'mul_ln40_1' <Predicate = true> <Delay = 1.05> <CoreInst = "DSP48">   --->   Core 116 'DSP48' <Latency = 3> <II = 1> <Delay = 2.15> <IPBlock> <Opcode : 'add' 'sub' 'mul' 'select'> <InPorts = 0> <OutPorts = 1> <Sync> <CReg>
ST_17 : Operation 261 [1/1] (5.59ns)   --->   "%mul_ln41 = mul i34 %sext_ln40_2, i34 %sext_ln40_1" [vivado/ip_repo/gnss_correlator/src/gnss_correlator.cpp:41]   --->   Operation 261 'mul' 'mul_ln41' <Predicate = true> <Delay = 5.59> <CoreInst = "Multiplier">   --->   Core 3 'Multiplier' <Latency = 0> <II = 1> <Delay = 5.59> <FuncUnit> <Opcode : 'mul'> <InPorts = 2> <OutPorts = 1>
ST_17 : Operation 262 [3/3] (1.05ns) (grouped into DSP with root node add_ln41)   --->   "%mul_ln41_1 = mul i34 %sext_ln40, i34 %sext_ln40_3" [vivado/ip_repo/gnss_correlator/src/gnss_correlator.cpp:41]   --->   Operation 262 'mul' 'mul_ln41_1' <Predicate = true> <Delay = 1.05> <CoreInst = "DSP48">   --->   Core 116 'DSP48' <Latency = 3> <II = 1> <Delay = 2.15> <IPBlock> <Opcode : 'add' 'sub' 'mul' 'select'> <InPorts = 0> <OutPorts = 1> <Sync> <CReg>

State 18 <SV = 17> <Delay = 2.10>
ST_18 : Operation 263 [1/3] (0.00ns) (grouped into DSP with root node sub_ln40)   --->   "%mul_ln40_1 = mul i34 %sext_ln40_2, i34 %sext_ln40_3" [vivado/ip_repo/gnss_correlator/src/gnss_correlator.cpp:40]   --->   Operation 263 'mul' 'mul_ln40_1' <Predicate = true> <Delay = 0.00> <CoreInst = "DSP48">   --->   Core 116 'DSP48' <Latency = 3> <II = 1> <Delay = 2.15> <IPBlock> <Opcode : 'add' 'sub' 'mul' 'select'> <InPorts = 0> <OutPorts = 1> <Sync> <CReg>
ST_18 : Operation 264 [2/2] (2.10ns) (root node of the DSP)   --->   "%sub_ln40 = sub i34 %mul_ln40, i34 %mul_ln40_1" [vivado/ip_repo/gnss_correlator/src/gnss_correlator.cpp:40]   --->   Operation 264 'sub' 'sub_ln40' <Predicate = true> <Delay = 2.10> <CoreInst = "DSP48">   --->   Core 116 'DSP48' <Latency = 3> <II = 1> <Delay = 2.15> <IPBlock> <Opcode : 'add' 'sub' 'mul' 'select'> <InPorts = 0> <OutPorts = 1> <Sync> <CReg>
ST_18 : Operation 265 [2/3] (1.05ns) (grouped into DSP with root node add_ln41)   --->   "%mul_ln41_1 = mul i34 %sext_ln40, i34 %sext_ln40_3" [vivado/ip_repo/gnss_correlator/src/gnss_correlator.cpp:41]   --->   Operation 265 'mul' 'mul_ln41_1' <Predicate = true> <Delay = 1.05> <CoreInst = "DSP48">   --->   Core 116 'DSP48' <Latency = 3> <II = 1> <Delay = 2.15> <IPBlock> <Opcode : 'add' 'sub' 'mul' 'select'> <InPorts = 0> <OutPorts = 1> <Sync> <CReg>
ST_18 : Operation 283 [1/1] (0.00ns)   --->   "%acc_I_load = load i18 %acc_I"   --->   Operation 283 'load' 'acc_I_load' <Predicate = (!icmp_ln30)> <Delay = 0.00>
ST_18 : Operation 284 [1/1] (0.00ns)   --->   "%acc_Q_load = load i18 %acc_Q"   --->   Operation 284 'load' 'acc_Q_load' <Predicate = (!icmp_ln30)> <Delay = 0.00>
ST_18 : Operation 285 [1/1] (0.00ns)   --->   "%write_ln0 = write void @_ssdm_op_Write.ap_auto.i18P0A, i18 %acc_Q_out, i18 %acc_Q_load"   --->   Operation 285 'write' 'write_ln0' <Predicate = (!icmp_ln30)> <Delay = 0.00>
ST_18 : Operation 286 [1/1] (0.00ns)   --->   "%write_ln0 = write void @_ssdm_op_Write.ap_auto.i18P0A, i18 %acc_I_out, i18 %acc_I_load"   --->   Operation 286 'write' 'write_ln0' <Predicate = (!icmp_ln30)> <Delay = 0.00>
ST_18 : Operation 287 [1/1] (1.58ns)   --->   "%ret_ln0 = ret"   --->   Operation 287 'ret' 'ret_ln0' <Predicate = (!icmp_ln30)> <Delay = 1.58>

State 19 <SV = 18> <Delay = 6.32>
ST_19 : Operation 266 [1/1] (0.00ns)   --->   "%acc_I_load_1 = load i18 %acc_I" [vivado/ip_repo/gnss_correlator/src/gnss_correlator.cpp:40]   --->   Operation 266 'load' 'acc_I_load_1' <Predicate = true> <Delay = 0.00>
ST_19 : Operation 267 [1/2] (2.10ns) (root node of the DSP)   --->   "%sub_ln40 = sub i34 %mul_ln40, i34 %mul_ln40_1" [vivado/ip_repo/gnss_correlator/src/gnss_correlator.cpp:40]   --->   Operation 267 'sub' 'sub_ln40' <Predicate = true> <Delay = 2.10> <CoreInst = "DSP48">   --->   Core 116 'DSP48' <Latency = 3> <II = 1> <Delay = 2.15> <IPBlock> <Opcode : 'add' 'sub' 'mul' 'select'> <InPorts = 0> <OutPorts = 1> <Sync> <CReg>
ST_19 : Operation 268 [1/1] (0.00ns)   --->   "%shl_ln = bitconcatenate i34 @_ssdm_op_BitConcatenate.i34.i18.i16, i18 %acc_I_load_1, i16 0" [vivado/ip_repo/gnss_correlator/src/gnss_correlator.cpp:40]   --->   Operation 268 'bitconcatenate' 'shl_ln' <Predicate = true> <Delay = 0.00>
ST_19 : Operation 269 [1/1] (2.63ns)   --->   "%add_ln40 = add i34 %shl_ln, i34 %sub_ln40" [vivado/ip_repo/gnss_correlator/src/gnss_correlator.cpp:40]   --->   Operation 269 'add' 'add_ln40' <Predicate = true> <Delay = 2.63> <CoreInst = "Adder">   --->   Core 1 'Adder' <Latency = 0> <II = 1> <Delay = 2.63> <FuncUnit> <Opcode : 'add' 'sub'> <InPorts = 2> <OutPorts = 1>
ST_19 : Operation 270 [1/1] (0.00ns)   --->   "%acc_I_1 = partselect i18 @_ssdm_op_PartSelect.i18.i34.i32.i32, i34 %add_ln40, i32 16, i32 33" [vivado/ip_repo/gnss_correlator/src/gnss_correlator.cpp:40]   --->   Operation 270 'partselect' 'acc_I_1' <Predicate = true> <Delay = 0.00>
ST_19 : Operation 271 [1/3] (0.00ns) (grouped into DSP with root node add_ln41)   --->   "%mul_ln41_1 = mul i34 %sext_ln40, i34 %sext_ln40_3" [vivado/ip_repo/gnss_correlator/src/gnss_correlator.cpp:41]   --->   Operation 271 'mul' 'mul_ln41_1' <Predicate = true> <Delay = 0.00> <CoreInst = "DSP48">   --->   Core 116 'DSP48' <Latency = 3> <II = 1> <Delay = 2.15> <IPBlock> <Opcode : 'add' 'sub' 'mul' 'select'> <InPorts = 0> <OutPorts = 1> <Sync> <CReg>
ST_19 : Operation 272 [2/2] (2.10ns) (root node of the DSP)   --->   "%add_ln41 = add i34 %mul_ln41, i34 %mul_ln41_1" [vivado/ip_repo/gnss_correlator/src/gnss_correlator.cpp:41]   --->   Operation 272 'add' 'add_ln41' <Predicate = true> <Delay = 2.10> <CoreInst = "DSP48">   --->   Core 116 'DSP48' <Latency = 3> <II = 1> <Delay = 2.15> <IPBlock> <Opcode : 'add' 'sub' 'mul' 'select'> <InPorts = 0> <OutPorts = 1> <Sync> <CReg>
ST_19 : Operation 273 [1/1] (1.58ns)   --->   "%store_ln27 = store i18 %acc_I_1, i18 %acc_I" [vivado/ip_repo/gnss_correlator/src/gnss_correlator.cpp:27]   --->   Operation 273 'store' 'store_ln27' <Predicate = true> <Delay = 1.58>

State 20 <SV = 19> <Delay = 6.32>
ST_20 : Operation 274 [1/1] (0.00ns)   --->   "%acc_Q_load_1 = load i18 %acc_Q" [vivado/ip_repo/gnss_correlator/src/gnss_correlator.cpp:41]   --->   Operation 274 'load' 'acc_Q_load_1' <Predicate = true> <Delay = 0.00>
ST_20 : Operation 275 [1/1] (0.00ns)   --->   "%specpipeline_ln31 = specpipeline void @_ssdm_op_SpecPipeline, i32 1, i32 0, i32 0, i32 0, i32 4294967295, void @empty_5" [vivado/ip_repo/gnss_correlator/src/gnss_correlator.cpp:31]   --->   Operation 275 'specpipeline' 'specpipeline_ln31' <Predicate = true> <Delay = 0.00>
ST_20 : Operation 276 [1/1] (0.00ns)   --->   "%specloopname_ln30 = specloopname void @_ssdm_op_SpecLoopName, void @empty_11" [vivado/ip_repo/gnss_correlator/src/gnss_correlator.cpp:30]   --->   Operation 276 'specloopname' 'specloopname_ln30' <Predicate = true> <Delay = 0.00>
ST_20 : Operation 277 [1/2] (2.10ns) (root node of the DSP)   --->   "%add_ln41 = add i34 %mul_ln41, i34 %mul_ln41_1" [vivado/ip_repo/gnss_correlator/src/gnss_correlator.cpp:41]   --->   Operation 277 'add' 'add_ln41' <Predicate = true> <Delay = 2.10> <CoreInst = "DSP48">   --->   Core 116 'DSP48' <Latency = 3> <II = 1> <Delay = 2.15> <IPBlock> <Opcode : 'add' 'sub' 'mul' 'select'> <InPorts = 0> <OutPorts = 1> <Sync> <CReg>
ST_20 : Operation 278 [1/1] (0.00ns)   --->   "%shl_ln1 = bitconcatenate i34 @_ssdm_op_BitConcatenate.i34.i18.i16, i18 %acc_Q_load_1, i16 0" [vivado/ip_repo/gnss_correlator/src/gnss_correlator.cpp:41]   --->   Operation 278 'bitconcatenate' 'shl_ln1' <Predicate = true> <Delay = 0.00>
ST_20 : Operation 279 [1/1] (2.63ns)   --->   "%add_ln41_1 = add i34 %shl_ln1, i34 %add_ln41" [vivado/ip_repo/gnss_correlator/src/gnss_correlator.cpp:41]   --->   Operation 279 'add' 'add_ln41_1' <Predicate = true> <Delay = 2.63> <CoreInst = "Adder">   --->   Core 1 'Adder' <Latency = 0> <II = 1> <Delay = 2.63> <FuncUnit> <Opcode : 'add' 'sub'> <InPorts = 2> <OutPorts = 1>
ST_20 : Operation 280 [1/1] (0.00ns)   --->   "%acc_Q_1 = partselect i18 @_ssdm_op_PartSelect.i18.i34.i32.i32, i34 %add_ln41_1, i32 16, i32 33" [vivado/ip_repo/gnss_correlator/src/gnss_correlator.cpp:41]   --->   Operation 280 'partselect' 'acc_Q_1' <Predicate = true> <Delay = 0.00>
ST_20 : Operation 281 [1/1] (1.58ns)   --->   "%store_ln28 = store i18 %acc_Q_1, i18 %acc_Q" [vivado/ip_repo/gnss_correlator/src/gnss_correlator.cpp:28]   --->   Operation 281 'store' 'store_ln28' <Predicate = true> <Delay = 1.58>
ST_20 : Operation 282 [1/1] (0.00ns)   --->   "%br_ln30 = br void %for.body" [vivado/ip_repo/gnss_correlator/src/gnss_correlator.cpp:30]   --->   Operation 282 'br' 'br_ln30' <Predicate = true> <Delay = 0.00>


============================================================
+ Verbose Summary: Binding
============================================================
STG Binding: 
---------------- STG Properties BEGIN ----------------
- Is combinational: 0
- Is one-state seq: 0
- Is datapath-only: 0
- Is pipelined: 0
- Is top level: 0
Port [ Return ] is wired: 1; IO mode=ap_ctrl_hs:ce=0
Port [ gmem1]:  wired=1; compound=1; hidden=0; nouse=0; global=0; static=0; extern=0; dir=0; type=4; pingpong=0; private_global=0; IO mode=m_axi:ce=0
Port [ gmem0]:  wired=1; compound=1; hidden=0; nouse=0; global=0; static=0; extern=0; dir=0; type=4; pingpong=0; private_global=0; IO mode=m_axi:ce=0
Port [ num_samples]:  wired=1; compound=0; hidden=0; nouse=0; global=0; static=0; extern=0; dir=0; type=0; pingpong=0; private_global=0; IO mode=ap_none:ce=0
Port [ sext_ln30]:  wired=1; compound=0; hidden=0; nouse=0; global=0; static=0; extern=0; dir=0; type=0; pingpong=0; private_global=0; IO mode=ap_none:ce=0
Port [ sext_ln30_1]:  wired=1; compound=0; hidden=0; nouse=0; global=0; static=0; extern=0; dir=0; type=0; pingpong=0; private_global=0; IO mode=ap_none:ce=0
Port [ sext_ln30_2]:  wired=1; compound=0; hidden=0; nouse=0; global=0; static=0; extern=0; dir=0; type=0; pingpong=0; private_global=0; IO mode=ap_none:ce=0
Port [ sext_ln30_3]:  wired=1; compound=0; hidden=0; nouse=0; global=0; static=0; extern=0; dir=0; type=0; pingpong=0; private_global=0; IO mode=ap_none:ce=0
Port [ acc_Q_out]:  wired=1; compound=0; hidden=0; nouse=0; global=0; static=0; extern=0; dir=1; type=0; pingpong=0; private_global=0; IO mode=ap_vld:ce=0
Port [ acc_I_out]:  wired=1; compound=0; hidden=0; nouse=0; global=0; static=0; extern=0; dir=1; type=0; pingpong=0; private_global=0; IO mode=ap_vld:ce=0
---------------- STG Properties END ------------------

---------------- Datapath Model BEGIN ----------------

<LifeTime>
<method=bitvector/>
acc_I             (alloca        ) [ 011111111111111111110]
acc_Q             (alloca        ) [ 011111111111111111111]
i                 (alloca        ) [ 010000000000000000000]
sext_ln30_3_read  (read          ) [ 000000000000000000000]
sext_ln30_2_read  (read          ) [ 000000000000000000000]
sext_ln30_1_read  (read          ) [ 000000000000000000000]
sext_ln30_read    (read          ) [ 000000000000000000000]
num_samples_read  (read          ) [ 000000000000000000000]
sext_ln30_3_cast  (sext          ) [ 000000000000000000000]
sext_ln30_2_cast  (sext          ) [ 000000000000000000000]
sext_ln30_1_cast  (sext          ) [ 000000000000000000000]
sext_ln30_cast    (sext          ) [ 000000000000000000000]
specinterface_ln0 (specinterface ) [ 000000000000000000000]
specinterface_ln0 (specinterface ) [ 000000000000000000000]
store_ln30        (store         ) [ 000000000000000000000]
store_ln28        (store         ) [ 000000000000000000000]
store_ln27        (store         ) [ 000000000000000000000]
br_ln0            (br            ) [ 000000000000000000000]
i_1               (load          ) [ 000000000000000000000]
specbitsmap_ln0   (specbitsmap   ) [ 000000000000000000000]
specbitsmap_ln0   (specbitsmap   ) [ 000000000000000000000]
zext_ln30_1       (zext          ) [ 000000000000000000000]
icmp_ln30         (icmp          ) [ 011111111111111111100]
br_ln30           (br            ) [ 000000000000000000000]
add_ln30          (add           ) [ 000000000000000000000]
zext_ln30         (zext          ) [ 000000000000000000000]
add_ln34          (add           ) [ 000000000000000000000]
sext_ln34         (sext          ) [ 000000000000000000000]
gmem0_addr        (getelementptr ) [ 011111111110000000000]
add_ln35          (add           ) [ 000000000000000000000]
sext_ln35         (sext          ) [ 000000000000000000000]
gmem0_addr_1      (getelementptr ) [ 011111111111000000000]
add_ln36          (add           ) [ 000000000000000000000]
sext_ln36         (sext          ) [ 000000000000000000000]
gmem1_addr        (getelementptr ) [ 011111111110000000000]
add_ln37          (add           ) [ 000000000000000000000]
sext_ln37         (sext          ) [ 000000000000000000000]
gmem1_addr_1      (getelementptr ) [ 011111111111000000000]
store_ln30        (store         ) [ 000000000000000000000]
gmem0_load_req    (readreq       ) [ 000000000000000000000]
gmem1_load_req    (readreq       ) [ 000000000000000000000]
gmem0_addr_read   (read          ) [ 010000000001000000000]
gmem0_load_1_req  (readreq       ) [ 000000000000000000000]
gmem1_addr_read   (read          ) [ 010000000001000000000]
gmem1_load_1_req  (readreq       ) [ 000000000000000000000]
bitcast_ln34      (bitcast       ) [ 001000000000100000000]
gmem0_addr_1_read (read          ) [ 001000000000100000000]
bitcast_ln36      (bitcast       ) [ 001000000000100000000]
gmem1_addr_1_read (read          ) [ 001000000000100000000]
pf                (fpext         ) [ 000000000000000000000]
bitcast_ln726     (bitcast       ) [ 000000000000000000000]
trunc_ln34        (trunc         ) [ 010000000000010000000]
tmp               (bitselect     ) [ 011000000000011000000]
tmp_1             (partselect    ) [ 010000000000010000000]
trunc_ln34_1      (trunc         ) [ 010000000000010000000]
bitcast_ln35      (bitcast       ) [ 010000000000010000000]
pf_2              (fpext         ) [ 000000000000000000000]
bitcast_ln726_2   (bitcast       ) [ 000000000000000000000]
trunc_ln36        (trunc         ) [ 010000000000010000000]
tmp_3             (bitselect     ) [ 011000000000011000000]
tmp_s             (partselect    ) [ 010000000000010000000]
trunc_ln36_1      (trunc         ) [ 010000000000010000000]
bitcast_ln37      (bitcast       ) [ 010000000000010000000]
zext_ln34         (zext          ) [ 000000000000000000000]
zext_ln34_1_cast  (bitconcatenate) [ 000000000000000000000]
zext_ln34_1       (zext          ) [ 000000000000000000000]
sub_ln34          (sub           ) [ 000000000000000000000]
select_ln34       (select        ) [ 001000000000001000000]
icmp_ln34         (icmp          ) [ 011000000000001100000]
sub_ln34_1        (sub           ) [ 000000000000000000000]
trunc_ln34_2      (trunc         ) [ 000000000000000000000]
icmp_ln34_1       (icmp          ) [ 011000000000001100000]
add_ln34_1        (add           ) [ 000000000000000000000]
sub_ln34_2        (sub           ) [ 000000000000000000000]
select_ln34_1     (select        ) [ 001000000000001000000]
icmp_ln34_2       (icmp          ) [ 011000000000001100000]
trunc_ln34_3      (trunc         ) [ 011000000000001100000]
pf_1              (fpext         ) [ 000000000000000000000]
bitcast_ln726_1   (bitcast       ) [ 000000000000000000000]
trunc_ln35        (trunc         ) [ 001000000000001000000]
tmp_2             (bitselect     ) [ 011000000000001100000]
tmp_9             (partselect    ) [ 001000000000001000000]
trunc_ln35_1      (trunc         ) [ 001000000000001000000]
zext_ln36         (zext          ) [ 000000000000000000000]
zext_ln36_1_cast  (bitconcatenate) [ 000000000000000000000]
zext_ln36_1       (zext          ) [ 000000000000000000000]
sub_ln36          (sub           ) [ 000000000000000000000]
select_ln36       (select        ) [ 001000000000001000000]
icmp_ln36         (icmp          ) [ 011000000000001100000]
sub_ln36_1        (sub           ) [ 000000000000000000000]
trunc_ln36_2      (trunc         ) [ 000000000000000000000]
icmp_ln36_1       (icmp          ) [ 011000000000001100000]
add_ln36_1        (add           ) [ 000000000000000000000]
sub_ln36_2        (sub           ) [ 000000000000000000000]
select_ln36_1     (select        ) [ 001000000000001000000]
icmp_ln36_2       (icmp          ) [ 011000000000001100000]
trunc_ln36_3      (trunc         ) [ 011000000000001100000]
pf_3              (fpext         ) [ 000000000000000000000]
bitcast_ln726_3   (bitcast       ) [ 000000000000000000000]
trunc_ln37        (trunc         ) [ 001000000000001000000]
tmp_4             (bitselect     ) [ 011000000000001100000]
tmp_5             (partselect    ) [ 001000000000001000000]
trunc_ln37_1      (trunc         ) [ 001000000000001000000]
icmp_ln34_3       (icmp          ) [ 000000000000000000000]
select_ln34_4     (select        ) [ 000000000000000000000]
zext_ln34_2       (zext          ) [ 000000000000000000000]
ashr_ln34         (ashr          ) [ 000000000000000000000]
trunc_ln34_4      (trunc         ) [ 000000000000000000000]
select_ln34_2     (select        ) [ 010000000000000100000]
icmp_ln34_4       (icmp          ) [ 000000000000000000000]
select_ln34_1cast (zext          ) [ 000000000000000000000]
shl_ln34          (shl           ) [ 000000000000000000000]
select_ln34_3     (select        ) [ 010000000000000100000]
zext_ln35         (zext          ) [ 000000000000000000000]
zext_ln35_1_cast  (bitconcatenate) [ 000000000000000000000]
zext_ln35_1       (zext          ) [ 000000000000000000000]
sub_ln35          (sub           ) [ 000000000000000000000]
select_ln35       (select        ) [ 010000000000000100000]
icmp_ln35         (icmp          ) [ 011000000000000110000]
sub_ln35_1        (sub           ) [ 000000000000000000000]
trunc_ln35_2      (trunc         ) [ 000000000000000000000]
icmp_ln35_1       (icmp          ) [ 000000000000000000000]
add_ln35_1        (add           ) [ 000000000000000000000]
sub_ln35_2        (sub           ) [ 000000000000000000000]
select_ln35_1     (select        ) [ 010000000000000100000]
icmp_ln35_2       (icmp          ) [ 011000000000000110000]
trunc_ln35_3      (trunc         ) [ 011000000000000110000]
or_ln35           (or            ) [ 000000000000000000000]
xor_ln35_1        (xor           ) [ 000000000000000000000]
and_ln35_1        (and           ) [ 011000000000000110000]
icmp_ln36_3       (icmp          ) [ 000000000000000000000]
select_ln36_4     (select        ) [ 000000000000000000000]
zext_ln36_2       (zext          ) [ 000000000000000000000]
ashr_ln36         (ashr          ) [ 000000000000000000000]
trunc_ln36_4      (trunc         ) [ 000000000000000000000]
select_ln36_2     (select        ) [ 010000000000000100000]
icmp_ln36_4       (icmp          ) [ 000000000000000000000]
select_ln36_1cast (zext          ) [ 000000000000000000000]
shl_ln36          (shl           ) [ 000000000000000000000]
select_ln36_3     (select        ) [ 010000000000000100000]
zext_ln37         (zext          ) [ 000000000000000000000]
zext_ln37_1_cast  (bitconcatenate) [ 000000000000000000000]
zext_ln37_1       (zext          ) [ 000000000000000000000]
sub_ln37          (sub           ) [ 000000000000000000000]
select_ln37       (select        ) [ 010000000000000100000]
icmp_ln37         (icmp          ) [ 011000000000000110000]
sub_ln37_1        (sub           ) [ 000000000000000000000]
trunc_ln37_2      (trunc         ) [ 000000000000000000000]
icmp_ln37_1       (icmp          ) [ 011000000000000110000]
add_ln37_1        (add           ) [ 000000000000000000000]
sub_ln37_2        (sub           ) [ 000000000000000000000]
select_ln37_1     (select        ) [ 010000000000000100000]
icmp_ln37_2       (icmp          ) [ 011000000000000110000]
trunc_ln37_3      (trunc         ) [ 011000000000000110000]
xor_ln34          (xor           ) [ 000000000000000000000]
and_ln34          (and           ) [ 000000000000000000000]
or_ln34           (or            ) [ 000000000000000000000]
xor_ln34_1        (xor           ) [ 000000000000000000000]
and_ln34_1        (and           ) [ 000000000000000000000]
sel_tmp6          (bitconcatenate) [ 000000000000000000000]
a                 (sparsemux     ) [ 001000000000000010000]
icmp_ln35_3       (icmp          ) [ 000000000000000000000]
select_ln35_4     (select        ) [ 000000000000000000000]
zext_ln35_2       (zext          ) [ 000000000000000000000]
ashr_ln35         (ashr          ) [ 000000000000000000000]
trunc_ln35_4      (trunc         ) [ 000000000000000000000]
select_ln35_2     (select        ) [ 001000000000000010000]
icmp_ln35_4       (icmp          ) [ 000000000000000000000]
select_ln35_1cast (zext          ) [ 000000000000000000000]
shl_ln35          (shl           ) [ 000000000000000000000]
select_ln35_3     (select        ) [ 001000000000000010000]
xor_ln36          (xor           ) [ 000000000000000000000]
and_ln36          (and           ) [ 000000000000000000000]
or_ln36           (or            ) [ 000000000000000000000]
xor_ln36_1        (xor           ) [ 000000000000000000000]
and_ln36_1        (and           ) [ 000000000000000000000]
sel_tmp1          (bitconcatenate) [ 000000000000000000000]
c                 (sparsemux     ) [ 001000000000000010000]
icmp_ln37_3       (icmp          ) [ 000000000000000000000]
select_ln37_4     (select        ) [ 000000000000000000000]
zext_ln37_2       (zext          ) [ 000000000000000000000]
ashr_ln37         (ashr          ) [ 000000000000000000000]
trunc_ln37_4      (trunc         ) [ 000000000000000000000]
select_ln37_2     (select        ) [ 001000000000000010000]
icmp_ln37_4       (icmp          ) [ 000000000000000000000]
select_ln37_1cast (zext          ) [ 000000000000000000000]
shl_ln37          (shl           ) [ 000000000000000000000]
select_ln37_3     (select        ) [ 001000000000000010000]
xor_ln35          (xor           ) [ 000000000000000000000]
and_ln35          (and           ) [ 000000000000000000000]
sel_tmp           (bitconcatenate) [ 000000000000000000000]
b                 (sparsemux     ) [ 000000000000000000000]
xor_ln37          (xor           ) [ 000000000000000000000]
and_ln37          (and           ) [ 000000000000000000000]
or_ln37           (or            ) [ 000000000000000000000]
xor_ln37_1        (xor           ) [ 000000000000000000000]
and_ln37_1        (and           ) [ 000000000000000000000]
sel_tmp2          (bitconcatenate) [ 000000000000000000000]
d                 (sparsemux     ) [ 000000000000000000000]
sext_ln40         (sext          ) [ 011000000000000001110]
sext_ln40_1       (sext          ) [ 010000000000000001000]
sext_ln40_2       (sext          ) [ 011000000000000001100]
sext_ln40_3       (sext          ) [ 011000000000000001110]
mul_ln40          (mul           ) [ 011000000000000001110]
mul_ln41          (mul           ) [ 011000000000000000111]
mul_ln40_1        (mul           ) [ 010000000000000000010]
acc_I_load_1      (load          ) [ 000000000000000000000]
sub_ln40          (sub           ) [ 000000000000000000000]
shl_ln            (bitconcatenate) [ 000000000000000000000]
add_ln40          (add           ) [ 000000000000000000000]
acc_I_1           (partselect    ) [ 000000000000000000000]
mul_ln41_1        (mul           ) [ 001000000000000000001]
store_ln27        (store         ) [ 000000000000000000000]
acc_Q_load_1      (load          ) [ 000000000000000000000]
specpipeline_ln31 (specpipeline  ) [ 000000000000000000000]
specloopname_ln30 (specloopname  ) [ 000000000000000000000]
add_ln41          (add           ) [ 000000000000000000000]
shl_ln1           (bitconcatenate) [ 000000000000000000000]
add_ln41_1        (add           ) [ 000000000000000000000]
acc_Q_1           (partselect    ) [ 000000000000000000000]
store_ln28        (store         ) [ 000000000000000000000]
br_ln30           (br            ) [ 000000000000000000000]
acc_I_load        (load          ) [ 000000000000000000000]
acc_Q_load        (load          ) [ 000000000000000000000]
write_ln0         (write         ) [ 000000000000000000000]
write_ln0         (write         ) [ 000000000000000000000]
ret_ln0           (ret           ) [ 000000000000000000000]
</LifeTime>

<model>

<comp_list>
<comp id="0" class="1000" name="gmem1">
<pin_list>
<pin id="1" dir="1" index="0" bw="1" slack="0"/>
</pin_list>
<bind>
<StgValue><ssdm name="gmem1"/><MemPortTyVec>0 </MemPortTyVec>
</StgValue>
</bind>
</comp>

<comp id="2" class="1000" name="gmem0">
<pin_list>
<pin id="3" dir="1" index="0" bw="1" slack="0"/>
</pin_list>
<bind>
<StgValue><ssdm name="gmem0"/><MemPortTyVec>0 </MemPortTyVec>
</StgValue>
</bind>
</comp>

<comp id="4" class="1000" name="num_samples">
<pin_list>
<pin id="5" dir="1" index="0" bw="1" slack="0"/>
</pin_list>
<bind>
<StgValue><ssdm name="num_samples"/></StgValue>
</bind>
</comp>

<comp id="6" class="1000" name="sext_ln30">
<pin_list>
<pin id="7" dir="1" index="0" bw="1" slack="0"/>
</pin_list>
<bind>
<StgValue><ssdm name="sext_ln30"/></StgValue>
</bind>
</comp>

<comp id="8" class="1000" name="sext_ln30_1">
<pin_list>
<pin id="9" dir="1" index="0" bw="1" slack="0"/>
</pin_list>
<bind>
<StgValue><ssdm name="sext_ln30_1"/></StgValue>
</bind>
</comp>

<comp id="10" class="1000" name="sext_ln30_2">
<pin_list>
<pin id="11" dir="1" index="0" bw="1" slack="0"/>
</pin_list>
<bind>
<StgValue><ssdm name="sext_ln30_2"/></StgValue>
</bind>
</comp>

<comp id="12" class="1000" name="sext_ln30_3">
<pin_list>
<pin id="13" dir="1" index="0" bw="1" slack="0"/>
</pin_list>
<bind>
<StgValue><ssdm name="sext_ln30_3"/></StgValue>
</bind>
</comp>

<comp id="14" class="1000" name="acc_Q_out">
<pin_list>
<pin id="15" dir="1" index="0" bw="1" slack="0"/>
</pin_list>
<bind>
<StgValue><ssdm name="acc_Q_out"/></StgValue>
</bind>
</comp>

<comp id="16" class="1000" name="acc_I_out">
<pin_list>
<pin id="17" dir="1" index="0" bw="1" slack="0"/>
</pin_list>
<bind>
<StgValue><ssdm name="acc_I_out"/></StgValue>
</bind>
</comp>

<comp id="18" class="1001" name="const_18">
<pin_list>
<pin id="19" dir="1" index="0" bw="1" slack="0"/>
</pin_list>
<bind>
<StgValue><ssdm name=""/></StgValue>
</bind>
</comp>

<comp id="20" class="1001" name="const_20">
<pin_list>
<pin id="21" dir="1" index="0" bw="1" slack="0"/>
</pin_list>
<bind>
<StgValue><ssdm name="_ssdm_op_Read.ap_auto.i62"/></StgValue>
</bind>
</comp>

<comp id="22" class="1001" name="const_22">
<pin_list>
<pin id="23" dir="1" index="0" bw="1" slack="0"/>
</pin_list>
<bind>
<StgValue><ssdm name="_ssdm_op_Read.ap_auto.i32"/></StgValue>
</bind>
</comp>

<comp id="24" class="1001" name="const_24">
<pin_list>
<pin id="25" dir="1" index="0" bw="1" slack="2147483647"/>
</pin_list>
<bind>
<StgValue><ssdm name="_ssdm_op_SpecInterface"/></StgValue>
</bind>
</comp>

<comp id="26" class="1001" name="const_26">
<pin_list>
<pin id="27" dir="1" index="0" bw="1" slack="2147483647"/>
</pin_list>
<bind>
<StgValue><ssdm name="empty_4"/></StgValue>
</bind>
</comp>

<comp id="28" class="1001" name="const_28">
<pin_list>
<pin id="29" dir="1" index="0" bw="1" slack="2147483647"/>
</pin_list>
<bind>
<StgValue><ssdm name=""/></StgValue>
</bind>
</comp>

<comp id="30" class="1001" name="const_30">
<pin_list>
<pin id="31" dir="1" index="0" bw="1" slack="2147483647"/>
</pin_list>
<bind>
<StgValue><ssdm name="empty_5"/></StgValue>
</bind>
</comp>

<comp id="32" class="1001" name="const_32">
<pin_list>
<pin id="33" dir="1" index="0" bw="1" slack="2147483647"/>
</pin_list>
<bind>
<StgValue><ssdm name="empty"/></StgValue>
</bind>
</comp>

<comp id="34" class="1001" name="const_34">
<pin_list>
<pin id="35" dir="1" index="0" bw="1" slack="2147483647"/>
</pin_list>
<bind>
<StgValue><ssdm name="empty_7"/></StgValue>
</bind>
</comp>

<comp id="36" class="1001" name="const_36">
<pin_list>
<pin id="37" dir="1" index="0" bw="1" slack="0"/>
</pin_list>
<bind>
<StgValue><ssdm name=""/></StgValue>
</bind>
</comp>

<comp id="38" class="1001" name="const_38">
<pin_list>
<pin id="39" dir="1" index="0" bw="1" slack="2147483647"/>
</pin_list>
<bind>
<StgValue><ssdm name=""/></StgValue>
</bind>
</comp>

<comp id="40" class="1001" name="const_40">
<pin_list>
<pin id="41" dir="1" index="0" bw="1" slack="2147483647"/>
</pin_list>
<bind>
<StgValue><ssdm name=""/></StgValue>
</bind>
</comp>

<comp id="42" class="1001" name="const_42">
<pin_list>
<pin id="43" dir="1" index="0" bw="1" slack="2147483647"/>
</pin_list>
<bind>
<StgValue><ssdm name="empty_6"/></StgValue>
</bind>
</comp>

<comp id="44" class="1001" name="const_44">
<pin_list>
<pin id="45" dir="1" index="0" bw="1" slack="0"/>
</pin_list>
<bind>
<StgValue><ssdm name=""/></StgValue>
</bind>
</comp>

<comp id="46" class="1001" name="const_46">
<pin_list>
<pin id="47" dir="1" index="0" bw="1" slack="0"/>
</pin_list>
<bind>
<StgValue><ssdm name=""/></StgValue>
</bind>
</comp>

<comp id="48" class="1001" name="const_48">
<pin_list>
<pin id="49" dir="1" index="0" bw="1" slack="2147483647"/>
</pin_list>
<bind>
<StgValue><ssdm name="_ssdm_op_SpecBitsMap"/></StgValue>
</bind>
</comp>

<comp id="50" class="1001" name="const_50">
<pin_list>
<pin id="51" dir="1" index="0" bw="1" slack="0"/>
</pin_list>
<bind>
<StgValue><ssdm name=""/></StgValue>
</bind>
</comp>

<comp id="52" class="1001" name="const_52">
<pin_list>
<pin id="53" dir="1" index="0" bw="1" slack="0"/>
</pin_list>
<bind>
<StgValue><ssdm name="_ssdm_op_ReadReq.m_axi.i32P1A"/></StgValue>
</bind>
</comp>

<comp id="54" class="1001" name="const_54">
<pin_list>
<pin id="55" dir="1" index="0" bw="1" slack="0"/>
</pin_list>
<bind>
<StgValue><ssdm name=""/></StgValue>
</bind>
</comp>

<comp id="56" class="1001" name="const_56">
<pin_list>
<pin id="57" dir="1" index="0" bw="1" slack="0"/>
</pin_list>
<bind>
<StgValue><ssdm name="_ssdm_op_Read.m_axi.i32P1A"/></StgValue>
</bind>
</comp>

<comp id="58" class="1001" name="const_58">
<pin_list>
<pin id="59" dir="1" index="0" bw="1" slack="0"/>
</pin_list>
<bind>
<StgValue><ssdm name="_ssdm_op_BitSelect.i1.i64.i32"/></StgValue>
</bind>
</comp>

<comp id="60" class="1001" name="const_60">
<pin_list>
<pin id="61" dir="1" index="0" bw="1" slack="0"/>
</pin_list>
<bind>
<StgValue><ssdm name=""/></StgValue>
</bind>
</comp>

<comp id="62" class="1001" name="const_62">
<pin_list>
<pin id="63" dir="1" index="0" bw="1" slack="0"/>
</pin_list>
<bind>
<StgValue><ssdm name="_ssdm_op_PartSelect.i11.i64.i32"/></StgValue>
</bind>
</comp>

<comp id="64" class="1001" name="const_64">
<pin_list>
<pin id="65" dir="1" index="0" bw="1" slack="0"/>
</pin_list>
<bind>
<StgValue><ssdm name=""/></StgValue>
</bind>
</comp>

<comp id="66" class="1001" name="const_66">
<pin_list>
<pin id="67" dir="1" index="0" bw="1" slack="0"/>
</pin_list>
<bind>
<StgValue><ssdm name="_ssdm_op_BitConcatenate.i53.i1.i52"/></StgValue>
</bind>
</comp>

<comp id="68" class="1001" name="const_68">
<pin_list>
<pin id="69" dir="1" index="0" bw="1" slack="0"/>
</pin_list>
<bind>
<StgValue><ssdm name=""/></StgValue>
</bind>
</comp>

<comp id="70" class="1001" name="const_70">
<pin_list>
<pin id="71" dir="1" index="0" bw="1" slack="0"/>
</pin_list>
<bind>
<StgValue><ssdm name=""/></StgValue>
</bind>
</comp>

<comp id="72" class="1001" name="const_72">
<pin_list>
<pin id="73" dir="1" index="0" bw="1" slack="0"/>
</pin_list>
<bind>
<StgValue><ssdm name=""/></StgValue>
</bind>
</comp>

<comp id="74" class="1001" name="const_74">
<pin_list>
<pin id="75" dir="1" index="0" bw="1" slack="0"/>
</pin_list>
<bind>
<StgValue><ssdm name=""/></StgValue>
</bind>
</comp>

<comp id="76" class="1001" name="const_76">
<pin_list>
<pin id="77" dir="1" index="0" bw="1" slack="0"/>
</pin_list>
<bind>
<StgValue><ssdm name=""/></StgValue>
</bind>
</comp>

<comp id="78" class="1001" name="const_78">
<pin_list>
<pin id="79" dir="1" index="0" bw="1" slack="0"/>
</pin_list>
<bind>
<StgValue><ssdm name=""/></StgValue>
</bind>
</comp>

<comp id="80" class="1001" name="const_80">
<pin_list>
<pin id="81" dir="1" index="0" bw="1" slack="0"/>
</pin_list>
<bind>
<StgValue><ssdm name=""/></StgValue>
</bind>
</comp>

<comp id="82" class="1001" name="const_82">
<pin_list>
<pin id="83" dir="1" index="0" bw="1" slack="0"/>
</pin_list>
<bind>
<StgValue><ssdm name=""/></StgValue>
</bind>
</comp>

<comp id="84" class="1001" name="const_84">
<pin_list>
<pin id="85" dir="1" index="0" bw="1" slack="0"/>
</pin_list>
<bind>
<StgValue><ssdm name=""/></StgValue>
</bind>
</comp>

<comp id="86" class="1001" name="const_86">
<pin_list>
<pin id="87" dir="1" index="0" bw="1" slack="0"/>
</pin_list>
<bind>
<StgValue><ssdm name=""/></StgValue>
</bind>
</comp>

<comp id="88" class="1001" name="const_88">
<pin_list>
<pin id="89" dir="1" index="0" bw="1" slack="0"/>
</pin_list>
<bind>
<StgValue><ssdm name="_ssdm_op_BitConcatenate.i3.i1.i1.i1"/></StgValue>
</bind>
</comp>

<comp id="90" class="1001" name="const_90">
<pin_list>
<pin id="91" dir="1" index="0" bw="1" slack="0"/>
</pin_list>
<bind>
<StgValue><ssdm name="_ssdm_op_SparseMux.ap_auto.4i18.i18.i3"/></StgValue>
</bind>
</comp>

<comp id="92" class="1001" name="const_92">
<pin_list>
<pin id="93" dir="1" index="0" bw="1" slack="0"/>
</pin_list>
<bind>
<StgValue><ssdm name=""/></StgValue>
</bind>
</comp>

<comp id="94" class="1001" name="const_94">
<pin_list>
<pin id="95" dir="1" index="0" bw="1" slack="0"/>
</pin_list>
<bind>
<StgValue><ssdm name=""/></StgValue>
</bind>
</comp>

<comp id="96" class="1001" name="const_96">
<pin_list>
<pin id="97" dir="1" index="0" bw="1" slack="0"/>
</pin_list>
<bind>
<StgValue><ssdm name=""/></StgValue>
</bind>
</comp>

<comp id="98" class="1001" name="const_98">
<pin_list>
<pin id="99" dir="1" index="0" bw="1" slack="0"/>
</pin_list>
<bind>
<StgValue><ssdm name=""/></StgValue>
</bind>
</comp>

<comp id="100" class="1001" name="const_100">
<pin_list>
<pin id="101" dir="1" index="0" bw="1" slack="0"/>
</pin_list>
<bind>
<StgValue><ssdm name=""/></StgValue>
</bind>
</comp>

<comp id="102" class="1001" name="const_102">
<pin_list>
<pin id="103" dir="1" index="0" bw="1" slack="0"/>
</pin_list>
<bind>
<StgValue><ssdm name="_ssdm_op_BitConcatenate.i34.i18.i16"/></StgValue>
</bind>
</comp>

<comp id="104" class="1001" name="const_104">
<pin_list>
<pin id="105" dir="1" index="0" bw="1" slack="0"/>
</pin_list>
<bind>
<StgValue><ssdm name=""/></StgValue>
</bind>
</comp>

<comp id="106" class="1001" name="const_106">
<pin_list>
<pin id="107" dir="1" index="0" bw="1" slack="0"/>
</pin_list>
<bind>
<StgValue><ssdm name="_ssdm_op_PartSelect.i18.i34.i32.i32"/></StgValue>
</bind>
</comp>

<comp id="108" class="1001" name="const_108">
<pin_list>
<pin id="109" dir="1" index="0" bw="1" slack="0"/>
</pin_list>
<bind>
<StgValue><ssdm name=""/></StgValue>
</bind>
</comp>

<comp id="110" class="1001" name="const_110">
<pin_list>
<pin id="111" dir="1" index="0" bw="1" slack="2147483647"/>
</pin_list>
<bind>
<StgValue><ssdm name="_ssdm_op_SpecPipeline"/></StgValue>
</bind>
</comp>

<comp id="112" class="1001" name="const_112">
<pin_list>
<pin id="113" dir="1" index="0" bw="1" slack="2147483647"/>
</pin_list>
<bind>
<StgValue><ssdm name="_ssdm_op_SpecLoopName"/></StgValue>
</bind>
</comp>

<comp id="114" class="1001" name="const_114">
<pin_list>
<pin id="115" dir="1" index="0" bw="1" slack="2147483647"/>
</pin_list>
<bind>
<StgValue><ssdm name="empty_11"/></StgValue>
</bind>
</comp>

<comp id="116" class="1001" name="const_116">
<pin_list>
<pin id="117" dir="1" index="0" bw="1" slack="0"/>
</pin_list>
<bind>
<StgValue><ssdm name="_ssdm_op_Write.ap_auto.i18P0A"/></StgValue>
</bind>
</comp>

<comp id="118" class="1004" name="acc_I_fu_118">
<pin_list>
<pin id="119" dir="0" index="0" bw="1" slack="0"/>
<pin id="120" dir="1" index="1" bw="18" slack="0"/>
</pin_list>
<bind>
<opcode="alloca(26) " fcode="alloca"/>
<opset="acc_I/1 "/>
</bind>
</comp>

<comp id="122" class="1004" name="acc_Q_fu_122">
<pin_list>
<pin id="123" dir="0" index="0" bw="1" slack="0"/>
<pin id="124" dir="1" index="1" bw="18" slack="0"/>
</pin_list>
<bind>
<opcode="alloca(26) " fcode="alloca"/>
<opset="acc_Q/1 "/>
</bind>
</comp>

<comp id="126" class="1004" name="i_fu_126">
<pin_list>
<pin id="127" dir="0" index="0" bw="1" slack="0"/>
<pin id="128" dir="1" index="1" bw="31" slack="0"/>
</pin_list>
<bind>
<opcode="alloca(26) " fcode="alloca"/>
<opset="i/1 "/>
</bind>
</comp>

<comp id="130" class="1004" name="sext_ln30_3_read_read_fu_130">
<pin_list>
<pin id="131" dir="0" index="0" bw="62" slack="0"/>
<pin id="132" dir="0" index="1" bw="62" slack="0"/>
<pin id="133" dir="1" index="2" bw="62" slack="0"/>
</pin_list>
<bind>
<opcode="read(1150) " fcode="read"/>
<opset="sext_ln30_3_read/1 "/>
</bind>
</comp>

<comp id="136" class="1004" name="sext_ln30_2_read_read_fu_136">
<pin_list>
<pin id="137" dir="0" index="0" bw="62" slack="0"/>
<pin id="138" dir="0" index="1" bw="62" slack="0"/>
<pin id="139" dir="1" index="2" bw="62" slack="0"/>
</pin_list>
<bind>
<opcode="read(1150) " fcode="read"/>
<opset="sext_ln30_2_read/1 "/>
</bind>
</comp>

<comp id="142" class="1004" name="sext_ln30_1_read_read_fu_142">
<pin_list>
<pin id="143" dir="0" index="0" bw="62" slack="0"/>
<pin id="144" dir="0" index="1" bw="62" slack="0"/>
<pin id="145" dir="1" index="2" bw="62" slack="0"/>
</pin_list>
<bind>
<opcode="read(1150) " fcode="read"/>
<opset="sext_ln30_1_read/1 "/>
</bind>
</comp>

<comp id="148" class="1004" name="sext_ln30_read_read_fu_148">
<pin_list>
<pin id="149" dir="0" index="0" bw="62" slack="0"/>
<pin id="150" dir="0" index="1" bw="62" slack="0"/>
<pin id="151" dir="1" index="2" bw="62" slack="0"/>
</pin_list>
<bind>
<opcode="read(1150) " fcode="read"/>
<opset="sext_ln30_read/1 "/>
</bind>
</comp>

<comp id="154" class="1004" name="num_samples_read_read_fu_154">
<pin_list>
<pin id="155" dir="0" index="0" bw="32" slack="0"/>
<pin id="156" dir="0" index="1" bw="32" slack="0"/>
<pin id="157" dir="1" index="2" bw="32" slack="0"/>
</pin_list>
<bind>
<opcode="read(1150) " fcode="read"/>
<opset="num_samples_read/1 "/>
</bind>
</comp>

<comp id="160" class="1004" name="write_ln0_write_fu_160">
<pin_list>
<pin id="161" dir="0" index="0" bw="0" slack="0"/>
<pin id="162" dir="0" index="1" bw="18" slack="0"/>
<pin id="163" dir="0" index="2" bw="18" slack="0"/>
<pin id="164" dir="1" index="3" bw="0" slack="2147483647"/>
</pin_list>
<bind>
<opcode="write(1151) " fcode="write"/>
<opset="write_ln0/18 "/>
</bind>
</comp>

<comp id="167" class="1004" name="write_ln0_write_fu_167">
<pin_list>
<pin id="168" dir="0" index="0" bw="0" slack="0"/>
<pin id="169" dir="0" index="1" bw="18" slack="0"/>
<pin id="170" dir="0" index="2" bw="18" slack="0"/>
<pin id="171" dir="1" index="3" bw="0" slack="2147483647"/>
</pin_list>
<bind>
<opcode="write(1151) " fcode="write"/>
<opset="write_ln0/18 "/>
</bind>
</comp>

<comp id="174" class="1004" name="grp_readreq_fu_174">
<pin_list>
<pin id="175" dir="0" index="0" bw="1" slack="0"/>
<pin id="176" dir="0" index="1" bw="32" slack="1"/>
<pin id="177" dir="0" index="2" bw="1" slack="0"/>
<pin id="178" dir="1" index="3" bw="1" slack="2147483647"/>
</pin_list>
<bind>
<opcode="readreq(1154) " fcode="readreq"/>
<opset="gmem0_load_req/2 gmem0_load_1_req/3 "/>
</bind>
</comp>

<comp id="181" class="1004" name="grp_readreq_fu_181">
<pin_list>
<pin id="182" dir="0" index="0" bw="1" slack="0"/>
<pin id="183" dir="0" index="1" bw="32" slack="1"/>
<pin id="184" dir="0" index="2" bw="1" slack="0"/>
<pin id="185" dir="1" index="3" bw="1" slack="2147483647"/>
</pin_list>
<bind>
<opcode="readreq(1154) " fcode="readreq"/>
<opset="gmem1_load_req/2 gmem1_load_1_req/3 "/>
</bind>
</comp>

<comp id="188" class="1004" name="grp_read_fu_188">
<pin_list>
<pin id="189" dir="0" index="0" bw="32" slack="0"/>
<pin id="190" dir="0" index="1" bw="32" slack="9"/>
<pin id="191" dir="1" index="2" bw="32" slack="1"/>
</pin_list>
<bind>
<opcode="read(1150) " fcode="read"/>
<opset="gmem0_addr_read/10 gmem0_addr_1_read/11 "/>
</bind>
</comp>

<comp id="193" class="1004" name="grp_read_fu_193">
<pin_list>
<pin id="194" dir="0" index="0" bw="32" slack="0"/>
<pin id="195" dir="0" index="1" bw="32" slack="9"/>
<pin id="196" dir="1" index="2" bw="32" slack="1"/>
</pin_list>
<bind>
<opcode="read(1150) " fcode="read"/>
<opset="gmem1_addr_read/10 gmem1_addr_1_read/11 "/>
</bind>
</comp>

<comp id="198" class="1004" name="grp_fu_198">
<pin_list>
<pin id="199" dir="0" index="0" bw="32" slack="0"/>
<pin id="200" dir="1" index="1" bw="64" slack="0"/>
</pin_list>
<bind>
<opcode="fpext(41) " fcode="fpext"/>
<opset="pf/11 pf_1/12 "/>
</bind>
</comp>

<comp id="201" class="1004" name="grp_fu_201">
<pin_list>
<pin id="202" dir="0" index="0" bw="32" slack="0"/>
<pin id="203" dir="1" index="1" bw="64" slack="0"/>
</pin_list>
<bind>
<opcode="fpext(41) " fcode="fpext"/>
<opset="pf_2/11 pf_3/12 "/>
</bind>
</comp>

<comp id="204" class="1005" name="reg_204">
<pin_list>
<pin id="205" dir="0" index="0" bw="32" slack="1"/>
<pin id="206" dir="1" index="1" bw="32" slack="1"/>
</pin_list>
<bind>
<opset="gmem0_addr_read gmem0_addr_1_read "/>
</bind>
</comp>

<comp id="208" class="1005" name="reg_208">
<pin_list>
<pin id="209" dir="0" index="0" bw="32" slack="1"/>
<pin id="210" dir="1" index="1" bw="32" slack="1"/>
</pin_list>
<bind>
<opset="gmem1_addr_read gmem1_addr_1_read "/>
</bind>
</comp>

<comp id="212" class="1004" name="sext_ln30_3_cast_fu_212">
<pin_list>
<pin id="213" dir="0" index="0" bw="62" slack="0"/>
<pin id="214" dir="1" index="1" bw="63" slack="0"/>
</pin_list>
<bind>
<opcode="sext(35) " fcode="sext"/>
<opset="sext_ln30_3_cast/1 "/>
</bind>
</comp>

<comp id="216" class="1004" name="sext_ln30_2_cast_fu_216">
<pin_list>
<pin id="217" dir="0" index="0" bw="62" slack="0"/>
<pin id="218" dir="1" index="1" bw="63" slack="0"/>
</pin_list>
<bind>
<opcode="sext(35) " fcode="sext"/>
<opset="sext_ln30_2_cast/1 "/>
</bind>
</comp>

<comp id="220" class="1004" name="sext_ln30_1_cast_fu_220">
<pin_list>
<pin id="221" dir="0" index="0" bw="62" slack="0"/>
<pin id="222" dir="1" index="1" bw="63" slack="0"/>
</pin_list>
<bind>
<opcode="sext(35) " fcode="sext"/>
<opset="sext_ln30_1_cast/1 "/>
</bind>
</comp>

<comp id="224" class="1004" name="sext_ln30_cast_fu_224">
<pin_list>
<pin id="225" dir="0" index="0" bw="62" slack="0"/>
<pin id="226" dir="1" index="1" bw="63" slack="0"/>
</pin_list>
<bind>
<opcode="sext(35) " fcode="sext"/>
<opset="sext_ln30_cast/1 "/>
</bind>
</comp>

<comp id="228" class="1004" name="store_ln30_store_fu_228">
<pin_list>
<pin id="229" dir="0" index="0" bw="1" slack="0"/>
<pin id="230" dir="0" index="1" bw="31" slack="0"/>
<pin id="231" dir="1" index="2" bw="0" slack="2147483647"/>
</pin_list>
<bind>
<opcode="store(28) " fcode="store"/>
<opset="store_ln30/1 "/>
</bind>
</comp>

<comp id="233" class="1004" name="store_ln28_store_fu_233">
<pin_list>
<pin id="234" dir="0" index="0" bw="1" slack="0"/>
<pin id="235" dir="0" index="1" bw="18" slack="0"/>
<pin id="236" dir="1" index="2" bw="0" slack="2147483647"/>
</pin_list>
<bind>
<opcode="store(28) " fcode="store"/>
<opset="store_ln28/1 "/>
</bind>
</comp>

<comp id="238" class="1004" name="store_ln27_store_fu_238">
<pin_list>
<pin id="239" dir="0" index="0" bw="1" slack="0"/>
<pin id="240" dir="0" index="1" bw="18" slack="0"/>
<pin id="241" dir="1" index="2" bw="0" slack="2147483647"/>
</pin_list>
<bind>
<opcode="store(28) " fcode="store"/>
<opset="store_ln27/1 "/>
</bind>
</comp>

<comp id="243" class="1004" name="i_1_load_fu_243">
<pin_list>
<pin id="244" dir="0" index="0" bw="31" slack="0"/>
<pin id="245" dir="1" index="1" bw="31" slack="0"/>
</pin_list>
<bind>
<opcode="load(27) " fcode="load"/>
<opset="i_1/1 "/>
</bind>
</comp>

<comp id="246" class="1004" name="zext_ln30_1_fu_246">
<pin_list>
<pin id="247" dir="0" index="0" bw="31" slack="0"/>
<pin id="248" dir="1" index="1" bw="32" slack="0"/>
</pin_list>
<bind>
<opcode="zext(34) " fcode="zext"/>
<opset="zext_ln30_1/1 "/>
</bind>
</comp>

<comp id="250" class="1004" name="icmp_ln30_fu_250">
<pin_list>
<pin id="251" dir="0" index="0" bw="32" slack="0"/>
<pin id="252" dir="0" index="1" bw="32" slack="0"/>
<pin id="253" dir="1" index="2" bw="1" slack="1"/>
</pin_list>
<bind>
<opcode="icmp(45) " fcode="icmp"/>
<opset="icmp_ln30/1 "/>
</bind>
</comp>

<comp id="256" class="1004" name="add_ln30_fu_256">
<pin_list>
<pin id="257" dir="0" index="0" bw="31" slack="0"/>
<pin id="258" dir="0" index="1" bw="1" slack="0"/>
<pin id="259" dir="1" index="2" bw="31" slack="0"/>
</pin_list>
<bind>
<opcode="add(8) " fcode="add"/>
<opset="add_ln30/1 "/>
</bind>
</comp>

<comp id="262" class="1004" name="zext_ln30_fu_262">
<pin_list>
<pin id="263" dir="0" index="0" bw="31" slack="0"/>
<pin id="264" dir="1" index="1" bw="63" slack="0"/>
</pin_list>
<bind>
<opcode="zext(34) " fcode="zext"/>
<opset="zext_ln30/1 "/>
</bind>
</comp>

<comp id="266" class="1004" name="add_ln34_fu_266">
<pin_list>
<pin id="267" dir="0" index="0" bw="31" slack="0"/>
<pin id="268" dir="0" index="1" bw="62" slack="0"/>
<pin id="269" dir="1" index="2" bw="63" slack="0"/>
</pin_list>
<bind>
<opcode="add(8) " fcode="add"/>
<opset="add_ln34/1 "/>
</bind>
</comp>

<comp id="272" class="1004" name="sext_ln34_fu_272">
<pin_list>
<pin id="273" dir="0" index="0" bw="63" slack="0"/>
<pin id="274" dir="1" index="1" bw="64" slack="0"/>
</pin_list>
<bind>
<opcode="sext(35) " fcode="sext"/>
<opset="sext_ln34/1 "/>
</bind>
</comp>

<comp id="276" class="1004" name="gmem0_addr_fu_276">
<pin_list>
<pin id="277" dir="0" index="0" bw="64" slack="0"/>
<pin id="278" dir="0" index="1" bw="64" slack="0"/>
<pin id="279" dir="1" index="2" bw="64" slack="1"/>
</pin_list>
<bind>
<opcode="getelementptr(29) " fcode="getelementptr"/>
<opset="gmem0_addr/1 "/>
</bind>
</comp>

<comp id="282" class="1004" name="add_ln35_fu_282">
<pin_list>
<pin id="283" dir="0" index="0" bw="31" slack="0"/>
<pin id="284" dir="0" index="1" bw="62" slack="0"/>
<pin id="285" dir="1" index="2" bw="63" slack="0"/>
</pin_list>
<bind>
<opcode="add(8) " fcode="add"/>
<opset="add_ln35/1 "/>
</bind>
</comp>

<comp id="288" class="1004" name="sext_ln35_fu_288">
<pin_list>
<pin id="289" dir="0" index="0" bw="63" slack="0"/>
<pin id="290" dir="1" index="1" bw="64" slack="0"/>
</pin_list>
<bind>
<opcode="sext(35) " fcode="sext"/>
<opset="sext_ln35/1 "/>
</bind>
</comp>

<comp id="292" class="1004" name="gmem0_addr_1_fu_292">
<pin_list>
<pin id="293" dir="0" index="0" bw="64" slack="0"/>
<pin id="294" dir="0" index="1" bw="64" slack="0"/>
<pin id="295" dir="1" index="2" bw="64" slack="2"/>
</pin_list>
<bind>
<opcode="getelementptr(29) " fcode="getelementptr"/>
<opset="gmem0_addr_1/1 "/>
</bind>
</comp>

<comp id="298" class="1004" name="add_ln36_fu_298">
<pin_list>
<pin id="299" dir="0" index="0" bw="31" slack="0"/>
<pin id="300" dir="0" index="1" bw="62" slack="0"/>
<pin id="301" dir="1" index="2" bw="63" slack="0"/>
</pin_list>
<bind>
<opcode="add(8) " fcode="add"/>
<opset="add_ln36/1 "/>
</bind>
</comp>

<comp id="304" class="1004" name="sext_ln36_fu_304">
<pin_list>
<pin id="305" dir="0" index="0" bw="63" slack="0"/>
<pin id="306" dir="1" index="1" bw="64" slack="0"/>
</pin_list>
<bind>
<opcode="sext(35) " fcode="sext"/>
<opset="sext_ln36/1 "/>
</bind>
</comp>

<comp id="308" class="1004" name="gmem1_addr_fu_308">
<pin_list>
<pin id="309" dir="0" index="0" bw="64" slack="0"/>
<pin id="310" dir="0" index="1" bw="64" slack="0"/>
<pin id="311" dir="1" index="2" bw="64" slack="1"/>
</pin_list>
<bind>
<opcode="getelementptr(29) " fcode="getelementptr"/>
<opset="gmem1_addr/1 "/>
</bind>
</comp>

<comp id="314" class="1004" name="add_ln37_fu_314">
<pin_list>
<pin id="315" dir="0" index="0" bw="31" slack="0"/>
<pin id="316" dir="0" index="1" bw="62" slack="0"/>
<pin id="317" dir="1" index="2" bw="63" slack="0"/>
</pin_list>
<bind>
<opcode="add(8) " fcode="add"/>
<opset="add_ln37/1 "/>
</bind>
</comp>

<comp id="320" class="1004" name="sext_ln37_fu_320">
<pin_list>
<pin id="321" dir="0" index="0" bw="63" slack="0"/>
<pin id="322" dir="1" index="1" bw="64" slack="0"/>
</pin_list>
<bind>
<opcode="sext(35) " fcode="sext"/>
<opset="sext_ln37/1 "/>
</bind>
</comp>

<comp id="324" class="1004" name="gmem1_addr_1_fu_324">
<pin_list>
<pin id="325" dir="0" index="0" bw="64" slack="0"/>
<pin id="326" dir="0" index="1" bw="64" slack="0"/>
<pin id="327" dir="1" index="2" bw="64" slack="2"/>
</pin_list>
<bind>
<opcode="getelementptr(29) " fcode="getelementptr"/>
<opset="gmem1_addr_1/1 "/>
</bind>
</comp>

<comp id="330" class="1004" name="store_ln30_store_fu_330">
<pin_list>
<pin id="331" dir="0" index="0" bw="31" slack="0"/>
<pin id="332" dir="0" index="1" bw="31" slack="0"/>
<pin id="333" dir="1" index="2" bw="0" slack="2147483647"/>
</pin_list>
<bind>
<opcode="store(28) " fcode="store"/>
<opset="store_ln30/1 "/>
</bind>
</comp>

<comp id="335" class="1004" name="bitcast_ln34_fu_335">
<pin_list>
<pin id="336" dir="0" index="0" bw="32" slack="1"/>
<pin id="337" dir="1" index="1" bw="32" slack="0"/>
</pin_list>
<bind>
<opcode="bitcast(44) " fcode="bitcast"/>
<opset="bitcast_ln34/11 "/>
</bind>
</comp>

<comp id="340" class="1004" name="bitcast_ln36_fu_340">
<pin_list>
<pin id="341" dir="0" index="0" bw="32" slack="1"/>
<pin id="342" dir="1" index="1" bw="32" slack="0"/>
</pin_list>
<bind>
<opcode="bitcast(44) " fcode="bitcast"/>
<opset="bitcast_ln36/11 "/>
</bind>
</comp>

<comp id="345" class="1004" name="bitcast_ln726_fu_345">
<pin_list>
<pin id="346" dir="0" index="0" bw="64" slack="0"/>
<pin id="347" dir="1" index="1" bw="64" slack="0"/>
</pin_list>
<bind>
<opcode="bitcast(44) " fcode="bitcast"/>
<opset="bitcast_ln726/12 "/>
</bind>
</comp>

<comp id="349" class="1004" name="trunc_ln34_fu_349">
<pin_list>
<pin id="350" dir="0" index="0" bw="64" slack="0"/>
<pin id="351" dir="1" index="1" bw="63" slack="1"/>
</pin_list>
<bind>
<opcode="trunc(33) " fcode="trunc"/>
<opset="trunc_ln34/12 "/>
</bind>
</comp>

<comp id="353" class="1004" name="tmp_fu_353">
<pin_list>
<pin id="354" dir="0" index="0" bw="1" slack="0"/>
<pin id="355" dir="0" index="1" bw="64" slack="0"/>
<pin id="356" dir="0" index="2" bw="7" slack="0"/>
<pin id="357" dir="1" index="3" bw="1" slack="1"/>
</pin_list>
<bind>
<opcode="bitselect(1000) " fcode="bitselect"/>
<opset="tmp/12 "/>
</bind>
</comp>

<comp id="361" class="1004" name="tmp_1_fu_361">
<pin_list>
<pin id="362" dir="0" index="0" bw="11" slack="0"/>
<pin id="363" dir="0" index="1" bw="64" slack="0"/>
<pin id="364" dir="0" index="2" bw="7" slack="0"/>
<pin id="365" dir="1" index="3" bw="11" slack="1"/>
</pin_list>
<bind>
<opcode="partselect(1002) " fcode="partselect"/>
<opset="tmp_1/12 "/>
</bind>
</comp>

<comp id="369" class="1004" name="trunc_ln34_1_fu_369">
<pin_list>
<pin id="370" dir="0" index="0" bw="64" slack="0"/>
<pin id="371" dir="1" index="1" bw="52" slack="1"/>
</pin_list>
<bind>
<opcode="trunc(33) " fcode="trunc"/>
<opset="trunc_ln34_1/12 "/>
</bind>
</comp>

<comp id="373" class="1004" name="bitcast_ln35_fu_373">
<pin_list>
<pin id="374" dir="0" index="0" bw="32" slack="1"/>
<pin id="375" dir="1" index="1" bw="32" slack="0"/>
</pin_list>
<bind>
<opcode="bitcast(44) " fcode="bitcast"/>
<opset="bitcast_ln35/12 "/>
</bind>
</comp>

<comp id="378" class="1004" name="bitcast_ln726_2_fu_378">
<pin_list>
<pin id="379" dir="0" index="0" bw="64" slack="0"/>
<pin id="380" dir="1" index="1" bw="64" slack="0"/>
</pin_list>
<bind>
<opcode="bitcast(44) " fcode="bitcast"/>
<opset="bitcast_ln726_2/12 "/>
</bind>
</comp>

<comp id="382" class="1004" name="trunc_ln36_fu_382">
<pin_list>
<pin id="383" dir="0" index="0" bw="64" slack="0"/>
<pin id="384" dir="1" index="1" bw="63" slack="1"/>
</pin_list>
<bind>
<opcode="trunc(33) " fcode="trunc"/>
<opset="trunc_ln36/12 "/>
</bind>
</comp>

<comp id="386" class="1004" name="tmp_3_fu_386">
<pin_list>
<pin id="387" dir="0" index="0" bw="1" slack="0"/>
<pin id="388" dir="0" index="1" bw="64" slack="0"/>
<pin id="389" dir="0" index="2" bw="7" slack="0"/>
<pin id="390" dir="1" index="3" bw="1" slack="1"/>
</pin_list>
<bind>
<opcode="bitselect(1000) " fcode="bitselect"/>
<opset="tmp_3/12 "/>
</bind>
</comp>

<comp id="394" class="1004" name="tmp_s_fu_394">
<pin_list>
<pin id="395" dir="0" index="0" bw="11" slack="0"/>
<pin id="396" dir="0" index="1" bw="64" slack="0"/>
<pin id="397" dir="0" index="2" bw="7" slack="0"/>
<pin id="398" dir="1" index="3" bw="11" slack="1"/>
</pin_list>
<bind>
<opcode="partselect(1002) " fcode="partselect"/>
<opset="tmp_s/12 "/>
</bind>
</comp>

<comp id="402" class="1004" name="trunc_ln36_1_fu_402">
<pin_list>
<pin id="403" dir="0" index="0" bw="64" slack="0"/>
<pin id="404" dir="1" index="1" bw="52" slack="1"/>
</pin_list>
<bind>
<opcode="trunc(33) " fcode="trunc"/>
<opset="trunc_ln36_1/12 "/>
</bind>
</comp>

<comp id="406" class="1004" name="bitcast_ln37_fu_406">
<pin_list>
<pin id="407" dir="0" index="0" bw="32" slack="1"/>
<pin id="408" dir="1" index="1" bw="32" slack="0"/>
</pin_list>
<bind>
<opcode="bitcast(44) " fcode="bitcast"/>
<opset="bitcast_ln37/12 "/>
</bind>
</comp>

<comp id="411" class="1004" name="zext_ln34_fu_411">
<pin_list>
<pin id="412" dir="0" index="0" bw="11" slack="1"/>
<pin id="413" dir="1" index="1" bw="12" slack="0"/>
</pin_list>
<bind>
<opcode="zext(34) " fcode="zext"/>
<opset="zext_ln34/13 "/>
</bind>
</comp>

<comp id="414" class="1004" name="zext_ln34_1_cast_fu_414">
<pin_list>
<pin id="415" dir="0" index="0" bw="53" slack="0"/>
<pin id="416" dir="0" index="1" bw="1" slack="0"/>
<pin id="417" dir="0" index="2" bw="52" slack="1"/>
<pin id="418" dir="1" index="3" bw="53" slack="0"/>
</pin_list>
<bind>
<opcode="bitconcatenate(1004) " fcode="bitconcatenate"/>
<opset="zext_ln34_1_cast/13 "/>
</bind>
</comp>

<comp id="421" class="1004" name="zext_ln34_1_fu_421">
<pin_list>
<pin id="422" dir="0" index="0" bw="53" slack="0"/>
<pin id="423" dir="1" index="1" bw="54" slack="0"/>
</pin_list>
<bind>
<opcode="zext(34) " fcode="zext"/>
<opset="zext_ln34_1/13 "/>
</bind>
</comp>

<comp id="425" class="1004" name="sub_ln34_fu_425">
<pin_list>
<pin id="426" dir="0" index="0" bw="1" slack="0"/>
<pin id="427" dir="0" index="1" bw="53" slack="0"/>
<pin id="428" dir="1" index="2" bw="54" slack="0"/>
</pin_list>
<bind>
<opcode="sub(10) " fcode="sub"/>
<opset="sub_ln34/13 "/>
</bind>
</comp>

<comp id="431" class="1004" name="select_ln34_fu_431">
<pin_list>
<pin id="432" dir="0" index="0" bw="1" slack="1"/>
<pin id="433" dir="0" index="1" bw="54" slack="0"/>
<pin id="434" dir="0" index="2" bw="54" slack="0"/>
<pin id="435" dir="1" index="3" bw="54" slack="0"/>
</pin_list>
<bind>
<opcode="select(49) " fcode="select"/>
<opset="select_ln34/13 "/>
</bind>
</comp>

<comp id="438" class="1004" name="icmp_ln34_fu_438">
<pin_list>
<pin id="439" dir="0" index="0" bw="63" slack="1"/>
<pin id="440" dir="0" index="1" bw="63" slack="0"/>
<pin id="441" dir="1" index="2" bw="1" slack="2"/>
</pin_list>
<bind>
<opcode="icmp(45) " fcode="icmp"/>
<opset="icmp_ln34/13 "/>
</bind>
</comp>

<comp id="443" class="1004" name="sub_ln34_1_fu_443">
<pin_list>
<pin id="444" dir="0" index="0" bw="12" slack="0"/>
<pin id="445" dir="0" index="1" bw="11" slack="0"/>
<pin id="446" dir="1" index="2" bw="12" slack="0"/>
</pin_list>
<bind>
<opcode="sub(10) " fcode="sub"/>
<opset="sub_ln34_1/13 "/>
</bind>
</comp>

<comp id="449" class="1004" name="trunc_ln34_2_fu_449">
<pin_list>
<pin id="450" dir="0" index="0" bw="12" slack="0"/>
<pin id="451" dir="1" index="1" bw="11" slack="0"/>
</pin_list>
<bind>
<opcode="trunc(33) " fcode="trunc"/>
<opset="trunc_ln34_2/13 "/>
</bind>
</comp>

<comp id="453" class="1004" name="icmp_ln34_1_fu_453">
<pin_list>
<pin id="454" dir="0" index="0" bw="12" slack="0"/>
<pin id="455" dir="0" index="1" bw="12" slack="0"/>
<pin id="456" dir="1" index="2" bw="1" slack="0"/>
</pin_list>
<bind>
<opcode="icmp(45) " fcode="icmp"/>
<opset="icmp_ln34_1/13 "/>
</bind>
</comp>

<comp id="459" class="1004" name="add_ln34_1_fu_459">
<pin_list>
<pin id="460" dir="0" index="0" bw="11" slack="0"/>
<pin id="461" dir="0" index="1" bw="5" slack="0"/>
<pin id="462" dir="1" index="2" bw="11" slack="0"/>
</pin_list>
<bind>
<opcode="add(8) " fcode="add"/>
<opset="add_ln34_1/13 "/>
</bind>
</comp>

<comp id="465" class="1004" name="sub_ln34_2_fu_465">
<pin_list>
<pin id="466" dir="0" index="0" bw="6" slack="0"/>
<pin id="467" dir="0" index="1" bw="11" slack="0"/>
<pin id="468" dir="1" index="2" bw="11" slack="0"/>
</pin_list>
<bind>
<opcode="sub(10) " fcode="sub"/>
<opset="sub_ln34_2/13 "/>
</bind>
</comp>

<comp id="471" class="1004" name="select_ln34_1_fu_471">
<pin_list>
<pin id="472" dir="0" index="0" bw="1" slack="0"/>
<pin id="473" dir="0" index="1" bw="11" slack="0"/>
<pin id="474" dir="0" index="2" bw="11" slack="0"/>
<pin id="475" dir="1" index="3" bw="11" slack="1"/>
</pin_list>
<bind>
<opcode="select(49) " fcode="select"/>
<opset="select_ln34_1/13 "/>
</bind>
</comp>

<comp id="479" class="1004" name="icmp_ln34_2_fu_479">
<pin_list>
<pin id="480" dir="0" index="0" bw="12" slack="0"/>
<pin id="481" dir="0" index="1" bw="12" slack="0"/>
<pin id="482" dir="1" index="2" bw="1" slack="2"/>
</pin_list>
<bind>
<opcode="icmp(45) " fcode="icmp"/>
<opset="icmp_ln34_2/13 "/>
</bind>
</comp>

<comp id="485" class="1004" name="trunc_ln34_3_fu_485">
<pin_list>
<pin id="486" dir="0" index="0" bw="54" slack="0"/>
<pin id="487" dir="1" index="1" bw="18" slack="1"/>
</pin_list>
<bind>
<opcode="trunc(33) " fcode="trunc"/>
<opset="trunc_ln34_3/13 "/>
</bind>
</comp>

<comp id="489" class="1004" name="bitcast_ln726_1_fu_489">
<pin_list>
<pin id="490" dir="0" index="0" bw="64" slack="0"/>
<pin id="491" dir="1" index="1" bw="64" slack="0"/>
</pin_list>
<bind>
<opcode="bitcast(44) " fcode="bitcast"/>
<opset="bitcast_ln726_1/13 "/>
</bind>
</comp>

<comp id="493" class="1004" name="trunc_ln35_fu_493">
<pin_list>
<pin id="494" dir="0" index="0" bw="64" slack="0"/>
<pin id="495" dir="1" index="1" bw="63" slack="1"/>
</pin_list>
<bind>
<opcode="trunc(33) " fcode="trunc"/>
<opset="trunc_ln35/13 "/>
</bind>
</comp>

<comp id="497" class="1004" name="tmp_2_fu_497">
<pin_list>
<pin id="498" dir="0" index="0" bw="1" slack="0"/>
<pin id="499" dir="0" index="1" bw="64" slack="0"/>
<pin id="500" dir="0" index="2" bw="7" slack="0"/>
<pin id="501" dir="1" index="3" bw="1" slack="1"/>
</pin_list>
<bind>
<opcode="bitselect(1000) " fcode="bitselect"/>
<opset="tmp_2/13 "/>
</bind>
</comp>

<comp id="505" class="1004" name="tmp_9_fu_505">
<pin_list>
<pin id="506" dir="0" index="0" bw="11" slack="0"/>
<pin id="507" dir="0" index="1" bw="64" slack="0"/>
<pin id="508" dir="0" index="2" bw="7" slack="0"/>
<pin id="509" dir="1" index="3" bw="11" slack="1"/>
</pin_list>
<bind>
<opcode="partselect(1002) " fcode="partselect"/>
<opset="tmp_9/13 "/>
</bind>
</comp>

<comp id="513" class="1004" name="trunc_ln35_1_fu_513">
<pin_list>
<pin id="514" dir="0" index="0" bw="64" slack="0"/>
<pin id="515" dir="1" index="1" bw="52" slack="1"/>
</pin_list>
<bind>
<opcode="trunc(33) " fcode="trunc"/>
<opset="trunc_ln35_1/13 "/>
</bind>
</comp>

<comp id="517" class="1004" name="zext_ln36_fu_517">
<pin_list>
<pin id="518" dir="0" index="0" bw="11" slack="1"/>
<pin id="519" dir="1" index="1" bw="12" slack="0"/>
</pin_list>
<bind>
<opcode="zext(34) " fcode="zext"/>
<opset="zext_ln36/13 "/>
</bind>
</comp>

<comp id="520" class="1004" name="zext_ln36_1_cast_fu_520">
<pin_list>
<pin id="521" dir="0" index="0" bw="53" slack="0"/>
<pin id="522" dir="0" index="1" bw="1" slack="0"/>
<pin id="523" dir="0" index="2" bw="52" slack="1"/>
<pin id="524" dir="1" index="3" bw="53" slack="0"/>
</pin_list>
<bind>
<opcode="bitconcatenate(1004) " fcode="bitconcatenate"/>
<opset="zext_ln36_1_cast/13 "/>
</bind>
</comp>

<comp id="527" class="1004" name="zext_ln36_1_fu_527">
<pin_list>
<pin id="528" dir="0" index="0" bw="53" slack="0"/>
<pin id="529" dir="1" index="1" bw="54" slack="0"/>
</pin_list>
<bind>
<opcode="zext(34) " fcode="zext"/>
<opset="zext_ln36_1/13 "/>
</bind>
</comp>

<comp id="531" class="1004" name="sub_ln36_fu_531">
<pin_list>
<pin id="532" dir="0" index="0" bw="1" slack="0"/>
<pin id="533" dir="0" index="1" bw="53" slack="0"/>
<pin id="534" dir="1" index="2" bw="54" slack="0"/>
</pin_list>
<bind>
<opcode="sub(10) " fcode="sub"/>
<opset="sub_ln36/13 "/>
</bind>
</comp>

<comp id="537" class="1004" name="select_ln36_fu_537">
<pin_list>
<pin id="538" dir="0" index="0" bw="1" slack="1"/>
<pin id="539" dir="0" index="1" bw="54" slack="0"/>
<pin id="540" dir="0" index="2" bw="54" slack="0"/>
<pin id="541" dir="1" index="3" bw="54" slack="0"/>
</pin_list>
<bind>
<opcode="select(49) " fcode="select"/>
<opset="select_ln36/13 "/>
</bind>
</comp>

<comp id="544" class="1004" name="icmp_ln36_fu_544">
<pin_list>
<pin id="545" dir="0" index="0" bw="63" slack="1"/>
<pin id="546" dir="0" index="1" bw="63" slack="0"/>
<pin id="547" dir="1" index="2" bw="1" slack="2"/>
</pin_list>
<bind>
<opcode="icmp(45) " fcode="icmp"/>
<opset="icmp_ln36/13 "/>
</bind>
</comp>

<comp id="549" class="1004" name="sub_ln36_1_fu_549">
<pin_list>
<pin id="550" dir="0" index="0" bw="12" slack="0"/>
<pin id="551" dir="0" index="1" bw="11" slack="0"/>
<pin id="552" dir="1" index="2" bw="12" slack="0"/>
</pin_list>
<bind>
<opcode="sub(10) " fcode="sub"/>
<opset="sub_ln36_1/13 "/>
</bind>
</comp>

<comp id="555" class="1004" name="trunc_ln36_2_fu_555">
<pin_list>
<pin id="556" dir="0" index="0" bw="12" slack="0"/>
<pin id="557" dir="1" index="1" bw="11" slack="0"/>
</pin_list>
<bind>
<opcode="trunc(33) " fcode="trunc"/>
<opset="trunc_ln36_2/13 "/>
</bind>
</comp>

<comp id="559" class="1004" name="icmp_ln36_1_fu_559">
<pin_list>
<pin id="560" dir="0" index="0" bw="12" slack="0"/>
<pin id="561" dir="0" index="1" bw="12" slack="0"/>
<pin id="562" dir="1" index="2" bw="1" slack="0"/>
</pin_list>
<bind>
<opcode="icmp(45) " fcode="icmp"/>
<opset="icmp_ln36_1/13 "/>
</bind>
</comp>

<comp id="565" class="1004" name="add_ln36_1_fu_565">
<pin_list>
<pin id="566" dir="0" index="0" bw="11" slack="0"/>
<pin id="567" dir="0" index="1" bw="5" slack="0"/>
<pin id="568" dir="1" index="2" bw="11" slack="0"/>
</pin_list>
<bind>
<opcode="add(8) " fcode="add"/>
<opset="add_ln36_1/13 "/>
</bind>
</comp>

<comp id="571" class="1004" name="sub_ln36_2_fu_571">
<pin_list>
<pin id="572" dir="0" index="0" bw="6" slack="0"/>
<pin id="573" dir="0" index="1" bw="11" slack="0"/>
<pin id="574" dir="1" index="2" bw="11" slack="0"/>
</pin_list>
<bind>
<opcode="sub(10) " fcode="sub"/>
<opset="sub_ln36_2/13 "/>
</bind>
</comp>

<comp id="577" class="1004" name="select_ln36_1_fu_577">
<pin_list>
<pin id="578" dir="0" index="0" bw="1" slack="0"/>
<pin id="579" dir="0" index="1" bw="11" slack="0"/>
<pin id="580" dir="0" index="2" bw="11" slack="0"/>
<pin id="581" dir="1" index="3" bw="11" slack="1"/>
</pin_list>
<bind>
<opcode="select(49) " fcode="select"/>
<opset="select_ln36_1/13 "/>
</bind>
</comp>

<comp id="585" class="1004" name="icmp_ln36_2_fu_585">
<pin_list>
<pin id="586" dir="0" index="0" bw="12" slack="0"/>
<pin id="587" dir="0" index="1" bw="12" slack="0"/>
<pin id="588" dir="1" index="2" bw="1" slack="2"/>
</pin_list>
<bind>
<opcode="icmp(45) " fcode="icmp"/>
<opset="icmp_ln36_2/13 "/>
</bind>
</comp>

<comp id="591" class="1004" name="trunc_ln36_3_fu_591">
<pin_list>
<pin id="592" dir="0" index="0" bw="54" slack="0"/>
<pin id="593" dir="1" index="1" bw="18" slack="1"/>
</pin_list>
<bind>
<opcode="trunc(33) " fcode="trunc"/>
<opset="trunc_ln36_3/13 "/>
</bind>
</comp>

<comp id="595" class="1004" name="bitcast_ln726_3_fu_595">
<pin_list>
<pin id="596" dir="0" index="0" bw="64" slack="0"/>
<pin id="597" dir="1" index="1" bw="64" slack="0"/>
</pin_list>
<bind>
<opcode="bitcast(44) " fcode="bitcast"/>
<opset="bitcast_ln726_3/13 "/>
</bind>
</comp>

<comp id="599" class="1004" name="trunc_ln37_fu_599">
<pin_list>
<pin id="600" dir="0" index="0" bw="64" slack="0"/>
<pin id="601" dir="1" index="1" bw="63" slack="1"/>
</pin_list>
<bind>
<opcode="trunc(33) " fcode="trunc"/>
<opset="trunc_ln37/13 "/>
</bind>
</comp>

<comp id="603" class="1004" name="tmp_4_fu_603">
<pin_list>
<pin id="604" dir="0" index="0" bw="1" slack="0"/>
<pin id="605" dir="0" index="1" bw="64" slack="0"/>
<pin id="606" dir="0" index="2" bw="7" slack="0"/>
<pin id="607" dir="1" index="3" bw="1" slack="1"/>
</pin_list>
<bind>
<opcode="bitselect(1000) " fcode="bitselect"/>
<opset="tmp_4/13 "/>
</bind>
</comp>

<comp id="611" class="1004" name="tmp_5_fu_611">
<pin_list>
<pin id="612" dir="0" index="0" bw="11" slack="0"/>
<pin id="613" dir="0" index="1" bw="64" slack="0"/>
<pin id="614" dir="0" index="2" bw="7" slack="0"/>
<pin id="615" dir="1" index="3" bw="11" slack="1"/>
</pin_list>
<bind>
<opcode="partselect(1002) " fcode="partselect"/>
<opset="tmp_5/13 "/>
</bind>
</comp>

<comp id="619" class="1004" name="trunc_ln37_1_fu_619">
<pin_list>
<pin id="620" dir="0" index="0" bw="64" slack="0"/>
<pin id="621" dir="1" index="1" bw="52" slack="1"/>
</pin_list>
<bind>
<opcode="trunc(33) " fcode="trunc"/>
<opset="trunc_ln37_1/13 "/>
</bind>
</comp>

<comp id="623" class="1004" name="icmp_ln34_3_fu_623">
<pin_list>
<pin id="624" dir="0" index="0" bw="11" slack="1"/>
<pin id="625" dir="0" index="1" bw="11" slack="0"/>
<pin id="626" dir="1" index="2" bw="1" slack="0"/>
</pin_list>
<bind>
<opcode="icmp(45) " fcode="icmp"/>
<opset="icmp_ln34_3/14 "/>
</bind>
</comp>

<comp id="628" class="1004" name="select_ln34_4_fu_628">
<pin_list>
<pin id="629" dir="0" index="0" bw="1" slack="2"/>
<pin id="630" dir="0" index="1" bw="18" slack="0"/>
<pin id="631" dir="0" index="2" bw="18" slack="0"/>
<pin id="632" dir="1" index="3" bw="18" slack="0"/>
</pin_list>
<bind>
<opcode="select(49) " fcode="select"/>
<opset="select_ln34_4/14 "/>
</bind>
</comp>

<comp id="635" class="1004" name="zext_ln34_2_fu_635">
<pin_list>
<pin id="636" dir="0" index="0" bw="11" slack="1"/>
<pin id="637" dir="1" index="1" bw="54" slack="0"/>
</pin_list>
<bind>
<opcode="zext(34) " fcode="zext"/>
<opset="zext_ln34_2/14 "/>
</bind>
</comp>

<comp id="638" class="1004" name="ashr_ln34_fu_638">
<pin_list>
<pin id="639" dir="0" index="0" bw="54" slack="1"/>
<pin id="640" dir="0" index="1" bw="11" slack="0"/>
<pin id="641" dir="1" index="2" bw="54" slack="0"/>
</pin_list>
<bind>
<opcode="ashr(22) " fcode="ashr"/>
<opset="ashr_ln34/14 "/>
</bind>
</comp>

<comp id="643" class="1004" name="trunc_ln34_4_fu_643">
<pin_list>
<pin id="644" dir="0" index="0" bw="54" slack="0"/>
<pin id="645" dir="1" index="1" bw="18" slack="0"/>
</pin_list>
<bind>
<opcode="trunc(33) " fcode="trunc"/>
<opset="trunc_ln34_4/14 "/>
</bind>
</comp>

<comp id="647" class="1004" name="select_ln34_2_fu_647">
<pin_list>
<pin id="648" dir="0" index="0" bw="1" slack="0"/>
<pin id="649" dir="0" index="1" bw="18" slack="0"/>
<pin id="650" dir="0" index="2" bw="18" slack="0"/>
<pin id="651" dir="1" index="3" bw="18" slack="1"/>
</pin_list>
<bind>
<opcode="select(49) " fcode="select"/>
<opset="select_ln34_2/14 "/>
</bind>
</comp>

<comp id="655" class="1004" name="icmp_ln34_4_fu_655">
<pin_list>
<pin id="656" dir="0" index="0" bw="11" slack="1"/>
<pin id="657" dir="0" index="1" bw="11" slack="0"/>
<pin id="658" dir="1" index="2" bw="1" slack="0"/>
</pin_list>
<bind>
<opcode="icmp(45) " fcode="icmp"/>
<opset="icmp_ln34_4/14 "/>
</bind>
</comp>

<comp id="660" class="1004" name="select_ln34_1cast_fu_660">
<pin_list>
<pin id="661" dir="0" index="0" bw="11" slack="1"/>
<pin id="662" dir="1" index="1" bw="18" slack="0"/>
</pin_list>
<bind>
<opcode="zext(34) " fcode="zext"/>
<opset="select_ln34_1cast/14 "/>
</bind>
</comp>

<comp id="663" class="1004" name="shl_ln34_fu_663">
<pin_list>
<pin id="664" dir="0" index="0" bw="18" slack="1"/>
<pin id="665" dir="0" index="1" bw="11" slack="0"/>
<pin id="666" dir="1" index="2" bw="18" slack="0"/>
</pin_list>
<bind>
<opcode="shl(20) " fcode="shl"/>
<opset="shl_ln34/14 "/>
</bind>
</comp>

<comp id="668" class="1004" name="select_ln34_3_fu_668">
<pin_list>
<pin id="669" dir="0" index="0" bw="1" slack="0"/>
<pin id="670" dir="0" index="1" bw="18" slack="0"/>
<pin id="671" dir="0" index="2" bw="18" slack="0"/>
<pin id="672" dir="1" index="3" bw="18" slack="1"/>
</pin_list>
<bind>
<opcode="select(49) " fcode="select"/>
<opset="select_ln34_3/14 "/>
</bind>
</comp>

<comp id="676" class="1004" name="zext_ln35_fu_676">
<pin_list>
<pin id="677" dir="0" index="0" bw="11" slack="1"/>
<pin id="678" dir="1" index="1" bw="12" slack="0"/>
</pin_list>
<bind>
<opcode="zext(34) " fcode="zext"/>
<opset="zext_ln35/14 "/>
</bind>
</comp>

<comp id="679" class="1004" name="zext_ln35_1_cast_fu_679">
<pin_list>
<pin id="680" dir="0" index="0" bw="53" slack="0"/>
<pin id="681" dir="0" index="1" bw="1" slack="0"/>
<pin id="682" dir="0" index="2" bw="52" slack="1"/>
<pin id="683" dir="1" index="3" bw="53" slack="0"/>
</pin_list>
<bind>
<opcode="bitconcatenate(1004) " fcode="bitconcatenate"/>
<opset="zext_ln35_1_cast/14 "/>
</bind>
</comp>

<comp id="686" class="1004" name="zext_ln35_1_fu_686">
<pin_list>
<pin id="687" dir="0" index="0" bw="53" slack="0"/>
<pin id="688" dir="1" index="1" bw="54" slack="0"/>
</pin_list>
<bind>
<opcode="zext(34) " fcode="zext"/>
<opset="zext_ln35_1/14 "/>
</bind>
</comp>

<comp id="690" class="1004" name="sub_ln35_fu_690">
<pin_list>
<pin id="691" dir="0" index="0" bw="1" slack="0"/>
<pin id="692" dir="0" index="1" bw="53" slack="0"/>
<pin id="693" dir="1" index="2" bw="54" slack="0"/>
</pin_list>
<bind>
<opcode="sub(10) " fcode="sub"/>
<opset="sub_ln35/14 "/>
</bind>
</comp>

<comp id="696" class="1004" name="select_ln35_fu_696">
<pin_list>
<pin id="697" dir="0" index="0" bw="1" slack="1"/>
<pin id="698" dir="0" index="1" bw="54" slack="0"/>
<pin id="699" dir="0" index="2" bw="54" slack="0"/>
<pin id="700" dir="1" index="3" bw="54" slack="0"/>
</pin_list>
<bind>
<opcode="select(49) " fcode="select"/>
<opset="select_ln35/14 "/>
</bind>
</comp>

<comp id="703" class="1004" name="icmp_ln35_fu_703">
<pin_list>
<pin id="704" dir="0" index="0" bw="63" slack="1"/>
<pin id="705" dir="0" index="1" bw="63" slack="0"/>
<pin id="706" dir="1" index="2" bw="1" slack="0"/>
</pin_list>
<bind>
<opcode="icmp(45) " fcode="icmp"/>
<opset="icmp_ln35/14 "/>
</bind>
</comp>

<comp id="708" class="1004" name="sub_ln35_1_fu_708">
<pin_list>
<pin id="709" dir="0" index="0" bw="12" slack="0"/>
<pin id="710" dir="0" index="1" bw="11" slack="0"/>
<pin id="711" dir="1" index="2" bw="12" slack="0"/>
</pin_list>
<bind>
<opcode="sub(10) " fcode="sub"/>
<opset="sub_ln35_1/14 "/>
</bind>
</comp>

<comp id="714" class="1004" name="trunc_ln35_2_fu_714">
<pin_list>
<pin id="715" dir="0" index="0" bw="12" slack="0"/>
<pin id="716" dir="1" index="1" bw="11" slack="0"/>
</pin_list>
<bind>
<opcode="trunc(33) " fcode="trunc"/>
<opset="trunc_ln35_2/14 "/>
</bind>
</comp>

<comp id="718" class="1004" name="icmp_ln35_1_fu_718">
<pin_list>
<pin id="719" dir="0" index="0" bw="12" slack="0"/>
<pin id="720" dir="0" index="1" bw="12" slack="0"/>
<pin id="721" dir="1" index="2" bw="1" slack="0"/>
</pin_list>
<bind>
<opcode="icmp(45) " fcode="icmp"/>
<opset="icmp_ln35_1/14 "/>
</bind>
</comp>

<comp id="724" class="1004" name="add_ln35_1_fu_724">
<pin_list>
<pin id="725" dir="0" index="0" bw="11" slack="0"/>
<pin id="726" dir="0" index="1" bw="5" slack="0"/>
<pin id="727" dir="1" index="2" bw="11" slack="0"/>
</pin_list>
<bind>
<opcode="add(8) " fcode="add"/>
<opset="add_ln35_1/14 "/>
</bind>
</comp>

<comp id="730" class="1004" name="sub_ln35_2_fu_730">
<pin_list>
<pin id="731" dir="0" index="0" bw="6" slack="0"/>
<pin id="732" dir="0" index="1" bw="11" slack="0"/>
<pin id="733" dir="1" index="2" bw="11" slack="0"/>
</pin_list>
<bind>
<opcode="sub(10) " fcode="sub"/>
<opset="sub_ln35_2/14 "/>
</bind>
</comp>

<comp id="736" class="1004" name="select_ln35_1_fu_736">
<pin_list>
<pin id="737" dir="0" index="0" bw="1" slack="0"/>
<pin id="738" dir="0" index="1" bw="11" slack="0"/>
<pin id="739" dir="0" index="2" bw="11" slack="0"/>
<pin id="740" dir="1" index="3" bw="11" slack="1"/>
</pin_list>
<bind>
<opcode="select(49) " fcode="select"/>
<opset="select_ln35_1/14 "/>
</bind>
</comp>

<comp id="744" class="1004" name="icmp_ln35_2_fu_744">
<pin_list>
<pin id="745" dir="0" index="0" bw="12" slack="0"/>
<pin id="746" dir="0" index="1" bw="12" slack="0"/>
<pin id="747" dir="1" index="2" bw="1" slack="0"/>
</pin_list>
<bind>
<opcode="icmp(45) " fcode="icmp"/>
<opset="icmp_ln35_2/14 "/>
</bind>
</comp>

<comp id="750" class="1004" name="trunc_ln35_3_fu_750">
<pin_list>
<pin id="751" dir="0" index="0" bw="54" slack="0"/>
<pin id="752" dir="1" index="1" bw="18" slack="1"/>
</pin_list>
<bind>
<opcode="trunc(33) " fcode="trunc"/>
<opset="trunc_ln35_3/14 "/>
</bind>
</comp>

<comp id="754" class="1004" name="or_ln35_fu_754">
<pin_list>
<pin id="755" dir="0" index="0" bw="1" slack="0"/>
<pin id="756" dir="0" index="1" bw="1" slack="0"/>
<pin id="757" dir="1" index="2" bw="1" slack="0"/>
</pin_list>
<bind>
<opcode="or(24) " fcode="or"/>
<opset="or_ln35/14 "/>
</bind>
</comp>

<comp id="760" class="1004" name="xor_ln35_1_fu_760">
<pin_list>
<pin id="761" dir="0" index="0" bw="1" slack="0"/>
<pin id="762" dir="0" index="1" bw="1" slack="0"/>
<pin id="763" dir="1" index="2" bw="1" slack="0"/>
</pin_list>
<bind>
<opcode="xor(25) " fcode="xor"/>
<opset="xor_ln35_1/14 "/>
</bind>
</comp>

<comp id="766" class="1004" name="and_ln35_1_fu_766">
<pin_list>
<pin id="767" dir="0" index="0" bw="1" slack="0"/>
<pin id="768" dir="0" index="1" bw="1" slack="0"/>
<pin id="769" dir="1" index="2" bw="1" slack="2"/>
</pin_list>
<bind>
<opcode="and(23) " fcode="and"/>
<opset="and_ln35_1/14 "/>
</bind>
</comp>

<comp id="772" class="1004" name="icmp_ln36_3_fu_772">
<pin_list>
<pin id="773" dir="0" index="0" bw="11" slack="1"/>
<pin id="774" dir="0" index="1" bw="11" slack="0"/>
<pin id="775" dir="1" index="2" bw="1" slack="0"/>
</pin_list>
<bind>
<opcode="icmp(45) " fcode="icmp"/>
<opset="icmp_ln36_3/14 "/>
</bind>
</comp>

<comp id="777" class="1004" name="select_ln36_4_fu_777">
<pin_list>
<pin id="778" dir="0" index="0" bw="1" slack="2"/>
<pin id="779" dir="0" index="1" bw="18" slack="0"/>
<pin id="780" dir="0" index="2" bw="18" slack="0"/>
<pin id="781" dir="1" index="3" bw="18" slack="0"/>
</pin_list>
<bind>
<opcode="select(49) " fcode="select"/>
<opset="select_ln36_4/14 "/>
</bind>
</comp>

<comp id="784" class="1004" name="zext_ln36_2_fu_784">
<pin_list>
<pin id="785" dir="0" index="0" bw="11" slack="1"/>
<pin id="786" dir="1" index="1" bw="54" slack="0"/>
</pin_list>
<bind>
<opcode="zext(34) " fcode="zext"/>
<opset="zext_ln36_2/14 "/>
</bind>
</comp>

<comp id="787" class="1004" name="ashr_ln36_fu_787">
<pin_list>
<pin id="788" dir="0" index="0" bw="54" slack="1"/>
<pin id="789" dir="0" index="1" bw="11" slack="0"/>
<pin id="790" dir="1" index="2" bw="54" slack="0"/>
</pin_list>
<bind>
<opcode="ashr(22) " fcode="ashr"/>
<opset="ashr_ln36/14 "/>
</bind>
</comp>

<comp id="792" class="1004" name="trunc_ln36_4_fu_792">
<pin_list>
<pin id="793" dir="0" index="0" bw="54" slack="0"/>
<pin id="794" dir="1" index="1" bw="18" slack="0"/>
</pin_list>
<bind>
<opcode="trunc(33) " fcode="trunc"/>
<opset="trunc_ln36_4/14 "/>
</bind>
</comp>

<comp id="796" class="1004" name="select_ln36_2_fu_796">
<pin_list>
<pin id="797" dir="0" index="0" bw="1" slack="0"/>
<pin id="798" dir="0" index="1" bw="18" slack="0"/>
<pin id="799" dir="0" index="2" bw="18" slack="0"/>
<pin id="800" dir="1" index="3" bw="18" slack="1"/>
</pin_list>
<bind>
<opcode="select(49) " fcode="select"/>
<opset="select_ln36_2/14 "/>
</bind>
</comp>

<comp id="804" class="1004" name="icmp_ln36_4_fu_804">
<pin_list>
<pin id="805" dir="0" index="0" bw="11" slack="1"/>
<pin id="806" dir="0" index="1" bw="11" slack="0"/>
<pin id="807" dir="1" index="2" bw="1" slack="0"/>
</pin_list>
<bind>
<opcode="icmp(45) " fcode="icmp"/>
<opset="icmp_ln36_4/14 "/>
</bind>
</comp>

<comp id="809" class="1004" name="select_ln36_1cast_fu_809">
<pin_list>
<pin id="810" dir="0" index="0" bw="11" slack="1"/>
<pin id="811" dir="1" index="1" bw="18" slack="0"/>
</pin_list>
<bind>
<opcode="zext(34) " fcode="zext"/>
<opset="select_ln36_1cast/14 "/>
</bind>
</comp>

<comp id="812" class="1004" name="shl_ln36_fu_812">
<pin_list>
<pin id="813" dir="0" index="0" bw="18" slack="1"/>
<pin id="814" dir="0" index="1" bw="11" slack="0"/>
<pin id="815" dir="1" index="2" bw="18" slack="0"/>
</pin_list>
<bind>
<opcode="shl(20) " fcode="shl"/>
<opset="shl_ln36/14 "/>
</bind>
</comp>

<comp id="817" class="1004" name="select_ln36_3_fu_817">
<pin_list>
<pin id="818" dir="0" index="0" bw="1" slack="0"/>
<pin id="819" dir="0" index="1" bw="18" slack="0"/>
<pin id="820" dir="0" index="2" bw="18" slack="0"/>
<pin id="821" dir="1" index="3" bw="18" slack="1"/>
</pin_list>
<bind>
<opcode="select(49) " fcode="select"/>
<opset="select_ln36_3/14 "/>
</bind>
</comp>

<comp id="825" class="1004" name="zext_ln37_fu_825">
<pin_list>
<pin id="826" dir="0" index="0" bw="11" slack="1"/>
<pin id="827" dir="1" index="1" bw="12" slack="0"/>
</pin_list>
<bind>
<opcode="zext(34) " fcode="zext"/>
<opset="zext_ln37/14 "/>
</bind>
</comp>

<comp id="828" class="1004" name="zext_ln37_1_cast_fu_828">
<pin_list>
<pin id="829" dir="0" index="0" bw="53" slack="0"/>
<pin id="830" dir="0" index="1" bw="1" slack="0"/>
<pin id="831" dir="0" index="2" bw="52" slack="1"/>
<pin id="832" dir="1" index="3" bw="53" slack="0"/>
</pin_list>
<bind>
<opcode="bitconcatenate(1004) " fcode="bitconcatenate"/>
<opset="zext_ln37_1_cast/14 "/>
</bind>
</comp>

<comp id="835" class="1004" name="zext_ln37_1_fu_835">
<pin_list>
<pin id="836" dir="0" index="0" bw="53" slack="0"/>
<pin id="837" dir="1" index="1" bw="54" slack="0"/>
</pin_list>
<bind>
<opcode="zext(34) " fcode="zext"/>
<opset="zext_ln37_1/14 "/>
</bind>
</comp>

<comp id="839" class="1004" name="sub_ln37_fu_839">
<pin_list>
<pin id="840" dir="0" index="0" bw="1" slack="0"/>
<pin id="841" dir="0" index="1" bw="53" slack="0"/>
<pin id="842" dir="1" index="2" bw="54" slack="0"/>
</pin_list>
<bind>
<opcode="sub(10) " fcode="sub"/>
<opset="sub_ln37/14 "/>
</bind>
</comp>

<comp id="845" class="1004" name="select_ln37_fu_845">
<pin_list>
<pin id="846" dir="0" index="0" bw="1" slack="1"/>
<pin id="847" dir="0" index="1" bw="54" slack="0"/>
<pin id="848" dir="0" index="2" bw="54" slack="0"/>
<pin id="849" dir="1" index="3" bw="54" slack="0"/>
</pin_list>
<bind>
<opcode="select(49) " fcode="select"/>
<opset="select_ln37/14 "/>
</bind>
</comp>

<comp id="852" class="1004" name="icmp_ln37_fu_852">
<pin_list>
<pin id="853" dir="0" index="0" bw="63" slack="1"/>
<pin id="854" dir="0" index="1" bw="63" slack="0"/>
<pin id="855" dir="1" index="2" bw="1" slack="2"/>
</pin_list>
<bind>
<opcode="icmp(45) " fcode="icmp"/>
<opset="icmp_ln37/14 "/>
</bind>
</comp>

<comp id="857" class="1004" name="sub_ln37_1_fu_857">
<pin_list>
<pin id="858" dir="0" index="0" bw="12" slack="0"/>
<pin id="859" dir="0" index="1" bw="11" slack="0"/>
<pin id="860" dir="1" index="2" bw="12" slack="0"/>
</pin_list>
<bind>
<opcode="sub(10) " fcode="sub"/>
<opset="sub_ln37_1/14 "/>
</bind>
</comp>

<comp id="863" class="1004" name="trunc_ln37_2_fu_863">
<pin_list>
<pin id="864" dir="0" index="0" bw="12" slack="0"/>
<pin id="865" dir="1" index="1" bw="11" slack="0"/>
</pin_list>
<bind>
<opcode="trunc(33) " fcode="trunc"/>
<opset="trunc_ln37_2/14 "/>
</bind>
</comp>

<comp id="867" class="1004" name="icmp_ln37_1_fu_867">
<pin_list>
<pin id="868" dir="0" index="0" bw="12" slack="0"/>
<pin id="869" dir="0" index="1" bw="12" slack="0"/>
<pin id="870" dir="1" index="2" bw="1" slack="0"/>
</pin_list>
<bind>
<opcode="icmp(45) " fcode="icmp"/>
<opset="icmp_ln37_1/14 "/>
</bind>
</comp>

<comp id="873" class="1004" name="add_ln37_1_fu_873">
<pin_list>
<pin id="874" dir="0" index="0" bw="11" slack="0"/>
<pin id="875" dir="0" index="1" bw="5" slack="0"/>
<pin id="876" dir="1" index="2" bw="11" slack="0"/>
</pin_list>
<bind>
<opcode="add(8) " fcode="add"/>
<opset="add_ln37_1/14 "/>
</bind>
</comp>

<comp id="879" class="1004" name="sub_ln37_2_fu_879">
<pin_list>
<pin id="880" dir="0" index="0" bw="6" slack="0"/>
<pin id="881" dir="0" index="1" bw="11" slack="0"/>
<pin id="882" dir="1" index="2" bw="11" slack="0"/>
</pin_list>
<bind>
<opcode="sub(10) " fcode="sub"/>
<opset="sub_ln37_2/14 "/>
</bind>
</comp>

<comp id="885" class="1004" name="select_ln37_1_fu_885">
<pin_list>
<pin id="886" dir="0" index="0" bw="1" slack="0"/>
<pin id="887" dir="0" index="1" bw="11" slack="0"/>
<pin id="888" dir="0" index="2" bw="11" slack="0"/>
<pin id="889" dir="1" index="3" bw="11" slack="1"/>
</pin_list>
<bind>
<opcode="select(49) " fcode="select"/>
<opset="select_ln37_1/14 "/>
</bind>
</comp>

<comp id="893" class="1004" name="icmp_ln37_2_fu_893">
<pin_list>
<pin id="894" dir="0" index="0" bw="12" slack="0"/>
<pin id="895" dir="0" index="1" bw="12" slack="0"/>
<pin id="896" dir="1" index="2" bw="1" slack="2"/>
</pin_list>
<bind>
<opcode="icmp(45) " fcode="icmp"/>
<opset="icmp_ln37_2/14 "/>
</bind>
</comp>

<comp id="899" class="1004" name="trunc_ln37_3_fu_899">
<pin_list>
<pin id="900" dir="0" index="0" bw="54" slack="0"/>
<pin id="901" dir="1" index="1" bw="18" slack="1"/>
</pin_list>
<bind>
<opcode="trunc(33) " fcode="trunc"/>
<opset="trunc_ln37_3/14 "/>
</bind>
</comp>

<comp id="903" class="1004" name="xor_ln34_fu_903">
<pin_list>
<pin id="904" dir="0" index="0" bw="1" slack="2"/>
<pin id="905" dir="0" index="1" bw="1" slack="0"/>
<pin id="906" dir="1" index="2" bw="1" slack="0"/>
</pin_list>
<bind>
<opcode="xor(25) " fcode="xor"/>
<opset="xor_ln34/15 "/>
</bind>
</comp>

<comp id="908" class="1004" name="and_ln34_fu_908">
<pin_list>
<pin id="909" dir="0" index="0" bw="1" slack="2"/>
<pin id="910" dir="0" index="1" bw="1" slack="0"/>
<pin id="911" dir="1" index="2" bw="1" slack="0"/>
</pin_list>
<bind>
<opcode="and(23) " fcode="and"/>
<opset="and_ln34/15 "/>
</bind>
</comp>

<comp id="913" class="1004" name="or_ln34_fu_913">
<pin_list>
<pin id="914" dir="0" index="0" bw="1" slack="2"/>
<pin id="915" dir="0" index="1" bw="1" slack="2"/>
<pin id="916" dir="1" index="2" bw="1" slack="0"/>
</pin_list>
<bind>
<opcode="or(24) " fcode="or"/>
<opset="or_ln34/15 "/>
</bind>
</comp>

<comp id="917" class="1004" name="xor_ln34_1_fu_917">
<pin_list>
<pin id="918" dir="0" index="0" bw="1" slack="0"/>
<pin id="919" dir="0" index="1" bw="1" slack="0"/>
<pin id="920" dir="1" index="2" bw="1" slack="0"/>
</pin_list>
<bind>
<opcode="xor(25) " fcode="xor"/>
<opset="xor_ln34_1/15 "/>
</bind>
</comp>

<comp id="923" class="1004" name="and_ln34_1_fu_923">
<pin_list>
<pin id="924" dir="0" index="0" bw="1" slack="2"/>
<pin id="925" dir="0" index="1" bw="1" slack="0"/>
<pin id="926" dir="1" index="2" bw="1" slack="0"/>
</pin_list>
<bind>
<opcode="and(23) " fcode="and"/>
<opset="and_ln34_1/15 "/>
</bind>
</comp>

<comp id="928" class="1004" name="sel_tmp6_fu_928">
<pin_list>
<pin id="929" dir="0" index="0" bw="3" slack="0"/>
<pin id="930" dir="0" index="1" bw="1" slack="2"/>
<pin id="931" dir="0" index="2" bw="1" slack="0"/>
<pin id="932" dir="0" index="3" bw="1" slack="0"/>
<pin id="933" dir="1" index="4" bw="3" slack="0"/>
</pin_list>
<bind>
<opcode="bitconcatenate(1004) " fcode="bitconcatenate"/>
<opset="sel_tmp6/15 "/>
</bind>
</comp>

<comp id="937" class="1004" name="a_fu_937">
<pin_list>
<pin id="938" dir="0" index="0" bw="18" slack="0"/>
<pin id="939" dir="0" index="1" bw="3" slack="0"/>
<pin id="940" dir="0" index="2" bw="18" slack="0"/>
<pin id="941" dir="0" index="3" bw="3" slack="0"/>
<pin id="942" dir="0" index="4" bw="18" slack="2"/>
<pin id="943" dir="0" index="5" bw="3" slack="0"/>
<pin id="944" dir="0" index="6" bw="18" slack="1"/>
<pin id="945" dir="0" index="7" bw="3" slack="0"/>
<pin id="946" dir="0" index="8" bw="18" slack="1"/>
<pin id="947" dir="0" index="9" bw="18" slack="0"/>
<pin id="948" dir="0" index="10" bw="3" slack="0"/>
<pin id="949" dir="1" index="11" bw="18" slack="1"/>
</pin_list>
<bind>
<opcode="sparsemux(1197) " fcode="sparsemux"/>
<opset="a/15 "/>
</bind>
</comp>

<comp id="958" class="1004" name="icmp_ln35_3_fu_958">
<pin_list>
<pin id="959" dir="0" index="0" bw="11" slack="1"/>
<pin id="960" dir="0" index="1" bw="11" slack="0"/>
<pin id="961" dir="1" index="2" bw="1" slack="0"/>
</pin_list>
<bind>
<opcode="icmp(45) " fcode="icmp"/>
<opset="icmp_ln35_3/15 "/>
</bind>
</comp>

<comp id="963" class="1004" name="select_ln35_4_fu_963">
<pin_list>
<pin id="964" dir="0" index="0" bw="1" slack="2"/>
<pin id="965" dir="0" index="1" bw="18" slack="0"/>
<pin id="966" dir="0" index="2" bw="18" slack="0"/>
<pin id="967" dir="1" index="3" bw="18" slack="0"/>
</pin_list>
<bind>
<opcode="select(49) " fcode="select"/>
<opset="select_ln35_4/15 "/>
</bind>
</comp>

<comp id="970" class="1004" name="zext_ln35_2_fu_970">
<pin_list>
<pin id="971" dir="0" index="0" bw="11" slack="1"/>
<pin id="972" dir="1" index="1" bw="54" slack="0"/>
</pin_list>
<bind>
<opcode="zext(34) " fcode="zext"/>
<opset="zext_ln35_2/15 "/>
</bind>
</comp>

<comp id="973" class="1004" name="ashr_ln35_fu_973">
<pin_list>
<pin id="974" dir="0" index="0" bw="54" slack="1"/>
<pin id="975" dir="0" index="1" bw="11" slack="0"/>
<pin id="976" dir="1" index="2" bw="54" slack="0"/>
</pin_list>
<bind>
<opcode="ashr(22) " fcode="ashr"/>
<opset="ashr_ln35/15 "/>
</bind>
</comp>

<comp id="978" class="1004" name="trunc_ln35_4_fu_978">
<pin_list>
<pin id="979" dir="0" index="0" bw="54" slack="0"/>
<pin id="980" dir="1" index="1" bw="18" slack="0"/>
</pin_list>
<bind>
<opcode="trunc(33) " fcode="trunc"/>
<opset="trunc_ln35_4/15 "/>
</bind>
</comp>

<comp id="982" class="1004" name="select_ln35_2_fu_982">
<pin_list>
<pin id="983" dir="0" index="0" bw="1" slack="0"/>
<pin id="984" dir="0" index="1" bw="18" slack="0"/>
<pin id="985" dir="0" index="2" bw="18" slack="0"/>
<pin id="986" dir="1" index="3" bw="18" slack="1"/>
</pin_list>
<bind>
<opcode="select(49) " fcode="select"/>
<opset="select_ln35_2/15 "/>
</bind>
</comp>

<comp id="990" class="1004" name="icmp_ln35_4_fu_990">
<pin_list>
<pin id="991" dir="0" index="0" bw="11" slack="1"/>
<pin id="992" dir="0" index="1" bw="11" slack="0"/>
<pin id="993" dir="1" index="2" bw="1" slack="0"/>
</pin_list>
<bind>
<opcode="icmp(45) " fcode="icmp"/>
<opset="icmp_ln35_4/15 "/>
</bind>
</comp>

<comp id="995" class="1004" name="select_ln35_1cast_fu_995">
<pin_list>
<pin id="996" dir="0" index="0" bw="11" slack="1"/>
<pin id="997" dir="1" index="1" bw="18" slack="0"/>
</pin_list>
<bind>
<opcode="zext(34) " fcode="zext"/>
<opset="select_ln35_1cast/15 "/>
</bind>
</comp>

<comp id="998" class="1004" name="shl_ln35_fu_998">
<pin_list>
<pin id="999" dir="0" index="0" bw="18" slack="1"/>
<pin id="1000" dir="0" index="1" bw="11" slack="0"/>
<pin id="1001" dir="1" index="2" bw="18" slack="0"/>
</pin_list>
<bind>
<opcode="shl(20) " fcode="shl"/>
<opset="shl_ln35/15 "/>
</bind>
</comp>

<comp id="1003" class="1004" name="select_ln35_3_fu_1003">
<pin_list>
<pin id="1004" dir="0" index="0" bw="1" slack="0"/>
<pin id="1005" dir="0" index="1" bw="18" slack="0"/>
<pin id="1006" dir="0" index="2" bw="18" slack="0"/>
<pin id="1007" dir="1" index="3" bw="18" slack="1"/>
</pin_list>
<bind>
<opcode="select(49) " fcode="select"/>
<opset="select_ln35_3/15 "/>
</bind>
</comp>

<comp id="1011" class="1004" name="xor_ln36_fu_1011">
<pin_list>
<pin id="1012" dir="0" index="0" bw="1" slack="2"/>
<pin id="1013" dir="0" index="1" bw="1" slack="0"/>
<pin id="1014" dir="1" index="2" bw="1" slack="0"/>
</pin_list>
<bind>
<opcode="xor(25) " fcode="xor"/>
<opset="xor_ln36/15 "/>
</bind>
</comp>

<comp id="1016" class="1004" name="and_ln36_fu_1016">
<pin_list>
<pin id="1017" dir="0" index="0" bw="1" slack="2"/>
<pin id="1018" dir="0" index="1" bw="1" slack="0"/>
<pin id="1019" dir="1" index="2" bw="1" slack="0"/>
</pin_list>
<bind>
<opcode="and(23) " fcode="and"/>
<opset="and_ln36/15 "/>
</bind>
</comp>

<comp id="1021" class="1004" name="or_ln36_fu_1021">
<pin_list>
<pin id="1022" dir="0" index="0" bw="1" slack="2"/>
<pin id="1023" dir="0" index="1" bw="1" slack="2"/>
<pin id="1024" dir="1" index="2" bw="1" slack="0"/>
</pin_list>
<bind>
<opcode="or(24) " fcode="or"/>
<opset="or_ln36/15 "/>
</bind>
</comp>

<comp id="1025" class="1004" name="xor_ln36_1_fu_1025">
<pin_list>
<pin id="1026" dir="0" index="0" bw="1" slack="0"/>
<pin id="1027" dir="0" index="1" bw="1" slack="0"/>
<pin id="1028" dir="1" index="2" bw="1" slack="0"/>
</pin_list>
<bind>
<opcode="xor(25) " fcode="xor"/>
<opset="xor_ln36_1/15 "/>
</bind>
</comp>

<comp id="1031" class="1004" name="and_ln36_1_fu_1031">
<pin_list>
<pin id="1032" dir="0" index="0" bw="1" slack="2"/>
<pin id="1033" dir="0" index="1" bw="1" slack="0"/>
<pin id="1034" dir="1" index="2" bw="1" slack="0"/>
</pin_list>
<bind>
<opcode="and(23) " fcode="and"/>
<opset="and_ln36_1/15 "/>
</bind>
</comp>

<comp id="1036" class="1004" name="sel_tmp1_fu_1036">
<pin_list>
<pin id="1037" dir="0" index="0" bw="3" slack="0"/>
<pin id="1038" dir="0" index="1" bw="1" slack="2"/>
<pin id="1039" dir="0" index="2" bw="1" slack="0"/>
<pin id="1040" dir="0" index="3" bw="1" slack="0"/>
<pin id="1041" dir="1" index="4" bw="3" slack="0"/>
</pin_list>
<bind>
<opcode="bitconcatenate(1004) " fcode="bitconcatenate"/>
<opset="sel_tmp1/15 "/>
</bind>
</comp>

<comp id="1045" class="1004" name="c_fu_1045">
<pin_list>
<pin id="1046" dir="0" index="0" bw="18" slack="0"/>
<pin id="1047" dir="0" index="1" bw="3" slack="0"/>
<pin id="1048" dir="0" index="2" bw="18" slack="0"/>
<pin id="1049" dir="0" index="3" bw="3" slack="0"/>
<pin id="1050" dir="0" index="4" bw="18" slack="2"/>
<pin id="1051" dir="0" index="5" bw="3" slack="0"/>
<pin id="1052" dir="0" index="6" bw="18" slack="1"/>
<pin id="1053" dir="0" index="7" bw="3" slack="0"/>
<pin id="1054" dir="0" index="8" bw="18" slack="1"/>
<pin id="1055" dir="0" index="9" bw="18" slack="0"/>
<pin id="1056" dir="0" index="10" bw="3" slack="0"/>
<pin id="1057" dir="1" index="11" bw="18" slack="1"/>
</pin_list>
<bind>
<opcode="sparsemux(1197) " fcode="sparsemux"/>
<opset="c/15 "/>
</bind>
</comp>

<comp id="1066" class="1004" name="icmp_ln37_3_fu_1066">
<pin_list>
<pin id="1067" dir="0" index="0" bw="11" slack="1"/>
<pin id="1068" dir="0" index="1" bw="11" slack="0"/>
<pin id="1069" dir="1" index="2" bw="1" slack="0"/>
</pin_list>
<bind>
<opcode="icmp(45) " fcode="icmp"/>
<opset="icmp_ln37_3/15 "/>
</bind>
</comp>

<comp id="1071" class="1004" name="select_ln37_4_fu_1071">
<pin_list>
<pin id="1072" dir="0" index="0" bw="1" slack="2"/>
<pin id="1073" dir="0" index="1" bw="18" slack="0"/>
<pin id="1074" dir="0" index="2" bw="18" slack="0"/>
<pin id="1075" dir="1" index="3" bw="18" slack="0"/>
</pin_list>
<bind>
<opcode="select(49) " fcode="select"/>
<opset="select_ln37_4/15 "/>
</bind>
</comp>

<comp id="1078" class="1004" name="zext_ln37_2_fu_1078">
<pin_list>
<pin id="1079" dir="0" index="0" bw="11" slack="1"/>
<pin id="1080" dir="1" index="1" bw="54" slack="0"/>
</pin_list>
<bind>
<opcode="zext(34) " fcode="zext"/>
<opset="zext_ln37_2/15 "/>
</bind>
</comp>

<comp id="1081" class="1004" name="ashr_ln37_fu_1081">
<pin_list>
<pin id="1082" dir="0" index="0" bw="54" slack="1"/>
<pin id="1083" dir="0" index="1" bw="11" slack="0"/>
<pin id="1084" dir="1" index="2" bw="54" slack="0"/>
</pin_list>
<bind>
<opcode="ashr(22) " fcode="ashr"/>
<opset="ashr_ln37/15 "/>
</bind>
</comp>

<comp id="1086" class="1004" name="trunc_ln37_4_fu_1086">
<pin_list>
<pin id="1087" dir="0" index="0" bw="54" slack="0"/>
<pin id="1088" dir="1" index="1" bw="18" slack="0"/>
</pin_list>
<bind>
<opcode="trunc(33) " fcode="trunc"/>
<opset="trunc_ln37_4/15 "/>
</bind>
</comp>

<comp id="1090" class="1004" name="select_ln37_2_fu_1090">
<pin_list>
<pin id="1091" dir="0" index="0" bw="1" slack="0"/>
<pin id="1092" dir="0" index="1" bw="18" slack="0"/>
<pin id="1093" dir="0" index="2" bw="18" slack="0"/>
<pin id="1094" dir="1" index="3" bw="18" slack="1"/>
</pin_list>
<bind>
<opcode="select(49) " fcode="select"/>
<opset="select_ln37_2/15 "/>
</bind>
</comp>

<comp id="1098" class="1004" name="icmp_ln37_4_fu_1098">
<pin_list>
<pin id="1099" dir="0" index="0" bw="11" slack="1"/>
<pin id="1100" dir="0" index="1" bw="11" slack="0"/>
<pin id="1101" dir="1" index="2" bw="1" slack="0"/>
</pin_list>
<bind>
<opcode="icmp(45) " fcode="icmp"/>
<opset="icmp_ln37_4/15 "/>
</bind>
</comp>

<comp id="1103" class="1004" name="select_ln37_1cast_fu_1103">
<pin_list>
<pin id="1104" dir="0" index="0" bw="11" slack="1"/>
<pin id="1105" dir="1" index="1" bw="18" slack="0"/>
</pin_list>
<bind>
<opcode="zext(34) " fcode="zext"/>
<opset="select_ln37_1cast/15 "/>
</bind>
</comp>

<comp id="1106" class="1004" name="shl_ln37_fu_1106">
<pin_list>
<pin id="1107" dir="0" index="0" bw="18" slack="1"/>
<pin id="1108" dir="0" index="1" bw="11" slack="0"/>
<pin id="1109" dir="1" index="2" bw="18" slack="0"/>
</pin_list>
<bind>
<opcode="shl(20) " fcode="shl"/>
<opset="shl_ln37/15 "/>
</bind>
</comp>

<comp id="1111" class="1004" name="select_ln37_3_fu_1111">
<pin_list>
<pin id="1112" dir="0" index="0" bw="1" slack="0"/>
<pin id="1113" dir="0" index="1" bw="18" slack="0"/>
<pin id="1114" dir="0" index="2" bw="18" slack="0"/>
<pin id="1115" dir="1" index="3" bw="18" slack="1"/>
</pin_list>
<bind>
<opcode="select(49) " fcode="select"/>
<opset="select_ln37_3/15 "/>
</bind>
</comp>

<comp id="1119" class="1004" name="xor_ln35_fu_1119">
<pin_list>
<pin id="1120" dir="0" index="0" bw="1" slack="2"/>
<pin id="1121" dir="0" index="1" bw="1" slack="0"/>
<pin id="1122" dir="1" index="2" bw="1" slack="0"/>
</pin_list>
<bind>
<opcode="xor(25) " fcode="xor"/>
<opset="xor_ln35/16 "/>
</bind>
</comp>

<comp id="1124" class="1004" name="and_ln35_fu_1124">
<pin_list>
<pin id="1125" dir="0" index="0" bw="1" slack="2"/>
<pin id="1126" dir="0" index="1" bw="1" slack="0"/>
<pin id="1127" dir="1" index="2" bw="1" slack="0"/>
</pin_list>
<bind>
<opcode="and(23) " fcode="and"/>
<opset="and_ln35/16 "/>
</bind>
</comp>

<comp id="1129" class="1004" name="sel_tmp_fu_1129">
<pin_list>
<pin id="1130" dir="0" index="0" bw="3" slack="0"/>
<pin id="1131" dir="0" index="1" bw="1" slack="2"/>
<pin id="1132" dir="0" index="2" bw="1" slack="0"/>
<pin id="1133" dir="0" index="3" bw="1" slack="2"/>
<pin id="1134" dir="1" index="4" bw="3" slack="0"/>
</pin_list>
<bind>
<opcode="bitconcatenate(1004) " fcode="bitconcatenate"/>
<opset="sel_tmp/16 "/>
</bind>
</comp>

<comp id="1137" class="1004" name="b_fu_1137">
<pin_list>
<pin id="1138" dir="0" index="0" bw="18" slack="0"/>
<pin id="1139" dir="0" index="1" bw="3" slack="0"/>
<pin id="1140" dir="0" index="2" bw="18" slack="0"/>
<pin id="1141" dir="0" index="3" bw="3" slack="0"/>
<pin id="1142" dir="0" index="4" bw="18" slack="2"/>
<pin id="1143" dir="0" index="5" bw="3" slack="0"/>
<pin id="1144" dir="0" index="6" bw="18" slack="1"/>
<pin id="1145" dir="0" index="7" bw="3" slack="0"/>
<pin id="1146" dir="0" index="8" bw="18" slack="1"/>
<pin id="1147" dir="0" index="9" bw="18" slack="0"/>
<pin id="1148" dir="0" index="10" bw="3" slack="0"/>
<pin id="1149" dir="1" index="11" bw="18" slack="0"/>
</pin_list>
<bind>
<opcode="sparsemux(1197) " fcode="sparsemux"/>
<opset="b/16 "/>
</bind>
</comp>

<comp id="1158" class="1004" name="xor_ln37_fu_1158">
<pin_list>
<pin id="1159" dir="0" index="0" bw="1" slack="2"/>
<pin id="1160" dir="0" index="1" bw="1" slack="0"/>
<pin id="1161" dir="1" index="2" bw="1" slack="0"/>
</pin_list>
<bind>
<opcode="xor(25) " fcode="xor"/>
<opset="xor_ln37/16 "/>
</bind>
</comp>

<comp id="1163" class="1004" name="and_ln37_fu_1163">
<pin_list>
<pin id="1164" dir="0" index="0" bw="1" slack="2"/>
<pin id="1165" dir="0" index="1" bw="1" slack="0"/>
<pin id="1166" dir="1" index="2" bw="1" slack="0"/>
</pin_list>
<bind>
<opcode="and(23) " fcode="and"/>
<opset="and_ln37/16 "/>
</bind>
</comp>

<comp id="1168" class="1004" name="or_ln37_fu_1168">
<pin_list>
<pin id="1169" dir="0" index="0" bw="1" slack="2"/>
<pin id="1170" dir="0" index="1" bw="1" slack="2"/>
<pin id="1171" dir="1" index="2" bw="1" slack="0"/>
</pin_list>
<bind>
<opcode="or(24) " fcode="or"/>
<opset="or_ln37/16 "/>
</bind>
</comp>

<comp id="1172" class="1004" name="xor_ln37_1_fu_1172">
<pin_list>
<pin id="1173" dir="0" index="0" bw="1" slack="0"/>
<pin id="1174" dir="0" index="1" bw="1" slack="0"/>
<pin id="1175" dir="1" index="2" bw="1" slack="0"/>
</pin_list>
<bind>
<opcode="xor(25) " fcode="xor"/>
<opset="xor_ln37_1/16 "/>
</bind>
</comp>

<comp id="1178" class="1004" name="and_ln37_1_fu_1178">
<pin_list>
<pin id="1179" dir="0" index="0" bw="1" slack="2"/>
<pin id="1180" dir="0" index="1" bw="1" slack="0"/>
<pin id="1181" dir="1" index="2" bw="1" slack="0"/>
</pin_list>
<bind>
<opcode="and(23) " fcode="and"/>
<opset="and_ln37_1/16 "/>
</bind>
</comp>

<comp id="1183" class="1004" name="sel_tmp2_fu_1183">
<pin_list>
<pin id="1184" dir="0" index="0" bw="3" slack="0"/>
<pin id="1185" dir="0" index="1" bw="1" slack="2"/>
<pin id="1186" dir="0" index="2" bw="1" slack="0"/>
<pin id="1187" dir="0" index="3" bw="1" slack="0"/>
<pin id="1188" dir="1" index="4" bw="3" slack="0"/>
</pin_list>
<bind>
<opcode="bitconcatenate(1004) " fcode="bitconcatenate"/>
<opset="sel_tmp2/16 "/>
</bind>
</comp>

<comp id="1192" class="1004" name="d_fu_1192">
<pin_list>
<pin id="1193" dir="0" index="0" bw="18" slack="0"/>
<pin id="1194" dir="0" index="1" bw="3" slack="0"/>
<pin id="1195" dir="0" index="2" bw="18" slack="0"/>
<pin id="1196" dir="0" index="3" bw="3" slack="0"/>
<pin id="1197" dir="0" index="4" bw="18" slack="2"/>
<pin id="1198" dir="0" index="5" bw="3" slack="0"/>
<pin id="1199" dir="0" index="6" bw="18" slack="1"/>
<pin id="1200" dir="0" index="7" bw="3" slack="0"/>
<pin id="1201" dir="0" index="8" bw="18" slack="1"/>
<pin id="1202" dir="0" index="9" bw="18" slack="0"/>
<pin id="1203" dir="0" index="10" bw="3" slack="0"/>
<pin id="1204" dir="1" index="11" bw="18" slack="0"/>
</pin_list>
<bind>
<opcode="sparsemux(1197) " fcode="sparsemux"/>
<opset="d/16 "/>
</bind>
</comp>

<comp id="1213" class="1004" name="sext_ln40_fu_1213">
<pin_list>
<pin id="1214" dir="0" index="0" bw="18" slack="1"/>
<pin id="1215" dir="1" index="1" bw="34" slack="0"/>
</pin_list>
<bind>
<opcode="sext(35) " fcode="sext"/>
<opset="sext_ln40/16 "/>
</bind>
</comp>

<comp id="1216" class="1004" name="sext_ln40_1_fu_1216">
<pin_list>
<pin id="1217" dir="0" index="0" bw="18" slack="1"/>
<pin id="1218" dir="1" index="1" bw="34" slack="0"/>
</pin_list>
<bind>
<opcode="sext(35) " fcode="sext"/>
<opset="sext_ln40_1/16 "/>
</bind>
</comp>

<comp id="1219" class="1004" name="sext_ln40_2_fu_1219">
<pin_list>
<pin id="1220" dir="0" index="0" bw="18" slack="0"/>
<pin id="1221" dir="1" index="1" bw="34" slack="0"/>
</pin_list>
<bind>
<opcode="sext(35) " fcode="sext"/>
<opset="sext_ln40_2/16 "/>
</bind>
</comp>

<comp id="1223" class="1004" name="sext_ln40_3_fu_1223">
<pin_list>
<pin id="1224" dir="0" index="0" bw="18" slack="0"/>
<pin id="1225" dir="1" index="1" bw="34" slack="0"/>
</pin_list>
<bind>
<opcode="sext(35) " fcode="sext"/>
<opset="sext_ln40_3/16 "/>
</bind>
</comp>

<comp id="1227" class="1004" name="mul_ln40_fu_1227">
<pin_list>
<pin id="1228" dir="0" index="0" bw="18" slack="0"/>
<pin id="1229" dir="0" index="1" bw="18" slack="0"/>
<pin id="1230" dir="1" index="2" bw="34" slack="2"/>
</pin_list>
<bind>
<opcode="mul(12) " fcode="mul"/>
<opset="mul_ln40/16 "/>
</bind>
</comp>

<comp id="1233" class="1004" name="mul_ln41_fu_1233">
<pin_list>
<pin id="1234" dir="0" index="0" bw="18" slack="1"/>
<pin id="1235" dir="0" index="1" bw="18" slack="1"/>
<pin id="1236" dir="1" index="2" bw="34" slack="2"/>
</pin_list>
<bind>
<opcode="mul(12) " fcode="mul"/>
<opset="mul_ln41/17 "/>
</bind>
</comp>

<comp id="1237" class="1004" name="acc_I_load_1_load_fu_1237">
<pin_list>
<pin id="1238" dir="0" index="0" bw="18" slack="18"/>
<pin id="1239" dir="1" index="1" bw="18" slack="0"/>
</pin_list>
<bind>
<opcode="load(27) " fcode="load"/>
<opset="acc_I_load_1/19 "/>
</bind>
</comp>

<comp id="1240" class="1004" name="shl_ln_fu_1240">
<pin_list>
<pin id="1241" dir="0" index="0" bw="34" slack="0"/>
<pin id="1242" dir="0" index="1" bw="18" slack="0"/>
<pin id="1243" dir="0" index="2" bw="1" slack="0"/>
<pin id="1244" dir="1" index="3" bw="34" slack="0"/>
</pin_list>
<bind>
<opcode="bitconcatenate(1004) " fcode="bitconcatenate"/>
<opset="shl_ln/19 "/>
</bind>
</comp>

<comp id="1248" class="1004" name="add_ln40_fu_1248">
<pin_list>
<pin id="1249" dir="0" index="0" bw="34" slack="0"/>
<pin id="1250" dir="0" index="1" bw="34" slack="0"/>
<pin id="1251" dir="1" index="2" bw="34" slack="0"/>
</pin_list>
<bind>
<opcode="add(8) " fcode="add"/>
<opset="add_ln40/19 "/>
</bind>
</comp>

<comp id="1253" class="1004" name="acc_I_1_fu_1253">
<pin_list>
<pin id="1254" dir="0" index="0" bw="18" slack="0"/>
<pin id="1255" dir="0" index="1" bw="34" slack="0"/>
<pin id="1256" dir="0" index="2" bw="6" slack="0"/>
<pin id="1257" dir="0" index="3" bw="7" slack="0"/>
<pin id="1258" dir="1" index="4" bw="18" slack="0"/>
</pin_list>
<bind>
<opcode="partselect(1002) " fcode="partselect"/>
<opset="acc_I_1/19 "/>
</bind>
</comp>

<comp id="1263" class="1004" name="store_ln27_store_fu_1263">
<pin_list>
<pin id="1264" dir="0" index="0" bw="18" slack="0"/>
<pin id="1265" dir="0" index="1" bw="18" slack="18"/>
<pin id="1266" dir="1" index="2" bw="0" slack="2147483647"/>
</pin_list>
<bind>
<opcode="store(28) " fcode="store"/>
<opset="store_ln27/19 "/>
</bind>
</comp>

<comp id="1268" class="1004" name="acc_Q_load_1_load_fu_1268">
<pin_list>
<pin id="1269" dir="0" index="0" bw="18" slack="19"/>
<pin id="1270" dir="1" index="1" bw="18" slack="0"/>
</pin_list>
<bind>
<opcode="load(27) " fcode="load"/>
<opset="acc_Q_load_1/20 "/>
</bind>
</comp>

<comp id="1271" class="1004" name="shl_ln1_fu_1271">
<pin_list>
<pin id="1272" dir="0" index="0" bw="34" slack="0"/>
<pin id="1273" dir="0" index="1" bw="18" slack="0"/>
<pin id="1274" dir="0" index="2" bw="1" slack="0"/>
<pin id="1275" dir="1" index="3" bw="34" slack="0"/>
</pin_list>
<bind>
<opcode="bitconcatenate(1004) " fcode="bitconcatenate"/>
<opset="shl_ln1/20 "/>
</bind>
</comp>

<comp id="1279" class="1004" name="add_ln41_1_fu_1279">
<pin_list>
<pin id="1280" dir="0" index="0" bw="34" slack="0"/>
<pin id="1281" dir="0" index="1" bw="34" slack="0"/>
<pin id="1282" dir="1" index="2" bw="34" slack="0"/>
</pin_list>
<bind>
<opcode="add(8) " fcode="add"/>
<opset="add_ln41_1/20 "/>
</bind>
</comp>

<comp id="1284" class="1004" name="acc_Q_1_fu_1284">
<pin_list>
<pin id="1285" dir="0" index="0" bw="18" slack="0"/>
<pin id="1286" dir="0" index="1" bw="34" slack="0"/>
<pin id="1287" dir="0" index="2" bw="6" slack="0"/>
<pin id="1288" dir="0" index="3" bw="7" slack="0"/>
<pin id="1289" dir="1" index="4" bw="18" slack="0"/>
</pin_list>
<bind>
<opcode="partselect(1002) " fcode="partselect"/>
<opset="acc_Q_1/20 "/>
</bind>
</comp>

<comp id="1294" class="1004" name="store_ln28_store_fu_1294">
<pin_list>
<pin id="1295" dir="0" index="0" bw="18" slack="0"/>
<pin id="1296" dir="0" index="1" bw="18" slack="19"/>
<pin id="1297" dir="1" index="2" bw="0" slack="2147483647"/>
</pin_list>
<bind>
<opcode="store(28) " fcode="store"/>
<opset="store_ln28/20 "/>
</bind>
</comp>

<comp id="1299" class="1004" name="acc_I_load_load_fu_1299">
<pin_list>
<pin id="1300" dir="0" index="0" bw="18" slack="17"/>
<pin id="1301" dir="1" index="1" bw="18" slack="0"/>
</pin_list>
<bind>
<opcode="load(27) " fcode="load"/>
<opset="acc_I_load/18 "/>
</bind>
</comp>

<comp id="1303" class="1004" name="acc_Q_load_load_fu_1303">
<pin_list>
<pin id="1304" dir="0" index="0" bw="18" slack="17"/>
<pin id="1305" dir="1" index="1" bw="18" slack="0"/>
</pin_list>
<bind>
<opcode="load(27) " fcode="load"/>
<opset="acc_Q_load/18 "/>
</bind>
</comp>

<comp id="1307" class="1007" name="grp_fu_1307">
<pin_list>
<pin id="1308" dir="0" index="0" bw="18" slack="0"/>
<pin id="1309" dir="0" index="1" bw="18" slack="0"/>
<pin id="1310" dir="0" index="2" bw="34" slack="2147483647"/>
<pin id="1311" dir="1" index="3" bw="34" slack="0"/>
</pin_list>
<bind>
<opcode="mulsub(1173) " fcode="mulsub"/>
<opset="mul_ln40_1/16 sub_ln40/18 "/>
</bind>
</comp>

<comp id="1315" class="1007" name="grp_fu_1315">
<pin_list>
<pin id="1316" dir="0" index="0" bw="18" slack="1"/>
<pin id="1317" dir="0" index="1" bw="18" slack="1"/>
<pin id="1318" dir="0" index="2" bw="34" slack="2147483647"/>
<pin id="1319" dir="1" index="3" bw="34" slack="0"/>
</pin_list>
<bind>
<opcode="muladd(1172) " fcode="muladd"/>
<opset="mul_ln41_1/17 add_ln41/19 "/>
</bind>
</comp>

<comp id="1321" class="1005" name="acc_I_reg_1321">
<pin_list>
<pin id="1322" dir="0" index="0" bw="18" slack="0"/>
<pin id="1323" dir="1" index="1" bw="18" slack="0"/>
</pin_list>
<bind>
<opset="acc_I "/>
</bind>
</comp>

<comp id="1329" class="1005" name="acc_Q_reg_1329">
<pin_list>
<pin id="1330" dir="0" index="0" bw="18" slack="0"/>
<pin id="1331" dir="1" index="1" bw="18" slack="0"/>
</pin_list>
<bind>
<opset="acc_Q "/>
</bind>
</comp>

<comp id="1337" class="1005" name="i_reg_1337">
<pin_list>
<pin id="1338" dir="0" index="0" bw="31" slack="0"/>
<pin id="1339" dir="1" index="1" bw="31" slack="0"/>
</pin_list>
<bind>
<opset="i "/>
</bind>
</comp>

<comp id="1344" class="1005" name="icmp_ln30_reg_1344">
<pin_list>
<pin id="1345" dir="0" index="0" bw="1" slack="1"/>
<pin id="1346" dir="1" index="1" bw="1" slack="2147483647"/>
</pin_list>
<bind>
<opset="icmp_ln30 "/>
</bind>
</comp>

<comp id="1348" class="1005" name="gmem0_addr_reg_1348">
<pin_list>
<pin id="1349" dir="0" index="0" bw="32" slack="1"/>
<pin id="1350" dir="1" index="1" bw="32" slack="1"/>
</pin_list>
<bind>
<opset="gmem0_addr "/>
</bind>
</comp>

<comp id="1354" class="1005" name="gmem0_addr_1_reg_1354">
<pin_list>
<pin id="1355" dir="0" index="0" bw="32" slack="2"/>
<pin id="1356" dir="1" index="1" bw="32" slack="2"/>
</pin_list>
<bind>
<opset="gmem0_addr_1 "/>
</bind>
</comp>

<comp id="1360" class="1005" name="gmem1_addr_reg_1360">
<pin_list>
<pin id="1361" dir="0" index="0" bw="32" slack="1"/>
<pin id="1362" dir="1" index="1" bw="32" slack="1"/>
</pin_list>
<bind>
<opset="gmem1_addr "/>
</bind>
</comp>

<comp id="1366" class="1005" name="gmem1_addr_1_reg_1366">
<pin_list>
<pin id="1367" dir="0" index="0" bw="32" slack="2"/>
<pin id="1368" dir="1" index="1" bw="32" slack="2"/>
</pin_list>
<bind>
<opset="gmem1_addr_1 "/>
</bind>
</comp>

<comp id="1372" class="1005" name="bitcast_ln34_reg_1372">
<pin_list>
<pin id="1373" dir="0" index="0" bw="32" slack="1"/>
<pin id="1374" dir="1" index="1" bw="32" slack="1"/>
</pin_list>
<bind>
<opset="bitcast_ln34 "/>
</bind>
</comp>

<comp id="1377" class="1005" name="bitcast_ln36_reg_1377">
<pin_list>
<pin id="1378" dir="0" index="0" bw="32" slack="1"/>
<pin id="1379" dir="1" index="1" bw="32" slack="1"/>
</pin_list>
<bind>
<opset="bitcast_ln36 "/>
</bind>
</comp>

<comp id="1382" class="1005" name="trunc_ln34_reg_1382">
<pin_list>
<pin id="1383" dir="0" index="0" bw="63" slack="1"/>
<pin id="1384" dir="1" index="1" bw="63" slack="1"/>
</pin_list>
<bind>
<opset="trunc_ln34 "/>
</bind>
</comp>

<comp id="1387" class="1005" name="tmp_reg_1387">
<pin_list>
<pin id="1388" dir="0" index="0" bw="1" slack="1"/>
<pin id="1389" dir="1" index="1" bw="1" slack="1"/>
</pin_list>
<bind>
<opset="tmp "/>
</bind>
</comp>

<comp id="1393" class="1005" name="tmp_1_reg_1393">
<pin_list>
<pin id="1394" dir="0" index="0" bw="11" slack="1"/>
<pin id="1395" dir="1" index="1" bw="11" slack="1"/>
</pin_list>
<bind>
<opset="tmp_1 "/>
</bind>
</comp>

<comp id="1398" class="1005" name="trunc_ln34_1_reg_1398">
<pin_list>
<pin id="1399" dir="0" index="0" bw="52" slack="1"/>
<pin id="1400" dir="1" index="1" bw="52" slack="1"/>
</pin_list>
<bind>
<opset="trunc_ln34_1 "/>
</bind>
</comp>

<comp id="1403" class="1005" name="bitcast_ln35_reg_1403">
<pin_list>
<pin id="1404" dir="0" index="0" bw="32" slack="1"/>
<pin id="1405" dir="1" index="1" bw="32" slack="1"/>
</pin_list>
<bind>
<opset="bitcast_ln35 "/>
</bind>
</comp>

<comp id="1408" class="1005" name="trunc_ln36_reg_1408">
<pin_list>
<pin id="1409" dir="0" index="0" bw="63" slack="1"/>
<pin id="1410" dir="1" index="1" bw="63" slack="1"/>
</pin_list>
<bind>
<opset="trunc_ln36 "/>
</bind>
</comp>

<comp id="1413" class="1005" name="tmp_3_reg_1413">
<pin_list>
<pin id="1414" dir="0" index="0" bw="1" slack="1"/>
<pin id="1415" dir="1" index="1" bw="1" slack="1"/>
</pin_list>
<bind>
<opset="tmp_3 "/>
</bind>
</comp>

<comp id="1419" class="1005" name="tmp_s_reg_1419">
<pin_list>
<pin id="1420" dir="0" index="0" bw="11" slack="1"/>
<pin id="1421" dir="1" index="1" bw="11" slack="1"/>
</pin_list>
<bind>
<opset="tmp_s "/>
</bind>
</comp>

<comp id="1424" class="1005" name="trunc_ln36_1_reg_1424">
<pin_list>
<pin id="1425" dir="0" index="0" bw="52" slack="1"/>
<pin id="1426" dir="1" index="1" bw="52" slack="1"/>
</pin_list>
<bind>
<opset="trunc_ln36_1 "/>
</bind>
</comp>

<comp id="1429" class="1005" name="bitcast_ln37_reg_1429">
<pin_list>
<pin id="1430" dir="0" index="0" bw="32" slack="1"/>
<pin id="1431" dir="1" index="1" bw="32" slack="1"/>
</pin_list>
<bind>
<opset="bitcast_ln37 "/>
</bind>
</comp>

<comp id="1434" class="1005" name="select_ln34_reg_1434">
<pin_list>
<pin id="1435" dir="0" index="0" bw="54" slack="1"/>
<pin id="1436" dir="1" index="1" bw="54" slack="1"/>
</pin_list>
<bind>
<opset="select_ln34 "/>
</bind>
</comp>

<comp id="1439" class="1005" name="icmp_ln34_reg_1439">
<pin_list>
<pin id="1440" dir="0" index="0" bw="1" slack="2"/>
<pin id="1441" dir="1" index="1" bw="1" slack="2"/>
</pin_list>
<bind>
<opset="icmp_ln34 "/>
</bind>
</comp>

<comp id="1446" class="1005" name="icmp_ln34_1_reg_1446">
<pin_list>
<pin id="1447" dir="0" index="0" bw="1" slack="2"/>
<pin id="1448" dir="1" index="1" bw="1" slack="2"/>
</pin_list>
<bind>
<opset="icmp_ln34_1 "/>
</bind>
</comp>

<comp id="1451" class="1005" name="select_ln34_1_reg_1451">
<pin_list>
<pin id="1452" dir="0" index="0" bw="11" slack="1"/>
<pin id="1453" dir="1" index="1" bw="11" slack="1"/>
</pin_list>
<bind>
<opset="select_ln34_1 "/>
</bind>
</comp>

<comp id="1459" class="1005" name="icmp_ln34_2_reg_1459">
<pin_list>
<pin id="1460" dir="0" index="0" bw="1" slack="2"/>
<pin id="1461" dir="1" index="1" bw="1" slack="2"/>
</pin_list>
<bind>
<opset="icmp_ln34_2 "/>
</bind>
</comp>

<comp id="1465" class="1005" name="trunc_ln34_3_reg_1465">
<pin_list>
<pin id="1466" dir="0" index="0" bw="18" slack="1"/>
<pin id="1467" dir="1" index="1" bw="18" slack="1"/>
</pin_list>
<bind>
<opset="trunc_ln34_3 "/>
</bind>
</comp>

<comp id="1471" class="1005" name="trunc_ln35_reg_1471">
<pin_list>
<pin id="1472" dir="0" index="0" bw="63" slack="1"/>
<pin id="1473" dir="1" index="1" bw="63" slack="1"/>
</pin_list>
<bind>
<opset="trunc_ln35 "/>
</bind>
</comp>

<comp id="1476" class="1005" name="tmp_2_reg_1476">
<pin_list>
<pin id="1477" dir="0" index="0" bw="1" slack="1"/>
<pin id="1478" dir="1" index="1" bw="1" slack="1"/>
</pin_list>
<bind>
<opset="tmp_2 "/>
</bind>
</comp>

<comp id="1482" class="1005" name="tmp_9_reg_1482">
<pin_list>
<pin id="1483" dir="0" index="0" bw="11" slack="1"/>
<pin id="1484" dir="1" index="1" bw="11" slack="1"/>
</pin_list>
<bind>
<opset="tmp_9 "/>
</bind>
</comp>

<comp id="1487" class="1005" name="trunc_ln35_1_reg_1487">
<pin_list>
<pin id="1488" dir="0" index="0" bw="52" slack="1"/>
<pin id="1489" dir="1" index="1" bw="52" slack="1"/>
</pin_list>
<bind>
<opset="trunc_ln35_1 "/>
</bind>
</comp>

<comp id="1492" class="1005" name="select_ln36_reg_1492">
<pin_list>
<pin id="1493" dir="0" index="0" bw="54" slack="1"/>
<pin id="1494" dir="1" index="1" bw="54" slack="1"/>
</pin_list>
<bind>
<opset="select_ln36 "/>
</bind>
</comp>

<comp id="1497" class="1005" name="icmp_ln36_reg_1497">
<pin_list>
<pin id="1498" dir="0" index="0" bw="1" slack="2"/>
<pin id="1499" dir="1" index="1" bw="1" slack="2"/>
</pin_list>
<bind>
<opset="icmp_ln36 "/>
</bind>
</comp>

<comp id="1504" class="1005" name="icmp_ln36_1_reg_1504">
<pin_list>
<pin id="1505" dir="0" index="0" bw="1" slack="2"/>
<pin id="1506" dir="1" index="1" bw="1" slack="2"/>
</pin_list>
<bind>
<opset="icmp_ln36_1 "/>
</bind>
</comp>

<comp id="1509" class="1005" name="select_ln36_1_reg_1509">
<pin_list>
<pin id="1510" dir="0" index="0" bw="11" slack="1"/>
<pin id="1511" dir="1" index="1" bw="11" slack="1"/>
</pin_list>
<bind>
<opset="select_ln36_1 "/>
</bind>
</comp>

<comp id="1517" class="1005" name="icmp_ln36_2_reg_1517">
<pin_list>
<pin id="1518" dir="0" index="0" bw="1" slack="2"/>
<pin id="1519" dir="1" index="1" bw="1" slack="2"/>
</pin_list>
<bind>
<opset="icmp_ln36_2 "/>
</bind>
</comp>

<comp id="1523" class="1005" name="trunc_ln36_3_reg_1523">
<pin_list>
<pin id="1524" dir="0" index="0" bw="18" slack="1"/>
<pin id="1525" dir="1" index="1" bw="18" slack="1"/>
</pin_list>
<bind>
<opset="trunc_ln36_3 "/>
</bind>
</comp>

<comp id="1529" class="1005" name="trunc_ln37_reg_1529">
<pin_list>
<pin id="1530" dir="0" index="0" bw="63" slack="1"/>
<pin id="1531" dir="1" index="1" bw="63" slack="1"/>
</pin_list>
<bind>
<opset="trunc_ln37 "/>
</bind>
</comp>

<comp id="1534" class="1005" name="tmp_4_reg_1534">
<pin_list>
<pin id="1535" dir="0" index="0" bw="1" slack="1"/>
<pin id="1536" dir="1" index="1" bw="1" slack="1"/>
</pin_list>
<bind>
<opset="tmp_4 "/>
</bind>
</comp>

<comp id="1540" class="1005" name="tmp_5_reg_1540">
<pin_list>
<pin id="1541" dir="0" index="0" bw="11" slack="1"/>
<pin id="1542" dir="1" index="1" bw="11" slack="1"/>
</pin_list>
<bind>
<opset="tmp_5 "/>
</bind>
</comp>

<comp id="1545" class="1005" name="trunc_ln37_1_reg_1545">
<pin_list>
<pin id="1546" dir="0" index="0" bw="52" slack="1"/>
<pin id="1547" dir="1" index="1" bw="52" slack="1"/>
</pin_list>
<bind>
<opset="trunc_ln37_1 "/>
</bind>
</comp>

<comp id="1550" class="1005" name="select_ln34_2_reg_1550">
<pin_list>
<pin id="1551" dir="0" index="0" bw="18" slack="1"/>
<pin id="1552" dir="1" index="1" bw="18" slack="1"/>
</pin_list>
<bind>
<opset="select_ln34_2 "/>
</bind>
</comp>

<comp id="1555" class="1005" name="select_ln34_3_reg_1555">
<pin_list>
<pin id="1556" dir="0" index="0" bw="18" slack="1"/>
<pin id="1557" dir="1" index="1" bw="18" slack="1"/>
</pin_list>
<bind>
<opset="select_ln34_3 "/>
</bind>
</comp>

<comp id="1560" class="1005" name="select_ln35_reg_1560">
<pin_list>
<pin id="1561" dir="0" index="0" bw="54" slack="1"/>
<pin id="1562" dir="1" index="1" bw="54" slack="1"/>
</pin_list>
<bind>
<opset="select_ln35 "/>
</bind>
</comp>

<comp id="1565" class="1005" name="icmp_ln35_reg_1565">
<pin_list>
<pin id="1566" dir="0" index="0" bw="1" slack="2"/>
<pin id="1567" dir="1" index="1" bw="1" slack="2"/>
</pin_list>
<bind>
<opset="icmp_ln35 "/>
</bind>
</comp>

<comp id="1571" class="1005" name="select_ln35_1_reg_1571">
<pin_list>
<pin id="1572" dir="0" index="0" bw="11" slack="1"/>
<pin id="1573" dir="1" index="1" bw="11" slack="1"/>
</pin_list>
<bind>
<opset="select_ln35_1 "/>
</bind>
</comp>

<comp id="1579" class="1005" name="icmp_ln35_2_reg_1579">
<pin_list>
<pin id="1580" dir="0" index="0" bw="1" slack="2"/>
<pin id="1581" dir="1" index="1" bw="1" slack="2"/>
</pin_list>
<bind>
<opset="icmp_ln35_2 "/>
</bind>
</comp>

<comp id="1584" class="1005" name="trunc_ln35_3_reg_1584">
<pin_list>
<pin id="1585" dir="0" index="0" bw="18" slack="1"/>
<pin id="1586" dir="1" index="1" bw="18" slack="1"/>
</pin_list>
<bind>
<opset="trunc_ln35_3 "/>
</bind>
</comp>

<comp id="1590" class="1005" name="and_ln35_1_reg_1590">
<pin_list>
<pin id="1591" dir="0" index="0" bw="1" slack="2"/>
<pin id="1592" dir="1" index="1" bw="1" slack="2"/>
</pin_list>
<bind>
<opset="and_ln35_1 "/>
</bind>
</comp>

<comp id="1595" class="1005" name="select_ln36_2_reg_1595">
<pin_list>
<pin id="1596" dir="0" index="0" bw="18" slack="1"/>
<pin id="1597" dir="1" index="1" bw="18" slack="1"/>
</pin_list>
<bind>
<opset="select_ln36_2 "/>
</bind>
</comp>

<comp id="1600" class="1005" name="select_ln36_3_reg_1600">
<pin_list>
<pin id="1601" dir="0" index="0" bw="18" slack="1"/>
<pin id="1602" dir="1" index="1" bw="18" slack="1"/>
</pin_list>
<bind>
<opset="select_ln36_3 "/>
</bind>
</comp>

<comp id="1605" class="1005" name="select_ln37_reg_1605">
<pin_list>
<pin id="1606" dir="0" index="0" bw="54" slack="1"/>
<pin id="1607" dir="1" index="1" bw="54" slack="1"/>
</pin_list>
<bind>
<opset="select_ln37 "/>
</bind>
</comp>

<comp id="1610" class="1005" name="icmp_ln37_reg_1610">
<pin_list>
<pin id="1611" dir="0" index="0" bw="1" slack="2"/>
<pin id="1612" dir="1" index="1" bw="1" slack="2"/>
</pin_list>
<bind>
<opset="icmp_ln37 "/>
</bind>
</comp>

<comp id="1617" class="1005" name="icmp_ln37_1_reg_1617">
<pin_list>
<pin id="1618" dir="0" index="0" bw="1" slack="2"/>
<pin id="1619" dir="1" index="1" bw="1" slack="2"/>
</pin_list>
<bind>
<opset="icmp_ln37_1 "/>
</bind>
</comp>

<comp id="1622" class="1005" name="select_ln37_1_reg_1622">
<pin_list>
<pin id="1623" dir="0" index="0" bw="11" slack="1"/>
<pin id="1624" dir="1" index="1" bw="11" slack="1"/>
</pin_list>
<bind>
<opset="select_ln37_1 "/>
</bind>
</comp>

<comp id="1630" class="1005" name="icmp_ln37_2_reg_1630">
<pin_list>
<pin id="1631" dir="0" index="0" bw="1" slack="2"/>
<pin id="1632" dir="1" index="1" bw="1" slack="2"/>
</pin_list>
<bind>
<opset="icmp_ln37_2 "/>
</bind>
</comp>

<comp id="1636" class="1005" name="trunc_ln37_3_reg_1636">
<pin_list>
<pin id="1637" dir="0" index="0" bw="18" slack="1"/>
<pin id="1638" dir="1" index="1" bw="18" slack="1"/>
</pin_list>
<bind>
<opset="trunc_ln37_3 "/>
</bind>
</comp>

<comp id="1642" class="1005" name="a_reg_1642">
<pin_list>
<pin id="1643" dir="0" index="0" bw="18" slack="1"/>
<pin id="1644" dir="1" index="1" bw="18" slack="1"/>
</pin_list>
<bind>
<opset="a "/>
</bind>
</comp>

<comp id="1647" class="1005" name="select_ln35_2_reg_1647">
<pin_list>
<pin id="1648" dir="0" index="0" bw="18" slack="1"/>
<pin id="1649" dir="1" index="1" bw="18" slack="1"/>
</pin_list>
<bind>
<opset="select_ln35_2 "/>
</bind>
</comp>

<comp id="1652" class="1005" name="select_ln35_3_reg_1652">
<pin_list>
<pin id="1653" dir="0" index="0" bw="18" slack="1"/>
<pin id="1654" dir="1" index="1" bw="18" slack="1"/>
</pin_list>
<bind>
<opset="select_ln35_3 "/>
</bind>
</comp>

<comp id="1657" class="1005" name="c_reg_1657">
<pin_list>
<pin id="1658" dir="0" index="0" bw="18" slack="1"/>
<pin id="1659" dir="1" index="1" bw="18" slack="1"/>
</pin_list>
<bind>
<opset="c "/>
</bind>
</comp>

<comp id="1662" class="1005" name="select_ln37_2_reg_1662">
<pin_list>
<pin id="1663" dir="0" index="0" bw="18" slack="1"/>
<pin id="1664" dir="1" index="1" bw="18" slack="1"/>
</pin_list>
<bind>
<opset="select_ln37_2 "/>
</bind>
</comp>

<comp id="1667" class="1005" name="select_ln37_3_reg_1667">
<pin_list>
<pin id="1668" dir="0" index="0" bw="18" slack="1"/>
<pin id="1669" dir="1" index="1" bw="18" slack="1"/>
</pin_list>
<bind>
<opset="select_ln37_3 "/>
</bind>
</comp>

<comp id="1672" class="1005" name="sext_ln40_reg_1672">
<pin_list>
<pin id="1673" dir="0" index="0" bw="34" slack="1"/>
<pin id="1674" dir="1" index="1" bw="34" slack="1"/>
</pin_list>
<bind>
<opset="sext_ln40 "/>
</bind>
</comp>

<comp id="1677" class="1005" name="sext_ln40_1_reg_1677">
<pin_list>
<pin id="1678" dir="0" index="0" bw="34" slack="1"/>
<pin id="1679" dir="1" index="1" bw="34" slack="1"/>
</pin_list>
<bind>
<opset="sext_ln40_1 "/>
</bind>
</comp>

<comp id="1682" class="1005" name="sext_ln40_2_reg_1682">
<pin_list>
<pin id="1683" dir="0" index="0" bw="34" slack="1"/>
<pin id="1684" dir="1" index="1" bw="34" slack="1"/>
</pin_list>
<bind>
<opset="sext_ln40_2 "/>
</bind>
</comp>

<comp id="1688" class="1005" name="sext_ln40_3_reg_1688">
<pin_list>
<pin id="1689" dir="0" index="0" bw="34" slack="1"/>
<pin id="1690" dir="1" index="1" bw="34" slack="1"/>
</pin_list>
<bind>
<opset="sext_ln40_3 "/>
</bind>
</comp>

<comp id="1694" class="1005" name="mul_ln40_reg_1694">
<pin_list>
<pin id="1695" dir="0" index="0" bw="34" slack="2"/>
<pin id="1696" dir="1" index="1" bw="34" slack="2"/>
</pin_list>
<bind>
<opset="mul_ln40 "/>
</bind>
</comp>

<comp id="1699" class="1005" name="mul_ln41_reg_1699">
<pin_list>
<pin id="1700" dir="0" index="0" bw="34" slack="2"/>
<pin id="1701" dir="1" index="1" bw="34" slack="2"/>
</pin_list>
<bind>
<opset="mul_ln41 "/>
</bind>
</comp>

</comp_list>

<net_list>
<net id="121"><net_src comp="18" pin="0"/><net_sink comp="118" pin=0"/></net>

<net id="125"><net_src comp="18" pin="0"/><net_sink comp="122" pin=0"/></net>

<net id="129"><net_src comp="18" pin="0"/><net_sink comp="126" pin=0"/></net>

<net id="134"><net_src comp="20" pin="0"/><net_sink comp="130" pin=0"/></net>

<net id="135"><net_src comp="12" pin="0"/><net_sink comp="130" pin=1"/></net>

<net id="140"><net_src comp="20" pin="0"/><net_sink comp="136" pin=0"/></net>

<net id="141"><net_src comp="10" pin="0"/><net_sink comp="136" pin=1"/></net>

<net id="146"><net_src comp="20" pin="0"/><net_sink comp="142" pin=0"/></net>

<net id="147"><net_src comp="8" pin="0"/><net_sink comp="142" pin=1"/></net>

<net id="152"><net_src comp="20" pin="0"/><net_sink comp="148" pin=0"/></net>

<net id="153"><net_src comp="6" pin="0"/><net_sink comp="148" pin=1"/></net>

<net id="158"><net_src comp="22" pin="0"/><net_sink comp="154" pin=0"/></net>

<net id="159"><net_src comp="4" pin="0"/><net_sink comp="154" pin=1"/></net>

<net id="165"><net_src comp="116" pin="0"/><net_sink comp="160" pin=0"/></net>

<net id="166"><net_src comp="14" pin="0"/><net_sink comp="160" pin=1"/></net>

<net id="172"><net_src comp="116" pin="0"/><net_sink comp="167" pin=0"/></net>

<net id="173"><net_src comp="16" pin="0"/><net_sink comp="167" pin=1"/></net>

<net id="179"><net_src comp="52" pin="0"/><net_sink comp="174" pin=0"/></net>

<net id="180"><net_src comp="54" pin="0"/><net_sink comp="174" pin=2"/></net>

<net id="186"><net_src comp="52" pin="0"/><net_sink comp="181" pin=0"/></net>

<net id="187"><net_src comp="54" pin="0"/><net_sink comp="181" pin=2"/></net>

<net id="192"><net_src comp="56" pin="0"/><net_sink comp="188" pin=0"/></net>

<net id="197"><net_src comp="56" pin="0"/><net_sink comp="193" pin=0"/></net>

<net id="207"><net_src comp="188" pin="2"/><net_sink comp="204" pin=0"/></net>

<net id="211"><net_src comp="193" pin="2"/><net_sink comp="208" pin=0"/></net>

<net id="215"><net_src comp="130" pin="2"/><net_sink comp="212" pin=0"/></net>

<net id="219"><net_src comp="136" pin="2"/><net_sink comp="216" pin=0"/></net>

<net id="223"><net_src comp="142" pin="2"/><net_sink comp="220" pin=0"/></net>

<net id="227"><net_src comp="148" pin="2"/><net_sink comp="224" pin=0"/></net>

<net id="232"><net_src comp="44" pin="0"/><net_sink comp="228" pin=0"/></net>

<net id="237"><net_src comp="46" pin="0"/><net_sink comp="233" pin=0"/></net>

<net id="242"><net_src comp="46" pin="0"/><net_sink comp="238" pin=0"/></net>

<net id="249"><net_src comp="243" pin="1"/><net_sink comp="246" pin=0"/></net>

<net id="254"><net_src comp="246" pin="1"/><net_sink comp="250" pin=0"/></net>

<net id="255"><net_src comp="154" pin="2"/><net_sink comp="250" pin=1"/></net>

<net id="260"><net_src comp="243" pin="1"/><net_sink comp="256" pin=0"/></net>

<net id="261"><net_src comp="50" pin="0"/><net_sink comp="256" pin=1"/></net>

<net id="265"><net_src comp="243" pin="1"/><net_sink comp="262" pin=0"/></net>

<net id="270"><net_src comp="262" pin="1"/><net_sink comp="266" pin=0"/></net>

<net id="271"><net_src comp="224" pin="1"/><net_sink comp="266" pin=1"/></net>

<net id="275"><net_src comp="266" pin="2"/><net_sink comp="272" pin=0"/></net>

<net id="280"><net_src comp="2" pin="0"/><net_sink comp="276" pin=0"/></net>

<net id="281"><net_src comp="272" pin="1"/><net_sink comp="276" pin=1"/></net>

<net id="286"><net_src comp="262" pin="1"/><net_sink comp="282" pin=0"/></net>

<net id="287"><net_src comp="220" pin="1"/><net_sink comp="282" pin=1"/></net>

<net id="291"><net_src comp="282" pin="2"/><net_sink comp="288" pin=0"/></net>

<net id="296"><net_src comp="2" pin="0"/><net_sink comp="292" pin=0"/></net>

<net id="297"><net_src comp="288" pin="1"/><net_sink comp="292" pin=1"/></net>

<net id="302"><net_src comp="262" pin="1"/><net_sink comp="298" pin=0"/></net>

<net id="303"><net_src comp="216" pin="1"/><net_sink comp="298" pin=1"/></net>

<net id="307"><net_src comp="298" pin="2"/><net_sink comp="304" pin=0"/></net>

<net id="312"><net_src comp="0" pin="0"/><net_sink comp="308" pin=0"/></net>

<net id="313"><net_src comp="304" pin="1"/><net_sink comp="308" pin=1"/></net>

<net id="318"><net_src comp="262" pin="1"/><net_sink comp="314" pin=0"/></net>

<net id="319"><net_src comp="212" pin="1"/><net_sink comp="314" pin=1"/></net>

<net id="323"><net_src comp="314" pin="2"/><net_sink comp="320" pin=0"/></net>

<net id="328"><net_src comp="0" pin="0"/><net_sink comp="324" pin=0"/></net>

<net id="329"><net_src comp="320" pin="1"/><net_sink comp="324" pin=1"/></net>

<net id="334"><net_src comp="256" pin="2"/><net_sink comp="330" pin=0"/></net>

<net id="338"><net_src comp="204" pin="1"/><net_sink comp="335" pin=0"/></net>

<net id="339"><net_src comp="335" pin="1"/><net_sink comp="198" pin=0"/></net>

<net id="343"><net_src comp="208" pin="1"/><net_sink comp="340" pin=0"/></net>

<net id="344"><net_src comp="340" pin="1"/><net_sink comp="201" pin=0"/></net>

<net id="348"><net_src comp="198" pin="1"/><net_sink comp="345" pin=0"/></net>

<net id="352"><net_src comp="345" pin="1"/><net_sink comp="349" pin=0"/></net>

<net id="358"><net_src comp="58" pin="0"/><net_sink comp="353" pin=0"/></net>

<net id="359"><net_src comp="345" pin="1"/><net_sink comp="353" pin=1"/></net>

<net id="360"><net_src comp="60" pin="0"/><net_sink comp="353" pin=2"/></net>

<net id="366"><net_src comp="62" pin="0"/><net_sink comp="361" pin=0"/></net>

<net id="367"><net_src comp="345" pin="1"/><net_sink comp="361" pin=1"/></net>

<net id="368"><net_src comp="64" pin="0"/><net_sink comp="361" pin=2"/></net>

<net id="372"><net_src comp="345" pin="1"/><net_sink comp="369" pin=0"/></net>

<net id="376"><net_src comp="204" pin="1"/><net_sink comp="373" pin=0"/></net>

<net id="377"><net_src comp="373" pin="1"/><net_sink comp="198" pin=0"/></net>

<net id="381"><net_src comp="201" pin="1"/><net_sink comp="378" pin=0"/></net>

<net id="385"><net_src comp="378" pin="1"/><net_sink comp="382" pin=0"/></net>

<net id="391"><net_src comp="58" pin="0"/><net_sink comp="386" pin=0"/></net>

<net id="392"><net_src comp="378" pin="1"/><net_sink comp="386" pin=1"/></net>

<net id="393"><net_src comp="60" pin="0"/><net_sink comp="386" pin=2"/></net>

<net id="399"><net_src comp="62" pin="0"/><net_sink comp="394" pin=0"/></net>

<net id="400"><net_src comp="378" pin="1"/><net_sink comp="394" pin=1"/></net>

<net id="401"><net_src comp="64" pin="0"/><net_sink comp="394" pin=2"/></net>

<net id="405"><net_src comp="378" pin="1"/><net_sink comp="402" pin=0"/></net>

<net id="409"><net_src comp="208" pin="1"/><net_sink comp="406" pin=0"/></net>

<net id="410"><net_src comp="406" pin="1"/><net_sink comp="201" pin=0"/></net>

<net id="419"><net_src comp="66" pin="0"/><net_sink comp="414" pin=0"/></net>

<net id="420"><net_src comp="68" pin="0"/><net_sink comp="414" pin=1"/></net>

<net id="424"><net_src comp="414" pin="3"/><net_sink comp="421" pin=0"/></net>

<net id="429"><net_src comp="70" pin="0"/><net_sink comp="425" pin=0"/></net>

<net id="430"><net_src comp="421" pin="1"/><net_sink comp="425" pin=1"/></net>

<net id="436"><net_src comp="425" pin="2"/><net_sink comp="431" pin=1"/></net>

<net id="437"><net_src comp="421" pin="1"/><net_sink comp="431" pin=2"/></net>

<net id="442"><net_src comp="72" pin="0"/><net_sink comp="438" pin=1"/></net>

<net id="447"><net_src comp="74" pin="0"/><net_sink comp="443" pin=0"/></net>

<net id="448"><net_src comp="411" pin="1"/><net_sink comp="443" pin=1"/></net>

<net id="452"><net_src comp="443" pin="2"/><net_sink comp="449" pin=0"/></net>

<net id="457"><net_src comp="443" pin="2"/><net_sink comp="453" pin=0"/></net>

<net id="458"><net_src comp="76" pin="0"/><net_sink comp="453" pin=1"/></net>

<net id="463"><net_src comp="449" pin="1"/><net_sink comp="459" pin=0"/></net>

<net id="464"><net_src comp="78" pin="0"/><net_sink comp="459" pin=1"/></net>

<net id="469"><net_src comp="80" pin="0"/><net_sink comp="465" pin=0"/></net>

<net id="470"><net_src comp="449" pin="1"/><net_sink comp="465" pin=1"/></net>

<net id="476"><net_src comp="453" pin="2"/><net_sink comp="471" pin=0"/></net>

<net id="477"><net_src comp="459" pin="2"/><net_sink comp="471" pin=1"/></net>

<net id="478"><net_src comp="465" pin="2"/><net_sink comp="471" pin=2"/></net>

<net id="483"><net_src comp="443" pin="2"/><net_sink comp="479" pin=0"/></net>

<net id="484"><net_src comp="76" pin="0"/><net_sink comp="479" pin=1"/></net>

<net id="488"><net_src comp="431" pin="3"/><net_sink comp="485" pin=0"/></net>

<net id="492"><net_src comp="198" pin="1"/><net_sink comp="489" pin=0"/></net>

<net id="496"><net_src comp="489" pin="1"/><net_sink comp="493" pin=0"/></net>

<net id="502"><net_src comp="58" pin="0"/><net_sink comp="497" pin=0"/></net>

<net id="503"><net_src comp="489" pin="1"/><net_sink comp="497" pin=1"/></net>

<net id="504"><net_src comp="60" pin="0"/><net_sink comp="497" pin=2"/></net>

<net id="510"><net_src comp="62" pin="0"/><net_sink comp="505" pin=0"/></net>

<net id="511"><net_src comp="489" pin="1"/><net_sink comp="505" pin=1"/></net>

<net id="512"><net_src comp="64" pin="0"/><net_sink comp="505" pin=2"/></net>

<net id="516"><net_src comp="489" pin="1"/><net_sink comp="513" pin=0"/></net>

<net id="525"><net_src comp="66" pin="0"/><net_sink comp="520" pin=0"/></net>

<net id="526"><net_src comp="68" pin="0"/><net_sink comp="520" pin=1"/></net>

<net id="530"><net_src comp="520" pin="3"/><net_sink comp="527" pin=0"/></net>

<net id="535"><net_src comp="70" pin="0"/><net_sink comp="531" pin=0"/></net>

<net id="536"><net_src comp="527" pin="1"/><net_sink comp="531" pin=1"/></net>

<net id="542"><net_src comp="531" pin="2"/><net_sink comp="537" pin=1"/></net>

<net id="543"><net_src comp="527" pin="1"/><net_sink comp="537" pin=2"/></net>

<net id="548"><net_src comp="72" pin="0"/><net_sink comp="544" pin=1"/></net>

<net id="553"><net_src comp="74" pin="0"/><net_sink comp="549" pin=0"/></net>

<net id="554"><net_src comp="517" pin="1"/><net_sink comp="549" pin=1"/></net>

<net id="558"><net_src comp="549" pin="2"/><net_sink comp="555" pin=0"/></net>

<net id="563"><net_src comp="549" pin="2"/><net_sink comp="559" pin=0"/></net>

<net id="564"><net_src comp="76" pin="0"/><net_sink comp="559" pin=1"/></net>

<net id="569"><net_src comp="555" pin="1"/><net_sink comp="565" pin=0"/></net>

<net id="570"><net_src comp="78" pin="0"/><net_sink comp="565" pin=1"/></net>

<net id="575"><net_src comp="80" pin="0"/><net_sink comp="571" pin=0"/></net>

<net id="576"><net_src comp="555" pin="1"/><net_sink comp="571" pin=1"/></net>

<net id="582"><net_src comp="559" pin="2"/><net_sink comp="577" pin=0"/></net>

<net id="583"><net_src comp="565" pin="2"/><net_sink comp="577" pin=1"/></net>

<net id="584"><net_src comp="571" pin="2"/><net_sink comp="577" pin=2"/></net>

<net id="589"><net_src comp="549" pin="2"/><net_sink comp="585" pin=0"/></net>

<net id="590"><net_src comp="76" pin="0"/><net_sink comp="585" pin=1"/></net>

<net id="594"><net_src comp="537" pin="3"/><net_sink comp="591" pin=0"/></net>

<net id="598"><net_src comp="201" pin="1"/><net_sink comp="595" pin=0"/></net>

<net id="602"><net_src comp="595" pin="1"/><net_sink comp="599" pin=0"/></net>

<net id="608"><net_src comp="58" pin="0"/><net_sink comp="603" pin=0"/></net>

<net id="609"><net_src comp="595" pin="1"/><net_sink comp="603" pin=1"/></net>

<net id="610"><net_src comp="60" pin="0"/><net_sink comp="603" pin=2"/></net>

<net id="616"><net_src comp="62" pin="0"/><net_sink comp="611" pin=0"/></net>

<net id="617"><net_src comp="595" pin="1"/><net_sink comp="611" pin=1"/></net>

<net id="618"><net_src comp="64" pin="0"/><net_sink comp="611" pin=2"/></net>

<net id="622"><net_src comp="595" pin="1"/><net_sink comp="619" pin=0"/></net>

<net id="627"><net_src comp="82" pin="0"/><net_sink comp="623" pin=1"/></net>

<net id="633"><net_src comp="84" pin="0"/><net_sink comp="628" pin=1"/></net>

<net id="634"><net_src comp="46" pin="0"/><net_sink comp="628" pin=2"/></net>

<net id="642"><net_src comp="635" pin="1"/><net_sink comp="638" pin=1"/></net>

<net id="646"><net_src comp="638" pin="2"/><net_sink comp="643" pin=0"/></net>

<net id="652"><net_src comp="623" pin="2"/><net_sink comp="647" pin=0"/></net>

<net id="653"><net_src comp="643" pin="1"/><net_sink comp="647" pin=1"/></net>

<net id="654"><net_src comp="628" pin="3"/><net_sink comp="647" pin=2"/></net>

<net id="659"><net_src comp="86" pin="0"/><net_sink comp="655" pin=1"/></net>

<net id="667"><net_src comp="660" pin="1"/><net_sink comp="663" pin=1"/></net>

<net id="673"><net_src comp="655" pin="2"/><net_sink comp="668" pin=0"/></net>

<net id="674"><net_src comp="663" pin="2"/><net_sink comp="668" pin=1"/></net>

<net id="675"><net_src comp="46" pin="0"/><net_sink comp="668" pin=2"/></net>

<net id="684"><net_src comp="66" pin="0"/><net_sink comp="679" pin=0"/></net>

<net id="685"><net_src comp="68" pin="0"/><net_sink comp="679" pin=1"/></net>

<net id="689"><net_src comp="679" pin="3"/><net_sink comp="686" pin=0"/></net>

<net id="694"><net_src comp="70" pin="0"/><net_sink comp="690" pin=0"/></net>

<net id="695"><net_src comp="686" pin="1"/><net_sink comp="690" pin=1"/></net>

<net id="701"><net_src comp="690" pin="2"/><net_sink comp="696" pin=1"/></net>

<net id="702"><net_src comp="686" pin="1"/><net_sink comp="696" pin=2"/></net>

<net id="707"><net_src comp="72" pin="0"/><net_sink comp="703" pin=1"/></net>

<net id="712"><net_src comp="74" pin="0"/><net_sink comp="708" pin=0"/></net>

<net id="713"><net_src comp="676" pin="1"/><net_sink comp="708" pin=1"/></net>

<net id="717"><net_src comp="708" pin="2"/><net_sink comp="714" pin=0"/></net>

<net id="722"><net_src comp="708" pin="2"/><net_sink comp="718" pin=0"/></net>

<net id="723"><net_src comp="76" pin="0"/><net_sink comp="718" pin=1"/></net>

<net id="728"><net_src comp="714" pin="1"/><net_sink comp="724" pin=0"/></net>

<net id="729"><net_src comp="78" pin="0"/><net_sink comp="724" pin=1"/></net>

<net id="734"><net_src comp="80" pin="0"/><net_sink comp="730" pin=0"/></net>

<net id="735"><net_src comp="714" pin="1"/><net_sink comp="730" pin=1"/></net>

<net id="741"><net_src comp="718" pin="2"/><net_sink comp="736" pin=0"/></net>

<net id="742"><net_src comp="724" pin="2"/><net_sink comp="736" pin=1"/></net>

<net id="743"><net_src comp="730" pin="2"/><net_sink comp="736" pin=2"/></net>

<net id="748"><net_src comp="708" pin="2"/><net_sink comp="744" pin=0"/></net>

<net id="749"><net_src comp="76" pin="0"/><net_sink comp="744" pin=1"/></net>

<net id="753"><net_src comp="696" pin="3"/><net_sink comp="750" pin=0"/></net>

<net id="758"><net_src comp="703" pin="2"/><net_sink comp="754" pin=0"/></net>

<net id="759"><net_src comp="744" pin="2"/><net_sink comp="754" pin=1"/></net>

<net id="764"><net_src comp="754" pin="2"/><net_sink comp="760" pin=0"/></net>

<net id="765"><net_src comp="68" pin="0"/><net_sink comp="760" pin=1"/></net>

<net id="770"><net_src comp="718" pin="2"/><net_sink comp="766" pin=0"/></net>

<net id="771"><net_src comp="760" pin="2"/><net_sink comp="766" pin=1"/></net>

<net id="776"><net_src comp="82" pin="0"/><net_sink comp="772" pin=1"/></net>

<net id="782"><net_src comp="84" pin="0"/><net_sink comp="777" pin=1"/></net>

<net id="783"><net_src comp="46" pin="0"/><net_sink comp="777" pin=2"/></net>

<net id="791"><net_src comp="784" pin="1"/><net_sink comp="787" pin=1"/></net>

<net id="795"><net_src comp="787" pin="2"/><net_sink comp="792" pin=0"/></net>

<net id="801"><net_src comp="772" pin="2"/><net_sink comp="796" pin=0"/></net>

<net id="802"><net_src comp="792" pin="1"/><net_sink comp="796" pin=1"/></net>

<net id="803"><net_src comp="777" pin="3"/><net_sink comp="796" pin=2"/></net>

<net id="808"><net_src comp="86" pin="0"/><net_sink comp="804" pin=1"/></net>

<net id="816"><net_src comp="809" pin="1"/><net_sink comp="812" pin=1"/></net>

<net id="822"><net_src comp="804" pin="2"/><net_sink comp="817" pin=0"/></net>

<net id="823"><net_src comp="812" pin="2"/><net_sink comp="817" pin=1"/></net>

<net id="824"><net_src comp="46" pin="0"/><net_sink comp="817" pin=2"/></net>

<net id="833"><net_src comp="66" pin="0"/><net_sink comp="828" pin=0"/></net>

<net id="834"><net_src comp="68" pin="0"/><net_sink comp="828" pin=1"/></net>

<net id="838"><net_src comp="828" pin="3"/><net_sink comp="835" pin=0"/></net>

<net id="843"><net_src comp="70" pin="0"/><net_sink comp="839" pin=0"/></net>

<net id="844"><net_src comp="835" pin="1"/><net_sink comp="839" pin=1"/></net>

<net id="850"><net_src comp="839" pin="2"/><net_sink comp="845" pin=1"/></net>

<net id="851"><net_src comp="835" pin="1"/><net_sink comp="845" pin=2"/></net>

<net id="856"><net_src comp="72" pin="0"/><net_sink comp="852" pin=1"/></net>

<net id="861"><net_src comp="74" pin="0"/><net_sink comp="857" pin=0"/></net>

<net id="862"><net_src comp="825" pin="1"/><net_sink comp="857" pin=1"/></net>

<net id="866"><net_src comp="857" pin="2"/><net_sink comp="863" pin=0"/></net>

<net id="871"><net_src comp="857" pin="2"/><net_sink comp="867" pin=0"/></net>

<net id="872"><net_src comp="76" pin="0"/><net_sink comp="867" pin=1"/></net>

<net id="877"><net_src comp="863" pin="1"/><net_sink comp="873" pin=0"/></net>

<net id="878"><net_src comp="78" pin="0"/><net_sink comp="873" pin=1"/></net>

<net id="883"><net_src comp="80" pin="0"/><net_sink comp="879" pin=0"/></net>

<net id="884"><net_src comp="863" pin="1"/><net_sink comp="879" pin=1"/></net>

<net id="890"><net_src comp="867" pin="2"/><net_sink comp="885" pin=0"/></net>

<net id="891"><net_src comp="873" pin="2"/><net_sink comp="885" pin=1"/></net>

<net id="892"><net_src comp="879" pin="2"/><net_sink comp="885" pin=2"/></net>

<net id="897"><net_src comp="857" pin="2"/><net_sink comp="893" pin=0"/></net>

<net id="898"><net_src comp="76" pin="0"/><net_sink comp="893" pin=1"/></net>

<net id="902"><net_src comp="845" pin="3"/><net_sink comp="899" pin=0"/></net>

<net id="907"><net_src comp="68" pin="0"/><net_sink comp="903" pin=1"/></net>

<net id="912"><net_src comp="903" pin="2"/><net_sink comp="908" pin=1"/></net>

<net id="921"><net_src comp="913" pin="2"/><net_sink comp="917" pin=0"/></net>

<net id="922"><net_src comp="68" pin="0"/><net_sink comp="917" pin=1"/></net>

<net id="927"><net_src comp="917" pin="2"/><net_sink comp="923" pin=1"/></net>

<net id="934"><net_src comp="88" pin="0"/><net_sink comp="928" pin=0"/></net>

<net id="935"><net_src comp="908" pin="2"/><net_sink comp="928" pin=2"/></net>

<net id="936"><net_src comp="923" pin="2"/><net_sink comp="928" pin=3"/></net>

<net id="950"><net_src comp="90" pin="0"/><net_sink comp="937" pin=0"/></net>

<net id="951"><net_src comp="92" pin="0"/><net_sink comp="937" pin=1"/></net>

<net id="952"><net_src comp="46" pin="0"/><net_sink comp="937" pin=2"/></net>

<net id="953"><net_src comp="94" pin="0"/><net_sink comp="937" pin=3"/></net>

<net id="954"><net_src comp="96" pin="0"/><net_sink comp="937" pin=5"/></net>

<net id="955"><net_src comp="98" pin="0"/><net_sink comp="937" pin=7"/></net>

<net id="956"><net_src comp="100" pin="0"/><net_sink comp="937" pin=9"/></net>

<net id="957"><net_src comp="928" pin="4"/><net_sink comp="937" pin=10"/></net>

<net id="962"><net_src comp="82" pin="0"/><net_sink comp="958" pin=1"/></net>

<net id="968"><net_src comp="84" pin="0"/><net_sink comp="963" pin=1"/></net>

<net id="969"><net_src comp="46" pin="0"/><net_sink comp="963" pin=2"/></net>

<net id="977"><net_src comp="970" pin="1"/><net_sink comp="973" pin=1"/></net>

<net id="981"><net_src comp="973" pin="2"/><net_sink comp="978" pin=0"/></net>

<net id="987"><net_src comp="958" pin="2"/><net_sink comp="982" pin=0"/></net>

<net id="988"><net_src comp="978" pin="1"/><net_sink comp="982" pin=1"/></net>

<net id="989"><net_src comp="963" pin="3"/><net_sink comp="982" pin=2"/></net>

<net id="994"><net_src comp="86" pin="0"/><net_sink comp="990" pin=1"/></net>

<net id="1002"><net_src comp="995" pin="1"/><net_sink comp="998" pin=1"/></net>

<net id="1008"><net_src comp="990" pin="2"/><net_sink comp="1003" pin=0"/></net>

<net id="1009"><net_src comp="998" pin="2"/><net_sink comp="1003" pin=1"/></net>

<net id="1010"><net_src comp="46" pin="0"/><net_sink comp="1003" pin=2"/></net>

<net id="1015"><net_src comp="68" pin="0"/><net_sink comp="1011" pin=1"/></net>

<net id="1020"><net_src comp="1011" pin="2"/><net_sink comp="1016" pin=1"/></net>

<net id="1029"><net_src comp="1021" pin="2"/><net_sink comp="1025" pin=0"/></net>

<net id="1030"><net_src comp="68" pin="0"/><net_sink comp="1025" pin=1"/></net>

<net id="1035"><net_src comp="1025" pin="2"/><net_sink comp="1031" pin=1"/></net>

<net id="1042"><net_src comp="88" pin="0"/><net_sink comp="1036" pin=0"/></net>

<net id="1043"><net_src comp="1016" pin="2"/><net_sink comp="1036" pin=2"/></net>

<net id="1044"><net_src comp="1031" pin="2"/><net_sink comp="1036" pin=3"/></net>

<net id="1058"><net_src comp="90" pin="0"/><net_sink comp="1045" pin=0"/></net>

<net id="1059"><net_src comp="92" pin="0"/><net_sink comp="1045" pin=1"/></net>

<net id="1060"><net_src comp="46" pin="0"/><net_sink comp="1045" pin=2"/></net>

<net id="1061"><net_src comp="94" pin="0"/><net_sink comp="1045" pin=3"/></net>

<net id="1062"><net_src comp="96" pin="0"/><net_sink comp="1045" pin=5"/></net>

<net id="1063"><net_src comp="98" pin="0"/><net_sink comp="1045" pin=7"/></net>

<net id="1064"><net_src comp="100" pin="0"/><net_sink comp="1045" pin=9"/></net>

<net id="1065"><net_src comp="1036" pin="4"/><net_sink comp="1045" pin=10"/></net>

<net id="1070"><net_src comp="82" pin="0"/><net_sink comp="1066" pin=1"/></net>

<net id="1076"><net_src comp="84" pin="0"/><net_sink comp="1071" pin=1"/></net>

<net id="1077"><net_src comp="46" pin="0"/><net_sink comp="1071" pin=2"/></net>

<net id="1085"><net_src comp="1078" pin="1"/><net_sink comp="1081" pin=1"/></net>

<net id="1089"><net_src comp="1081" pin="2"/><net_sink comp="1086" pin=0"/></net>

<net id="1095"><net_src comp="1066" pin="2"/><net_sink comp="1090" pin=0"/></net>

<net id="1096"><net_src comp="1086" pin="1"/><net_sink comp="1090" pin=1"/></net>

<net id="1097"><net_src comp="1071" pin="3"/><net_sink comp="1090" pin=2"/></net>

<net id="1102"><net_src comp="86" pin="0"/><net_sink comp="1098" pin=1"/></net>

<net id="1110"><net_src comp="1103" pin="1"/><net_sink comp="1106" pin=1"/></net>

<net id="1116"><net_src comp="1098" pin="2"/><net_sink comp="1111" pin=0"/></net>

<net id="1117"><net_src comp="1106" pin="2"/><net_sink comp="1111" pin=1"/></net>

<net id="1118"><net_src comp="46" pin="0"/><net_sink comp="1111" pin=2"/></net>

<net id="1123"><net_src comp="68" pin="0"/><net_sink comp="1119" pin=1"/></net>

<net id="1128"><net_src comp="1119" pin="2"/><net_sink comp="1124" pin=1"/></net>

<net id="1135"><net_src comp="88" pin="0"/><net_sink comp="1129" pin=0"/></net>

<net id="1136"><net_src comp="1124" pin="2"/><net_sink comp="1129" pin=2"/></net>

<net id="1150"><net_src comp="90" pin="0"/><net_sink comp="1137" pin=0"/></net>

<net id="1151"><net_src comp="92" pin="0"/><net_sink comp="1137" pin=1"/></net>

<net id="1152"><net_src comp="46" pin="0"/><net_sink comp="1137" pin=2"/></net>

<net id="1153"><net_src comp="94" pin="0"/><net_sink comp="1137" pin=3"/></net>

<net id="1154"><net_src comp="96" pin="0"/><net_sink comp="1137" pin=5"/></net>

<net id="1155"><net_src comp="98" pin="0"/><net_sink comp="1137" pin=7"/></net>

<net id="1156"><net_src comp="100" pin="0"/><net_sink comp="1137" pin=9"/></net>

<net id="1157"><net_src comp="1129" pin="4"/><net_sink comp="1137" pin=10"/></net>

<net id="1162"><net_src comp="68" pin="0"/><net_sink comp="1158" pin=1"/></net>

<net id="1167"><net_src comp="1158" pin="2"/><net_sink comp="1163" pin=1"/></net>

<net id="1176"><net_src comp="1168" pin="2"/><net_sink comp="1172" pin=0"/></net>

<net id="1177"><net_src comp="68" pin="0"/><net_sink comp="1172" pin=1"/></net>

<net id="1182"><net_src comp="1172" pin="2"/><net_sink comp="1178" pin=1"/></net>

<net id="1189"><net_src comp="88" pin="0"/><net_sink comp="1183" pin=0"/></net>

<net id="1190"><net_src comp="1163" pin="2"/><net_sink comp="1183" pin=2"/></net>

<net id="1191"><net_src comp="1178" pin="2"/><net_sink comp="1183" pin=3"/></net>

<net id="1205"><net_src comp="90" pin="0"/><net_sink comp="1192" pin=0"/></net>

<net id="1206"><net_src comp="92" pin="0"/><net_sink comp="1192" pin=1"/></net>

<net id="1207"><net_src comp="46" pin="0"/><net_sink comp="1192" pin=2"/></net>

<net id="1208"><net_src comp="94" pin="0"/><net_sink comp="1192" pin=3"/></net>

<net id="1209"><net_src comp="96" pin="0"/><net_sink comp="1192" pin=5"/></net>

<net id="1210"><net_src comp="98" pin="0"/><net_sink comp="1192" pin=7"/></net>

<net id="1211"><net_src comp="100" pin="0"/><net_sink comp="1192" pin=9"/></net>

<net id="1212"><net_src comp="1183" pin="4"/><net_sink comp="1192" pin=10"/></net>

<net id="1222"><net_src comp="1192" pin="11"/><net_sink comp="1219" pin=0"/></net>

<net id="1226"><net_src comp="1137" pin="11"/><net_sink comp="1223" pin=0"/></net>

<net id="1231"><net_src comp="1213" pin="1"/><net_sink comp="1227" pin=0"/></net>

<net id="1232"><net_src comp="1216" pin="1"/><net_sink comp="1227" pin=1"/></net>

<net id="1245"><net_src comp="102" pin="0"/><net_sink comp="1240" pin=0"/></net>

<net id="1246"><net_src comp="1237" pin="1"/><net_sink comp="1240" pin=1"/></net>

<net id="1247"><net_src comp="104" pin="0"/><net_sink comp="1240" pin=2"/></net>

<net id="1252"><net_src comp="1240" pin="3"/><net_sink comp="1248" pin=0"/></net>

<net id="1259"><net_src comp="106" pin="0"/><net_sink comp="1253" pin=0"/></net>

<net id="1260"><net_src comp="1248" pin="2"/><net_sink comp="1253" pin=1"/></net>

<net id="1261"><net_src comp="36" pin="0"/><net_sink comp="1253" pin=2"/></net>

<net id="1262"><net_src comp="108" pin="0"/><net_sink comp="1253" pin=3"/></net>

<net id="1267"><net_src comp="1253" pin="4"/><net_sink comp="1263" pin=0"/></net>

<net id="1276"><net_src comp="102" pin="0"/><net_sink comp="1271" pin=0"/></net>

<net id="1277"><net_src comp="1268" pin="1"/><net_sink comp="1271" pin=1"/></net>

<net id="1278"><net_src comp="104" pin="0"/><net_sink comp="1271" pin=2"/></net>

<net id="1283"><net_src comp="1271" pin="3"/><net_sink comp="1279" pin=0"/></net>

<net id="1290"><net_src comp="106" pin="0"/><net_sink comp="1284" pin=0"/></net>

<net id="1291"><net_src comp="1279" pin="2"/><net_sink comp="1284" pin=1"/></net>

<net id="1292"><net_src comp="36" pin="0"/><net_sink comp="1284" pin=2"/></net>

<net id="1293"><net_src comp="108" pin="0"/><net_sink comp="1284" pin=3"/></net>

<net id="1298"><net_src comp="1284" pin="4"/><net_sink comp="1294" pin=0"/></net>

<net id="1302"><net_src comp="1299" pin="1"/><net_sink comp="167" pin=2"/></net>

<net id="1306"><net_src comp="1303" pin="1"/><net_sink comp="160" pin=2"/></net>

<net id="1312"><net_src comp="1219" pin="1"/><net_sink comp="1307" pin=0"/></net>

<net id="1313"><net_src comp="1223" pin="1"/><net_sink comp="1307" pin=1"/></net>

<net id="1314"><net_src comp="1307" pin="3"/><net_sink comp="1248" pin=1"/></net>

<net id="1320"><net_src comp="1315" pin="3"/><net_sink comp="1279" pin=1"/></net>

<net id="1324"><net_src comp="118" pin="1"/><net_sink comp="1321" pin=0"/></net>

<net id="1325"><net_src comp="1321" pin="1"/><net_sink comp="238" pin=1"/></net>

<net id="1326"><net_src comp="1321" pin="1"/><net_sink comp="1237" pin=0"/></net>

<net id="1327"><net_src comp="1321" pin="1"/><net_sink comp="1263" pin=1"/></net>

<net id="1328"><net_src comp="1321" pin="1"/><net_sink comp="1299" pin=0"/></net>

<net id="1332"><net_src comp="122" pin="1"/><net_sink comp="1329" pin=0"/></net>

<net id="1333"><net_src comp="1329" pin="1"/><net_sink comp="233" pin=1"/></net>

<net id="1334"><net_src comp="1329" pin="1"/><net_sink comp="1268" pin=0"/></net>

<net id="1335"><net_src comp="1329" pin="1"/><net_sink comp="1294" pin=1"/></net>

<net id="1336"><net_src comp="1329" pin="1"/><net_sink comp="1303" pin=0"/></net>

<net id="1340"><net_src comp="126" pin="1"/><net_sink comp="1337" pin=0"/></net>

<net id="1341"><net_src comp="1337" pin="1"/><net_sink comp="228" pin=1"/></net>

<net id="1342"><net_src comp="1337" pin="1"/><net_sink comp="243" pin=0"/></net>

<net id="1343"><net_src comp="1337" pin="1"/><net_sink comp="330" pin=1"/></net>

<net id="1347"><net_src comp="250" pin="2"/><net_sink comp="1344" pin=0"/></net>

<net id="1351"><net_src comp="276" pin="2"/><net_sink comp="1348" pin=0"/></net>

<net id="1352"><net_src comp="1348" pin="1"/><net_sink comp="174" pin=1"/></net>

<net id="1353"><net_src comp="1348" pin="1"/><net_sink comp="188" pin=1"/></net>

<net id="1357"><net_src comp="292" pin="2"/><net_sink comp="1354" pin=0"/></net>

<net id="1358"><net_src comp="1354" pin="1"/><net_sink comp="174" pin=1"/></net>

<net id="1359"><net_src comp="1354" pin="1"/><net_sink comp="188" pin=1"/></net>

<net id="1363"><net_src comp="308" pin="2"/><net_sink comp="1360" pin=0"/></net>

<net id="1364"><net_src comp="1360" pin="1"/><net_sink comp="181" pin=1"/></net>

<net id="1365"><net_src comp="1360" pin="1"/><net_sink comp="193" pin=1"/></net>

<net id="1369"><net_src comp="324" pin="2"/><net_sink comp="1366" pin=0"/></net>

<net id="1370"><net_src comp="1366" pin="1"/><net_sink comp="181" pin=1"/></net>

<net id="1371"><net_src comp="1366" pin="1"/><net_sink comp="193" pin=1"/></net>

<net id="1375"><net_src comp="335" pin="1"/><net_sink comp="1372" pin=0"/></net>

<net id="1376"><net_src comp="1372" pin="1"/><net_sink comp="198" pin=0"/></net>

<net id="1380"><net_src comp="340" pin="1"/><net_sink comp="1377" pin=0"/></net>

<net id="1381"><net_src comp="1377" pin="1"/><net_sink comp="201" pin=0"/></net>

<net id="1385"><net_src comp="349" pin="1"/><net_sink comp="1382" pin=0"/></net>

<net id="1386"><net_src comp="1382" pin="1"/><net_sink comp="438" pin=0"/></net>

<net id="1390"><net_src comp="353" pin="3"/><net_sink comp="1387" pin=0"/></net>

<net id="1391"><net_src comp="1387" pin="1"/><net_sink comp="431" pin=0"/></net>

<net id="1392"><net_src comp="1387" pin="1"/><net_sink comp="628" pin=0"/></net>

<net id="1396"><net_src comp="361" pin="3"/><net_sink comp="1393" pin=0"/></net>

<net id="1397"><net_src comp="1393" pin="1"/><net_sink comp="411" pin=0"/></net>

<net id="1401"><net_src comp="369" pin="1"/><net_sink comp="1398" pin=0"/></net>

<net id="1402"><net_src comp="1398" pin="1"/><net_sink comp="414" pin=2"/></net>

<net id="1406"><net_src comp="373" pin="1"/><net_sink comp="1403" pin=0"/></net>

<net id="1407"><net_src comp="1403" pin="1"/><net_sink comp="198" pin=0"/></net>

<net id="1411"><net_src comp="382" pin="1"/><net_sink comp="1408" pin=0"/></net>

<net id="1412"><net_src comp="1408" pin="1"/><net_sink comp="544" pin=0"/></net>

<net id="1416"><net_src comp="386" pin="3"/><net_sink comp="1413" pin=0"/></net>

<net id="1417"><net_src comp="1413" pin="1"/><net_sink comp="537" pin=0"/></net>

<net id="1418"><net_src comp="1413" pin="1"/><net_sink comp="777" pin=0"/></net>

<net id="1422"><net_src comp="394" pin="3"/><net_sink comp="1419" pin=0"/></net>

<net id="1423"><net_src comp="1419" pin="1"/><net_sink comp="517" pin=0"/></net>

<net id="1427"><net_src comp="402" pin="1"/><net_sink comp="1424" pin=0"/></net>

<net id="1428"><net_src comp="1424" pin="1"/><net_sink comp="520" pin=2"/></net>

<net id="1432"><net_src comp="406" pin="1"/><net_sink comp="1429" pin=0"/></net>

<net id="1433"><net_src comp="1429" pin="1"/><net_sink comp="201" pin=0"/></net>

<net id="1437"><net_src comp="431" pin="3"/><net_sink comp="1434" pin=0"/></net>

<net id="1438"><net_src comp="1434" pin="1"/><net_sink comp="638" pin=0"/></net>

<net id="1442"><net_src comp="438" pin="2"/><net_sink comp="1439" pin=0"/></net>

<net id="1443"><net_src comp="1439" pin="1"/><net_sink comp="903" pin=0"/></net>

<net id="1444"><net_src comp="1439" pin="1"/><net_sink comp="913" pin=0"/></net>

<net id="1445"><net_src comp="1439" pin="1"/><net_sink comp="928" pin=1"/></net>

<net id="1449"><net_src comp="453" pin="2"/><net_sink comp="1446" pin=0"/></net>

<net id="1450"><net_src comp="1446" pin="1"/><net_sink comp="923" pin=0"/></net>

<net id="1454"><net_src comp="471" pin="3"/><net_sink comp="1451" pin=0"/></net>

<net id="1455"><net_src comp="1451" pin="1"/><net_sink comp="623" pin=0"/></net>

<net id="1456"><net_src comp="1451" pin="1"/><net_sink comp="635" pin=0"/></net>

<net id="1457"><net_src comp="1451" pin="1"/><net_sink comp="655" pin=0"/></net>

<net id="1458"><net_src comp="1451" pin="1"/><net_sink comp="660" pin=0"/></net>

<net id="1462"><net_src comp="479" pin="2"/><net_sink comp="1459" pin=0"/></net>

<net id="1463"><net_src comp="1459" pin="1"/><net_sink comp="908" pin=0"/></net>

<net id="1464"><net_src comp="1459" pin="1"/><net_sink comp="913" pin=1"/></net>

<net id="1468"><net_src comp="485" pin="1"/><net_sink comp="1465" pin=0"/></net>

<net id="1469"><net_src comp="1465" pin="1"/><net_sink comp="663" pin=0"/></net>

<net id="1470"><net_src comp="1465" pin="1"/><net_sink comp="937" pin=4"/></net>

<net id="1474"><net_src comp="493" pin="1"/><net_sink comp="1471" pin=0"/></net>

<net id="1475"><net_src comp="1471" pin="1"/><net_sink comp="703" pin=0"/></net>

<net id="1479"><net_src comp="497" pin="3"/><net_sink comp="1476" pin=0"/></net>

<net id="1480"><net_src comp="1476" pin="1"/><net_sink comp="696" pin=0"/></net>

<net id="1481"><net_src comp="1476" pin="1"/><net_sink comp="963" pin=0"/></net>

<net id="1485"><net_src comp="505" pin="3"/><net_sink comp="1482" pin=0"/></net>

<net id="1486"><net_src comp="1482" pin="1"/><net_sink comp="676" pin=0"/></net>

<net id="1490"><net_src comp="513" pin="1"/><net_sink comp="1487" pin=0"/></net>

<net id="1491"><net_src comp="1487" pin="1"/><net_sink comp="679" pin=2"/></net>

<net id="1495"><net_src comp="537" pin="3"/><net_sink comp="1492" pin=0"/></net>

<net id="1496"><net_src comp="1492" pin="1"/><net_sink comp="787" pin=0"/></net>

<net id="1500"><net_src comp="544" pin="2"/><net_sink comp="1497" pin=0"/></net>

<net id="1501"><net_src comp="1497" pin="1"/><net_sink comp="1011" pin=0"/></net>

<net id="1502"><net_src comp="1497" pin="1"/><net_sink comp="1021" pin=0"/></net>

<net id="1503"><net_src comp="1497" pin="1"/><net_sink comp="1036" pin=1"/></net>

<net id="1507"><net_src comp="559" pin="2"/><net_sink comp="1504" pin=0"/></net>

<net id="1508"><net_src comp="1504" pin="1"/><net_sink comp="1031" pin=0"/></net>

<net id="1512"><net_src comp="577" pin="3"/><net_sink comp="1509" pin=0"/></net>

<net id="1513"><net_src comp="1509" pin="1"/><net_sink comp="772" pin=0"/></net>

<net id="1514"><net_src comp="1509" pin="1"/><net_sink comp="784" pin=0"/></net>

<net id="1515"><net_src comp="1509" pin="1"/><net_sink comp="804" pin=0"/></net>

<net id="1516"><net_src comp="1509" pin="1"/><net_sink comp="809" pin=0"/></net>

<net id="1520"><net_src comp="585" pin="2"/><net_sink comp="1517" pin=0"/></net>

<net id="1521"><net_src comp="1517" pin="1"/><net_sink comp="1016" pin=0"/></net>

<net id="1522"><net_src comp="1517" pin="1"/><net_sink comp="1021" pin=1"/></net>

<net id="1526"><net_src comp="591" pin="1"/><net_sink comp="1523" pin=0"/></net>

<net id="1527"><net_src comp="1523" pin="1"/><net_sink comp="812" pin=0"/></net>

<net id="1528"><net_src comp="1523" pin="1"/><net_sink comp="1045" pin=4"/></net>

<net id="1532"><net_src comp="599" pin="1"/><net_sink comp="1529" pin=0"/></net>

<net id="1533"><net_src comp="1529" pin="1"/><net_sink comp="852" pin=0"/></net>

<net id="1537"><net_src comp="603" pin="3"/><net_sink comp="1534" pin=0"/></net>

<net id="1538"><net_src comp="1534" pin="1"/><net_sink comp="845" pin=0"/></net>

<net id="1539"><net_src comp="1534" pin="1"/><net_sink comp="1071" pin=0"/></net>

<net id="1543"><net_src comp="611" pin="3"/><net_sink comp="1540" pin=0"/></net>

<net id="1544"><net_src comp="1540" pin="1"/><net_sink comp="825" pin=0"/></net>

<net id="1548"><net_src comp="619" pin="1"/><net_sink comp="1545" pin=0"/></net>

<net id="1549"><net_src comp="1545" pin="1"/><net_sink comp="828" pin=2"/></net>

<net id="1553"><net_src comp="647" pin="3"/><net_sink comp="1550" pin=0"/></net>

<net id="1554"><net_src comp="1550" pin="1"/><net_sink comp="937" pin=6"/></net>

<net id="1558"><net_src comp="668" pin="3"/><net_sink comp="1555" pin=0"/></net>

<net id="1559"><net_src comp="1555" pin="1"/><net_sink comp="937" pin=8"/></net>

<net id="1563"><net_src comp="696" pin="3"/><net_sink comp="1560" pin=0"/></net>

<net id="1564"><net_src comp="1560" pin="1"/><net_sink comp="973" pin=0"/></net>

<net id="1568"><net_src comp="703" pin="2"/><net_sink comp="1565" pin=0"/></net>

<net id="1569"><net_src comp="1565" pin="1"/><net_sink comp="1119" pin=0"/></net>

<net id="1570"><net_src comp="1565" pin="1"/><net_sink comp="1129" pin=1"/></net>

<net id="1574"><net_src comp="736" pin="3"/><net_sink comp="1571" pin=0"/></net>

<net id="1575"><net_src comp="1571" pin="1"/><net_sink comp="958" pin=0"/></net>

<net id="1576"><net_src comp="1571" pin="1"/><net_sink comp="970" pin=0"/></net>

<net id="1577"><net_src comp="1571" pin="1"/><net_sink comp="990" pin=0"/></net>

<net id="1578"><net_src comp="1571" pin="1"/><net_sink comp="995" pin=0"/></net>

<net id="1582"><net_src comp="744" pin="2"/><net_sink comp="1579" pin=0"/></net>

<net id="1583"><net_src comp="1579" pin="1"/><net_sink comp="1124" pin=0"/></net>

<net id="1587"><net_src comp="750" pin="1"/><net_sink comp="1584" pin=0"/></net>

<net id="1588"><net_src comp="1584" pin="1"/><net_sink comp="998" pin=0"/></net>

<net id="1589"><net_src comp="1584" pin="1"/><net_sink comp="1137" pin=4"/></net>

<net id="1593"><net_src comp="766" pin="2"/><net_sink comp="1590" pin=0"/></net>

<net id="1594"><net_src comp="1590" pin="1"/><net_sink comp="1129" pin=3"/></net>

<net id="1598"><net_src comp="796" pin="3"/><net_sink comp="1595" pin=0"/></net>

<net id="1599"><net_src comp="1595" pin="1"/><net_sink comp="1045" pin=6"/></net>

<net id="1603"><net_src comp="817" pin="3"/><net_sink comp="1600" pin=0"/></net>

<net id="1604"><net_src comp="1600" pin="1"/><net_sink comp="1045" pin=8"/></net>

<net id="1608"><net_src comp="845" pin="3"/><net_sink comp="1605" pin=0"/></net>

<net id="1609"><net_src comp="1605" pin="1"/><net_sink comp="1081" pin=0"/></net>

<net id="1613"><net_src comp="852" pin="2"/><net_sink comp="1610" pin=0"/></net>

<net id="1614"><net_src comp="1610" pin="1"/><net_sink comp="1158" pin=0"/></net>

<net id="1615"><net_src comp="1610" pin="1"/><net_sink comp="1168" pin=0"/></net>

<net id="1616"><net_src comp="1610" pin="1"/><net_sink comp="1183" pin=1"/></net>

<net id="1620"><net_src comp="867" pin="2"/><net_sink comp="1617" pin=0"/></net>

<net id="1621"><net_src comp="1617" pin="1"/><net_sink comp="1178" pin=0"/></net>

<net id="1625"><net_src comp="885" pin="3"/><net_sink comp="1622" pin=0"/></net>

<net id="1626"><net_src comp="1622" pin="1"/><net_sink comp="1066" pin=0"/></net>

<net id="1627"><net_src comp="1622" pin="1"/><net_sink comp="1078" pin=0"/></net>

<net id="1628"><net_src comp="1622" pin="1"/><net_sink comp="1098" pin=0"/></net>

<net id="1629"><net_src comp="1622" pin="1"/><net_sink comp="1103" pin=0"/></net>

<net id="1633"><net_src comp="893" pin="2"/><net_sink comp="1630" pin=0"/></net>

<net id="1634"><net_src comp="1630" pin="1"/><net_sink comp="1163" pin=0"/></net>

<net id="1635"><net_src comp="1630" pin="1"/><net_sink comp="1168" pin=1"/></net>

<net id="1639"><net_src comp="899" pin="1"/><net_sink comp="1636" pin=0"/></net>

<net id="1640"><net_src comp="1636" pin="1"/><net_sink comp="1106" pin=0"/></net>

<net id="1641"><net_src comp="1636" pin="1"/><net_sink comp="1192" pin=4"/></net>

<net id="1645"><net_src comp="937" pin="11"/><net_sink comp="1642" pin=0"/></net>

<net id="1646"><net_src comp="1642" pin="1"/><net_sink comp="1216" pin=0"/></net>

<net id="1650"><net_src comp="982" pin="3"/><net_sink comp="1647" pin=0"/></net>

<net id="1651"><net_src comp="1647" pin="1"/><net_sink comp="1137" pin=6"/></net>

<net id="1655"><net_src comp="1003" pin="3"/><net_sink comp="1652" pin=0"/></net>

<net id="1656"><net_src comp="1652" pin="1"/><net_sink comp="1137" pin=8"/></net>

<net id="1660"><net_src comp="1045" pin="11"/><net_sink comp="1657" pin=0"/></net>

<net id="1661"><net_src comp="1657" pin="1"/><net_sink comp="1213" pin=0"/></net>

<net id="1665"><net_src comp="1090" pin="3"/><net_sink comp="1662" pin=0"/></net>

<net id="1666"><net_src comp="1662" pin="1"/><net_sink comp="1192" pin=6"/></net>

<net id="1670"><net_src comp="1111" pin="3"/><net_sink comp="1667" pin=0"/></net>

<net id="1671"><net_src comp="1667" pin="1"/><net_sink comp="1192" pin=8"/></net>

<net id="1675"><net_src comp="1213" pin="1"/><net_sink comp="1672" pin=0"/></net>

<net id="1676"><net_src comp="1672" pin="1"/><net_sink comp="1315" pin=0"/></net>

<net id="1680"><net_src comp="1216" pin="1"/><net_sink comp="1677" pin=0"/></net>

<net id="1681"><net_src comp="1677" pin="1"/><net_sink comp="1233" pin=1"/></net>

<net id="1685"><net_src comp="1219" pin="1"/><net_sink comp="1682" pin=0"/></net>

<net id="1686"><net_src comp="1682" pin="1"/><net_sink comp="1307" pin=0"/></net>

<net id="1687"><net_src comp="1682" pin="1"/><net_sink comp="1233" pin=0"/></net>

<net id="1691"><net_src comp="1223" pin="1"/><net_sink comp="1688" pin=0"/></net>

<net id="1692"><net_src comp="1688" pin="1"/><net_sink comp="1307" pin=1"/></net>

<net id="1693"><net_src comp="1688" pin="1"/><net_sink comp="1315" pin=1"/></net>

<net id="1697"><net_src comp="1227" pin="2"/><net_sink comp="1694" pin=0"/></net>

<net id="1698"><net_src comp="1694" pin="1"/><net_sink comp="1307" pin=0"/></net>

<net id="1702"><net_src comp="1233" pin="2"/><net_sink comp="1699" pin=0"/></net>

<net id="1703"><net_src comp="1699" pin="1"/><net_sink comp="1315" pin=0"/></net>

</net_list>

</model> 
---------------- Datapath Model END ------------------

* FSMD analyzer results:
  - Output states:
	Port: gmem1 | {}
	Port: gmem0 | {}
	Port: acc_Q_out | {18 }
	Port: acc_I_out | {18 }
 - Input state : 
	Port: gnss_correlator_Pipeline_VITIS_LOOP_30_1 : gmem1 | {2 3 4 5 6 7 8 9 10 11 }
	Port: gnss_correlator_Pipeline_VITIS_LOOP_30_1 : gmem0 | {2 3 4 5 6 7 8 9 10 11 }
	Port: gnss_correlator_Pipeline_VITIS_LOOP_30_1 : num_samples | {1 }
	Port: gnss_correlator_Pipeline_VITIS_LOOP_30_1 : sext_ln30 | {1 }
	Port: gnss_correlator_Pipeline_VITIS_LOOP_30_1 : sext_ln30_1 | {1 }
	Port: gnss_correlator_Pipeline_VITIS_LOOP_30_1 : sext_ln30_2 | {1 }
	Port: gnss_correlator_Pipeline_VITIS_LOOP_30_1 : sext_ln30_3 | {1 }
  - Chain level:
	State 1
		store_ln30 : 1
		store_ln28 : 1
		store_ln27 : 1
		i_1 : 1
		zext_ln30_1 : 2
		icmp_ln30 : 3
		br_ln30 : 4
		add_ln30 : 2
		zext_ln30 : 2
		add_ln34 : 3
		sext_ln34 : 4
		gmem0_addr : 5
		add_ln35 : 3
		sext_ln35 : 4
		gmem0_addr_1 : 5
		add_ln36 : 3
		sext_ln36 : 4
		gmem1_addr : 5
		add_ln37 : 3
		sext_ln37 : 4
		gmem1_addr_1 : 5
		store_ln30 : 3
	State 2
	State 3
	State 4
	State 5
	State 6
	State 7
	State 8
	State 9
	State 10
	State 11
		pf : 1
		pf_2 : 1
	State 12
		bitcast_ln726 : 1
		trunc_ln34 : 2
		tmp : 2
		tmp_1 : 2
		trunc_ln34_1 : 2
		pf_1 : 1
		bitcast_ln726_2 : 1
		trunc_ln36 : 2
		tmp_3 : 2
		tmp_s : 2
		trunc_ln36_1 : 2
		pf_3 : 1
	State 13
		zext_ln34_1 : 1
		sub_ln34 : 2
		select_ln34 : 3
		sub_ln34_1 : 1
		trunc_ln34_2 : 2
		icmp_ln34_1 : 2
		add_ln34_1 : 3
		sub_ln34_2 : 3
		select_ln34_1 : 4
		icmp_ln34_2 : 2
		trunc_ln34_3 : 4
		bitcast_ln726_1 : 1
		trunc_ln35 : 2
		tmp_2 : 2
		tmp_9 : 2
		trunc_ln35_1 : 2
		zext_ln36_1 : 1
		sub_ln36 : 2
		select_ln36 : 3
		sub_ln36_1 : 1
		trunc_ln36_2 : 2
		icmp_ln36_1 : 2
		add_ln36_1 : 3
		sub_ln36_2 : 3
		select_ln36_1 : 4
		icmp_ln36_2 : 2
		trunc_ln36_3 : 4
		bitcast_ln726_3 : 1
		trunc_ln37 : 2
		tmp_4 : 2
		tmp_5 : 2
		trunc_ln37_1 : 2
	State 14
		ashr_ln34 : 1
		trunc_ln34_4 : 2
		select_ln34_2 : 3
		shl_ln34 : 1
		select_ln34_3 : 2
		zext_ln35_1 : 1
		sub_ln35 : 2
		select_ln35 : 3
		sub_ln35_1 : 1
		trunc_ln35_2 : 2
		icmp_ln35_1 : 2
		add_ln35_1 : 3
		sub_ln35_2 : 3
		select_ln35_1 : 4
		icmp_ln35_2 : 2
		trunc_ln35_3 : 4
		or_ln35 : 3
		xor_ln35_1 : 3
		and_ln35_1 : 3
		ashr_ln36 : 1
		trunc_ln36_4 : 2
		select_ln36_2 : 3
		shl_ln36 : 1
		select_ln36_3 : 2
		zext_ln37_1 : 1
		sub_ln37 : 2
		select_ln37 : 3
		sub_ln37_1 : 1
		trunc_ln37_2 : 2
		icmp_ln37_1 : 2
		add_ln37_1 : 3
		sub_ln37_2 : 3
		select_ln37_1 : 4
		icmp_ln37_2 : 2
		trunc_ln37_3 : 4
	State 15
		a : 1
		ashr_ln35 : 1
		trunc_ln35_4 : 2
		select_ln35_2 : 3
		shl_ln35 : 1
		select_ln35_3 : 2
		c : 1
		ashr_ln37 : 1
		trunc_ln37_4 : 2
		select_ln37_2 : 3
		shl_ln37 : 1
		select_ln37_3 : 2
	State 16
		b : 1
		d : 1
		sext_ln40_2 : 2
		sext_ln40_3 : 2
		mul_ln40 : 1
		mul_ln40_1 : 3
	State 17
	State 18
		sub_ln40 : 1
		write_ln0 : 1
		write_ln0 : 1
	State 19
		shl_ln : 1
		add_ln40 : 2
		acc_I_1 : 3
		add_ln41 : 1
		store_ln27 : 4
	State 20
		shl_ln1 : 1
		add_ln41_1 : 2
		acc_Q_1 : 3
		store_ln28 : 4


============================================================
+ Verbose Summary: Datapath Resource usage 
============================================================

* Functional unit list:
|----------|------------------------------|---------|---------|---------|
| Operation|        Functional Unit       |   DSP   |    FF   |   LUT   |
|----------|------------------------------|---------|---------|---------|
|          |       ashr_ln34_fu_638       |    0    |    0    |   161   |
|   ashr   |       ashr_ln36_fu_787       |    0    |    0    |   161   |
|          |       ashr_ln35_fu_973       |    0    |    0    |   161   |
|          |       ashr_ln37_fu_1081      |    0    |    0    |   161   |
|----------|------------------------------|---------|---------|---------|
|          |       icmp_ln30_fu_250       |    0    |    0    |    39   |
|          |       icmp_ln34_fu_438       |    0    |    0    |    70   |
|          |      icmp_ln34_1_fu_453      |    0    |    0    |    12   |
|          |      icmp_ln34_2_fu_479      |    0    |    0    |    12   |
|          |       icmp_ln36_fu_544       |    0    |    0    |    70   |
|          |      icmp_ln36_1_fu_559      |    0    |    0    |    12   |
|          |      icmp_ln36_2_fu_585      |    0    |    0    |    12   |
|          |      icmp_ln34_3_fu_623      |    0    |    0    |    12   |
|          |      icmp_ln34_4_fu_655      |    0    |    0    |    12   |
|          |       icmp_ln35_fu_703       |    0    |    0    |    70   |
|   icmp   |      icmp_ln35_1_fu_718      |    0    |    0    |    12   |
|          |      icmp_ln35_2_fu_744      |    0    |    0    |    12   |
|          |      icmp_ln36_3_fu_772      |    0    |    0    |    12   |
|          |      icmp_ln36_4_fu_804      |    0    |    0    |    12   |
|          |       icmp_ln37_fu_852       |    0    |    0    |    70   |
|          |      icmp_ln37_1_fu_867      |    0    |    0    |    12   |
|          |      icmp_ln37_2_fu_893      |    0    |    0    |    12   |
|          |      icmp_ln35_3_fu_958      |    0    |    0    |    12   |
|          |      icmp_ln35_4_fu_990      |    0    |    0    |    12   |
|          |      icmp_ln37_3_fu_1066     |    0    |    0    |    12   |
|          |      icmp_ln37_4_fu_1098     |    0    |    0    |    12   |
|----------|------------------------------|---------|---------|---------|
|          |      select_ln34_fu_431      |    0    |    0    |    54   |
|          |     select_ln34_1_fu_471     |    0    |    0    |    11   |
|          |      select_ln36_fu_537      |    0    |    0    |    54   |
|          |     select_ln36_1_fu_577     |    0    |    0    |    11   |
|          |     select_ln34_4_fu_628     |    0    |    0    |    18   |
|          |     select_ln34_2_fu_647     |    0    |    0    |    18   |
|          |     select_ln34_3_fu_668     |    0    |    0    |    18   |
|          |      select_ln35_fu_696      |    0    |    0    |    54   |
|          |     select_ln35_1_fu_736     |    0    |    0    |    11   |
|  select  |     select_ln36_4_fu_777     |    0    |    0    |    18   |
|          |     select_ln36_2_fu_796     |    0    |    0    |    18   |
|          |     select_ln36_3_fu_817     |    0    |    0    |    18   |
|          |      select_ln37_fu_845      |    0    |    0    |    54   |
|          |     select_ln37_1_fu_885     |    0    |    0    |    11   |
|          |     select_ln35_4_fu_963     |    0    |    0    |    18   |
|          |     select_ln35_2_fu_982     |    0    |    0    |    18   |
|          |     select_ln35_3_fu_1003    |    0    |    0    |    18   |
|          |     select_ln37_4_fu_1071    |    0    |    0    |    18   |
|          |     select_ln37_2_fu_1090    |    0    |    0    |    18   |
|          |     select_ln37_3_fu_1111    |    0    |    0    |    18   |
|----------|------------------------------|---------|---------|---------|
|          |        add_ln30_fu_256       |    0    |    0    |    38   |
|          |        add_ln34_fu_266       |    0    |    0    |    69   |
|          |        add_ln35_fu_282       |    0    |    0    |    69   |
|          |        add_ln36_fu_298       |    0    |    0    |    69   |
|          |        add_ln37_fu_314       |    0    |    0    |    69   |
|    add   |       add_ln34_1_fu_459      |    0    |    0    |    12   |
|          |       add_ln36_1_fu_565      |    0    |    0    |    12   |
|          |       add_ln35_1_fu_724      |    0    |    0    |    12   |
|          |       add_ln37_1_fu_873      |    0    |    0    |    12   |
|          |       add_ln40_fu_1248       |    0    |    0    |    41   |
|          |      add_ln41_1_fu_1279      |    0    |    0    |    41   |
|----------|------------------------------|---------|---------|---------|
|          |        sub_ln34_fu_425       |    0    |    0    |    60   |
|          |       sub_ln34_1_fu_443      |    0    |    0    |    12   |
|          |       sub_ln34_2_fu_465      |    0    |    0    |    12   |
|          |        sub_ln36_fu_531       |    0    |    0    |    60   |
|          |       sub_ln36_1_fu_549      |    0    |    0    |    12   |
|    sub   |       sub_ln36_2_fu_571      |    0    |    0    |    12   |
|          |        sub_ln35_fu_690       |    0    |    0    |    60   |
|          |       sub_ln35_1_fu_708      |    0    |    0    |    12   |
|          |       sub_ln35_2_fu_730      |    0    |    0    |    12   |
|          |        sub_ln37_fu_839       |    0    |    0    |    60   |
|          |       sub_ln37_1_fu_857      |    0    |    0    |    12   |
|          |       sub_ln37_2_fu_879      |    0    |    0    |    12   |
|----------|------------------------------|---------|---------|---------|
|          |        shl_ln34_fu_663       |    0    |    0    |    43   |
|    shl   |        shl_ln36_fu_812       |    0    |    0    |    43   |
|          |        shl_ln35_fu_998       |    0    |    0    |    43   |
|          |       shl_ln37_fu_1106       |    0    |    0    |    43   |
|----------|------------------------------|---------|---------|---------|
|          |           a_fu_937           |    0    |    0    |    14   |
| sparsemux|           c_fu_1045          |    0    |    0    |    14   |
|          |           b_fu_1137          |    0    |    0    |    14   |
|          |           d_fu_1192          |    0    |    0    |    14   |
|----------|------------------------------|---------|---------|---------|
|          |       xor_ln35_1_fu_760      |    0    |    0    |    2    |
|          |        xor_ln34_fu_903       |    0    |    0    |    2    |
|          |       xor_ln34_1_fu_917      |    0    |    0    |    2    |
|    xor   |       xor_ln36_fu_1011       |    0    |    0    |    2    |
|          |      xor_ln36_1_fu_1025      |    0    |    0    |    2    |
|          |       xor_ln35_fu_1119       |    0    |    0    |    2    |
|          |       xor_ln37_fu_1158       |    0    |    0    |    2    |
|          |      xor_ln37_1_fu_1172      |    0    |    0    |    2    |
|----------|------------------------------|---------|---------|---------|
|          |       and_ln35_1_fu_766      |    0    |    0    |    2    |
|          |        and_ln34_fu_908       |    0    |    0    |    2    |
|          |       and_ln34_1_fu_923      |    0    |    0    |    2    |
|    and   |       and_ln36_fu_1016       |    0    |    0    |    2    |
|          |      and_ln36_1_fu_1031      |    0    |    0    |    2    |
|          |       and_ln35_fu_1124       |    0    |    0    |    2    |
|          |       and_ln37_fu_1163       |    0    |    0    |    2    |
|          |      and_ln37_1_fu_1178      |    0    |    0    |    2    |
|----------|------------------------------|---------|---------|---------|
|    mul   |       mul_ln40_fu_1227       |    1    |    0    |    6    |
|          |       mul_ln41_fu_1233       |    1    |    0    |    6    |
|----------|------------------------------|---------|---------|---------|
|          |        or_ln35_fu_754        |    0    |    0    |    2    |
|    or    |        or_ln34_fu_913        |    0    |    0    |    2    |
|          |        or_ln36_fu_1021       |    0    |    0    |    2    |
|          |        or_ln37_fu_1168       |    0    |    0    |    2    |
|----------|------------------------------|---------|---------|---------|
|  mulsub  |          grp_fu_1307         |    1    |    0    |    0    |
|----------|------------------------------|---------|---------|---------|
|  muladd  |          grp_fu_1315         |    1    |    0    |    0    |
|----------|------------------------------|---------|---------|---------|
|          | sext_ln30_3_read_read_fu_130 |    0    |    0    |    0    |
|          | sext_ln30_2_read_read_fu_136 |    0    |    0    |    0    |
|          | sext_ln30_1_read_read_fu_142 |    0    |    0    |    0    |
|   read   |  sext_ln30_read_read_fu_148  |    0    |    0    |    0    |
|          | num_samples_read_read_fu_154 |    0    |    0    |    0    |
|          |        grp_read_fu_188       |    0    |    0    |    0    |
|          |        grp_read_fu_193       |    0    |    0    |    0    |
|----------|------------------------------|---------|---------|---------|
|   write  |    write_ln0_write_fu_160    |    0    |    0    |    0    |
|          |    write_ln0_write_fu_167    |    0    |    0    |    0    |
|----------|------------------------------|---------|---------|---------|
|  readreq |      grp_readreq_fu_174      |    0    |    0    |    0    |
|          |      grp_readreq_fu_181      |    0    |    0    |    0    |
|----------|------------------------------|---------|---------|---------|
|   fpext  |          grp_fu_198          |    0    |    0    |    0    |
|          |          grp_fu_201          |    0    |    0    |    0    |
|----------|------------------------------|---------|---------|---------|
|          |    sext_ln30_3_cast_fu_212   |    0    |    0    |    0    |
|          |    sext_ln30_2_cast_fu_216   |    0    |    0    |    0    |
|          |    sext_ln30_1_cast_fu_220   |    0    |    0    |    0    |
|          |     sext_ln30_cast_fu_224    |    0    |    0    |    0    |
|          |       sext_ln34_fu_272       |    0    |    0    |    0    |
|   sext   |       sext_ln35_fu_288       |    0    |    0    |    0    |
|          |       sext_ln36_fu_304       |    0    |    0    |    0    |
|          |       sext_ln37_fu_320       |    0    |    0    |    0    |
|          |       sext_ln40_fu_1213      |    0    |    0    |    0    |
|          |      sext_ln40_1_fu_1216     |    0    |    0    |    0    |
|          |      sext_ln40_2_fu_1219     |    0    |    0    |    0    |
|          |      sext_ln40_3_fu_1223     |    0    |    0    |    0    |
|----------|------------------------------|---------|---------|---------|
|          |      zext_ln30_1_fu_246      |    0    |    0    |    0    |
|          |       zext_ln30_fu_262       |    0    |    0    |    0    |
|          |       zext_ln34_fu_411       |    0    |    0    |    0    |
|          |      zext_ln34_1_fu_421      |    0    |    0    |    0    |
|          |       zext_ln36_fu_517       |    0    |    0    |    0    |
|          |      zext_ln36_1_fu_527      |    0    |    0    |    0    |
|          |      zext_ln34_2_fu_635      |    0    |    0    |    0    |
|          |   select_ln34_1cast_fu_660   |    0    |    0    |    0    |
|   zext   |       zext_ln35_fu_676       |    0    |    0    |    0    |
|          |      zext_ln35_1_fu_686      |    0    |    0    |    0    |
|          |      zext_ln36_2_fu_784      |    0    |    0    |    0    |
|          |   select_ln36_1cast_fu_809   |    0    |    0    |    0    |
|          |       zext_ln37_fu_825       |    0    |    0    |    0    |
|          |      zext_ln37_1_fu_835      |    0    |    0    |    0    |
|          |      zext_ln35_2_fu_970      |    0    |    0    |    0    |
|          |   select_ln35_1cast_fu_995   |    0    |    0    |    0    |
|          |      zext_ln37_2_fu_1078     |    0    |    0    |    0    |
|          |   select_ln37_1cast_fu_1103  |    0    |    0    |    0    |
|----------|------------------------------|---------|---------|---------|
|          |       trunc_ln34_fu_349      |    0    |    0    |    0    |
|          |      trunc_ln34_1_fu_369     |    0    |    0    |    0    |
|          |       trunc_ln36_fu_382      |    0    |    0    |    0    |
|          |      trunc_ln36_1_fu_402     |    0    |    0    |    0    |
|          |      trunc_ln34_2_fu_449     |    0    |    0    |    0    |
|          |      trunc_ln34_3_fu_485     |    0    |    0    |    0    |
|          |       trunc_ln35_fu_493      |    0    |    0    |    0    |
|          |      trunc_ln35_1_fu_513     |    0    |    0    |    0    |
|          |      trunc_ln36_2_fu_555     |    0    |    0    |    0    |
|   trunc  |      trunc_ln36_3_fu_591     |    0    |    0    |    0    |
|          |       trunc_ln37_fu_599      |    0    |    0    |    0    |
|          |      trunc_ln37_1_fu_619     |    0    |    0    |    0    |
|          |      trunc_ln34_4_fu_643     |    0    |    0    |    0    |
|          |      trunc_ln35_2_fu_714     |    0    |    0    |    0    |
|          |      trunc_ln35_3_fu_750     |    0    |    0    |    0    |
|          |      trunc_ln36_4_fu_792     |    0    |    0    |    0    |
|          |      trunc_ln37_2_fu_863     |    0    |    0    |    0    |
|          |      trunc_ln37_3_fu_899     |    0    |    0    |    0    |
|          |      trunc_ln35_4_fu_978     |    0    |    0    |    0    |
|          |     trunc_ln37_4_fu_1086     |    0    |    0    |    0    |
|----------|------------------------------|---------|---------|---------|
|          |          tmp_fu_353          |    0    |    0    |    0    |
| bitselect|         tmp_3_fu_386         |    0    |    0    |    0    |
|          |         tmp_2_fu_497         |    0    |    0    |    0    |
|          |         tmp_4_fu_603         |    0    |    0    |    0    |
|----------|------------------------------|---------|---------|---------|
|          |         tmp_1_fu_361         |    0    |    0    |    0    |
|          |         tmp_s_fu_394         |    0    |    0    |    0    |
|partselect|         tmp_9_fu_505         |    0    |    0    |    0    |
|          |         tmp_5_fu_611         |    0    |    0    |    0    |
|          |        acc_I_1_fu_1253       |    0    |    0    |    0    |
|          |        acc_Q_1_fu_1284       |    0    |    0    |    0    |
|----------|------------------------------|---------|---------|---------|
|          |    zext_ln34_1_cast_fu_414   |    0    |    0    |    0    |
|          |    zext_ln36_1_cast_fu_520   |    0    |    0    |    0    |
|          |    zext_ln35_1_cast_fu_679   |    0    |    0    |    0    |
|          |    zext_ln37_1_cast_fu_828   |    0    |    0    |    0    |
|bitconcatenate|        sel_tmp6_fu_928       |    0    |    0    |    0    |
|          |       sel_tmp1_fu_1036       |    0    |    0    |    0    |
|          |        sel_tmp_fu_1129       |    0    |    0    |    0    |
|          |       sel_tmp2_fu_1183       |    0    |    0    |    0    |
|          |        shl_ln_fu_1240        |    0    |    0    |    0    |
|          |        shl_ln1_fu_1271       |    0    |    0    |    0    |
|----------|------------------------------|---------|---------|---------|
|   Total  |                              |    4    |    0    |   2691  |
|----------|------------------------------|---------|---------|---------|

Memories:
N/A

* Register list:
+----------------------+--------+
|                      |   FF   |
+----------------------+--------+
|      a_reg_1642      |   18   |
|    acc_I_reg_1321    |   18   |
|    acc_Q_reg_1329    |   18   |
|  and_ln35_1_reg_1590 |    1   |
| bitcast_ln34_reg_1372|   32   |
| bitcast_ln35_reg_1403|   32   |
| bitcast_ln36_reg_1377|   32   |
| bitcast_ln37_reg_1429|   32   |
|      c_reg_1657      |   18   |
| gmem0_addr_1_reg_1354|   32   |
|  gmem0_addr_reg_1348 |   32   |
| gmem1_addr_1_reg_1366|   32   |
|  gmem1_addr_reg_1360 |   32   |
|      i_reg_1337      |   31   |
|  icmp_ln30_reg_1344  |    1   |
| icmp_ln34_1_reg_1446 |    1   |
| icmp_ln34_2_reg_1459 |    1   |
|  icmp_ln34_reg_1439  |    1   |
| icmp_ln35_2_reg_1579 |    1   |
|  icmp_ln35_reg_1565  |    1   |
| icmp_ln36_1_reg_1504 |    1   |
| icmp_ln36_2_reg_1517 |    1   |
|  icmp_ln36_reg_1497  |    1   |
| icmp_ln37_1_reg_1617 |    1   |
| icmp_ln37_2_reg_1630 |    1   |
|  icmp_ln37_reg_1610  |    1   |
|   mul_ln40_reg_1694  |   34   |
|   mul_ln41_reg_1699  |   34   |
|        reg_204       |   32   |
|        reg_208       |   32   |
|select_ln34_1_reg_1451|   11   |
|select_ln34_2_reg_1550|   18   |
|select_ln34_3_reg_1555|   18   |
| select_ln34_reg_1434 |   54   |
|select_ln35_1_reg_1571|   11   |
|select_ln35_2_reg_1647|   18   |
|select_ln35_3_reg_1652|   18   |
| select_ln35_reg_1560 |   54   |
|select_ln36_1_reg_1509|   11   |
|select_ln36_2_reg_1595|   18   |
|select_ln36_3_reg_1600|   18   |
| select_ln36_reg_1492 |   54   |
|select_ln37_1_reg_1622|   11   |
|select_ln37_2_reg_1662|   18   |
|select_ln37_3_reg_1667|   18   |
| select_ln37_reg_1605 |   54   |
| sext_ln40_1_reg_1677 |   34   |
| sext_ln40_2_reg_1682 |   34   |
| sext_ln40_3_reg_1688 |   34   |
|  sext_ln40_reg_1672  |   34   |
|    tmp_1_reg_1393    |   11   |
|    tmp_2_reg_1476    |    1   |
|    tmp_3_reg_1413    |    1   |
|    tmp_4_reg_1534    |    1   |
|    tmp_5_reg_1540    |   11   |
|    tmp_9_reg_1482    |   11   |
|     tmp_reg_1387     |    1   |
|    tmp_s_reg_1419    |   11   |
| trunc_ln34_1_reg_1398|   52   |
| trunc_ln34_3_reg_1465|   18   |
|  trunc_ln34_reg_1382 |   63   |
| trunc_ln35_1_reg_1487|   52   |
| trunc_ln35_3_reg_1584|   18   |
|  trunc_ln35_reg_1471 |   63   |
| trunc_ln36_1_reg_1424|   52   |
| trunc_ln36_3_reg_1523|   18   |
|  trunc_ln36_reg_1408 |   63   |
| trunc_ln37_1_reg_1545|   52   |
| trunc_ln37_3_reg_1636|   18   |
|  trunc_ln37_reg_1529 |   63   |
+----------------------+--------+
|         Total        |  1624  |
+----------------------+--------+

* Multiplexer (MUX) list: 
|--------------------|------|------|------|--------||---------||---------||---------|
|        Comp        |  Pin | Size |  BW  | S x BW ||  Delay  ||    FF   ||   LUT   |
|--------------------|------|------|------|--------||---------||---------||---------|
| grp_readreq_fu_174 |  p1  |   2  |  32  |   64   ||    0    ||    9    |
| grp_readreq_fu_181 |  p1  |   2  |  32  |   64   ||    0    ||    9    |
|   grp_read_fu_188  |  p1  |   2  |  32  |   64   ||    0    ||    9    |
|   grp_read_fu_193  |  p1  |   2  |  32  |   64   ||    0    ||    9    |
|     grp_fu_198     |  p0  |   4  |  32  |   128  ||    0    ||    20   |
|     grp_fu_201     |  p0  |   4  |  32  |   128  ||    0    ||    20   |
|     grp_fu_1307    |  p0  |   3  |  18  |   54   ||    0    ||    14   |
|     grp_fu_1307    |  p1  |   2  |  18  |   36   ||    0    ||    9    |
|     grp_fu_1315    |  p0  |   2  |  18  |   36   ||    0    ||    9    |
|--------------------|------|------|------|--------||---------||---------||---------|
|        Total       |      |      |      |   638  || 14.8885 ||    0    ||   108   |
|--------------------|------|------|------|--------||---------||---------||---------|



* Summary:
+-----------+--------+--------+--------+--------+
|           |   DSP  |  Delay |   FF   |   LUT  |
+-----------+--------+--------+--------+--------+
|  Function |    4   |    -   |    0   |  2691  |
|   Memory  |    -   |    -   |    -   |    -   |
|Multiplexer|    -   |   14   |    0   |   108  |
|  Register |    -   |    -   |  1624  |    -   |
+-----------+--------+--------+--------+--------+
|   Total   |    4   |   14   |  1624  |  2799  |
+-----------+--------+--------+--------+--------+
