

================================================================
== Vitis HLS Report for 'gnss_correlator_Pipeline_VITIS_LOOP_30_1'
================================================================
* Date:           Wed Sep 16 17:42:50 2026

* Version:        2025.2 (Build 6295257 on Nov 14 2025)
* Project:        gnss_correlator_hls
* Solution:       hls (Vivado IP Flow Target)
* Product family: zynq
* Target device:  xc7z020-clg484-1


================================================================
== Performance Estimates
================================================================
+ Timing: 
    * Summary: 
    +--------+----------+----------+------------+
    |  Clock |  Target  | Estimated| Uncertainty|
    +--------+----------+----------+------------+
    |ap_clk  |  10.00 ns|  7.300 ns|     2.70 ns|
    +--------+----------+----------+------------+

+ Latency: 
    * Summary: 
    +---------+---------+----------+----------+-----+-----+-------------------+
    |  Latency (cycles) |  Latency (absolute) |  Interval |      Pipeline     |
    |   min   |   max   |    min   |    max   | min | max |        Type       |
    +---------+---------+----------+----------+-----+-----+-------------------+
    |        ?|        ?|         ?|         ?|    0|    0|  loop pipeline stp|
    +---------+---------+----------+----------+-----+-----+-------------------+

    + Detail: 
        * Instance: 
        N/A

        * Loop: 
        +-------------------+---------+---------+----------+-----------+-----------+------+----------+
        |                   |  Latency (cycles) | Iteration|  Initiation Interval  | Trip |          |
        |     Loop Name     |   min   |   max   |  Latency |  achieved |   target  | Count| Pipelined|
        +-------------------+---------+---------+----------+-----------+-----------+------+----------+
        |- VITIS_LOOP_30_1  |        ?|        ?|        20|          2|          1|     ?|       yes|
        +-------------------+---------+---------+----------+-----------+-----------+------+----------+

============================================================
+ Verbose Summary: Synthesis Manager
============================================================
InlineROM: 1
ExposeGlobal: 0
============================================================
+ Verbose Summary: CDFG Model
============================================================
IsTopModel: 0
ResetActiveHigh: 1
IsCombinational: 0
IsDatapathOnly: 0
HasWiredReturn: 1
HasMFsm: 2
HasVarLatency: 1
IsPipeline: 0
IsRtlPipelined: 0
IsInstanceOverlapped: 0
IsDontTouch: 0
HasImplIP: 0
IsGatedGlobalClock: 0

+ Individual pipeline summary: 
  * Pipeline-0: initiation interval (II) = 2, depth = 20


============================================================
+ Verbose Summary: Schedule
============================================================
* Number of FSM states : 20
* Pipeline : 1
  Pipeline-0 : II = 2, D = 20, States = { 1 2 3 4 5 6 7 8 9 10 11 12 13 14 15 16 17 18 19 20 }
* Dataflow Pipeline: 0

* FSM state transitions: 
1 --> 2 
2 --> 3 
3 --> 4 
4 --> 5 
5 --> 6 
6 --> 7 
7 --> 8 
8 --> 9 
9 --> 10 
10 --> 11 
11 --> 12 
12 --> 13 
13 --> 14 
14 --> 15 
15 --> 16 
16 --> 17 
17 --> 18 
18 --> 19 
19 --> 20 
20 --> 

* FSM state operations: 

State 1 <SV = 0> <Delay = 5.72>
ST_1 : Operation 23 [1/1] (0.00ns)   --->   "%acc_I = alloca i32 1" [vivado/ip_repo/gnss_correlator/src/gnss_correlator.cpp:27]   --->   Operation 23 'alloca' 'acc_I' <Predicate = true> <Delay = 0.00>
ST_1 : Operation 24 [1/1] (0.00ns)   --->   "%acc_Q = alloca i32 1" [vivado/ip_repo/gnss_correlator/src/gnss_correlator.cpp:28]   --->   Operation 24 'alloca' 'acc_Q' <Predicate = true> <Delay = 0.00>
ST_1 : Operation 25 [1/1] (0.00ns)   --->   "%i = alloca i32 1" [vivado/ip_repo/gnss_correlator/src/gnss_correlator.cpp:30]   --->   Operation 25 'alloca' 'i' <Predicate = true> <Delay = 0.00>
ST_1 : Operation 26 [1/1] (0.00ns)   --->   "%sext_ln30_3_read = read i62 @_ssdm_op_Read.ap_auto.i62, i62 %sext_ln30_3"   --->   Operation 26 'read' 'sext_ln30_3_read' <Predicate = true> <Delay = 0.00>
ST_1 : Operation 27 [1/1] (0.00ns)   --->   "%sext_ln30_2_read = read i62 @_ssdm_op_Read.ap_auto.i62, i62 %sext_ln30_2"   --->   Operation 27 'read' 'sext_ln30_2_read' <Predicate = true> <Delay = 0.00>
ST_1 : Operation 28 [1/1] (0.00ns)   --->   "%sext_ln30_1_read = read i62 @_ssdm_op_Read.ap_auto.i62, i62 %sext_ln30_1"   --->   Operation 28 'read' 'sext_ln30_1_read' <Predicate = true> <Delay = 0.00>
ST_1 : Operation 29 [1/1] (0.00ns)   --->   "%sext_ln30_read = read i62 @_ssdm_op_Read.ap_auto.i62, i62 %sext_ln30"   --->   Operation 29 'read' 'sext_ln30_read' <Predicate = true> <Delay = 0.00>
ST_1 : Operation 30 [1/1] (0.00ns)   --->   "%num_samples_read = read i32 @_ssdm_op_Read.ap_auto.i32, i32 %num_samples"   --->   Operation 30 'read' 'num_samples_read' <Predicate = true> <Delay = 0.00>
ST_1 : Operation 31 [1/1] (0.00ns)   --->   "%sext_ln30_3_cast = sext i62 %sext_ln30_3_read"   --->   Operation 31 'sext' 'sext_ln30_3_cast' <Predicate = true> <Delay = 0.00>
ST_1 : Operation 32 [1/1] (0.00ns)   --->   "%sext_ln30_2_cast = sext i62 %sext_ln30_2_read"   --->   Operation 32 'sext' 'sext_ln30_2_cast' <Predicate = true> <Delay = 0.00>
ST_1 : Operation 33 [1/1] (0.00ns)   --->   "%sext_ln30_1_cast = sext i62 %sext_ln30_1_read"   --->   Operation 33 'sext' 'sext_ln30_1_cast' <Predicate = true> <Delay = 0.00>
ST_1 : Operation 34 [1/1] (0.00ns)   --->   "%sext_ln30_cast = sext i62 %sext_ln30_read"   --->   Operation 34 'sext' 'sext_ln30_cast' <Predicate = true> <Delay = 0.00>
ST_1 : Operation 35 [1/1] (0.00ns)   --->   "%specinterface_ln0 = specinterface void @_ssdm_op_SpecInterface, i32 %gmem1, void @empty_4, i32 0, i32 0, void @empty_5, i32 0, i32 0, void @empty, void @empty_7, void @empty_5, i32 16, i32 16, i32 16, i32 16, void @empty_5, void @empty_5, i32 4294967295, i32 0, i32 0, i32 4"   --->   Operation 35 'specinterface' 'specinterface_ln0' <Predicate = true> <Delay = 0.00>
ST_1 : Operation 36 [1/1] (0.00ns)   --->   "%specinterface_ln0 = specinterface void @_ssdm_op_SpecInterface, i32 %gmem0, void @empty_4, i32 0, i32 0, void @empty_5, i32 0, i32 0, void @empty_6, void @empty_7, void @empty_5, i32 16, i32 16, i32 16, i32 16, void @empty_5, void @empty_5, i32 4294967295, i32 0, i32 0, i32 4"   --->   Operation 36 'specinterface' 'specinterface_ln0' <Predicate = true> <Delay = 0.00>
ST_1 : Operation 37 [1/1] (1.58ns)   --->   "%store_ln30 = store i31 0, i31 %i" [vivado/ip_repo/gnss_correlator/src/gnss_correlator.cpp:30]   --->   Operation 37 'store' 'store_ln30' <Predicate = true> <Delay = 1.58>
ST_1 : Operation 38 [1/1] (1.58ns)   --->   "%store_ln28 = store i18 0, i18 %acc_Q" [vivado/ip_repo/gnss_correlator/src/gnss_correlator.cpp:28]   --->   Operation 38 'store' 'store_ln28' <Predicate = true> <Delay = 1.58>
ST_1 : Operation 39 [1/1] (1.58ns)   --->   "%store_ln27 = store i18 0, i18 %acc_I" [vivado/ip_repo/gnss_correlator/src/gnss_correlator.cpp:27]   --->   Operation 39 'store' 'store_ln27' <Predicate = true> <Delay = 1.58>
ST_1 : Operation 40 [1/1] (0.00ns)   --->   "%br_ln0 = br void %for.body"   --->   Operation 40 'br' 'br_ln0' <Predicate = true> <Delay = 0.00>
ST_1 : Operation 41 [1/1] (0.00ns)   --->   "%i_1 = load i31 %i" [vivado/ip_repo/gnss_correlator/src/gnss_correlator.cpp:30]   --->   Operation 41 'load' 'i_1' <Predicate = true> <Delay = 0.00>
ST_1 : Operation 42 [1/1] (0.00ns)   --->   "%specbitsmap_ln0 = specbitsmap void @_ssdm_op_SpecBitsMap, i32 %gmem1"   --->   Operation 42 'specbitsmap' 'specbitsmap_ln0' <Predicate = true> <Delay = 0.00>
ST_1 : Operation 43 [1/1] (0.00ns)   --->   "%specbitsmap_ln0 = specbitsmap void @_ssdm_op_SpecBitsMap, i32 %gmem0"   --->   Operation 43 'specbitsmap' 'specbitsmap_ln0' <Predicate = true> <Delay = 0.00>
ST_1 : Operation 44 [1/1] (0.00ns)   --->   "%zext_ln30_1 = zext i31 %i_1" [vivado/ip_repo/gnss_correlator/src/gnss_correlator.cpp:30]   --->   Operation 44 'zext' 'zext_ln30_1' <Predicate = true> <Delay = 0.00>
ST_1 : Operation 45 [1/1] (2.55ns)   --->   "%icmp_ln30 = icmp_slt  i32 %zext_ln30_1, i32 %num_samples_read" [vivado/ip_repo/gnss_correlator/src/gnss_correlator.cpp:30]   --->   Operation 45 'icmp' 'icmp_ln30' <Predicate = true> <Delay = 2.55> <CoreInst = "Cmp">   --->   Core 9 'Cmp' <Latency = 0> <II = 1> <Delay = 2.55> <FuncUnit> <Opcode : 'seteq' 'setne' 'setle' 'setge' 'setlt' 'setgt'> <InPorts = 2> <OutPorts = 1>
ST_1 : Operation 46 [1/1] (0.00ns)   --->   "%br_ln30 = br i1 %icmp_ln30, void %for.end.loopexit_ifconv.exitStub, void %for.body.split_ifconv" [vivado/ip_repo/gnss_correlator/src/gnss_correlator.cpp:30]   --->   Operation 46 'br' 'br_ln30' <Predicate = true> <Delay = 0.00>
ST_1 : Operation 47 [1/1] (2.52ns)   --->   "%add_ln30 = add i31 %i_1, i31 1" [vivado/ip_repo/gnss_correlator/src/gnss_correlator.cpp:30]   --->   Operation 47 'add' 'add_ln30' <Predicate = (icmp_ln30)> <Delay = 2.52> <CoreInst = "Adder">   --->   Core 1 'Adder' <Latency = 0> <II = 1> <Delay = 2.52> <FuncUnit> <Opcode : 'add' 'sub'> <InPorts = 2> <OutPorts = 1>
ST_1 : Operation 48 [1/1] (0.00ns)   --->   "%zext_ln30 = zext i31 %i_1" [vivado/ip_repo/gnss_correlator/src/gnss_correlator.cpp:30]   --->   Operation 48 'zext' 'zext_ln30' <Predicate = (icmp_ln30)> <Delay = 0.00>
ST_1 : Operation 49 [1/1] (3.46ns)   --->   "%add_ln34 = add i63 %zext_ln30, i63 %sext_ln30_cast" [vivado/ip_repo/gnss_correlator/src/gnss_correlator.cpp:34]   --->   Operation 49 'add' 'add_ln34' <Predicate = (icmp_ln30)> <Delay = 3.46> <CoreInst = "Adder">   --->   Core 1 'Adder' <Latency = 0> <II = 1> <Delay = 3.46> <FuncUnit> <Opcode : 'add' 'sub'> <InPorts = 2> <OutPorts = 1>
ST_1 : Operation 50 [1/1] (0.00ns)   --->   "%sext_ln34 = sext i63 %add_ln34" [vivado/ip_repo/gnss_correlator/src/gnss_correlator.cpp:34]   --->   Operation 50 'sext' 'sext_ln34' <Predicate = (icmp_ln30)> <Delay = 0.00>
ST_1 : Operation 51 [1/1] (0.00ns)   --->   "%gmem0_addr = getelementptr i32 %gmem0, i64 %sext_ln34" [vivado/ip_repo/gnss_correlator/src/gnss_correlator.cpp:34]   --->   Operation 51 'getelementptr' 'gmem0_addr' <Predicate = (icmp_ln30)> <Delay = 0.00>
ST_1 : Operation 52 [1/1] (3.46ns)   --->   "%add_ln35 = add i63 %zext_ln30, i63 %sext_ln30_1_cast" [vivado/ip_repo/gnss_correlator/src/gnss_correlator.cpp:35]   --->   Operation 52 'add' 'add_ln35' <Predicate = (icmp_ln30)> <Delay = 3.46> <CoreInst = "Adder">   --->   Core 1 'Adder' <Latency = 0> <II = 1> <Delay = 3.46> <FuncUnit> <Opcode : 'add' 'sub'> <InPorts = 2> <OutPorts = 1>
ST_1 : Operation 53 [1/1] (0.00ns)   --->   "%sext_ln35 = sext i63 %add_ln35" [vivado/ip_repo/gnss_correlator/src/gnss_correlator.cpp:35]   --->   Operation 53 'sext' 'sext_ln35' <Predicate = (icmp_ln30)> <Delay = 0.00>
ST_1 : Operation 54 [1/1] (0.00ns)   --->   "%gmem0_addr_1 = getelementptr i32 %gmem0, i64 %sext_ln35" [vivado/ip_repo/gnss_correlator/src/gnss_correlator.cpp:35]   --->   Operation 54 'getelementptr' 'gmem0_addr_1' <Predicate = (icmp_ln30)> <Delay = 0.00>
ST_1 : Operation 55 [1/1] (3.46ns)   --->   "%add_ln36 = add i63 %zext_ln30, i63 %sext_ln30_2_cast" [vivado/ip_repo/gnss_correlator/src/gnss_correlator.cpp:36]   --->   Operation 55 'add' 'add_ln36' <Predicate = (icmp_ln30)> <Delay = 3.46> <CoreInst = "Adder">   --->   Core 1 'Adder' <Latency = 0> <II = 1> <Delay = 3.46> <FuncUnit> <Opcode : 'add' 'sub'> <InPorts = 2> <OutPorts = 1>
ST_1 : Operation 56 [1/1] (0.00ns)   --->   "%sext_ln36 = sext i63 %add_ln36" [vivado/ip_repo/gnss_correlator/src/gnss_correlator.cpp:36]   --->   Operation 56 'sext' 'sext_ln36' <Predicate = (icmp_ln30)> <Delay = 0.00>
ST_1 : Operation 57 [1/1] (0.00ns)   --->   "%gmem1_addr = getelementptr i32 %gmem1, i64 %sext_ln36" [vivado/ip_repo/gnss_correlator/src/gnss_correlator.cpp:36]   --->   Operation 57 'getelementptr' 'gmem1_addr' <Predicate = (icmp_ln30)> <Delay = 0.00>
ST_1 : Operation 58 [1/1] (3.46ns)   --->   "%add_ln37 = add i63 %zext_ln30, i63 %sext_ln30_3_cast" [vivado/ip_repo/gnss_correlator/src/gnss_correlator.cpp:37]   --->   Operation 58 'add' 'add_ln37' <Predicate = (icmp_ln30)> <Delay = 3.46> <CoreInst = "Adder">   --->   Core 1 'Adder' <Latency = 0> <II = 1> <Delay = 3.46> <FuncUnit> <Opcode : 'add' 'sub'> <InPorts = 2> <OutPorts = 1>
ST_1 : Operation 59 [1/1] (0.00ns)   --->   "%sext_ln37 = sext i63 %add_ln37" [vivado/ip_repo/gnss_correlator/src/gnss_correlator.cpp:37]   --->   Operation 59 'sext' 'sext_ln37' <Predicate = (icmp_ln30)> <Delay = 0.00>
ST_1 : Operation 60 [1/1] (0.00ns)   --->   "%gmem1_addr_1 = getelementptr i32 %gmem1, i64 %sext_ln37" [vivado/ip_repo/gnss_correlator/src/gnss_correlator.cpp:37]   --->   Operation 60 'getelementptr' 'gmem1_addr_1' <Predicate = (icmp_ln30)> <Delay = 0.00>
ST_1 : Operation 61 [1/1] (1.58ns)   --->   "%store_ln30 = store i31 %add_ln30, i31 %i" [vivado/ip_repo/gnss_correlator/src/gnss_correlator.cpp:30]   --->   Operation 61 'store' 'store_ln30' <Predicate = (icmp_ln30)> <Delay = 1.58>

State 2 <SV = 1> <Delay = 0.00>
ST_2 : Operation 62 [8/8] (7.30ns)   --->   "%gmem0_load_req = readreq i1 @_ssdm_op_ReadReq.m_axi.i32P1A, i32 %gmem0_addr, i64 1" [vivado/ip_repo/gnss_correlator/src/gnss_correlator.cpp:34]   --->   Operation 62 'readreq' 'gmem0_load_req' <Predicate = (icmp_ln30)> <Delay = 7.30> <CoreInst = "m_axi">   --->   Core 111 'm_axi' <Latency = 6> <II = 1> <Delay = 1.00> <Adapter> <Opcode : 'readrequnaligned' 'writerequnaligned' 'read' 'write' 'readreq' 'writereq' 'writeresp'>
ST_2 : Operation 63 [8/8] (7.30ns)   --->   "%gmem1_load_req = readreq i1 @_ssdm_op_ReadReq.m_axi.i32P1A, i32 %gmem1_addr, i64 1" [vivado/ip_repo/gnss_correlator/src/gnss_correlator.cpp:36]   --->   Operation 63 'readreq' 'gmem1_load_req' <Predicate = (icmp_ln30)> <Delay = 7.30> <CoreInst = "m_axi">   --->   Core 111 'm_axi' <Latency = 6> <II = 1> <Delay = 1.00> <Adapter> <Opcode : 'readrequnaligned' 'writerequnaligned' 'read' 'write' 'readreq' 'writereq' 'writeresp'>

State 3 <SV = 2> <Delay = 0.00>
ST_3 : Operation 64 [7/8] (7.30ns)   --->   "%gmem0_load_req = readreq i1 @_ssdm_op_ReadReq.m_axi.i32P1A, i32 %gmem0_addr, i64 1" [vivado/ip_repo/gnss_correlator/src/gnss_correlator.cpp:34]   --->   Operation 64 'readreq' 'gmem0_load_req' <Predicate = true> <Delay = 7.30> <CoreInst = "m_axi">   --->   Core 111 'm_axi' <Latency = 6> <II = 1> <Delay = 1.00> <Adapter> <Opcode : 'readrequnaligned' 'writerequnaligned' 'read' 'write' 'readreq' 'writereq' 'writeresp'>
ST_3 : Operation 65 [8/8] (7.30ns)   --->   "%gmem0_load_1_req = readreq i1 @_ssdm_op_ReadReq.m_axi.i32P1A, i32 %gmem0_addr_1, i64 1" [vivado/ip_repo/gnss_correlator/src/gnss_correlator.cpp:35]   --->   Operation 65 'readreq' 'gmem0_load_1_req' <Predicate = true> <Delay = 7.30> <CoreInst = "m_axi">   --->   Core 111 'm_axi' <Latency = 6> <II = 1> <Delay = 1.00> <Adapter> <Opcode : 'readrequnaligned' 'writerequnaligned' 'read' 'write' 'readreq' 'writereq' 'writeresp'>
ST_3 : Operation 66 [7/8] (7.30ns)   --->   "%gmem1_load_req = readreq i1 @_ssdm_op_ReadReq.m_axi.i32P1A, i32 %gmem1_addr, i64 1" [vivado/ip_repo/gnss_correlator/src/gnss_correlator.cpp:36]   --->   Operation 66 'readreq' 'gmem1_load_req' <Predicate = true> <Delay = 7.30> <CoreInst = "m_axi">   --->   Core 111 'm_axi' <Latency = 6> <II = 1> <Delay = 1.00> <Adapter> <Opcode : 'readrequnaligned' 'writerequnaligned' 'read' 'write' 'readreq' 'writereq' 'writeresp'>
ST_3 : Operation 67 [8/8] (7.30ns)   --->   "%gmem1_load_1_req = readreq i1 @_ssdm_op_ReadReq.m_axi.i32P1A, i32 %gmem1_addr_1, i64 1" [vivado/ip_repo/gnss_correlator/src/gnss_correlator.cpp:37]   --->   Operation 67 'readreq' 'gmem1_load_1_req' <Predicate = true> <Delay = 7.30> <CoreInst = "m_axi">   --->   Core 111 'm_axi' <Latency = 6> <II = 1> <Delay = 1.00> <Adapter> <Opcode : 'readrequnaligned' 'writerequnaligned' 'read' 'write' 'readreq' 'writereq' 'writeresp'>

State 4 <SV = 3> <Delay = 0.00>
ST_4 : Operation 68 [6/8] (7.30ns)   --->   "%gmem0_load_req = readreq i1 @_ssdm_op_ReadReq.m_axi.i32P1A, i32 %gmem0_addr, i64 1" [vivado/ip_repo/gnss_correlator/src/gnss_correlator.cpp:34]   --->   Operation 68 'readreq' 'gmem0_load_req' <Predicate = true> <Delay = 7.30> <CoreInst = "m_axi">   --->   Core 111 'm_axi' <Latency = 6> <II = 1> <Delay = 1.00> <Adapter> <Opcode : 'readrequnaligned' 'writerequnaligned' 'read' 'write' 'readreq' 'writereq' 'writeresp'>
ST_4 : Operation 69 [7/8] (7.30ns)   --->   "%gmem0_load_1_req = readreq i1 @_ssdm_op_ReadReq.m_axi.i32P1A, i32 %gmem0_addr_1, i64 1" [vivado/ip_repo/gnss_correlator/src/gnss_correlator.cpp:35]   --->   Operation 69 'readreq' 'gmem0_load_1_req' <Predicate = true> <Delay = 7.30> <CoreInst = "m_axi">   --->   Core 111 'm_axi' <Latency = 6> <II = 1> <Delay = 1.00> <Adapter> <Opcode : 'readrequnaligned' 'writerequnaligned' 'read' 'write' 'readreq' 'writereq' 'writeresp'>
ST_4 : Operation 70 [6/8] (7.30ns)   --->   "%gmem1_load_req = readreq i1 @_ssdm_op_ReadReq.m_axi.i32P1A, i32 %gmem1_addr, i64 1" [vivado/ip_repo/gnss_correlator/src/gnss_correlator.cpp:36]   --->   Operation 70 'readreq' 'gmem1_load_req' <Predicate = true> <Delay = 7.30> <CoreInst = "m_axi">   --->   Core 111 'm_axi' <Latency = 6> <II = 1> <Delay = 1.00> <Adapter> <Opcode : 'readrequnaligned' 'writerequnaligned' 'read' 'write' 'readreq' 'writereq' 'writeresp'>
ST_4 : Operation 71 [7/8] (7.30ns)   --->   "%gmem1_load_1_req = readreq i1 @_ssdm_op_ReadReq.m_axi.i32P1A, i32 %gmem1_addr_1, i64 1" [vivado/ip_repo/gnss_correlator/src/gnss_correlator.cpp:37]   --->   Operation 71 'readreq' 'gmem1_load_1_req' <Predicate = true> <Delay = 7.30> <CoreInst = "m_axi">   --->   Core 111 'm_axi' <Latency = 6> <II = 1> <Delay = 1.00> <Adapter> <Opcode : 'readrequnaligned' 'writerequnaligned' 'read' 'write' 'readreq' 'writereq' 'writeresp'>

State 5 <SV = 4> <Delay = 0.00>
ST_5 : Operation 72 [5/8] (7.30ns)   --->   "%gmem0_load_req = readreq i1 @_ssdm_op_ReadReq.m_axi.i32P1A, i32 %gmem0_addr, i64 1" [vivado/ip_repo/gnss_correlator/src/gnss_correlator.cpp:34]   --->   Operation 72 'readreq' 'gmem0_load_req' <Predicate = true> <Delay = 7.30> <CoreInst = "m_axi">   --->   Core 111 'm_axi' <Latency = 6> <II = 1> <Delay = 1.00> <Adapter> <Opcode : 'readrequnaligned' 'writerequnaligned' 'read' 'write' 'readreq' 'writereq' 'writeresp'>
ST_5 : Operation 73 [6/8] (7.30ns)   --->   "%gmem0_load_1_req = readreq i1 @_ssdm_op_ReadReq.m_axi.i32P1A, i32 %gmem0_addr_1, i64 1" [vivado/ip_repo/gnss_correlator/src/gnss_correlator.cpp:35]   --->   Operation 73 'readreq' 'gmem0_load_1_req' <Predicate = true> <Delay = 7.30> <CoreInst = "m_axi">   --->   Core 111 'm_axi' <Latency = 6> <II = 1> <Delay = 1.00> <Adapter> <Opcode : 'readrequnaligned' 'writerequnaligned' 'read' 'write' 'readreq' 'writereq' 'writeresp'>
ST_5 : Operation 74 [5/8] (7.30ns)   --->   "%gmem1_load_req = readreq i1 @_ssdm_op_ReadReq.m_axi.i32P1A, i32 %gmem1_addr, i64 1" [vivado/ip_repo/gnss_correlator/src/gnss_correlator.cpp:36]   --->   Operation 74 'readreq' 'gmem1_load_req' <Predicate = true> <Delay = 7.30> <CoreInst = "m_axi">   --->   Core 111 'm_axi' <Latency = 6> <II = 1> <Delay = 1.00> <Adapter> <Opcode : 'readrequnaligned' 'writerequnaligned' 'read' 'write' 'readreq' 'writereq' 'writeresp'>
ST_5 : Operation 75 [6/8] (7.30ns)   --->   "%gmem1_load_1_req = readreq i1 @_ssdm_op_ReadReq.m_axi.i32P1A, i32 %gmem1_addr_1, i64 1" [vivado/ip_repo/gnss_correlator/src/gnss_correlator.cpp:37]   --->   Operation 75 'readreq' 'gmem1_load_1_req' <Predicate = true> <Delay = 7.30> <CoreInst = "m_axi">   --->   Core 111 'm_axi' <Latency = 6> <II = 1> <Delay = 1.00> <Adapter> <Opcode : 'readrequnaligned' 'writerequnaligned' 'read' 'write' 'readreq' 'writereq' 'writeresp'>

State 6 <SV = 5> <Delay = 0.00>
ST_6 : Operation 76 [4/8] (7.30ns)   --->   "%gmem0_load_req = readreq i1 @_ssdm_op_ReadReq.m_axi.i32P1A, i32 %gmem0_addr, i64 1" [vivado/ip_repo/gnss_correlator/src/gnss_correlator.cpp:34]   --->   Operation 76 'readreq' 'gmem0_load_req' <Predicate = true> <Delay = 7.30> <CoreInst = "m_axi">   --->   Core 111 'm_axi' <Latency = 6> <II = 1> <Delay = 1.00> <Adapter> <Opcode : 'readrequnaligned' 'writerequnaligned' 'read' 'write' 'readreq' 'writereq' 'writeresp'>
ST_6 : Operation 77 [5/8] (7.30ns)   --->   "%gmem0_load_1_req = readreq i1 @_ssdm_op_ReadReq.m_axi.i32P1A, i32 %gmem0_addr_1, i64 1" [vivado/ip_repo/gnss_correlator/src/gnss_correlator.cpp:35]   --->   Operation 77 'readreq' 'gmem0_load_1_req' <Predicate = true> <Delay = 7.30> <CoreInst = "m_axi">   --->   Core 111 'm_axi' <Latency = 6> <II = 1> <Delay = 1.00> <Adapter> <Opcode : 'readrequnaligned' 'writerequnaligned' 'read' 'write' 'readreq' 'writereq' 'writeresp'>
ST_6 : Operation 78 [4/8] (7.30ns)   --->   "%gmem1_load_req = readreq i1 @_ssdm_op_ReadReq.m_axi.i32P1A, i32 %gmem1_addr, i64 1" [vivado/ip_repo/gnss_correlator/src/gnss_correlator.cpp:36]   --->   Operation 78 'readreq' 'gmem1_load_req' <Predicate = true> <Delay = 7.30> <CoreInst = "m_axi">   --->   Core 111 'm_axi' <Latency = 6> <II = 1> <Delay = 1.00> <Adapter> <Opcode : 'readrequnaligned' 'writerequnaligned' 'read' 'write' 'readreq' 'writereq' 'writeresp'>
ST_6 : Operation 79 [5/8] (7.30ns)   --->   "%gmem1_load_1_req = readreq i1 @_ssdm_op_ReadReq.m_axi.i32P1A, i32 %gmem1_addr_1, i64 1" [vivado/ip_repo/gnss_correlator/src/gnss_correlator.cpp:37]   --->   Operation 79 'readreq' 'gmem1_load_1_req' <Predicate = true> <Delay = 7.30> <CoreInst = "m_axi">   --->   Core 111 'm_axi' <Latency = 6> <II = 1> <Delay = 1.00> <Adapter> <Opcode : 'readrequnaligned' 'writerequnaligned' 'read' 'write' 'readreq' 'writereq' 'writeresp'>

State 7 <SV = 6> <Delay = 0.00>
ST_7 : Operation 80 [3/8] (7.30ns)   --->   "%gmem0_load_req = readreq i1 @_ssdm_op_ReadReq.m_axi.i32P1A, i32 %gmem0_addr, i64 1" [vivado/ip_repo/gnss_correlator/src/gnss_correlator.cpp:34]   --->   Operation 80 'readreq' 'gmem0_load_req' <Predicate = true> <Delay = 7.30> <CoreInst = "m_axi">   --->   Core 111 'm_axi' <Latency = 6> <II = 1> <Delay = 1.00> <Adapter> <Opcode : 'readrequnaligned' 'writerequnaligned' 'read' 'write' 'readreq' 'writereq' 'writeresp'>
ST_7 : Operation 81 [4/8] (7.30ns)   --->   "%gmem0_load_1_req = readreq i1 @_ssdm_op_ReadReq.m_axi.i32P1A, i32 %gmem0_addr_1, i64 1" [vivado/ip_repo/gnss_correlator/src/gnss_correlator.cpp:35]   --->   Operation 81 'readreq' 'gmem0_load_1_req' <Predicate = true> <Delay = 7.30> <CoreInst = "m_axi">   --->   Core 111 'm_axi' <Latency = 6> <II = 1> <Delay = 1.00> <Adapter> <Opcode : 'readrequnaligned' 'writerequnaligned' 'read' 'write' 'readreq' 'writereq' 'writeresp'>
ST_7 : Operation 82 [3/8] (7.30ns)   --->   "%gmem1_load_req = readreq i1 @_ssdm_op_ReadReq.m_axi.i32P1A, i32 %gmem1_addr, i64 1" [vivado/ip_repo/gnss_correlator/src/gnss_correlator.cpp:36]   --->   Operation 82 'readreq' 'gmem1_load_req' <Predicate = true> <Delay = 7.30> <CoreInst = "m_axi">   --->   Core 111 'm_axi' <Latency = 6> <II = 1> <Delay = 1.00> <Adapter> <Opcode : 'readrequnaligned' 'writerequnaligned' 'read' 'write' 'readreq' 'writereq' 'writeresp'>
ST_7 : Operation 83 [4/8] (7.30ns)   --->   "%gmem1_load_1_req = readreq i1 @_ssdm_op_ReadReq.m_axi.i32P1A, i32 %gmem1_addr_1, i64 1" [vivado/ip_repo/gnss_correlator/src/gnss_correlator.cpp:37]   --->   Operation 83 'readreq' 'gmem1_load_1_req' <Predicate = true> <Delay = 7.30> <CoreInst = "m_axi">   --->   Core 111 'm_axi' <Latency = 6> <II = 1> <Delay = 1.00> <Adapter> <Opcode : 'readrequnaligned' 'writerequnaligned' 'read' 'write' 'readreq' 'writereq' 'writeresp'>

State 8 <SV = 7> <Delay = 0.00>
ST_8 : Operation 84 [2/8] (7.30ns)   --->   "%gmem0_load_req = readreq i1 @_ssdm_op_ReadReq.m_axi.i32P1A, i32 %gmem0_addr, i64 1" [vivado/ip_repo/gnss_correlator/src/gnss_correlator.cpp:34]   --->   Operation 84 'readreq' 'gmem0_load_req' <Predicate = true> <Delay = 7.30> <CoreInst = "m_axi">   --->   Core 111 'm_axi' <Latency = 6> <II = 1> <Delay = 1.00> <Adapter> <Opcode : 'readrequnaligned' 'writerequnaligned' 'read' 'write' 'readreq' 'writereq' 'writeresp'>
ST_8 : Operation 85 [3/8] (7.30ns)   --->   "%gmem0_load_1_req = readreq i1 @_ssdm_op_ReadReq.m_axi.i32P1A, i32 %gmem0_addr_1, i64 1" [vivado/ip_repo/gnss_correlator/src/gnss_correlator.cpp:35]   --->   Operation 85 'readreq' 'gmem0_load_1_req' <Predicate = true> <Delay = 7.30> <CoreInst = "m_axi">   --->   Core 111 'm_axi' <Latency = 6> <II = 1> <Delay = 1.00> <Adapter> <Opcode : 'readrequnaligned' 'writerequnaligned' 'read' 'write' 'readreq' 'writereq' 'writeresp'>
ST_8 : Operation 86 [2/8] (7.30ns)   --->   "%gmem1_load_req = readreq i1 @_ssdm_op_ReadReq.m_axi.i32P1A, i32 %gmem1_addr, i64 1" [vivado/ip_repo/gnss_correlator/src/gnss_correlator.cpp:36]   --->   Operation 86 'readreq' 'gmem1_load_req' <Predicate = true> <Delay = 7.30> <CoreInst = "m_axi">   --->   Core 111 'm_axi' <Latency = 6> <II = 1> <Delay = 1.00> <Adapter> <Opcode : 'readrequnaligned' 'writerequnaligned' 'read' 'write' 'readreq' 'writereq' 'writeresp'>
ST_8 : Operation 87 [3/8] (7.30ns)   --->   "%gmem1_load_1_req = readreq i1 @_ssdm_op_ReadReq.m_axi.i32P1A, i32 %gmem1_addr_1, i64 1" [vivado/ip_repo/gnss_correlator/src/gnss_correlator.cpp:37]   --->   Operation 87 'readreq' 'gmem1_load_1_req' <Predicate = true> <Delay = 7.30> <CoreInst = "m_axi">   --->   Core 111 'm_axi' <Latency = 6> <II = 1> <Delay = 1.00> <Adapter> <Opcode : 'readrequnaligned' 'writerequnaligned' 'read' 'write' 'readreq' 'writereq' 'writeresp'>

State 9 <SV = 8> <Delay = 7.30>
ST_9 : Operation 88 [1/8] ( I:7.30ns O:7.30ns )   --->   "%gmem0_load_req = readreq i1 @_ssdm_op_ReadReq.m_axi.i32P1A, i32 %gmem0_addr, i64 1" [vivado/ip_repo/gnss_correlator/src/gnss_correlator.cpp:34]   --->   Operation 88 'readreq' 'gmem0_load_req' <Predicate = true> <Delay = 7.30> <CoreInst = "m_axi">   --->   Core 111 'm_axi' <Latency = 6> <II = 1> <Delay = 1.00> <Adapter> <Opcode : 'readrequnaligned' 'writerequnaligned' 'read' 'write' 'readreq' 'writereq' 'writeresp'>
ST_9 : Operation 89 [2/8] (7.30ns)   --->   "%gmem0_load_1_req = readreq i1 @_ssdm_op_ReadReq.m_axi.i32P1A, i32 %gmem0_addr_1, i64 1" [vivado/ip_repo/gnss_correlator/src/gnss_correlator.cpp:35]   --->   Operation 89 'readreq' 'gmem0_load_1_req' <Predicate = true> <Delay = 7.30> <CoreInst = "m_axi">   --->   Core 111 'm_axi' <Latency = 6> <II = 1> <Delay = 1.00> <Adapter> <Opcode : 'readrequnaligned' 'writerequnaligned' 'read' 'write' 'readreq' 'writereq' 'writeresp'>
ST_9 : Operation 90 [1/8] ( I:7.30ns O:7.30ns )   --->   "%gmem1_load_req = readreq i1 @_ssdm_op_ReadReq.m_axi.i32P1A, i32 %gmem1_addr, i64 1" [vivado/ip_repo/gnss_correlator/src/gnss_correlator.cpp:36]   --->   Operation 90 'readreq' 'gmem1_load_req' <Predicate = true> <Delay = 7.30> <CoreInst = "m_axi">   --->   Core 111 'm_axi' <Latency = 6> <II = 1> <Delay = 1.00> <Adapter> <Opcode : 'readrequnaligned' 'writerequnaligned' 'read' 'write' 'readreq' 'writereq' 'writeresp'>
ST_9 : Operation 91 [2/8] (7.30ns)   --->   "%gmem1_load_1_req = readreq i1 @_ssdm_op_ReadReq.m_axi.i32P1A, i32 %gmem1_addr_1, i64 1" [vivado/ip_repo/gnss_correlator/src/gnss_correlator.cpp:37]   --->   Operation 91 'readreq' 'gmem1_load_1_req' <Predicate = true> <Delay = 7.30> <CoreInst = "m_axi">   --->   Core 111 'm_axi' <Latency = 6> <II = 1> <Delay = 1.00> <Adapter> <Opcode : 'readrequnaligned' 'writerequnaligned' 'read' 'write' 'readreq' 'writereq' 'writeresp'>

State 10 <SV = 9> <Delay = 7.30>
ST_10 : Operation 92 [1/1] ( I:7.30ns O:7.30ns )   --->   "%gmem0_addr_read = read i32 @_ssdm_op_Read.m_axi.i32P1A, i32 %gmem0_addr" [vivado/ip_repo/gnss_correlator/src/gnss_correlator.cpp:34]   --->   Operation 92 'read' 'gmem0_addr_read' <Predicate = true> <Delay = 7.30> <CoreInst = "m_axi">   --->   Core 111 'm_axi' <Latency = 3> <II = 1> <Delay = 1.00> <Adapter> <Opcode : 'readrequnaligned' 'writerequnaligned' 'read' 'write' 'readreq' 'writereq' 'writeresp'>
ST_10 : Operation 93 [1/8] ( I:7.30ns O:7.30ns )   --->   "%gmem0_load_1_req = readreq i1 @_ssdm_op_ReadReq.m_axi.i32P1A, i32 %gmem0_addr_1, i64 1" [vivado/ip_repo/gnss_correlator/src/gnss_correlator.cpp:35]   --->   Operation 93 'readreq' 'gmem0_load_1_req' <Predicate = true> <Delay = 7.30> <CoreInst = "m_axi">   --->   Core 111 'm_axi' <Latency = 6> <II = 1> <Delay = 1.00> <Adapter> <Opcode : 'readrequnaligned' 'writerequnaligned' 'read' 'write' 'readreq' 'writereq' 'writeresp'>
ST_10 : Operation 94 [1/1] ( I:7.30ns O:7.30ns )   --->   "%gmem1_addr_read = read i32 @_ssdm_op_Read.m_axi.i32P1A, i32 %gmem1_addr" [vivado/ip_repo/gnss_correlator/src/gnss_correlator.cpp:36]   --->   Operation 94 'read' 'gmem1_addr_read' <Predicate = true> <Delay = 7.30> <CoreInst = "m_axi">   --->   Core 111 'm_axi' <Latency = 3> <II = 1> <Delay = 1.00> <Adapter> <Opcode : 'readrequnaligned' 'writerequnaligned' 'read' 'write' 'readreq' 'writereq' 'writeresp'>
ST_10 : Operation 95 [1/8] ( I:7.30ns O:7.30ns )   --->   "%gmem1_load_1_req = readreq i1 @_ssdm_op_ReadReq.m_axi.i32P1A, i32 %gmem1_addr_1, i64 1" [vivado/ip_repo/gnss_correlator/src/gnss_correlator.cpp:37]   --->   Operation 95 'readreq' 'gmem1_load_1_req' <Predicate = true> <Delay = 7.30> <CoreInst = "m_axi">   --->   Core 111 'm_axi' <Latency = 6> <II = 1> <Delay = 1.00> <Adapter> <Opcode : 'readrequnaligned' 'writerequnaligned' 'read' 'write' 'readreq' 'writereq' 'writeresp'>

State 11 <SV = 10> <Delay = 7.30>
ST_11 : Operation 96 [1/1] (0.00ns)   --->   "%bitcast_ln34 = bitcast i32 %gmem0_addr_read" [vivado/ip_repo/gnss_correlator/src/gnss_correlator.cpp:34]   --->   Operation 96 'bitcast' 'bitcast_ln34' <Predicate = true> <Delay = 0.00>
ST_11 : Operation 97 [2/2] (4.43ns)   --->   "%pf = fpext i32 %bitcast_ln34" [vivado/ip_repo/gnss_correlator/src/gnss_correlator.cpp:34]   --->   Operation 97 'fpext' 'pf' <Predicate = true> <Delay = 4.43> <CoreInst = "Float2Double">   --->   Core 64 'Float2Double' <Latency = 1> <II = 1> <Delay = 4.43> <FuncUnit> <Opcode : 'fpext'> <InPorts = 1> <OutPorts = 1>
ST_11 : Operation 98 [1/1] ( I:7.30ns O:7.30ns )   --->   "%gmem0_addr_1_read = read i32 @_ssdm_op_Read.m_axi.i32P1A, i32 %gmem0_addr_1" [vivado/ip_repo/gnss_correlator/src/gnss_correlator.cpp:35]   --->   Operation 98 'read' 'gmem0_addr_1_read' <Predicate = true> <Delay = 7.30> <CoreInst = "m_axi">   --->   Core 111 'm_axi' <Latency = 3> <II = 1> <Delay = 1.00> <Adapter> <Opcode : 'readrequnaligned' 'writerequnaligned' 'read' 'write' 'readreq' 'writereq' 'writeresp'>
ST_11 : Operation 99 [1/1] (0.00ns)   --->   "%bitcast_ln36 = bitcast i32 %gmem1_addr_read" [vivado/ip_repo/gnss_correlator/src/gnss_correlator.cpp:36]   --->   Operation 99 'bitcast' 'bitcast_ln36' <Predicate = true> <Delay = 0.00>
ST_11 : Operation 100 [2/2] (4.43ns)   --->   "%pf_2 = fpext i32 %bitcast_ln36" [vivado/ip_repo/gnss_correlator/src/gnss_correlator.cpp:36]   --->   Operation 100 'fpext' 'pf_2' <Predicate = true> <Delay = 4.43> <CoreInst = "Float2Double">   --->   Core 64 'Float2Double' <Latency = 1> <II = 1> <Delay = 4.43> <FuncUnit> <Opcode : 'fpext'> <InPorts = 1> <OutPorts = 1>
ST_11 : Operation 101 [1/1] ( I:7.30ns O:7.30ns )   --->   "%gmem1_addr_1_read = read i32 @_ssdm_op_Read.m_axi.i32P1A, i32 %gmem1_addr_1" [vivado/ip_repo/gnss_correlator/src/gnss_correlator.cpp:37]   --->   Operation 101 'read' 'gmem1_addr_1_read' <Predicate = true> <Delay = 7.30> <CoreInst = "m_axi">   --->   Core 111 'm_axi' <Latency = 3> <II = 1> <Delay = 1.00> <Adapter> <Opcode : 'readrequnaligned' 'writerequnaligned' 'read' 'write' 'readreq' 'writereq' 'writeresp'>

State 12 <SV = 11> <Delay = 4.43>
ST_12 : Operation 102 [1/2] (4.43ns)   --->   "%pf = fpext i32 %bitcast_ln34" [vivado/ip_repo/gnss_correlator/src/gnss_correlator.cpp:34]   --->   Operation 102 'fpext' 'pf' <Predicate = true> <Delay = 4.43> <CoreInst = "Float2Double">   --->   Core 64 'Float2Double' <Latency = 1> <II = 1> <Delay = 4.43> <FuncUnit> <Opcode : 'fpext'> <InPorts = 1> <OutPorts = 1>
ST_12 : Operation 103 [1/1] (0.00ns)   --->   "%bitcast_ln726 = bitcast i64 %pf" [vivado/ip_repo/gnss_correlator/src/gnss_correlator.cpp:34]   --->   Operation 103 'bitcast' 'bitcast_ln726' <Predicate = true> <Delay = 0.00>
ST_12 : Operation 104 [1/1] (0.00ns)   --->   "%trunc_ln34 = trunc i64 %bitcast_ln726" [vivado/ip_repo/gnss_correlator/src/gnss_correlator.cpp:34]   --->   Operation 104 'trunc' 'trunc_ln34' <Predicate = true> <Delay = 0.00>
ST_12 : Operation 105 [1/1] (0.00ns)   --->   "%tmp = bitselect i1 @_ssdm_op_BitSelect.i1.i64.i32, i64 %bitcast_ln726, i32 63" [vivado/ip_repo/gnss_correlator/src/gnss_correlator.cpp:34]   --->   Operation 105 'bitselect' 'tmp' <Predicate = true> <Delay = 0.00>
ST_12 : Operation 106 [1/1] (0.00ns)   --->   "%tmp_1 = partselect i11 @_ssdm_op_PartSelect.i11.i64.i32, i64 %bitcast_ln726, i32 52" [vivado/ip_repo/gnss_correlator/src/gnss_correlator.cpp:34]   --->   Operation 106 'partselect' 'tmp_1' <Predicate = true> <Delay = 0.00>
ST_12 : Operation 107 [1/1] (0.00ns)   --->   "%trunc_ln34_1 = trunc i64 %bitcast_ln726" [vivado/ip_repo/gnss_correlator/src/gnss_correlator.cpp:34]   --->   Operation 107 'trunc' 'trunc_ln34_1' <Predicate = true> <Delay = 0.00>
ST_12 : Operation 108 [1/1] (0.00ns)   --->   "%bitcast_ln35 = bitcast i32 %gmem0_addr_1_read" [vivado/ip_repo/gnss_correlator/src/gnss_correlator.cpp:35]   --->   Operation 108 'bitcast' 'bitcast_ln35' <Predicate = true> <Delay = 0.00>
ST_12 : Operation 109 [2/2] (4.43ns)   --->   "%pf_1 = fpext i32 %bitcast_ln35" [vivado/ip_repo/gnss_correlator/src/gnss_correlator.cpp:35]   --->   Operation 109 'fpext' 'pf_1' <Predicate = true> <Delay = 4.43> <CoreInst = "Float2Double">   --->   Core 64 'Float2Double' <Latency = 1> <II = 1> <Delay = 4.43> <FuncUnit> <Opcode : 'fpext'> <InPorts = 1> <OutPorts = 1>
ST_12 : Operation 110 [1/2] (4.43ns)   --->   "%pf_2 = fpext i32 %bitcast_ln36" [vivado/ip_repo/gnss_correlator/src/gnss_correlator.cpp:36]   --->   Operation 110 'fpext' 'pf_2' <Predicate = true> <Delay = 4.43> <CoreInst = "Float2Double">   --->   Core 64 'Float2Double' <Latency = 1> <II = 1> <Delay = 4.43> <FuncUnit> <Opcode : 'fpext'> <InPorts = 1> <OutPorts = 1>
ST_12 : Operation 111 [1/1] (0.00ns)   --->   "%bitcast_ln726_2 = bitcast i64 %pf_2" [vivado/ip_repo/gnss_correlator/src/gnss_correlator.cpp:36]   --->   Operation 111 'bitcast' 'bitcast_ln726_2' <Predicate = true> <Delay = 0.00>
ST_12 : Operation 112 [1/1] (0.00ns)   --->   "%trunc_ln36 = trunc i64 %bitcast_ln726_2" [vivado/ip_repo/gnss_correlator/src/gnss_correlator.cpp:36]   --->   Operation 112 'trunc' 'trunc_ln36' <Predicate = true> <Delay = 0.00>
ST_12 : Operation 113 [1/1] (0.00ns)   --->   "%tmp_3 = bitselect i1 @_ssdm_op_BitSelect.i1.i64.i32, i64 %bitcast_ln726_2, i32 63" [vivado/ip_repo/gnss_correlator/src/gnss_correlator.cpp:36]   --->   Operation 113 'bitselect' 'tmp_3' <Predicate = true> <Delay = 0.00>
ST_12 : Operation 114 [1/1] (0.00ns)   --->   "%tmp_s = partselect i11 @_ssdm_op_PartSelect.i11.i64.i32, i64 %bitcast_ln726_2, i32 52" [vivado/ip_repo/gnss_correlator/src/gnss_correlator.cpp:36]   --->   Operation 114 'partselect' 'tmp_s' <Predicate = true> <Delay = 0.00>
ST_12 : Operation 115 [1/1] (0.00ns)   --->   "%trunc_ln36_1 = trunc i64 %bitcast_ln726_2" [vivado/ip_repo/gnss_correlator/src/gnss_correlator.cpp:36]   --->   Operation 115 'trunc' 'trunc_ln36_1' <Predicate = true> <Delay = 0.00>
ST_12 : Operation 116 [1/1] (0.00ns)   --->   "%bitcast_ln37 = bitcast i32 %gmem1_addr_1_read" [vivado/ip_repo/gnss_correlator/src/gnss_correlator.cpp:37]   --->   Operation 116 'bitcast' 'bitcast_ln37' <Predicate = true> <Delay = 0.00>
ST_12 : Operation 117 [2/2] (4.43ns)   --->   "%pf_3 = fpext i32 %bitcast_ln37" [vivado/ip_repo/gnss_correlator/src/gnss_correlator.cpp:37]   --->   Operation 117 'fpext' 'pf_3' <Predicate = true> <Delay = 4.43> <CoreInst = "Float2Double">   --->   Core 64 'Float2Double' <Latency = 1> <II = 1> <Delay = 4.43> <FuncUnit> <Opcode : 'fpext'> <InPorts = 1> <OutPorts = 1>

State 13 <SV = 12> <Delay = 4.43>
ST_13 : Operation 118 [1/1] (0.00ns)   --->   "%zext_ln34 = zext i11 %tmp_1" [vivado/ip_repo/gnss_correlator/src/gnss_correlator.cpp:34]   --->   Operation 118 'zext' 'zext_ln34' <Predicate = true> <Delay = 0.00>
ST_13 : Operation 119 [1/1] (0.00ns)   --->   "%zext_ln34_1_cast = bitconcatenate i53 @_ssdm_op_BitConcatenate.i53.i1.i52, i1 1, i52 %trunc_ln34_1" [vivado/ip_repo/gnss_correlator/src/gnss_correlator.cpp:34]   --->   Operation 119 'bitconcatenate' 'zext_ln34_1_cast' <Predicate = true> <Delay = 0.00>
ST_13 : Operation 120 [1/1] (0.00ns)   --->   "%zext_ln34_1 = zext i53 %zext_ln34_1_cast" [vivado/ip_repo/gnss_correlator/src/gnss_correlator.cpp:34]   --->   Operation 120 'zext' 'zext_ln34_1' <Predicate = true> <Delay = 0.00>
ST_13 : Operation 121 [1/1] (3.23ns)   --->   "%sub_ln34 = sub i54 0, i54 %zext_ln34_1" [vivado/ip_repo/gnss_correlator/src/gnss_correlator.cpp:34]   --->   Operation 121 'sub' 'sub_ln34' <Predicate = (tmp)> <Delay = 3.23> <CoreInst = "Adder">   --->   Core 1 'Adder' <Latency = 0> <II = 1> <Delay = 3.23> <FuncUnit> <Opcode : 'add' 'sub'> <InPorts = 2> <OutPorts = 1>
ST_13 : Operation 122 [1/1] (0.94ns)   --->   "%select_ln34 = select i1 %tmp, i54 %sub_ln34, i54 %zext_ln34_1" [vivado/ip_repo/gnss_correlator/src/gnss_correlator.cpp:34]   --->   Operation 122 'select' 'select_ln34' <Predicate = true> <Delay = 0.94> <CoreInst = "Sel">   --->   Core 73 'Sel' <Latency = 0> <II = 1> <Delay = 0.94> <FuncUnit> <Opcode : 'select'> <InPorts = 3> <OutPorts = 1>
ST_13 : Operation 123 [1/1] (3.49ns)   --->   "%icmp_ln34 = icmp_eq  i63 %trunc_ln34, i63 0" [vivado/ip_repo/gnss_correlator/src/gnss_correlator.cpp:34]   --->   Operation 123 'icmp' 'icmp_ln34' <Predicate = true> <Delay = 3.49> <CoreInst = "Cmp">   --->   Core 9 'Cmp' <Latency = 0> <II = 1> <Delay = 3.49> <FuncUnit> <Opcode : 'seteq' 'setne' 'setle' 'setge' 'setlt' 'setgt'> <InPorts = 2> <OutPorts = 1>
ST_13 : Operation 124 [1/1] (1.54ns)   --->   "%sub_ln34_1 = sub i12 1075, i12 %zext_ln34" [vivado/ip_repo/gnss_correlator/src/gnss_correlator.cpp:34]   --->   Operation 124 'sub' 'sub_ln34_1' <Predicate = true> <Delay = 1.54> <CoreInst = "Adder">   --->   Core 1 'Adder' <Latency = 0> <II = 1> <Delay = 1.54> <FuncUnit> <Opcode : 'add' 'sub'> <InPorts = 2> <OutPorts = 1>
ST_13 : Operation 125 [1/1] (0.00ns)   --->   "%trunc_ln34_2 = trunc i12 %sub_ln34_1" [vivado/ip_repo/gnss_correlator/src/gnss_correlator.cpp:34]   --->   Operation 125 'trunc' 'trunc_ln34_2' <Predicate = true> <Delay = 0.00>
ST_13 : Operation 126 [1/1] (1.54ns)   --->   "%icmp_ln34_1 = icmp_sgt  i12 %sub_ln34_1, i12 16" [vivado/ip_repo/gnss_correlator/src/gnss_correlator.cpp:34]   --->   Operation 126 'icmp' 'icmp_ln34_1' <Predicate = true> <Delay = 1.54> <CoreInst = "Cmp">   --->   Core 9 'Cmp' <Latency = 0> <II = 1> <Delay = 1.54> <FuncUnit> <Opcode : 'seteq' 'setne' 'setle' 'setge' 'setlt' 'setgt'> <InPorts = 2> <OutPorts = 1>
ST_13 : Operation 127 [1/1] (1.63ns)   --->   "%add_ln34_1 = add i11 %trunc_ln34_2, i11 2032" [vivado/ip_repo/gnss_correlator/src/gnss_correlator.cpp:34]   --->   Operation 127 'add' 'add_ln34_1' <Predicate = true> <Delay = 1.63> <CoreInst = "Adder">   --->   Core 1 'Adder' <Latency = 0> <II = 1> <Delay = 1.63> <FuncUnit> <Opcode : 'add' 'sub'> <InPorts = 2> <OutPorts = 1>
ST_13 : Operation 128 [1/1] (1.63ns)   --->   "%sub_ln34_2 = sub i11 16, i11 %trunc_ln34_2" [vivado/ip_repo/gnss_correlator/src/gnss_correlator.cpp:34]   --->   Operation 128 'sub' 'sub_ln34_2' <Predicate = true> <Delay = 1.63> <CoreInst = "Adder">   --->   Core 1 'Adder' <Latency = 0> <II = 1> <Delay = 1.63> <FuncUnit> <Opcode : 'add' 'sub'> <InPorts = 2> <OutPorts = 1>
ST_13 : Operation 129 [1/1] (0.69ns)   --->   "%select_ln34_1 = select i1 %icmp_ln34_1, i11 %add_ln34_1, i11 %sub_ln34_2" [vivado/ip_repo/gnss_correlator/src/gnss_correlator.cpp:34]   --->   Operation 129 'select' 'select_ln34_1' <Predicate = true> <Delay = 0.69> <CoreInst = "Sel">   --->   Core 73 'Sel' <Latency = 0> <II = 1> <Delay = 0.69> <FuncUnit> <Opcode : 'select'> <InPorts = 3> <OutPorts = 1>
ST_13 : Operation 130 [1/1] (1.54ns)   --->   "%icmp_ln34_2 = icmp_eq  i12 %sub_ln34_1, i12 16" [vivado/ip_repo/gnss_correlator/src/gnss_correlator.cpp:34]   --->   Operation 130 'icmp' 'icmp_ln34_2' <Predicate = true> <Delay = 1.54> <CoreInst = "Cmp">   --->   Core 9 'Cmp' <Latency = 0> <II = 1> <Delay = 1.54> <FuncUnit> <Opcode : 'seteq' 'setne' 'setle' 'setge' 'setlt' 'setgt'> <InPorts = 2> <OutPorts = 1>
ST_13 : Operation 131 [1/1] (0.00ns)   --->   "%trunc_ln34_3 = trunc i54 %select_ln34" [vivado/ip_repo/gnss_correlator/src/gnss_correlator.cpp:34]   --->   Operation 131 'trunc' 'trunc_ln34_3' <Predicate = true> <Delay = 0.00>
ST_13 : Operation 132 [1/2] (4.43ns)   --->   "%pf_1 = fpext i32 %bitcast_ln35" [vivado/ip_repo/gnss_correlator/src/gnss_correlator.cpp:35]   --->   Operation 132 'fpext' 'pf_1' <Predicate = true> <Delay = 4.43> <CoreInst = "Float2Double">   --->   Core 64 'Float2Double' <Latency = 1> <II = 1> <Delay = 4.43> <FuncUnit> <Opcode : 'fpext'> <InPorts = 1> <OutPorts = 1>
ST_13 : Operation 133 [1/1] (0.00ns)   --->   "%bitcast_ln726_1 = bitcast i64 %pf_1" [vivado/ip_repo/gnss_correlator/src/gnss_correlator.cpp:35]   --->   Operation 133 'bitcast' 'bitcast_ln726_1' <Predicate = true> <Delay = 0.00>
ST_13 : Operation 134 [1/1] (0.00ns)   --->   "%trunc_ln35 = trunc i64 %bitcast_ln726_1" [vivado/ip_repo/gnss_correlator/src/gnss_correlator.cpp:35]   --->   Operation 134 'trunc' 'trunc_ln35' <Predicate = true> <Delay = 0.00>
ST_13 : Operation 135 [1/1] (0.00ns)   --->   "%tmp_2 = bitselect i1 @_ssdm_op_BitSelect.i1.i64.i32, i64 %bitcast_ln726_1, i32 63" [vivado/ip_repo/gnss_correlator/src/gnss_correlator.cpp:35]   --->   Operation 135 'bitselect' 'tmp_2' <Predicate = true> <Delay = 0.00>
ST_13 : Operation 136 [1/1] (0.00ns)   --->   "%tmp_9 = partselect i11 @_ssdm_op_PartSelect.i11.i64.i32, i64 %bitcast_ln726_1, i32 52" [vivado/ip_repo/gnss_correlator/src/gnss_correlator.cpp:35]   --->   Operation 136 'partselect' 'tmp_9' <Predicate = true> <Delay = 0.00>
ST_13 : Operation 137 [1/1] (0.00ns)   --->   "%trunc_ln35_1 = trunc i64 %bitcast_ln726_1" [vivado/ip_repo/gnss_correlator/src/gnss_correlator.cpp:35]   --->   Operation 137 'trunc' 'trunc_ln35_1' <Predicate = true> <Delay = 0.00>
ST_13 : Operation 138 [1/1] (0.00ns)   --->   "%zext_ln36 = zext i11 %tmp_s" [vivado/ip_repo/gnss_correlator/src/gnss_correlator.cpp:36]   --->   Operation 138 'zext' 'zext_ln36' <Predicate = true> <Delay = 0.00>
ST_13 : Operation 139 [1/1] (0.00ns)   --->   "%zext_ln36_1_cast = bitconcatenate i53 @_ssdm_op_BitConcatenate.i53.i1.i52, i1 1, i52 %trunc_ln36_1" [vivado/ip_repo/gnss_correlator/src/gnss_correlator.cpp:36]   --->   Operation 139 'bitconcatenate' 'zext_ln36_1_cast' <Predicate = true> <Delay = 0.00>
ST_13 : Operation 140 [1/1] (0.00ns)   --->   "%zext_ln36_1 = zext i53 %zext_ln36_1_cast" [vivado/ip_repo/gnss_correlator/src/gnss_correlator.cpp:36]   --->   Operation 140 'zext' 'zext_ln36_1' <Predicate = true> <Delay = 0.00>
ST_13 : Operation 141 [1/1] (3.23ns)   --->   "%sub_ln36 = sub i54 0, i54 %zext_ln36_1" [vivado/ip_repo/gnss_correlator/src/gnss_correlator.cpp:36]   --->   Operation 141 'sub' 'sub_ln36' <Predicate = (tmp_3)> <Delay = 3.23> <CoreInst = "Adder">   --->   Core 1 'Adder' <Latency = 0> <II = 1> <Delay = 3.23> <FuncUnit> <Opcode : 'add' 'sub'> <InPorts = 2> <OutPorts = 1>
ST_13 : Operation 142 [1/1] (0.94ns)   --->   "%select_ln36 = select i1 %tmp_3, i54 %sub_ln36, i54 %zext_ln36_1" [vivado/ip_repo/gnss_correlator/src/gnss_correlator.cpp:36]   --->   Operation 142 'select' 'select_ln36' <Predicate = true> <Delay = 0.94> <CoreInst = "Sel">   --->   Core 73 'Sel' <Latency = 0> <II = 1> <Delay = 0.94> <FuncUnit> <Opcode : 'select'> <InPorts = 3> <OutPorts = 1>
ST_13 : Operation 143 [1/1] (3.49ns)   --->   "%icmp_ln36 = icmp_eq  i63 %trunc_ln36, i63 0" [vivado/ip_repo/gnss_correlator/src/gnss_correlator.cpp:36]   --->   Operation 143 'icmp' 'icmp_ln36' <Predicate = true> <Delay = 3.49> <CoreInst = "Cmp">   --->   Core 9 'Cmp' <Latency = 0> <II = 1> <Delay = 3.49> <FuncUnit> <Opcode : 'seteq' 'setne' 'setle' 'setge' 'setlt' 'setgt'> <InPorts = 2> <OutPorts = 1>
ST_13 : Operation 144 [1/1] (1.54ns)   --->   "%sub_ln36_1 = sub i12 1075, i12 %zext_ln36" [vivado/ip_repo/gnss_correlator/src/gnss_correlator.cpp:36]   --->   Operation 144 'sub' 'sub_ln36_1' <Predicate = true> <Delay = 1.54> <CoreInst = "Adder">   --->   Core 1 'Adder' <Latency = 0> <II = 1> <Delay = 1.54> <FuncUnit> <Opcode : 'add' 'sub'> <InPorts = 2> <OutPorts = 1>
ST_13 : Operation 145 [1/1] (0.00ns)   --->   "%trunc_ln36_2 = trunc i12 %sub_ln36_1" [vivado/ip_repo/gnss_correlator/src/gnss_correlator.cpp:36]   --->   Operation 145 'trunc' 'trunc_ln36_2' <Predicate = true> <Delay = 0.00>
ST_13 : Operation 146 [1/1] (1.54ns)   --->   "%icmp_ln36_1 = icmp_sgt  i12 %sub_ln36_1, i12 16" [vivado/ip_repo/gnss_correlator/src/gnss_correlator.cpp:36]   --->   Operation 146 'icmp' 'icmp_ln36_1' <Predicate = true> <Delay = 1.54> <CoreInst = "Cmp">   --->   Core 9 'Cmp' <Latency = 0> <II = 1> <Delay = 1.54> <FuncUnit> <Opcode : 'seteq' 'setne' 'setle' 'setge' 'setlt' 'setgt'> <InPorts = 2> <OutPorts = 1>
ST_13 : Operation 147 [1/1] (1.63ns)   --->   "%add_ln36_1 = add i11 %trunc_ln36_2, i11 2032" [vivado/ip_repo/gnss_correlator/src/gnss_correlator.cpp:36]   --->   Operation 147 'add' 'add_ln36_1' <Predicate = true> <Delay = 1.63> <CoreInst = "Adder">   --->   Core 1 'Adder' <Latency = 0> <II = 1> <Delay = 1.63> <FuncUnit> <Opcode : 'add' 'sub'> <InPorts = 2> <OutPorts = 1>
ST_13 : Operation 148 [1/1] (1.63ns)   --->   "%sub_ln36_2 = sub i11 16, i11 %trunc_ln36_2" [vivado/ip_repo/gnss_correlator/src/gnss_correlator.cpp:36]   --->   Operation 148 'sub' 'sub_ln36_2' <Predicate = true> <Delay = 1.63> <CoreInst = "Adder">   --->   Core 1 'Adder' <Latency = 0> <II = 1> <Delay = 1.63> <FuncUnit> <Opcode : 'add' 'sub'> <InPorts = 2> <OutPorts = 1>
ST_13 : Operation 149 [1/1] (0.69ns)   --->   "%select_ln36_1 = select i1 %icmp_ln36_1, i11 %add_ln36_1, i11 %sub_ln36_2" [vivado/ip_repo/gnss_correlator/src/gnss_correlator.cpp:36]   --->   Operation 149 'select' 'select_ln36_1' <Predicate = true> <Delay = 0.69> <CoreInst = "Sel">   --->   Core 73 'Sel' <Latency = 0> <II = 1> <Delay = 0.69> <FuncUnit> <Opcode : 'select'> <InPorts = 3> <OutPorts = 1>
ST_13 : Operation 150 [1/1] (1.54ns)   --->   "%icmp_ln36_2 = icmp_eq  i12 %sub_ln36_1, i12 16" [vivado/ip_repo/gnss_correlator/src/gnss_correlator.cpp:36]   --->   Operation 150 'icmp' 'icmp_ln36_2' <Predicate = true> <Delay = 1.54> <CoreInst = "Cmp">   --->   Core 9 'Cmp' <Latency = 0> <II = 1> <Delay = 1.54> <FuncUnit> <Opcode : 'seteq' 'setne' 'setle' 'setge' 'setlt' 'setgt'> <InPorts = 2> <OutPorts = 1>
ST_13 : Operation 151 [1/1] (0.00ns)   --->   "%trunc_ln36_3 = trunc i54 %select_ln36" [vivado/ip_repo/gnss_correlator/src/gnss_correlator.cpp:36]   --->   Operation 151 'trunc' 'trunc_ln36_3' <Predicate = true> <Delay = 0.00>
ST_13 : Operation 152 [1/2] (4.43ns)   --->   "%pf_3 = fpext i32 %bitcast_ln37" [vivado/ip_repo/gnss_correlator/src/gnss_correlator.cpp:37]   --->   Operation 152 'fpext' 'pf_3' <Predicate = true> <Delay = 4.43> <CoreInst = "Float2Double">   --->   Core 64 'Float2Double' <Latency = 1> <II = 1> <Delay = 4.43> <FuncUnit> <Opcode : 'fpext'> <InPorts = 1> <OutPorts = 1>
ST_13 : Operation 153 [1/1] (0.00ns)   --->   "%bitcast_ln726_3 = bitcast i64 %pf_3" [vivado/ip_repo/gnss_correlator/src/gnss_correlator.cpp:37]   --->   Operation 153 'bitcast' 'bitcast_ln726_3' <Predicate = true> <Delay = 0.00>
ST_13 : Operation 154 [1/1] (0.00ns)   --->   "%trunc_ln37 = trunc i64 %bitcast_ln726_3" [vivado/ip_repo/gnss_correlator/src/gnss_correlator.cpp:37]   --->   Operation 154 'trunc' 'trunc_ln37' <Predicate = true> <Delay = 0.00>
ST_13 : Operation 155 [1/1] (0.00ns)   --->   "%tmp_4 = bitselect i1 @_ssdm_op_BitSelect.i1.i64.i32, i64 %bitcast_ln726_3, i32 63" [vivado/ip_repo/gnss_correlator/src/gnss_correlator.cpp:37]   --->   Operation 155 'bitselect' 'tmp_4' <Predicate = true> <Delay = 0.00>
ST_13 : Operation 156 [1/1] (0.00ns)   --->   "%tmp_5 = partselect i11 @_ssdm_op_PartSelect.i11.i64.i32, i64 %bitcast_ln726_3, i32 52" [vivado/ip_repo/gnss_correlator/src/gnss_correlator.cpp:37]   --->   Operation 156 'partselect' 'tmp_5' <Predicate = true> <Delay = 0.00>
ST_13 : Operation 157 [1/1] (0.00ns)   --->   "%trunc_ln37_1 = trunc i64 %bitcast_ln726_3" [vivado/ip_repo/gnss_correlator/src/gnss_correlator.cpp:37]   --->   Operation 157 'trunc' 'trunc_ln37_1' <Predicate = true> <Delay = 0.00>

State 14 <SV = 13> <Delay = 5.60>
ST_14 : Operation 158 [1/1] (1.63ns)   --->   "%icmp_ln34_3 = icmp_ult  i11 %select_ln34_1, i11 54" [vivado/ip_repo/gnss_correlator/src/gnss_correlator.cpp:34]   --->   Operation 158 'icmp' 'icmp_ln34_3' <Predicate = true> <Delay = 1.63> <CoreInst = "Cmp">   --->   Core 9 'Cmp' <Latency = 0> <II = 1> <Delay = 1.63> <FuncUnit> <Opcode : 'seteq' 'setne' 'setle' 'setge' 'setlt' 'setgt'> <InPorts = 2> <OutPorts = 1>
ST_14 : Operation 159 [1/1] (0.00ns) (grouped into LUT with out node select_ln34_2)   --->   "%select_ln34_4 = select i1 %tmp, i18 262143, i18 0" [vivado/ip_repo/gnss_correlator/src/gnss_correlator.cpp:34]   --->   Operation 159 'select' 'select_ln34_4' <Predicate = true> <Delay = 0.00> <CoreInst = "Sel">   --->   Core 73 'Sel' <Latency = 0> <II = 1> <Delay = 0.99> <FuncUnit> <Opcode : 'select'> <InPorts = 3> <OutPorts = 1>
ST_14 : Operation 160 [1/1] (0.00ns)   --->   "%zext_ln34_2 = zext i11 %select_ln34_1" [vivado/ip_repo/gnss_correlator/src/gnss_correlator.cpp:34]   --->   Operation 160 'zext' 'zext_ln34_2' <Predicate = true> <Delay = 0.00>
ST_14 : Operation 161 [1/1] (4.61ns)   --->   "%ashr_ln34 = ashr i54 %select_ln34, i54 %zext_ln34_2" [vivado/ip_repo/gnss_correlator/src/gnss_correlator.cpp:34]   --->   Operation 161 'ashr' 'ashr_ln34' <Predicate = true> <Delay = 4.61> <CoreInst = "Shifter">   --->   Core 75 'Shifter' <Latency = 0> <II = 1> <Delay = 4.61> <FuncUnit> <Opcode : 'shl' 'lshr' 'ashr'> <InPorts = 2> <OutPorts = 1>
ST_14 : Operation 162 [1/1] (0.00ns) (grouped into LUT with out node select_ln34_2)   --->   "%trunc_ln34_4 = trunc i54 %ashr_ln34" [vivado/ip_repo/gnss_correlator/src/gnss_correlator.cpp:34]   --->   Operation 162 'trunc' 'trunc_ln34_4' <Predicate = true> <Delay = 0.00>
ST_14 : Operation 163 [1/1] (0.99ns) (out node of the LUT)   --->   "%select_ln34_2 = select i1 %icmp_ln34_3, i18 %trunc_ln34_4, i18 %select_ln34_4" [vivado/ip_repo/gnss_correlator/src/gnss_correlator.cpp:34]   --->   Operation 163 'select' 'select_ln34_2' <Predicate = true> <Delay = 0.99> <CoreInst = "Sel">   --->   Core 73 'Sel' <Latency = 0> <II = 1> <Delay = 0.75> <FuncUnit> <Opcode : 'select'> <InPorts = 3> <OutPorts = 1>
ST_14 : Operation 164 [1/1] (1.63ns)   --->   "%icmp_ln34_4 = icmp_ult  i11 %select_ln34_1, i11 18" [vivado/ip_repo/gnss_correlator/src/gnss_correlator.cpp:34]   --->   Operation 164 'icmp' 'icmp_ln34_4' <Predicate = true> <Delay = 1.63> <CoreInst = "Cmp">   --->   Core 9 'Cmp' <Latency = 0> <II = 1> <Delay = 1.63> <FuncUnit> <Opcode : 'seteq' 'setne' 'setle' 'setge' 'setlt' 'setgt'> <InPorts = 2> <OutPorts = 1>
ST_14 : Operation 165 [1/1] (0.00ns)   --->   "%select_ln34_1cast = zext i11 %select_ln34_1" [vivado/ip_repo/gnss_correlator/src/gnss_correlator.cpp:34]   --->   Operation 165 'zext' 'select_ln34_1cast' <Predicate = true> <Delay = 0.00>
ST_14 : Operation 166 [1/1] (4.04ns)   --->   "%shl_ln34 = shl i18 %trunc_ln34_3, i18 %select_ln34_1cast" [vivado/ip_repo/gnss_correlator/src/gnss_correlator.cpp:34]   --->   Operation 166 'shl' 'shl_ln34' <Predicate = true> <Delay = 4.04> <CoreInst = "Shifter">   --->   Core 75 'Shifter' <Latency = 0> <II = 1> <Delay = 4.04> <FuncUnit> <Opcode : 'shl' 'lshr' 'ashr'> <InPorts = 2> <OutPorts = 1>
ST_14 : Operation 167 [1/1] (0.75ns)   --->   "%select_ln34_3 = select i1 %icmp_ln34_4, i18 %shl_ln34, i18 0" [vivado/ip_repo/gnss_correlator/src/gnss_correlator.cpp:34]   --->   Operation 167 'select' 'select_ln34_3' <Predicate = true> <Delay = 0.75> <CoreInst = "Sel">   --->   Core 73 'Sel' <Latency = 0> <II = 1> <Delay = 0.75> <FuncUnit> <Opcode : 'select'> <InPorts = 3> <OutPorts = 1>
ST_14 : Operation 168 [1/1] (0.00ns)   --->   "%zext_ln35 = zext i11 %tmp_9" [vivado/ip_repo/gnss_correlator/src/gnss_correlator.cpp:35]   --->   Operation 168 'zext' 'zext_ln35' <Predicate = true> <Delay = 0.00>
ST_14 : Operation 169 [1/1] (0.00ns)   --->   "%zext_ln35_1_cast = bitconcatenate i53 @_ssdm_op_BitConcatenate.i53.i1.i52, i1 1, i52 %trunc_ln35_1" [vivado/ip_repo/gnss_correlator/src/gnss_correlator.cpp:35]   --->   Operation 169 'bitconcatenate' 'zext_ln35_1_cast' <Predicate = true> <Delay = 0.00>
ST_14 : Operation 170 [1/1] (0.00ns)   --->   "%zext_ln35_1 = zext i53 %zext_ln35_1_cast" [vivado/ip_repo/gnss_correlator/src/gnss_correlator.cpp:35]   --->   Operation 170 'zext' 'zext_ln35_1' <Predicate = true> <Delay = 0.00>
ST_14 : Operation 171 [1/1] (3.23ns)   --->   "%sub_ln35 = sub i54 0, i54 %zext_ln35_1" [vivado/ip_repo/gnss_correlator/src/gnss_correlator.cpp:35]   --->   Operation 171 'sub' 'sub_ln35' <Predicate = (tmp_2)> <Delay = 3.23> <CoreInst = "Adder">   --->   Core 1 'Adder' <Latency = 0> <II = 1> <Delay = 3.23> <FuncUnit> <Opcode : 'add' 'sub'> <InPorts = 2> <OutPorts = 1>
ST_14 : Operation 172 [1/1] (0.94ns)   --->   "%select_ln35 = select i1 %tmp_2, i54 %sub_ln35, i54 %zext_ln35_1" [vivado/ip_repo/gnss_correlator/src/gnss_correlator.cpp:35]   --->   Operation 172 'select' 'select_ln35' <Predicate = true> <Delay = 0.94> <CoreInst = "Sel">   --->   Core 73 'Sel' <Latency = 0> <II = 1> <Delay = 0.94> <FuncUnit> <Opcode : 'select'> <InPorts = 3> <OutPorts = 1>
ST_14 : Operation 173 [1/1] (3.49ns)   --->   "%icmp_ln35 = icmp_eq  i63 %trunc_ln35, i63 0" [vivado/ip_repo/gnss_correlator/src/gnss_correlator.cpp:35]   --->   Operation 173 'icmp' 'icmp_ln35' <Predicate = true> <Delay = 3.49> <CoreInst = "Cmp">   --->   Core 9 'Cmp' <Latency = 0> <II = 1> <Delay = 3.49> <FuncUnit> <Opcode : 'seteq' 'setne' 'setle' 'setge' 'setlt' 'setgt'> <InPorts = 2> <OutPorts = 1>
ST_14 : Operation 174 [1/1] (1.54ns)   --->   "%sub_ln35_1 = sub i12 1075, i12 %zext_ln35" [vivado/ip_repo/gnss_correlator/src/gnss_correlator.cpp:35]   --->   Operation 174 'sub' 'sub_ln35_1' <Predicate = true> <Delay = 1.54> <CoreInst = "Adder">   --->   Core 1 'Adder' <Latency = 0> <II = 1> <Delay = 1.54> <FuncUnit> <Opcode : 'add' 'sub'> <InPorts = 2> <OutPorts = 1>
ST_14 : Operation 175 [1/1] (0.00ns)   --->   "%trunc_ln35_2 = trunc i12 %sub_ln35_1" [vivado/ip_repo/gnss_correlator/src/gnss_correlator.cpp:35]   --->   Operation 175 'trunc' 'trunc_ln35_2' <Predicate = true> <Delay = 0.00>
ST_14 : Operation 176 [1/1] (1.54ns)   --->   "%icmp_ln35_1 = icmp_sgt  i12 %sub_ln35_1, i12 16" [vivado/ip_repo/gnss_correlator/src/gnss_correlator.cpp:35]   --->   Operation 176 'icmp' 'icmp_ln35_1' <Predicate = true> <Delay = 1.54> <CoreInst = "Cmp">   --->   Core 9 'Cmp' <Latency = 0> <II = 1> <Delay = 1.54> <FuncUnit> <Opcode : 'seteq' 'setne' 'setle' 'setge' 'setlt' 'setgt'> <InPorts = 2> <OutPorts = 1>
ST_14 : Operation 177 [1/1] (1.63ns)   --->   "%add_ln35_1 = add i11 %trunc_ln35_2, i11 2032" [vivado/ip_repo/gnss_correlator/src/gnss_correlator.cpp:35]   --->   Operation 177 'add' 'add_ln35_1' <Predicate = true> <Delay = 1.63> <CoreInst = "Adder">   --->   Core 1 'Adder' <Latency = 0> <II = 1> <Delay = 1.63> <FuncUnit> <Opcode : 'add' 'sub'> <InPorts = 2> <OutPorts = 1>
ST_14 : Operation 178 [1/1] (1.63ns)   --->   "%sub_ln35_2 = sub i11 16, i11 %trunc_ln35_2" [vivado/ip_repo/gnss_correlator/src/gnss_correlator.cpp:35]   --->   Operation 178 'sub' 'sub_ln35_2' <Predicate = true> <Delay = 1.63> <CoreInst = "Adder">   --->   Core 1 'Adder' <Latency = 0> <II = 1> <Delay = 1.63> <FuncUnit> <Opcode : 'add' 'sub'> <InPorts = 2> <OutPorts = 1>
ST_14 : Operation 179 [1/1] (0.69ns)   --->   "%select_ln35_1 = select i1 %icmp_ln35_1, i11 %add_ln35_1, i11 %sub_ln35_2" [vivado/ip_repo/gnss_correlator/src/gnss_correlator.cpp:35]   --->   Operation 179 'select' 'select_ln35_1' <Predicate = true> <Delay = 0.69> <CoreInst = "Sel">   --->   Core 73 'Sel' <Latency = 0> <II = 1> <Delay = 0.69> <FuncUnit> <Opcode : 'select'> <InPorts = 3> <OutPorts = 1>
ST_14 : Operation 180 [1/1] (1.54ns)   --->   "%icmp_ln35_2 = icmp_eq  i12 %sub_ln35_1, i12 16" [vivado/ip_repo/gnss_correlator/src/gnss_correlator.cpp:35]   --->   Operation 180 'icmp' 'icmp_ln35_2' <Predicate = true> <Delay = 1.54> <CoreInst = "Cmp">   --->   Core 9 'Cmp' <Latency = 0> <II = 1> <Delay = 1.54> <FuncUnit> <Opcode : 'seteq' 'setne' 'setle' 'setge' 'setlt' 'setgt'> <InPorts = 2> <OutPorts = 1>
ST_14 : Operation 181 [1/1] (0.00ns)   --->   "%trunc_ln35_3 = trunc i54 %select_ln35" [vivado/ip_repo/gnss_correlator/src/gnss_correlator.cpp:35]   --->   Operation 181 'trunc' 'trunc_ln35_3' <Predicate = true> <Delay = 0.00>
ST_14 : Operation 182 [1/1] (0.00ns) (grouped into LUT with out node and_ln35_1)   --->   "%or_ln35 = or i1 %icmp_ln35, i1 %icmp_ln35_2" [vivado/ip_repo/gnss_correlator/src/gnss_correlator.cpp:35]   --->   Operation 182 'or' 'or_ln35' <Predicate = true> <Delay = 0.00> <CoreInst = "LogicGate">   --->   Core 74 'LogicGate' <Latency = 0> <II = 1> <Delay = 0.97> <FuncUnit> <Opcode : 'and' 'or' 'xor'> <InPorts = 2> <OutPorts = 1>
ST_14 : Operation 183 [1/1] (0.00ns) (grouped into LUT with out node and_ln35_1)   --->   "%xor_ln35_1 = xor i1 %or_ln35, i1 1" [vivado/ip_repo/gnss_correlator/src/gnss_correlator.cpp:35]   --->   Operation 183 'xor' 'xor_ln35_1' <Predicate = true> <Delay = 0.00> <CoreInst = "LogicGate">   --->   Core 74 'LogicGate' <Latency = 0> <II = 1> <Delay = 0.97> <FuncUnit> <Opcode : 'and' 'or' 'xor'> <InPorts = 2> <OutPorts = 1>
ST_14 : Operation 184 [1/1] (0.97ns) (out node of the LUT)   --->   "%and_ln35_1 = and i1 %icmp_ln35_1, i1 %xor_ln35_1" [vivado/ip_repo/gnss_correlator/src/gnss_correlator.cpp:35]   --->   Operation 184 'and' 'and_ln35_1' <Predicate = true> <Delay = 0.97> <CoreInst = "LogicGate">   --->   Core 74 'LogicGate' <Latency = 0> <II = 1> <Delay = 0.97> <FuncUnit> <Opcode : 'and' 'or' 'xor'> <InPorts = 2> <OutPorts = 1>
ST_14 : Operation 185 [1/1] (1.63ns)   --->   "%icmp_ln36_3 = icmp_ult  i11 %select_ln36_1, i11 54" [vivado/ip_repo/gnss_correlator/src/gnss_correlator.cpp:36]   --->   Operation 185 'icmp' 'icmp_ln36_3' <Predicate = true> <Delay = 1.63> <CoreInst = "Cmp">   --->   Core 9 'Cmp' <Latency = 0> <II = 1> <Delay = 1.63> <FuncUnit> <Opcode : 'seteq' 'setne' 'setle' 'setge' 'setlt' 'setgt'> <InPorts = 2> <OutPorts = 1>
ST_14 : Operation 186 [1/1] (0.00ns) (grouped into LUT with out node select_ln36_2)   --->   "%select_ln36_4 = select i1 %tmp_3, i18 262143, i18 0" [vivado/ip_repo/gnss_correlator/src/gnss_correlator.cpp:36]   --->   Operation 186 'select' 'select_ln36_4' <Predicate = true> <Delay = 0.00> <CoreInst = "Sel">   --->   Core 73 'Sel' <Latency = 0> <II = 1> <Delay = 0.99> <FuncUnit> <Opcode : 'select'> <InPorts = 3> <OutPorts = 1>
ST_14 : Operation 187 [1/1] (0.00ns)   --->   "%zext_ln36_2 = zext i11 %select_ln36_1" [vivado/ip_repo/gnss_correlator/src/gnss_correlator.cpp:36]   --->   Operation 187 'zext' 'zext_ln36_2' <Predicate = true> <Delay = 0.00>
ST_14 : Operation 188 [1/1] (4.61ns)   --->   "%ashr_ln36 = ashr i54 %select_ln36, i54 %zext_ln36_2" [vivado/ip_repo/gnss_correlator/src/gnss_correlator.cpp:36]   --->   Operation 188 'ashr' 'ashr_ln36' <Predicate = true> <Delay = 4.61> <CoreInst = "Shifter">   --->   Core 75 'Shifter' <Latency = 0> <II = 1> <Delay = 4.61> <FuncUnit> <Opcode : 'shl' 'lshr' 'ashr'> <InPorts = 2> <OutPorts = 1>
ST_14 : Operation 189 [1/1] (0.00ns) (grouped into LUT with out node select_ln36_2)   --->   "%trunc_ln36_4 = trunc i54 %ashr_ln36" [vivado/ip_repo/gnss_correlator/src/gnss_correlator.cpp:36]   --->   Operation 189 'trunc' 'trunc_ln36_4' <Predicate = true> <Delay = 0.00>
ST_14 : Operation 190 [1/1] (0.99ns) (out node of the LUT)   --->   "%select_ln36_2 = select i1 %icmp_ln36_3, i18 %trunc_ln36_4, i18 %select_ln36_4" [vivado/ip_repo/gnss_correlator/src/gnss_correlator.cpp:36]   --->   Operation 190 'select' 'select_ln36_2' <Predicate = true> <Delay = 0.99> <CoreInst = "Sel">   --->   Core 73 'Sel' <Latency = 0> <II = 1> <Delay = 0.75> <FuncUnit> <Opcode : 'select'> <InPorts = 3> <OutPorts = 1>
ST_14 : Operation 191 [1/1] (1.63ns)   --->   "%icmp_ln36_4 = icmp_ult  i11 %select_ln36_1, i11 18" [vivado/ip_repo/gnss_correlator/src/gnss_correlator.cpp:36]   --->   Operation 191 'icmp' 'icmp_ln36_4' <Predicate = true> <Delay = 1.63> <CoreInst = "Cmp">   --->   Core 9 'Cmp' <Latency = 0> <II = 1> <Delay = 1.63> <FuncUnit> <Opcode : 'seteq' 'setne' 'setle' 'setge' 'setlt' 'setgt'> <InPorts = 2> <OutPorts = 1>
ST_14 : Operation 192 [1/1] (0.00ns)   --->   "%select_ln36_1cast = zext i11 %select_ln36_1" [vivado/ip_repo/gnss_correlator/src/gnss_correlator.cpp:36]   --->   Operation 192 'zext' 'select_ln36_1cast' <Predicate = true> <Delay = 0.00>
ST_14 : Operation 193 [1/1] (4.04ns)   --->   "%shl_ln36 = shl i18 %trunc_ln36_3, i18 %select_ln36_1cast" [vivado/ip_repo/gnss_correlator/src/gnss_correlator.cpp:36]   --->   Operation 193 'shl' 'shl_ln36' <Predicate = true> <Delay = 4.04> <CoreInst = "Shifter">   --->   Core 75 'Shifter' <Latency = 0> <II = 1> <Delay = 4.04> <FuncUnit> <Opcode : 'shl' 'lshr' 'ashr'> <InPorts = 2> <OutPorts = 1>
ST_14 : Operation 194 [1/1] (0.75ns)   --->   "%select_ln36_3 = select i1 %icmp_ln36_4, i18 %shl_ln36, i18 0" [vivado/ip_repo/gnss_correlator/src/gnss_correlator.cpp:36]   --->   Operation 194 'select' 'select_ln36_3' <Predicate = true> <Delay = 0.75> <CoreInst = "Sel">   --->   Core 73 'Sel' <Latency = 0> <II = 1> <Delay = 0.75> <FuncUnit> <Opcode : 'select'> <InPorts = 3> <OutPorts = 1>
ST_14 : Operation 195 [1/1] (0.00ns)   --->   "%zext_ln37 = zext i11 %tmp_5" [vivado/ip_repo/gnss_correlator/src/gnss_correlator.cpp:37]   --->   Operation 195 'zext' 'zext_ln37' <Predicate = true> <Delay = 0.00>
ST_14 : Operation 196 [1/1] (0.00ns)   --->   "%zext_ln37_1_cast = bitconcatenate i53 @_ssdm_op_BitConcatenate.i53.i1.i52, i1 1, i52 %trunc_ln37_1" [vivado/ip_repo/gnss_correlator/src/gnss_correlator.cpp:37]   --->   Operation 196 'bitconcatenate' 'zext_ln37_1_cast' <Predicate = true> <Delay = 0.00>
ST_14 : Operation 197 [1/1] (0.00ns)   --->   "%zext_ln37_1 = zext i53 %zext_ln37_1_cast" [vivado/ip_repo/gnss_correlator/src/gnss_correlator.cpp:37]   --->   Operation 197 'zext' 'zext_ln37_1' <Predicate = true> <Delay = 0.00>
ST_14 : Operation 198 [1/1] (3.23ns)   --->   "%sub_ln37 = sub i54 0, i54 %zext_ln37_1" [vivado/ip_repo/gnss_correlator/src/gnss_correlator.cpp:37]   --->   Operation 198 'sub' 'sub_ln37' <Predicate = (tmp_4)> <Delay = 3.23> <CoreInst = "Adder">   --->   Core 1 'Adder' <Latency = 0> <II = 1> <Delay = 3.23> <FuncUnit> <Opcode : 'add' 'sub'> <InPorts = 2> <OutPorts = 1>
ST_14 : Operation 199 [1/1] (0.94ns)   --->   "%select_ln37 = select i1 %tmp_4, i54 %sub_ln37, i54 %zext_ln37_1" [vivado/ip_repo/gnss_correlator/src/gnss_correlator.cpp:37]   --->   Operation 199 'select' 'select_ln37' <Predicate = true> <Delay = 0.94> <CoreInst = "Sel">   --->   Core 73 'Sel' <Latency = 0> <II = 1> <Delay = 0.94> <FuncUnit> <Opcode : 'select'> <InPorts = 3> <OutPorts = 1>
ST_14 : Operation 200 [1/1] (3.49ns)   --->   "%icmp_ln37 = icmp_eq  i63 %trunc_ln37, i63 0" [vivado/ip_repo/gnss_correlator/src/gnss_correlator.cpp:37]   --->   Operation 200 'icmp' 'icmp_ln37' <Predicate = true> <Delay = 3.49> <CoreInst = "Cmp">   --->   Core 9 'Cmp' <Latency = 0> <II = 1> <Delay = 3.49> <FuncUnit> <Opcode : 'seteq' 'setne' 'setle' 'setge' 'setlt' 'setgt'> <InPorts = 2> <OutPorts = 1>
ST_14 : Operation 201 [1/1] (1.54ns)   --->   "%sub_ln37_1 = sub i12 1075, i12 %zext_ln37" [vivado/ip_repo/gnss_correlator/src/gnss_correlator.cpp:37]   --->   Operation 201 'sub' 'sub_ln37_1' <Predicate = true> <Delay = 1.54> <CoreInst = "Adder">   --->   Core 1 'Adder' <Latency = 0> <II = 1> <Delay = 1.54> <FuncUnit> <Opcode : 'add' 'sub'> <InPorts = 2> <OutPorts = 1>
ST_14 : Operation 202 [1/1] (0.00ns)   --->   "%trunc_ln37_2 = trunc i12 %sub_ln37_1" [vivado/ip_repo/gnss_correlator/src/gnss_correlator.cpp:37]   --->   Operation 202 'trunc' 'trunc_ln37_2' <Predicate = true> <Delay = 0.00>
ST_14 : Operation 203 [1/1] (1.54ns)   --->   "%icmp_ln37_1 = icmp_sgt  i12 %sub_ln37_1, i12 16" [vivado/ip_repo/gnss_correlator/src/gnss_correlator.cpp:37]   --->   Operation 203 'icmp' 'icmp_ln37_1' <Predicate = true> <Delay = 1.54> <CoreInst = "Cmp">   --->   Core 9 'Cmp' <Latency = 0> <II = 1> <Delay = 1.54> <FuncUnit> <Opcode : 'seteq' 'setne' 'setle' 'setge' 'setlt' 'setgt'> <InPorts = 2> <OutPorts = 1>
ST_14 : Operation 204 [1/1] (1.63ns)   --->   "%add_ln37_1 = add i11 %trunc_ln37_2, i11 2032" [vivado/ip_repo/gnss_correlator/src/gnss_correlator.cpp:37]   --->   Operation 204 'add' 'add_ln37_1' <Predicate = true> <Delay = 1.63> <CoreInst = "Adder">   --->   Core 1 'Adder' <Latency = 0> <II = 1> <Delay = 1.63> <FuncUnit> <Opcode : 'add' 'sub'> <InPorts = 2> <OutPorts = 1>
ST_14 : Operation 205 [1/1] (1.63ns)   --->   "%sub_ln37_2 = sub i11 16, i11 %trunc_ln37_2" [vivado/ip_repo/gnss_correlator/src/gnss_correlator.cpp:37]   --->   Operation 205 'sub' 'sub_ln37_2' <Predicate = true> <Delay = 1.63> <CoreInst = "Adder">   --->   Core 1 'Adder' <Latency = 0> <II = 1> <Delay = 1.63> <FuncUnit> <Opcode : 'add' 'sub'> <InPorts = 2> <OutPorts = 1>
ST_14 : Operation 206 [1/1] (0.69ns)   --->   "%select_ln37_1 = select i1 %icmp_ln37_1, i11 %add_ln37_1, i11 %sub_ln37_2" [vivado/ip_repo/gnss_correlator/src/gnss_correlator.cpp:37]   --->   Operation 206 'select' 'select_ln37_1' <Predicate = true> <Delay = 0.69> <CoreInst = "Sel">   --->   Core 73 'Sel' <Latency = 0> <II = 1> <Delay = 0.69> <FuncUnit> <Opcode : 'select'> <InPorts = 3> <OutPorts = 1>
ST_14 : Operation 207 [1/1] (1.54ns)   --->   "%icmp_ln37_2 = icmp_eq  i12 %sub_ln37_1, i12 16" [vivado/ip_repo/gnss_correlator/src/gnss_correlator.cpp:37]   --->   Operation 207 'icmp' 'icmp_ln37_2' <Predicate = true> <Delay = 1.54> <CoreInst = "Cmp">   --->   Core 9 'Cmp' <Latency = 0> <II = 1> <Delay = 1.54> <FuncUnit> <Opcode : 'seteq' 'setne' 'setle' 'setge' 'setlt' 'setgt'> <InPorts = 2> <OutPorts = 1>
ST_14 : Operation 208 [1/1] (0.00ns)   --->   "%trunc_ln37_3 = trunc i54 %select_ln37" [vivado/ip_repo/gnss_correlator/src/gnss_correlator.cpp:37]   --->   Operation 208 'trunc' 'trunc_ln37_3' <Predicate = true> <Delay = 0.00>

State 15 <SV = 14> <Delay = 5.60>
ST_15 : Operation 209 [1/1] (0.00ns) (grouped into LUT with out node and_ln34)   --->   "%xor_ln34 = xor i1 %icmp_ln34, i1 1" [vivado/ip_repo/gnss_correlator/src/gnss_correlator.cpp:34]   --->   Operation 209 'xor' 'xor_ln34' <Predicate = true> <Delay = 0.00> <CoreInst = "LogicGate">   --->   Core 74 'LogicGate' <Latency = 0> <II = 1> <Delay = 0.97> <FuncUnit> <Opcode : 'and' 'or' 'xor'> <InPorts = 2> <OutPorts = 1>
ST_15 : Operation 210 [1/1] (0.97ns) (out node of the LUT)   --->   "%and_ln34 = and i1 %icmp_ln34_2, i1 %xor_ln34" [vivado/ip_repo/gnss_correlator/src/gnss_correlator.cpp:34]   --->   Operation 210 'and' 'and_ln34' <Predicate = true> <Delay = 0.97> <CoreInst = "LogicGate">   --->   Core 74 'LogicGate' <Latency = 0> <II = 1> <Delay = 0.97> <FuncUnit> <Opcode : 'and' 'or' 'xor'> <InPorts = 2> <OutPorts = 1>
ST_15 : Operation 211 [1/1] (0.00ns) (grouped into LUT with out node and_ln34_1)   --->   "%or_ln34 = or i1 %icmp_ln34, i1 %icmp_ln34_2" [vivado/ip_repo/gnss_correlator/src/gnss_correlator.cpp:34]   --->   Operation 211 'or' 'or_ln34' <Predicate = true> <Delay = 0.00> <CoreInst = "LogicGate">   --->   Core 74 'LogicGate' <Latency = 0> <II = 1> <Delay = 0.97> <FuncUnit> <Opcode : 'and' 'or' 'xor'> <InPorts = 2> <OutPorts = 1>
ST_15 : Operation 212 [1/1] (0.00ns) (grouped into LUT with out node and_ln34_1)   --->   "%xor_ln34_1 = xor i1 %or_ln34, i1 1" [vivado/ip_repo/gnss_correlator/src/gnss_correlator.cpp:34]   --->   Operation 212 'xor' 'xor_ln34_1' <Predicate = true> <Delay = 0.00> <CoreInst = "LogicGate">   --->   Core 74 'LogicGate' <Latency = 0> <II = 1> <Delay = 0.97> <FuncUnit> <Opcode : 'and' 'or' 'xor'> <InPorts = 2> <OutPorts = 1>
ST_15 : Operation 213 [1/1] (0.97ns) (out node of the LUT)   --->   "%and_ln34_1 = and i1 %icmp_ln34_1, i1 %xor_ln34_1" [vivado/ip_repo/gnss_correlator/src/gnss_correlator.cpp:34]   --->   Operation 213 'and' 'and_ln34_1' <Predicate = true> <Delay = 0.97> <CoreInst = "LogicGate">   --->   Core 74 'LogicGate' <Latency = 0> <II = 1> <Delay = 0.97> <FuncUnit> <Opcode : 'and' 'or' 'xor'> <InPorts = 2> <OutPorts = 1>
ST_15 : Operation 214 [1/1] (0.00ns)   --->   "%sel_tmp6 = bitconcatenate i3 @_ssdm_op_BitConcatenate.i3.i1.i1.i1, i1 %icmp_ln34, i1 %and_ln34, i1 %and_ln34_1" [vivado/ip_repo/gnss_correlator/src/gnss_correlator.cpp:34]   --->   Operation 214 'bitconcatenate' 'sel_tmp6' <Predicate = true> <Delay = 0.00>
ST_15 : Operation 215 [1/1] (1.70ns)   --->   "%a = sparsemux i18 @_ssdm_op_SparseMux.ap_auto.4i18.i18.i3, i3 4, i18 0, i3 2, i18 %trunc_ln34_3, i3 1, i18 %select_ln34_2, i3 0, i18 %select_ln34_3, i18 0, i3 %sel_tmp6" [vivado/ip_repo/gnss_correlator/src/gnss_correlator.cpp:34]   --->   Operation 215 'sparsemux' 'a' <Predicate = true> <Delay = 1.70> <CoreInst = "OneHotSparseMux_HasDef">   --->   Core 140 'OneHotSparseMux_HasDef' <Latency = 0> <II = 1> <Delay = 1.70> <FuncUnit> <Opcode : 'sparsemux'> <InPorts = 2> <OutPorts = 1>
ST_15 : Operation 216 [1/1] (1.63ns)   --->   "%icmp_ln35_3 = icmp_ult  i11 %select_ln35_1, i11 54" [vivado/ip_repo/gnss_correlator/src/gnss_correlator.cpp:35]   --->   Operation 216 'icmp' 'icmp_ln35_3' <Predicate = true> <Delay = 1.63> <CoreInst = "Cmp">   --->   Core 9 'Cmp' <Latency = 0> <II = 1> <Delay = 1.63> <FuncUnit> <Opcode : 'seteq' 'setne' 'setle' 'setge' 'setlt' 'setgt'> <InPorts = 2> <OutPorts = 1>
ST_15 : Operation 217 [1/1] (0.00ns) (grouped into LUT with out node select_ln35_2)   --->   "%select_ln35_4 = select i1 %tmp_2, i18 262143, i18 0" [vivado/ip_repo/gnss_correlator/src/gnss_correlator.cpp:35]   --->   Operation 217 'select' 'select_ln35_4' <Predicate = true> <Delay = 0.00> <CoreInst = "Sel">   --->   Core 73 'Sel' <Latency = 0> <II = 1> <Delay = 0.99> <FuncUnit> <Opcode : 'select'> <InPorts = 3> <OutPorts = 1>
ST_15 : Operation 218 [1/1] (0.00ns)   --->   "%zext_ln35_2 = zext i11 %select_ln35_1" [vivado/ip_repo/gnss_correlator/src/gnss_correlator.cpp:35]   --->   Operation 218 'zext' 'zext_ln35_2' <Predicate = true> <Delay = 0.00>
ST_15 : Operation 219 [1/1] (4.61ns)   --->   "%ashr_ln35 = ashr i54 %select_ln35, i54 %zext_ln35_2" [vivado/ip_repo/gnss_correlator/src/gnss_correlator.cpp:35]   --->   Operation 219 'ashr' 'ashr_ln35' <Predicate = true> <Delay = 4.61> <CoreInst = "Shifter">   --->   Core 75 'Shifter' <Latency = 0> <II = 1> <Delay = 4.61> <FuncUnit> <Opcode : 'shl' 'lshr' 'ashr'> <InPorts = 2> <OutPorts = 1>
ST_15 : Operation 220 [1/1] (0.00ns) (grouped into LUT with out node select_ln35_2)   --->   "%trunc_ln35_4 = trunc i54 %ashr_ln35" [vivado/ip_repo/gnss_correlator/src/gnss_correlator.cpp:35]   --->   Operation 220 'trunc' 'trunc_ln35_4' <Predicate = true> <Delay = 0.00>
ST_15 : Operation 221 [1/1] (0.99ns) (out node of the LUT)   --->   "%select_ln35_2 = select i1 %icmp_ln35_3, i18 %trunc_ln35_4, i18 %select_ln35_4" [vivado/ip_repo/gnss_correlator/src/gnss_correlator.cpp:35]   --->   Operation 221 'select' 'select_ln35_2' <Predicate = true> <Delay = 0.99> <CoreInst = "Sel">   --->   Core 73 'Sel' <Latency = 0> <II = 1> <Delay = 0.75> <FuncUnit> <Opcode : 'select'> <InPorts = 3> <OutPorts = 1>
ST_15 : Operation 222 [1/1] (1.63ns)   --->   "%icmp_ln35_4 = icmp_ult  i11 %select_ln35_1, i11 18" [vivado/ip_repo/gnss_correlator/src/gnss_correlator.cpp:35]   --->   Operation 222 'icmp' 'icmp_ln35_4' <Predicate = true> <Delay = 1.63> <CoreInst = "Cmp">   --->   Core 9 'Cmp' <Latency = 0> <II = 1> <Delay = 1.63> <FuncUnit> <Opcode : 'seteq' 'setne' 'setle' 'setge' 'setlt' 'setgt'> <InPorts = 2> <OutPorts = 1>
ST_15 : Operation 223 [1/1] (0.00ns)   --->   "%select_ln35_1cast = zext i11 %select_ln35_1" [vivado/ip_repo/gnss_correlator/src/gnss_correlator.cpp:35]   --->   Operation 223 'zext' 'select_ln35_1cast' <Predicate = true> <Delay = 0.00>
ST_15 : Operation 224 [1/1] (4.04ns)   --->   "%shl_ln35 = shl i18 %trunc_ln35_3, i18 %select_ln35_1cast" [vivado/ip_repo/gnss_correlator/src/gnss_correlator.cpp:35]   --->   Operation 224 'shl' 'shl_ln35' <Predicate = true> <Delay = 4.04> <CoreInst = "Shifter">   --->   Core 75 'Shifter' <Latency = 0> <II = 1> <Delay = 4.04> <FuncUnit> <Opcode : 'shl' 'lshr' 'ashr'> <InPorts = 2> <OutPorts = 1>
ST_15 : Operation 225 [1/1] (0.75ns)   --->   "%select_ln35_3 = select i1 %icmp_ln35_4, i18 %shl_ln35, i18 0" [vivado/ip_repo/gnss_correlator/src/gnss_correlator.cpp:35]   --->   Operation 225 'select' 'select_ln35_3' <Predicate = true> <Delay = 0.75> <CoreInst = "Sel">   --->   Core 73 'Sel' <Latency = 0> <II = 1> <Delay = 0.75> <FuncUnit> <Opcode : 'select'> <InPorts = 3> <OutPorts = 1>
ST_15 : Operation 226 [1/1] (0.00ns) (grouped into LUT with out node and_ln36)   --->   "%xor_ln36 = xor i1 %icmp_ln36, i1 1" [vivado/ip_repo/gnss_correlator/src/gnss_correlator.cpp:36]   --->   Operation 226 'xor' 'xor_ln36' <Predicate = true> <Delay = 0.00> <CoreInst = "LogicGate">   --->   Core 74 'LogicGate' <Latency = 0> <II = 1> <Delay = 0.97> <FuncUnit> <Opcode : 'and' 'or' 'xor'> <InPorts = 2> <OutPorts = 1>
ST_15 : Operation 227 [1/1] (0.97ns) (out node of the LUT)   --->   "%and_ln36 = and i1 %icmp_ln36_2, i1 %xor_ln36" [vivado/ip_repo/gnss_correlator/src/gnss_correlator.cpp:36]   --->   Operation 227 'and' 'and_ln36' <Predicate = true> <Delay = 0.97> <CoreInst = "LogicGate">   --->   Core 74 'LogicGate' <Latency = 0> <II = 1> <Delay = 0.97> <FuncUnit> <Opcode : 'and' 'or' 'xor'> <InPorts = 2> <OutPorts = 1>
ST_15 : Operation 228 [1/1] (0.00ns) (grouped into LUT with out node and_ln36_1)   --->   "%or_ln36 = or i1 %icmp_ln36, i1 %icmp_ln36_2" [vivado/ip_repo/gnss_correlator/src/gnss_correlator.cpp:36]   --->   Operation 228 'or' 'or_ln36' <Predicate = true> <Delay = 0.00> <CoreInst = "LogicGate">   --->   Core 74 'LogicGate' <Latency = 0> <II = 1> <Delay = 0.97> <FuncUnit> <Opcode : 'and' 'or' 'xor'> <InPorts = 2> <OutPorts = 1>
ST_15 : Operation 229 [1/1] (0.00ns) (grouped into LUT with out node and_ln36_1)   --->   "%xor_ln36_1 = xor i1 %or_ln36, i1 1" [vivado/ip_repo/gnss_correlator/src/gnss_correlator.cpp:36]   --->   Operation 229 'xor' 'xor_ln36_1' <Predicate = true> <Delay = 0.00> <CoreInst = "LogicGate">   --->   Core 74 'LogicGate' <Latency = 0> <II = 1> <Delay = 0.97> <FuncUnit> <Opcode : 'and' 'or' 'xor'> <InPorts = 2> <OutPorts = 1>
ST_15 : Operation 230 [1/1] (0.97ns) (out node of the LUT)   --->   "%and_ln36_1 = and i1 %icmp_ln36_1, i1 %xor_ln36_1" [vivado/ip_repo/gnss_correlator/src/gnss_correlator.cpp:36]   --->   Operation 230 'and' 'and_ln36_1' <Predicate = true> <Delay = 0.97> <CoreInst = "LogicGate">   --->   Core 74 'LogicGate' <Latency = 0> <II = 1> <Delay = 0.97> <FuncUnit> <Opcode : 'and' 'or' 'xor'> <InPorts = 2> <OutPorts = 1>
ST_15 : Operation 231 [1/1] (0.00ns)   --->   "%sel_tmp1 = bitconcatenate i3 @_ssdm_op_BitConcatenate.i3.i1.i1.i1, i1 %icmp_ln36, i1 %and_ln36, i1 %and_ln36_1" [vivado/ip_repo/gnss_correlator/src/gnss_correlator.cpp:36]   --->   Operation 231 'bitconcatenate' 'sel_tmp1' <Predicate = true> <Delay = 0.00>
ST_15 : Operation 232 [1/1] (1.70ns)   --->   "%c = sparsemux i18 @_ssdm_op_SparseMux.ap_auto.4i18.i18.i3, i3 4, i18 0, i3 2, i18 %trunc_ln36_3, i3 1, i18 %select_ln36_2, i3 0, i18 %select_ln36_3, i18 0, i3 %sel_tmp1" [vivado/ip_repo/gnss_correlator/src/gnss_correlator.cpp:36]   --->   Operation 232 'sparsemux' 'c' <Predicate = true> <Delay = 1.70> <CoreInst = "OneHotSparseMux_HasDef">   --->   Core 140 'OneHotSparseMux_HasDef' <Latency = 0> <II = 1> <Delay = 1.70> <FuncUnit> <Opcode : 'sparsemux'> <InPorts = 2> <OutPorts = 1>
ST_15 : Operation 233 [1/1] (1.63ns)   --->   "%icmp_ln37_3 = icmp_ult  i11 %select_ln37_1, i11 54" [vivado/ip_repo/gnss_correlator/src/gnss_correlator.cpp:37]   --->   Operation 233 'icmp' 'icmp_ln37_3' <Predicate = true> <Delay = 1.63> <CoreInst = "Cmp">   --->   Core 9 'Cmp' <Latency = 0> <II = 1> <Delay = 1.63> <FuncUnit> <Opcode : 'seteq' 'setne' 'setle' 'setge' 'setlt' 'setgt'> <InPorts = 2> <OutPorts = 1>
ST_15 : Operation 234 [1/1] (0.00ns) (grouped into LUT with out node select_ln37_2)   --->   "%select_ln37_4 = select i1 %tmp_4, i18 262143, i18 0" [vivado/ip_repo/gnss_correlator/src/gnss_correlator.cpp:37]   --->   Operation 234 'select' 'select_ln37_4' <Predicate = true> <Delay = 0.00> <CoreInst = "Sel">   --->   Core 73 'Sel' <Latency = 0> <II = 1> <Delay = 0.99> <FuncUnit> <Opcode : 'select'> <InPorts = 3> <OutPorts = 1>
ST_15 : Operation 235 [1/1] (0.00ns)   --->   "%zext_ln37_2 = zext i11 %select_ln37_1" [vivado/ip_repo/gnss_correlator/src/gnss_correlator.cpp:37]   --->   Operation 235 'zext' 'zext_ln37_2' <Predicate = true> <Delay = 0.00>
ST_15 : Operation 236 [1/1] (4.61ns)   --->   "%ashr_ln37 = ashr i54 %select_ln37, i54 %zext_ln37_2" [vivado/ip_repo/gnss_correlator/src/gnss_correlator.cpp:37]   --->   Operation 236 'ashr' 'ashr_ln37' <Predicate = true> <Delay = 4.61> <CoreInst = "Shifter">   --->   Core 75 'Shifter' <Latency = 0> <II = 1> <Delay = 4.61> <FuncUnit> <Opcode : 'shl' 'lshr' 'ashr'> <InPorts = 2> <OutPorts = 1>
ST_15 : Operation 237 [1/1] (0.00ns) (grouped into LUT with out node select_ln37_2)   --->   "%trunc_ln37_4 = trunc i54 %ashr_ln37" [vivado/ip_repo/gnss_correlator/src/gnss_correlator.cpp:37]   --->   Operation 237 'trunc' 'trunc_ln37_4' <Predicate = true> <Delay = 0.00>
ST_15 : Operation 238 [1/1] (0.99ns) (out node of the LUT)   --->   "%select_ln37_2 = select i1 %icmp_ln37_3, i18 %trunc_ln37_4, i18 %select_ln37_4" [vivado/ip_repo/gnss_correlator/src/gnss_correlator.cpp:37]   --->   Operation 238 'select' 'select_ln37_2' <Predicate = true> <Delay = 0.99> <CoreInst = "Sel">   --->   Core 73 'Sel' <Latency = 0> <II = 1> <Delay = 0.75> <FuncUnit> <Opcode : 'select'> <InPorts = 3> <OutPorts = 1>
ST_15 : Operation 239 [1/1] (1.63ns)   --->   "%icmp_ln37_4 = icmp_ult  i11 %select_ln37_1, i11 18" [vivado/ip_repo/gnss_correlator/src/gnss_correlator.cpp:37]   --->   Operation 239 'icmp' 'icmp_ln37_4' <Predicate = true> <Delay = 1.63> <CoreInst = "Cmp">   --->   Core 9 'Cmp' <Latency = 0> <II = 1> <Delay = 1.63> <FuncUnit> <Opcode : 'seteq' 'setne' 'setle' 'setge' 'setlt' 'setgt'> <InPorts = 2> <OutPorts = 1>
ST_15 : Operation 240 [1/1] (0.00ns)   --->   "%select_ln37_1cast = zext i11 %select_ln37_1" [vivado/ip_repo/gnss_correlator/src/gnss_correlator.cpp:37]   --->   Operation 240 'zext' 'select_ln37_1cast' <Predicate = true> <Delay = 0.00>
ST_15 : Operation 241 [1/1] (4.04ns)   --->   "%shl_ln37 = shl i18 %trunc_ln37_3, i18 %select_ln37_1cast" [vivado/ip_repo/gnss_correlator/src/gnss_correlator.cpp:37]   --->   Operation 241 'shl' 'shl_ln37' <Predicate = true> <Delay = 4.04> <CoreInst = "Shifter">   --->   Core 75 'Shifter' <Latency = 0> <II = 1> <Delay = 4.04> <FuncUnit> <Opcode : 'shl' 'lshr' 'ashr'> <InPorts = 2> <OutPorts = 1>
ST_15 : Operation 242 [1/1] (0.75ns)   --->   "%select_ln37_3 = select i1 %icmp_ln37_4, i18 %shl_ln37, i18 0" [vivado/ip_repo/gnss_correlator/src/gnss_correlator.cpp:37]   --->   Operation 242 'select' 'select_ln37_3' <Predicate = true> <Delay = 0.75> <CoreInst = "Sel">   --->   Core 73 'Sel' <Latency = 0> <II = 1> <Delay = 0.75> <FuncUnit> <Opcode : 'select'> <InPorts = 3> <OutPorts = 1>

State 16 <SV = 15> <Delay = 5.59>
ST_16 : Operation 243 [1/1] (0.00ns) (grouped into LUT with out node and_ln35)   --->   "%xor_ln35 = xor i1 %icmp_ln35, i1 1" [vivado/ip_repo/gnss_correlator/src/gnss_correlator.cpp:35]   --->   Operation 243 'xor' 'xor_ln35' <Predicate = true> <Delay = 0.00> <CoreInst = "LogicGate">   --->   Core 74 'LogicGate' <Latency = 0> <II = 1> <Delay = 0.97> <FuncUnit> <Opcode : 'and' 'or' 'xor'> <InPorts = 2> <OutPorts = 1>
ST_16 : Operation 244 [1/1] (0.97ns) (out node of the LUT)   --->   "%and_ln35 = and i1 %icmp_ln35_2, i1 %xor_ln35" [vivado/ip_repo/gnss_correlator/src/gnss_correlator.cpp:35]   --->   Operation 244 'and' 'and_ln35' <Predicate = true> <Delay = 0.97> <CoreInst = "LogicGate">   --->   Core 74 'LogicGate' <Latency = 0> <II = 1> <Delay = 0.97> <FuncUnit> <Opcode : 'and' 'or' 'xor'> <InPorts = 2> <OutPorts = 1>
ST_16 : Operation 245 [1/1] (0.00ns)   --->   "%sel_tmp = bitconcatenate i3 @_ssdm_op_BitConcatenate.i3.i1.i1.i1, i1 %icmp_ln35, i1 %and_ln35, i1 %and_ln35_1" [vivado/ip_repo/gnss_correlator/src/gnss_correlator.cpp:35]   --->   Operation 245 'bitconcatenate' 'sel_tmp' <Predicate = true> <Delay = 0.00>
ST_16 : Operation 246 [1/1] (1.70ns)   --->   "%b = sparsemux i18 @_ssdm_op_SparseMux.ap_auto.4i18.i18.i3, i3 4, i18 0, i3 2, i18 %trunc_ln35_3, i3 1, i18 %select_ln35_2, i3 0, i18 %select_ln35_3, i18 0, i3 %sel_tmp" [vivado/ip_repo/gnss_correlator/src/gnss_correlator.cpp:35]   --->   Operation 246 'sparsemux' 'b' <Predicate = true> <Delay = 1.70> <CoreInst = "OneHotSparseMux_HasDef">   --->   Core 140 'OneHotSparseMux_HasDef' <Latency = 0> <II = 1> <Delay = 1.70> <FuncUnit> <Opcode : 'sparsemux'> <InPorts = 2> <OutPorts = 1>
ST_16 : Operation 247 [1/1] (0.00ns) (grouped into LUT with out node and_ln37)   --->   "%xor_ln37 = xor i1 %icmp_ln37, i1 1" [vivado/ip_repo/gnss_correlator/src/gnss_correlator.cpp:37]   --->   Operation 247 'xor' 'xor_ln37' <Predicate = true> <Delay = 0.00> <CoreInst = "LogicGate">   --->   Core 74 'LogicGate' <Latency = 0> <II = 1> <Delay = 0.97> <FuncUnit> <Opcode : 'and' 'or' 'xor'> <InPorts = 2> <OutPorts = 1>
ST_16 : Operation 248 [1/1] (0.97ns) (out node of the LUT)   --->   "%and_ln37 = and i1 %icmp_ln37_2, i1 %xor_ln37" [vivado/ip_repo/gnss_correlator/src/gnss_correlator.cpp:37]   --->   Operation 248 'and' 'and_ln37' <Predicate = true> <Delay = 0.97> <CoreInst = "LogicGate">   --->   Core 74 'LogicGate' <Latency = 0> <II = 1> <Delay = 0.97> <FuncUnit> <Opcode : 'and' 'or' 'xor'> <InPorts = 2> <OutPorts = 1>
ST_16 : Operation 249 [1/1] (0.00ns) (grouped into LUT with out node and_ln37_1)   --->   "%or_ln37 = or i1 %icmp_ln37, i1 %icmp_ln37_2" [vivado/ip_repo/gnss_correlator/src/gnss_correlator.cpp:37]   --->   Operation 249 'or' 'or_ln37' <Predicate = true> <Delay = 0.00> <CoreInst = "LogicGate">   --->   Core 74 'LogicGate' <Latency = 0> <II = 1> <Delay = 0.97> <FuncUnit> <Opcode : 'and' 'or' 'xor'> <InPorts = 2> <OutPorts = 1>
ST_16 : Operation 250 [1/1] (0.00ns) (grouped into LUT with out node and_ln37_1)   --->   "%xor_ln37_1 = xor i1 %or_ln37, i1 1" [vivado/ip_repo/gnss_correlator/src/gnss_correlator.cpp:37]   --->   Operation 250 'xor' 'xor_ln37_1' <Predicate = true> <Delay = 0.00> <CoreInst = "LogicGate">   --->   Core 74 'LogicGate' <Latency = 0> <II = 1> <Delay = 0.97> <FuncUnit> <Opcode : 'and' 'or' 'xor'> <InPorts = 2> <OutPorts = 1>
ST_16 : Operation 251 [1/1] (0.97ns) (out node of the LUT)   --->   "%and_ln37_1 = and i1 %icmp_ln37_1, i1 %xor_ln37_1" [vivado/ip_repo/gnss_correlator/src/gnss_correlator.cpp:37]   --->   Operation 251 'and' 'and_ln37_1' <Predicate = true> <Delay = 0.97> <CoreInst = "LogicGate">   --->   Core 74 'LogicGate' <Latency = 0> <II = 1> <Delay = 0.97> <FuncUnit> <Opcode : 'and' 'or' 'xor'> <InPorts = 2> <OutPorts = 1>
ST_16 : Operation 252 [1/1] (0.00ns)   --->   "%sel_tmp2 = bitconcatenate i3 @_ssdm_op_BitConcatenate.i3.i1.i1.i1, i1 %icmp_ln37, i1 %and_ln37, i1 %and_ln37_1" [vivado/ip_repo/gnss_correlator/src/gnss_correlator.cpp:37]   --->   Operation 252 'bitconcatenate' 'sel_tmp2' <Predicate = true> <Delay = 0.00>
ST_16 : Operation 253 [1/1] (1.70ns)   --->   "%d = sparsemux i18 @_ssdm_op_SparseMux.ap_auto.4i18.i18.i3, i3 4, i18 0, i3 2, i18 %trunc_ln37_3, i3 1, i18 %select_ln37_2, i3 0, i18 %select_ln37_3, i18 0, i3 %sel_tmp2" [vivado/ip_repo/gnss_correlator/src/gnss_correlator.cpp:37]   --->   Operation 253 'sparsemux' 'd' <Predicate = true> <Delay = 1.70> <CoreInst = "OneHotSparseMux_HasDef">   --->   Core 140 'OneHotSparseMux_HasDef' <Latency = 0> <II = 1> <Delay = 1.70> <FuncUnit> <Opcode : 'sparsemux'> <InPorts = 2> <OutPorts = 1>
ST_16 : Operation 254 [1/1] (0.00ns)   --->   "%sext_ln40 = sext i18 %c" [vivado/ip_repo/gnss_correlator/src/gnss_correlator.cpp:40]   --->   Operation 254 'sext' 'sext_ln40' <Predicate = true> <Delay = 0.00>
ST_16 : Operation 255 [1/1] (0.00ns)   --->   "%sext_ln40_1 = sext i18 %a" [vivado/ip_repo/gnss_correlator/src/gnss_correlator.cpp:40]   --->   Operation 255 'sext' 'sext_ln40_1' <Predicate = true> <Delay = 0.00>
ST_16 : Operation 256 [1/1] (0.00ns)   --->   "%sext_ln40_2 = sext i18 %d" [vivado/ip_repo/gnss_correlator/src/gnss_correlator.cpp:40]   --->   Operation 256 'sext' 'sext_ln40_2' <Predicate = true> <Delay = 0.00>
ST_16 : Operation 257 [1/1] (0.00ns)   --->   "%sext_ln40_3 = sext i18 %b" [vivado/ip_repo/gnss_correlator/src/gnss_correlator.cpp:40]   --->   Operation 257 'sext' 'sext_ln40_3' <Predicate = true> <Delay = 0.00>
ST_16 : Operation 258 [1/1] (5.59ns)   --->   "%mul_ln40 = mul i34 %sext_ln40, i34 %sext_ln40_1" [vivado/ip_repo/gnss_correlator/src/gnss_correlator.cpp:40]   --->   Operation 258 'mul' 'mul_ln40' <Predicate = true> <Delay = 5.59> <CoreInst = "Multiplier">   --->   Core 3 'Multiplier' <Latency = 0> <II = 1> <Delay = 5.59> <FuncUnit> <Opcode : 'mul'> <InPorts = 2> <OutPorts = 1>
ST_16 : Operation 259 [3/3] (1.05ns) (grouped into DSP with root node sub_ln40)   --->   "%mul_ln40_1 = mul i34 %sext_ln40_2, i34 %sext_ln40_3" [vivado/ip_repo/gnss_correlator/src/gnss_correlator.cpp:40]   --->   Operation 259 'mul' 'mul_ln40_1' <Predicate = true> <Delay = 1.05> <CoreInst = "DSP48">   --->   Core 116 'DSP48' <Latency = 3> <II = 1> <Delay = 2.15> <IPBlock> <Opcode : 'add' 'sub' 'mul' 'select'> <InPorts = 0> <OutPorts = 1> <Sync> <CReg>

State 17 <SV = 16> <Delay = 5.59>
ST_17 : Operation 260 [2/3] (1.05ns) (grouped into DSP with root node sub_ln40)   --->   "%mul_ln40_1 = mul i34 %sext_ln40_2, i34 %sext_ln40_3" [vivado/ip_repo/gnss_correlator/src/gnss_correlator.cpp:40]   --->   Operation 260 'mul' 'mul_ln40_1' <Predicate = true> <Delay = 1.05> <CoreInst = "DSP48">   --->   Core 116 'DSP48' <Latency = 3> <II = 1> <Delay = 2.15> <IPBlock> <Opcode : 'add' 'sub' 'mul' 'select'> <InPorts = 0> <OutPorts = 1> <Sync> <CReg>
ST_17 : Operation 261 [1/1] (5.59ns)   --->   "%mul_ln41 = mul i34 %sext_ln40_2, i34 %sext_ln40_1" [vivado/ip_repo/gnss_correlator/src/gnss_correlator.cpp:41]   --->   Operation 261 'mul' 'mul_ln41' <Predicate = true> <Delay = 5.59> <CoreInst = "Multiplier">   --->   Core 3 'Multiplier' <Latency = 0> <II = 1> <Delay = 5.59> <FuncUnit> <Opcode : 'mul'> <InPorts = 2> <OutPorts = 1>
ST_17 : Operation 262 [3/3] (1.05ns) (grouped into DSP with root node add_ln41)   --->   "%mul_ln41_1 = mul i34 %sext_ln40, i34 %sext_ln40_3" [vivado/ip_repo/gnss_correlator/src/gnss_correlator.cpp:41]   --->   Operation 262 'mul' 'mul_ln41_1' <Predicate = true> <Delay = 1.05> <CoreInst = "DSP48">   --->   Core 116 'DSP48' <Latency = 3> <II = 1> <Delay = 2.15> <IPBlock> <Opcode : 'add' 'sub' 'mul' 'select'> <InPorts = 0> <OutPorts = 1> <Sync> <CReg>

State 18 <SV = 17> <Delay = 2.10>
ST_18 : Operation 263 [1/3] (0.00ns) (grouped into DSP with root node sub_ln40)   --->   "%mul_ln40_1 = mul i34 %sext_ln40_2, i34 %sext_ln40_3" [vivado/ip_repo/gnss_correlator/src/gnss_correlator.cpp:40]   --->   Operation 263 'mul' 'mul_ln40_1' <Predicate = true> <Delay = 0.00> <CoreInst = "DSP48">   --->   Core 116 'DSP48' <Latency = 3> <II = 1> <Delay = 2.15> <IPBlock> <Opcode : 'add' 'sub' 'mul' 'select'> <InPorts = 0> <OutPorts = 1> <Sync> <CReg>
ST_18 : Operation 264 [2/2] (2.10ns) (root node of the DSP)   --->   "%sub_ln40 = sub i34 %mul_ln40, i34 %mul_ln40_1" [vivado/ip_repo/gnss_correlator/src/gnss_correlator.cpp:40]   --->   Operation 264 'sub' 'sub_ln40' <Predicate = true> <Delay = 2.10> <CoreInst = "DSP48">   --->   Core 116 'DSP48' <Latency = 3> <II = 1> <Delay = 2.15> <IPBlock> <Opcode : 'add' 'sub' 'mul' 'select'> <InPorts = 0> <OutPorts = 1> <Sync> <CReg>
ST_18 : Operation 265 [2/3] (1.05ns) (grouped into DSP with root node add_ln41)   --->   "%mul_ln41_1 = mul i34 %sext_ln40, i34 %sext_ln40_3" [vivado/ip_repo/gnss_correlator/src/gnss_correlator.cpp:41]   --->   Operation 265 'mul' 'mul_ln41_1' <Predicate = true> <Delay = 1.05> <CoreInst = "DSP48">   --->   Core 116 'DSP48' <Latency = 3> <II = 1> <Delay = 2.15> <IPBlock> <Opcode : 'add' 'sub' 'mul' 'select'> <InPorts = 0> <OutPorts = 1> <Sync> <CReg>
ST_18 : Operation 283 [1/1] (0.00ns)   --->   "%acc_I_load = load i18 %acc_I"   --->   Operation 283 'load' 'acc_I_load' <Predicate = (!icmp_ln30)> <Delay = 0.00>
ST_18 : Operation 284 [1/1] (0.00ns)   --->   "%acc_Q_load = load i18 %acc_Q"   --->   Operation 284 'load' 'acc_Q_load' <Predicate = (!icmp_ln30)> <Delay = 0.00>
ST_18 : Operation 285 [1/1] (0.00ns)   --->   "%write_ln0 = write void @_ssdm_op_Write.ap_auto.i18P0A, i18 %acc_Q_out, i18 %acc_Q_load"   --->   Operation 285 'write' 'write_ln0' <Predicate = (!icmp_ln30)> <Delay = 0.00>
ST_18 : Operation 286 [1/1] (0.00ns)   --->   "%write_ln0 = write void @_ssdm_op_Write.ap_auto.i18P0A, i18 %acc_I_out, i18 %acc_I_load"   --->   Operation 286 'write' 'write_ln0' <Predicate = (!icmp_ln30)> <Delay = 0.00>
ST_18 : Operation 287 [1/1] (1.58ns)   --->   "%ret_ln0 = ret"   --->   Operation 287 'ret' 'ret_ln0' <Predicate = (!icmp_ln30)> <Delay = 1.58>

State 19 <SV = 18> <Delay = 6.32>
ST_19 : Operation 266 [1/1] (0.00ns)   --->   "%acc_I_load_1 = load i18 %acc_I" [vivado/ip_repo/gnss_correlator/src/gnss_correlator.cpp:40]   --->   Operation 266 'load' 'acc_I_load_1' <Predicate = true> <Delay = 0.00>
ST_19 : Operation 267 [1/2] (2.10ns) (root node of the DSP)   --->   "%sub_ln40 = sub i34 %mul_ln40, i34 %mul_ln40_1" [vivado/ip_repo/gnss_correlator/src/gnss_correlator.cpp:40]   --->   Operation 267 'sub' 'sub_ln40' <Predicate = true> <Delay = 2.10> <CoreInst = "DSP48">   --->   Core 116 'DSP48' <Latency = 3> <II = 1> <Delay = 2.15> <IPBlock> <Opcode : 'add' 'sub' 'mul' 'select'> <InPorts = 0> <OutPorts = 1> <Sync> <CReg>
ST_19 : Operation 268 [1/1] (0.00ns)   --->   "%shl_ln = bitconcatenate i34 @_ssdm_op_BitConcatenate.i34.i18.i16, i18 %acc_I_load_1, i16 0" [vivado/ip_repo/gnss_correlator/src/gnss_correlator.cpp:40]   --->   Operation 268 'bitconcatenate' 'shl_ln' <Predicate = true> <Delay = 0.00>
ST_19 : Operation 269 [1/1] (2.63ns)   --->   "%add_ln40 = add i34 %shl_ln, i34 %sub_ln40" [vivado/ip_repo/gnss_correlator/src/gnss_correlator.cpp:40]   --->   Operation 269 'add' 'add_ln40' <Predicate = true> <Delay = 2.63> <CoreInst = "Adder">   --->   Core 1 'Adder' <Latency = 0> <II = 1> <Delay = 2.63> <FuncUnit> <Opcode : 'add' 'sub'> <InPorts = 2> <OutPorts = 1>
ST_19 : Operation 270 [1/1] (0.00ns)   --->   "%acc_I_1 = partselect i18 @_ssdm_op_PartSelect.i18.i34.i32.i32, i34 %add_ln40, i32 16, i32 33" [vivado/ip_repo/gnss_correlator/src/gnss_correlator.cpp:40]   --->   Operation 270 'partselect' 'acc_I_1' <Predicate = true> <Delay = 0.00>
ST_19 : Operation 271 [1/3] (0.00ns) (grouped into DSP with root node add_ln41)   --->   "%mul_ln41_1 = mul i34 %sext_ln40, i34 %sext_ln40_3" [vivado/ip_repo/gnss_correlator/src/gnss_correlator.cpp:41]   --->   Operation 271 'mul' 'mul_ln41_1' <Predicate = true> <Delay = 0.00> <CoreInst = "DSP48">   --->   Core 116 'DSP48' <Latency = 3> <II = 1> <Delay = 2.15> <IPBlock> <Opcode : 'add' 'sub' 'mul' 'select'> <InPorts = 0> <OutPorts = 1> <Sync> <CReg>
ST_19 : Operation 272 [2/2] (2.10ns) (root node of the DSP)   --->   "%add_ln41 = add i34 %mul_ln41, i34 %mul_ln41_1" [vivado/ip_repo/gnss_correlator/src/gnss_correlator.cpp:41]   --->   Operation 272 'add' 'add_ln41' <Predicate = true> <Delay = 2.10> <CoreInst = "DSP48">   --->   Core 116 'DSP48' <Latency = 3> <II = 1> <Delay = 2.15> <IPBlock> <Opcode : 'add' 'sub' 'mul' 'select'> <InPorts = 0> <OutPorts = 1> <Sync> <CReg>
ST_19 : Operation 273 [1/1] (1.58ns)   --->   "%store_ln27 = store i18 %acc_I_1, i18 %acc_I" [vivado/ip_repo/gnss_correlator/src/gnss_correlator.cpp:27]   --->   Operation 273 'store' 'store_ln27' <Predicate = true> <Delay = 1.58>

State 20 <SV = 19> <Delay = 6.32>
ST_20 : Operation 274 [1/1] (0.00ns)   --->   "%acc_Q_load_1 = load i18 %acc_Q" [vivado/ip_repo/gnss_correlator/src/gnss_correlator.cpp:41]   --->   Operation 274 'load' 'acc_Q_load_1' <Predicate = true> <Delay = 0.00>
ST_20 : Operation 275 [1/1] (0.00ns)   --->   "%specpipeline_ln31 = specpipeline void @_ssdm_op_SpecPipeline, i32 1, i32 0, i32 0, i32 0, i32 4294967295, void @empty_5" [vivado/ip_repo/gnss_correlator/src/gnss_correlator.cpp:31]   --->   Operation 275 'specpipeline' 'specpipeline_ln31' <Predicate = true> <Delay = 0.00>
ST_20 : Operation 276 [1/1] (0.00ns)   --->   "%specloopname_ln30 = specloopname void @_ssdm_op_SpecLoopName, void @empty_11" [vivado/ip_repo/gnss_correlator/src/gnss_correlator.cpp:30]   --->   Operation 276 'specloopname' 'specloopname_ln30' <Predicate = true> <Delay = 0.00>
ST_20 : Operation 277 [1/2] (2.10ns) (root node of the DSP)   --->   "%add_ln41 = add i34 %mul_ln41, i34 %mul_ln41_1" [vivado/ip_repo/gnss_correlator/src/gnss_correlator.cpp:41]   --->   Operation 277 'add' 'add_ln41' <Predicate = true> <Delay = 2.10> <CoreInst = "DSP48">   --->   Core 116 'DSP48' <Latency = 3> <II = 1> <Delay = 2.15> <IPBlock> <Opcode : 'add' 'sub' 'mul' 'select'> <InPorts = 0> <OutPorts = 1> <Sync> <CReg>
ST_20 : Operation 278 [1/1] (0.00ns)   --->   "%shl_ln1 = bitconcatenate i34 @_ssdm_op_BitConcatenate.i34.i18.i16, i18 %acc_Q_load_1, i16 0" [vivado/ip_repo/gnss_correlator/src/gnss_correlator.cpp:41]   --->   Operation 278 'bitconcatenate' 'shl_ln1' <Predicate = true> <Delay = 0.00>
ST_20 : Operation 279 [1/1] (2.63ns)   --->   "%add_ln41_1 = add i34 %shl_ln1, i34 %add_ln41" [vivado/ip_repo/gnss_correlator/src/gnss_correlator.cpp:41]   --->   Operation 279 'add' 'add_ln41_1' <Predicate = true> <Delay = 2.63> <CoreInst = "Adder">   --->   Core 1 'Adder' <Latency = 0> <II = 1> <Delay = 2.63> <FuncUnit> <Opcode : 'add' 'sub'> <InPorts = 2> <OutPorts = 1>
ST_20 : Operation 280 [1/1] (0.00ns)   --->   "%acc_Q_1 = partselect i18 @_ssdm_op_PartSelect.i18.i34.i32.i32, i34 %add_ln41_1, i32 16, i32 33" [vivado/ip_repo/gnss_correlator/src/gnss_correlator.cpp:41]   --->   Operation 280 'partselect' 'acc_Q_1' <Predicate = true> <Delay = 0.00>
ST_20 : Operation 281 [1/1] (1.58ns)   --->   "%store_ln28 = store i18 %acc_Q_1, i18 %acc_Q" [vivado/ip_repo/gnss_correlator/src/gnss_correlator.cpp:28]   --->   Operation 281 'store' 'store_ln28' <Predicate = true> <Delay = 1.58>
ST_20 : Operation 282 [1/1] (0.00ns)   --->   "%br_ln30 = br void %for.body" [vivado/ip_repo/gnss_correlator/src/gnss_correlator.cpp:30]   --->   Operation 282 'br' 'br_ln30' <Predicate = true> <Delay = 0.00>


============================================================
+ Verbose Summary: Timing violations
============================================================
Target clock period: 10.000ns, clock uncertainty: 2.700ns.

 <State 1>: 5.728ns
The critical path consists of the following:
	'store' operation ('store_ln30', vivado/ip_repo/gnss_correlator/src/gnss_correlator.cpp:30) of constant 0 31 bit on local variable 'i', vivado/ip_repo/gnss_correlator/src/gnss_correlator.cpp:30 [24]  (1.588 ns)
	'load' operation 31 bit ('i', vivado/ip_repo/gnss_correlator/src/gnss_correlator.cpp:30) on local variable 'i', vivado/ip_repo/gnss_correlator/src/gnss_correlator.cpp:30 [29]  (0.000 ns)
	'icmp' operation 1 bit ('icmp_ln30', vivado/ip_repo/gnss_correlator/src/gnss_correlator.cpp:30) [33]  (2.552 ns)
	'store' operation ('store_ln30', vivado/ip_repo/gnss_correlator/src/gnss_correlator.cpp:30) of variable 'add_ln30', vivado/ip_repo/gnss_correlator/src/gnss_correlator.cpp:30 31 bit on local variable 'i', vivado/ip_repo/gnss_correlator/src/gnss_correlator.cpp:30 [230]  (1.588 ns)

 <State 2>: 0.000ns
The critical path consists of the following:

 <State 3>: 0.000ns
The critical path consists of the following:

 <State 4>: 0.000ns
The critical path consists of the following:

 <State 5>: 0.000ns
The critical path consists of the following:

 <State 6>: 0.000ns
The critical path consists of the following:

 <State 7>: 0.000ns
The critical path consists of the following:

 <State 8>: 0.000ns
The critical path consists of the following:

 <State 9>: 7.300ns
The critical path consists of the following:
	bus request operation ('gmem0_load_req', vivado/ip_repo/gnss_correlator/src/gnss_correlator.cpp:34) on port 'gmem0' (vivado/ip_repo/gnss_correlator/src/gnss_correlator.cpp:34) [45]  (7.300 ns)

 <State 10>: 7.300ns
The critical path consists of the following:
	bus read operation ('gmem0_addr_read', vivado/ip_repo/gnss_correlator/src/gnss_correlator.cpp:34) on port 'gmem0' (vivado/ip_repo/gnss_correlator/src/gnss_correlator.cpp:34) [46]  (7.300 ns)

 <State 11>: 7.300ns
The critical path consists of the following:
	bus read operation ('gmem0_addr_1_read', vivado/ip_repo/gnss_correlator/src/gnss_correlator.cpp:35) on port 'gmem0' (vivado/ip_repo/gnss_correlator/src/gnss_correlator.cpp:35) [89]  (7.300 ns)

 <State 12>: 4.436ns
The critical path consists of the following:
	'fpext' operation 64 bit ('pf', vivado/ip_repo/gnss_correlator/src/gnss_correlator.cpp:34) [48]  (4.436 ns)

 <State 13>: 4.436ns
The critical path consists of the following:
	'fpext' operation 64 bit ('pf', vivado/ip_repo/gnss_correlator/src/gnss_correlator.cpp:35) [91]  (4.436 ns)

 <State 14>: 5.605ns
The critical path consists of the following:
	'ashr' operation 54 bit ('ashr_ln34', vivado/ip_repo/gnss_correlator/src/gnss_correlator.cpp:34) [71]  (4.612 ns)
	'select' operation 18 bit ('select_ln34_2', vivado/ip_repo/gnss_correlator/src/gnss_correlator.cpp:34) [73]  (0.993 ns)

 <State 15>: 5.605ns
The critical path consists of the following:
	'ashr' operation 54 bit ('ashr_ln35', vivado/ip_repo/gnss_correlator/src/gnss_correlator.cpp:35) [114]  (4.612 ns)
	'select' operation 18 bit ('select_ln35_2', vivado/ip_repo/gnss_correlator/src/gnss_correlator.cpp:35) [116]  (0.993 ns)

 <State 16>: 5.593ns
The critical path consists of the following:
	'mul' operation 34 bit ('mul_ln40', vivado/ip_repo/gnss_correlator/src/gnss_correlator.cpp:40) [218]  (5.593 ns)

 <State 17>: 5.593ns
The critical path consists of the following:
	'mul' operation 34 bit ('mul_ln41', vivado/ip_repo/gnss_correlator/src/gnss_correlator.cpp:41) [224]  (5.593 ns)

 <State 18>: 2.100ns
The critical path consists of the following:
	'mul' operation 34 bit of DSP[220] ('mul_ln40_1', vivado/ip_repo/gnss_correlator/src/gnss_correlator.cpp:40) [219]  (0.000 ns)
	'sub' operation 34 bit of DSP[220] ('sub_ln40', vivado/ip_repo/gnss_correlator/src/gnss_correlator.cpp:40) [220]  (2.100 ns)

 <State 19>: 6.322ns
The critical path consists of the following:
	'sub' operation 34 bit of DSP[220] ('sub_ln40', vivado/ip_repo/gnss_correlator/src/gnss_correlator.cpp:40) [220]  (2.100 ns)
	'add' operation 34 bit ('add_ln40', vivado/ip_repo/gnss_correlator/src/gnss_correlator.cpp:40) [222]  (2.634 ns)
	'store' operation ('store_ln27', vivado/ip_repo/gnss_correlator/src/gnss_correlator.cpp:27) of variable 'acc_I', vivado/ip_repo/gnss_correlator/src/gnss_correlator.cpp:40 18 bit on local variable 'acc_I', vivado/ip_repo/gnss_correlator/src/gnss_correlator.cpp:27 [232]  (1.588 ns)

 <State 20>: 6.322ns
The critical path consists of the following:
	'add' operation 34 bit of DSP[226] ('add_ln41', vivado/ip_repo/gnss_correlator/src/gnss_correlator.cpp:41) [226]  (2.100 ns)
	'add' operation 34 bit ('add_ln41_1', vivado/ip_repo/gnss_correlator/src/gnss_correlator.cpp:41) [228]  (2.634 ns)
	'store' operation ('store_ln28', vivado/ip_repo/gnss_correlator/src/gnss_correlator.cpp:28) of variable 'acc_Q', vivado/ip_repo/gnss_correlator/src/gnss_correlator.cpp:41 18 bit on local variable 'acc_Q', vivado/ip_repo/gnss_correlator/src/gnss_correlator.cpp:28 [231]  (1.588 ns)


============================================================
+ Verbose Summary: Binding
============================================================
N/A
* FSMD analyzer results:
  - Output states:
 - Input state : 
  - Chain level:
	State 1
	State 2
	State 3
	State 4
	State 5
	State 6
	State 7
	State 8
	State 9
	State 10
	State 11
	State 12
	State 13
	State 14
	State 15
	State 16
	State 17
	State 18
	State 19
	State 20


============================================================
+ Verbose Summary: Datapath Resource usage 
============================================================
N/A
