Execute       source -notrace -encoding utf-8 /opt/Xilinx/2025.2/Vitis/tps/tcl/tcl8.6/clock.tcl 
Execute         source -encoding utf-8 /opt/Xilinx/2025.2/tps/tcl/tcl8/8.5/msgcat-1.6.1.tm 
INFO-FLOW: Workspace /home/johan2/Documents/fpga/zynq-pynq-gnss-receiver/enhanced_correlator/enhanced_correlator/enhanced_correlator/hls opened at Sun Sep 20 21:47:07 IST 2026
Execute       send_msg_by_id INFO @200-1505@%s%s default  vivado 
INFO: [HLS 200-1505] Using default flow_target 'vivado'
Execute       send_msg_by_id INFO @200-2174@%s%s component enhanced_correlator_hls_config.cfg 
INFO: [HLS 200-2174] Applying component config ini file enhanced_correlator_hls_config.cfg
Execute       apply_ini enhanced_correlator_hls_config.cfg 
Execute         send_msg_by_id INFO @200-1465@%s 'syn.file=/home/johan2/Documents/fpga/zynq-pynq-gnss-receiver/vivado/ip_repo/gnss_enhanced_correlator/src/enhanced_correlator.cpp' from enhanced_correlator_hls_config.cfg(7) 
INFO: [HLS 200-1465] Applying config ini 'syn.file=/home/johan2/Documents/fpga/zynq-pynq-gnss-receiver/vivado/ip_repo/gnss_enhanced_correlator/src/enhanced_correlator.cpp' from enhanced_correlator_hls_config.cfg(7)
Execute         add_files /home/johan2/Documents/fpga/zynq-pynq-gnss-receiver/vivado/ip_repo/gnss_enhanced_correlator/src/enhanced_correlator.cpp 
INFO: [HLS 200-10] Adding design file '/home/johan2/Documents/fpga/zynq-pynq-gnss-receiver/vivado/ip_repo/gnss_enhanced_correlator/src/enhanced_correlator.cpp' to the project
Execute         send_msg_by_id INFO @200-1465@%s 'syn.file=/home/johan2/Documents/fpga/zynq-pynq-gnss-receiver/vivado/ip_repo/gnss_enhanced_correlator/src/enhanced_correlator.h' from enhanced_correlator_hls_config.cfg(8) 
INFO: [HLS 200-1465] Applying config ini 'syn.file=/home/johan2/Documents/fpga/zynq-pynq-gnss-receiver/vivado/ip_repo/gnss_enhanced_correlator/src/enhanced_correlator.h' from enhanced_correlator_hls_config.cfg(8)
Execute         add_files /home/johan2/Documents/fpga/zynq-pynq-gnss-receiver/vivado/ip_repo/gnss_enhanced_correlator/src/enhanced_correlator.h 
INFO: [HLS 200-10] Adding design file '/home/johan2/Documents/fpga/zynq-pynq-gnss-receiver/vivado/ip_repo/gnss_enhanced_correlator/src/enhanced_correlator.h' to the project
Execute         send_msg_by_id INFO @200-1465@%s 'tb.file=/home/johan2/Documents/fpga/zynq-pynq-gnss-receiver/vivado/ip_repo/gnss_enhanced_correlator/src/enhanced_correlator_tb.cpp' from enhanced_correlator_hls_config.cfg(9) 
INFO: [HLS 200-1465] Applying config ini 'tb.file=/home/johan2/Documents/fpga/zynq-pynq-gnss-receiver/vivado/ip_repo/gnss_enhanced_correlator/src/enhanced_correlator_tb.cpp' from enhanced_correlator_hls_config.cfg(9)
Execute         add_files -tb /home/johan2/Documents/fpga/zynq-pynq-gnss-receiver/vivado/ip_repo/gnss_enhanced_correlator/src/enhanced_correlator_tb.cpp 
INFO: [HLS 200-10] Adding test bench file '/home/johan2/Documents/fpga/zynq-pynq-gnss-receiver/vivado/ip_repo/gnss_enhanced_correlator/src/enhanced_correlator_tb.cpp' to the project
Execute         send_msg_by_id INFO @200-1465@%s 'syn.top=enhanced_correlator' from enhanced_correlator_hls_config.cfg(11) 
INFO: [HLS 200-1465] Applying config ini 'syn.top=enhanced_correlator' from enhanced_correlator_hls_config.cfg(11)
Execute         set_top enhanced_correlator 
Execute         send_msg_by_id INFO @200-1465@%s 'flow_target=vivado' from enhanced_correlator_hls_config.cfg(4) 
INFO: [HLS 200-1465] Applying config ini 'flow_target=vivado' from enhanced_correlator_hls_config.cfg(4)
Execute         send_msg_by_id INFO @200-1505@%s%s  vivado 
INFO: [HLS 200-1505] Using flow_target 'vivado'
Execute         send_msg_by_id INFO @200-1465@%s 'part=xc7z020clg484-1' from enhanced_correlator_hls_config.cfg(1) 
INFO: [HLS 200-1465] Applying config ini 'part=xc7z020clg484-1' from enhanced_correlator_hls_config.cfg(1)
Execute         set_part xc7z020clg484-1 
Execute           create_platform xc7z020clg484-1 -board  
DBG:HLSDevice: Trying to load device library: /opt/Xilinx/2025.2/Vitis/lib/lnx64.o/libxv_hlsvwrap.so
DBG:HLSDevice: first parts/arch.xml in RDI_DATADIR: /opt/Xilinx/2025.2/Vivado/data/parts/arch.xml
DBG:HLSDevice: init success
INFO: [HLS 200-1611] Setting target device to 'xc7z020-clg484-1'
Command           create_platform done; 2.71 sec.
Execute           source /opt/Xilinx/2025.2/Vitis/common/technology/xilinx/common/xilinx.gen 
Execute             source /opt/Xilinx/2025.2/Vitis/common/technology/xilinx/interface/plb46.gen 
Execute             source /opt/Xilinx/2025.2/Vitis/common/technology/xilinx/interface/axi4.gen 
Execute             source /opt/Xilinx/2025.2/Vitis/common/technology/xilinx/interface/nativeAXI4.gen 
Execute               source /opt/Xilinx/2025.2/Vitis/common/technology/xilinx/interface/saxilite.gen 
Execute             source /opt/Xilinx/2025.2/Vitis/common/technology/xilinx/scripts/xilinxcoregen.gen 
Execute             source /opt/Xilinx/2025.2/Vitis/common/technology/xilinx/interface/XilEDKCoreGen.gen 
Execute             source /opt/Xilinx/2025.2/Vitis/common/technology/xilinx/ip/xfft.gen 
Command             ap_source done; 0.12 sec.
Execute             source /opt/Xilinx/2025.2/Vitis/common/technology/xilinx/ip/util.gen 
Execute             source /opt/Xilinx/2025.2/Vitis/common/technology/xilinx/ip/xfir.gen 
Execute             source /opt/Xilinx/2025.2/Vitis/common/technology/xilinx/ip/dds_compiler.gen 
Execute             source /opt/Xilinx/2025.2/Vitis/common/technology/xilinx/DSP48/dsp48.gen 
Command           ap_source done; 0.17 sec.
Execute           ap_part_info -name xc7z020-clg484-1 -data info 
Execute           config_compile -quiet -complex-mul-dsp=0 
Command         set_part done; 2.91 sec.
Execute         send_msg_by_id INFO @200-1465@%s 'clock=10ns' from enhanced_correlator_hls_config.cfg(10) 
INFO: [HLS 200-1465] Applying config ini 'clock=10ns' from enhanced_correlator_hls_config.cfg(10)
Execute         create_clock -period 10ns 
Execute           ap_set_clock -name default -period 10 -unit ns -default=false 
INFO: [SYN 201-201] Setting up clock 'default' with a period of 10ns.
Execute         send_msg_by_id INFO @200-1465@%s 'package.output.format=ip_catalog' from enhanced_correlator_hls_config.cfg(5) 
INFO: [HLS 200-1465] Applying config ini 'package.output.format=ip_catalog' from enhanced_correlator_hls_config.cfg(5)
Execute         config_export -format=ip_catalog 
Command       apply_ini done; 2.96 sec.
Execute       write_component -config /home/johan2/Documents/fpga/zynq-pynq-gnss-receiver/enhanced_correlator/enhanced_correlator/enhanced_correlator_hls_config.cfg 
Execute         send_msg_by_id INFO @200-2176@%s /home/johan2/Documents/fpga/zynq-pynq-gnss-receiver/enhanced_correlator/enhanced_correlator/enhanced_correlator/vitis-comp.json 
INFO: [HLS 200-2176] Writing Vitis IDE component file /home/johan2/Documents/fpga/zynq-pynq-gnss-receiver/enhanced_correlator/enhanced_correlator/enhanced_correlator/vitis-comp.json
Command     open_solution done; 3.02 sec.
Command   open_component done; 3.02 sec.
Execute   apply_ini /home/johan2/Documents/fpga/zynq-pynq-gnss-receiver/enhanced_correlator/enhanced_correlator/enhanced_correlator/hls/config.cmdline -iscmdline 
Execute   ::AP::init_summary_file csynth 
Execute     AP::app_get_file_relativeroot [AP::app_get_root] {}
Execute   csynth_design 
Execute     AP::msg_collection_file -open /home/johan2/Documents/fpga/zynq-pynq-gnss-receiver/enhanced_correlator/enhanced_correlator/enhanced_correlator/hls/.autopilot/db/be_messages.xml 
Execute     ap_part_info -name xc7z020-clg484-1 -data info 
INFO-FLOW: run_clang enhanced_correlator.cpp.xilinx-performance-pragma-detector exec: /opt/Xilinx/2025.2/Vitis/lnx64/tools/clang-16/bin/xilinx-performance-pragma-detector /home/johan2/Documents/fpga/zynq-pynq-gnss-receiver/vivado/ip_repo/gnss_enhanced_correlator/src/enhanced_correlator.cpp -- -fhls -D__VITIS_HLS__ -DAESL_SYN -D__SYNTHESIS__ -D__HLS_SYN__ -I /opt/Xilinx/2025.2/Vitis/common/technology/autopilot -I /opt/Xilinx/2025.2/Vitis/common/technology/autopilot/ap_sysc -include etc/autopilot_ssdm_op.h -D__DSP48E1__ -target fpga64-xilinx-linux-gnu -I /usr/include/x86_64-linux-gnu --gcc-toolchain=/opt/Xilinx/2025.2/Vitis/tps/lnx64/gcc-8.3.0 -hls-platform-db-name=/opt/Xilinx/2025.2/Vitis/common/technology/xilinx/common/platform.db -hls-platform-name=zynq_slow -device-resource-info=BRAM_280.000000_DSP_220.000000_FF_106400.000000_LUT_53200.000000_SLICE_13300.000000_URAM_0.000000 -device-name-info=xc7z020clg484-1 > /home/johan2/Documents/fpga/zynq-pynq-gnss-receiver/enhanced_correlator/enhanced_correlator/enhanced_correlator/hls/.autopilot/db/enhanced_correlator.cpp.xilinx-performance-pragma-detector.out.log 2> /home/johan2/Documents/fpga/zynq-pynq-gnss-receiver/enhanced_correlator/enhanced_correlator/enhanced_correlator/hls/.autopilot/db/enhanced_correlator.cpp.xilinx-performance-pragma-detector.err.log
INFO-FLOW: run_clang result=success num-err-msgs=0 num-stderr-lines=1
Execute     elaborate -effort=medium -skip_syncheck=0 -keep_printf=0 -skip_cdt=0 -skip_transform=0 -ng=0 -g=0 -from_csynth_design=1 
INFO: [HLS 200-111] Finished File checks and directory preparation: CPU user time: 4.86 seconds. CPU system time: 1.16 seconds. Elapsed time: 5.73 seconds; current allocated memory: 486.668 MB.
Execute       send_msg_by_id INFO @200-2191@%s%s C-Synthesis clang-16 
INFO: [HLS 200-2191] C-Synthesis will use clang-16 as the compiler
Execute       set_directive_top enhanced_correlator -name=enhanced_correlator 
INFO: [HLS 200-10] Analyzing design file '/home/johan2/Documents/fpga/zynq-pynq-gnss-receiver/vivado/ip_repo/gnss_enhanced_correlator/src/enhanced_correlator.cpp' ... 
INFO-FLOW: Compiling one TU...
INFO-FLOW: Handling /home/johan2/Documents/fpga/zynq-pynq-gnss-receiver/vivado/ip_repo/gnss_enhanced_correlator/src/enhanced_correlator.cpp as C++
Execute       ap_part_info -name xc7z020-clg484-1 -data info 
INFO-FLOW: Running: GCC PP 39
INFO-FLOW: Source preprocessing
INFO-FLOW: run_clang enhanced_correlator.cpp.clang exec: /opt/Xilinx/2025.2/Vitis/lnx64/tools/clang-16/bin/clang /home/johan2/Documents/fpga/zynq-pynq-gnss-receiver/vivado/ip_repo/gnss_enhanced_correlator/src/enhanced_correlator.cpp -foptimization-record-file=/home/johan2/Documents/fpga/zynq-pynq-gnss-receiver/enhanced_correlator/enhanced_correlator/enhanced_correlator/hls/.autopilot/db/enhanced_correlator.cpp.clang.diag.yml -mllvm -pass-remarks-missed=reflow|pasta|unroll|inline -mllvm -pass-remarks=reflow|pasta|unroll|inline -fno-limit-debug-info --gcc-toolchain=/opt/Xilinx/2025.2/Vitis/tps/lnx64/gcc-8.3.0 -fhls -fno-exceptions -insert-hls-directive=/home/johan2/Documents/fpga/zynq-pynq-gnss-receiver/enhanced_correlator/enhanced_correlator/enhanced_correlator/hls/.autopilot/db/all.directive.json -hls-directive-location -E -fno-math-errno -c -emit-llvm -mllvm -disable-llvm-optzns -Xclang -no-opaque-pointers -Xclang -fmerge-all-constants -Werror=implicit-hls-streams -Werror=return-type -Wpragmas -Wunused-parameter -Wdump-hls-pragmas -Wno-error=dump-hls-pragmas -hls-clock-period=10 -fno-threadsafe-statics -fno-use-cxa-atexit -target fpga64-xilinx-linux-gnu -fno-threadsafe-statics -fno-use-cxa-atexit -D__VITIS_HLS__ -DAESL_SYN -D__SYNTHESIS__ -D__HLS_SYN__ -I /opt/Xilinx/2025.2/Vitis/common/technology/autopilot -I /opt/Xilinx/2025.2/Vitis/common/technology/autopilot/ap_sysc -include etc/autopilot_ssdm_op.h -D__DSP48E1__ -I /usr/include/x86_64-linux-gnu -o /home/johan2/Documents/fpga/zynq-pynq-gnss-receiver/enhanced_correlator/enhanced_correlator/enhanced_correlator/hls/.autopilot/db/enhanced_correlator.pp.0.cpp -hls-platform-db-name=/opt/Xilinx/2025.2/Vitis/common/technology/xilinx/common/platform.db -hls-platform-name=zynq_slow -device-resource-info=BRAM_280.000000_DSP_220.000000_FF_106400.000000_LUT_53200.000000_SLICE_13300.000000_URAM_0.000000 -device-name-info=xc7z020clg484-1 > /home/johan2/Documents/fpga/zynq-pynq-gnss-receiver/enhanced_correlator/enhanced_correlator/enhanced_correlator/hls/.autopilot/db/enhanced_correlator.cpp.clang.out.log 2> /home/johan2/Documents/fpga/zynq-pynq-gnss-receiver/enhanced_correlator/enhanced_correlator/enhanced_correlator/hls/.autopilot/db/enhanced_correlator.cpp.clang.err.log
INFO-FLOW: run_clang result=success num-err-msgs=0 num-stderr-lines=0
INFO-FLOW: Done: GCC PP 39 time: 0.4 seconds 
INFO-FLOW: Source syntax check for synthesis
INFO-FLOW: run_clang clang exec: /opt/Xilinx/2025.2/Vitis/lnx64/tools/clang-16/bin/clang -foptimization-record-file=/home/johan2/Documents/fpga/zynq-pynq-gnss-receiver/enhanced_correlator/enhanced_correlator/enhanced_correlator/hls/.autopilot/db/clang.diag.yml -mllvm -pass-remarks-missed=reflow|pasta|unroll|inline -mllvm -pass-remarks=reflow|pasta|unroll|inline -fsyntax-only -fhls -target fpga64-xilinx-linux-gnu /home/johan2/Documents/fpga/zynq-pynq-gnss-receiver/enhanced_correlator/enhanced_correlator/enhanced_correlator/hls/.autopilot/db/enhanced_correlator.pp.0.cpp -hls-platform-db-name=/opt/Xilinx/2025.2/Vitis/common/technology/xilinx/common/platform.db -hls-platform-name=zynq_slow -device-resource-info=BRAM_280.000000_DSP_220.000000_FF_106400.000000_LUT_53200.000000_SLICE_13300.000000_URAM_0.000000 -device-name-info=xc7z020clg484-1 > /home/johan2/Documents/fpga/zynq-pynq-gnss-receiver/enhanced_correlator/enhanced_correlator/enhanced_correlator/hls/.autopilot/db/clang.out.log 2> /home/johan2/Documents/fpga/zynq-pynq-gnss-receiver/enhanced_correlator/enhanced_correlator/enhanced_correlator/hls/.autopilot/db/clang.err.log
INFO-FLOW: run_clang result=success num-err-msgs=0 num-stderr-lines=0
Execute       clang_tidy xilinx-systemc-detector -desc systemc-detector /home/johan2/Documents/fpga/zynq-pynq-gnss-receiver/enhanced_correlator/enhanced_correlator/enhanced_correlator/hls/.autopilot/db/enhanced_correlator.pp.0.cpp  -target fpga -directive=/home/johan2/Documents/fpga/zynq-pynq-gnss-receiver/enhanced_correlator/enhanced_correlator/enhanced_correlator/hls/.autopilot/db/.systemc_flag 
INFO-FLOW: exec /opt/Xilinx/2025.2/Vitis/lnx64/tools/clang-16/bin/clang-tidy -header-filter=.* --checks=-*,xilinx-systemc-detector -import-directive=/home/johan2/Documents/fpga/zynq-pynq-gnss-receiver/enhanced_correlator/enhanced_correlator/enhanced_correlator/hls/.autopilot/db/.systemc_flag -fix-errors /home/johan2/Documents/fpga/zynq-pynq-gnss-receiver/enhanced_correlator/enhanced_correlator/enhanced_correlator/hls/.autopilot/db/enhanced_correlator.pp.0.cpp -- - -target fpga -fhls -ferror-limit=0
Command       clang_tidy done; 0.41 sec.
INFO-FLOW: Running: clang-tidy CDT preprocess 39
Execute       clang_tidy xilinx-directive2pragma -desc directive2pragma /home/johan2/Documents/fpga/zynq-pynq-gnss-receiver/enhanced_correlator/enhanced_correlator/enhanced_correlator/hls/.autopilot/db/enhanced_correlator.pp.0.cpp  -target fpga -directive=/home/johan2/Documents/fpga/zynq-pynq-gnss-receiver/enhanced_correlator/enhanced_correlator/enhanced_correlator/hls/.autopilot/db/all.directive.json 
INFO-FLOW: exec /opt/Xilinx/2025.2/Vitis/lnx64/tools/clang-16/bin/clang-tidy -header-filter=.* --checks=-*,xilinx-directive2pragma -import-directive=/home/johan2/Documents/fpga/zynq-pynq-gnss-receiver/enhanced_correlator/enhanced_correlator/enhanced_correlator/hls/.autopilot/db/all.directive.json -fix-errors /home/johan2/Documents/fpga/zynq-pynq-gnss-receiver/enhanced_correlator/enhanced_correlator/enhanced_correlator/hls/.autopilot/db/enhanced_correlator.pp.0.cpp -- - -target fpga -fhls -ferror-limit=0
Command       clang_tidy done; 0.56 sec.
INFO-FLOW: Done: clang-tidy CDT preprocess 39 time: 0.6 seconds 
INFO-FLOW: Calling xilinx-label-all-loops ... 
INFO-FLOW: Calling xilinx-aggregate-on-hls-vector ... 
Execute       clang_tidy -errorcheck -desc loop-label xilinx-label-all-loops,xilinx-aggregate-on-hls-vector,,xilinx-warn-mayneed-no-ctor-attribute /home/johan2/Documents/fpga/zynq-pynq-gnss-receiver/enhanced_correlator/enhanced_correlator/enhanced_correlator/hls/.autopilot/db/enhanced_correlator.pp.0.cpp  -target fpga 
INFO-FLOW: run_clang loop-label exec: /opt/Xilinx/2025.2/Vitis/lnx64/tools/clang-16/bin/clang-tidy -export-fixes=/home/johan2/Documents/fpga/zynq-pynq-gnss-receiver/enhanced_correlator/enhanced_correlator/enhanced_correlator/hls/.autopilot/db/enhanced_correlator.pp.0.cpp.clang-tidy.loop-label.diag.yml -header-filter=.* --checks=-*,xilinx-label-all-loops,xilinx-aggregate-on-hls-vector,,xilinx-warn-mayneed-no-ctor-attribute -fix-errors /home/johan2/Documents/fpga/zynq-pynq-gnss-receiver/enhanced_correlator/enhanced_correlator/enhanced_correlator/hls/.autopilot/db/enhanced_correlator.pp.0.cpp -- - -target fpga -fhls -ferror-limit=0 > /home/johan2/Documents/fpga/zynq-pynq-gnss-receiver/enhanced_correlator/enhanced_correlator/enhanced_correlator/hls/.autopilot/db/enhanced_correlator.pp.0.cpp.clang-tidy.loop-label.out.log 2> /home/johan2/Documents/fpga/zynq-pynq-gnss-receiver/enhanced_correlator/enhanced_correlator/enhanced_correlator/hls/.autopilot/db/enhanced_correlator.pp.0.cpp.clang-tidy.loop-label.err.log
Execute         source /opt/Xilinx/2025.2/Vitis/tps/tcl/tcllib2.0/yaml/yaml.tcl 
Execute           source /opt/Xilinx/2025.2/Vitis/tps/tcl/tcllib2.0/cmdline/cmdline.tcl 
INFO-FLOW: run_clang result=success num-err-msgs=0 num-stderr-lines=33
Command       clang_tidy done; 0.76 sec.
INFO-FLOW: run_clang enhanced_correlator.pp.0.cpp.xilinx-dataflow-lawyer exec: /opt/Xilinx/2025.2/Vitis/lnx64/tools/clang-16/bin/xilinx-dataflow-lawyer -export-fixes=/home/johan2/Documents/fpga/zynq-pynq-gnss-receiver/enhanced_correlator/enhanced_correlator/enhanced_correlator/hls/.autopilot/db/enhanced_correlator.pp.0.cpp.xilinx-dataflow-lawyer.diag.yml /home/johan2/Documents/fpga/zynq-pynq-gnss-receiver/enhanced_correlator/enhanced_correlator/enhanced_correlator/hls/.autopilot/db/enhanced_correlator.pp.0.cpp -- - -target fpga -fhls -ferror-limit=0 -fstrict-dataflow > /home/johan2/Documents/fpga/zynq-pynq-gnss-receiver/enhanced_correlator/enhanced_correlator/enhanced_correlator/hls/.autopilot/db/enhanced_correlator.pp.0.cpp.xilinx-dataflow-lawyer.out.log 2> /home/johan2/Documents/fpga/zynq-pynq-gnss-receiver/enhanced_correlator/enhanced_correlator/enhanced_correlator/hls/.autopilot/db/enhanced_correlator.pp.0.cpp.xilinx-dataflow-lawyer.err.log
INFO-FLOW: run_clang result=success num-err-msgs=0 num-stderr-lines=0
Execute       ap_part_info -name xc7z020-clg484-1 -data info 
INFO-FLOW: compiling source code to llvm bc
INFO-FLOW: run_clang enhanced_correlator.pp.0.cpp.clang exec: /opt/Xilinx/2025.2/Vitis/lnx64/tools/clang-16/bin/clang -foptimization-record-file=/home/johan2/Documents/fpga/zynq-pynq-gnss-receiver/enhanced_correlator/enhanced_correlator/enhanced_correlator/hls/.autopilot/db/enhanced_correlator.pp.0.cpp.clang.diag.yml -mllvm -pass-remarks-missed=reflow|pasta|unroll|inline -mllvm -pass-remarks=reflow|pasta|unroll|inline -flto -fno-exceptions -Wno-error=c++11-narrowing -fno-limit-debug-info -fhls -hls-emit-hint-scope /home/johan2/Documents/fpga/zynq-pynq-gnss-receiver/enhanced_correlator/enhanced_correlator/enhanced_correlator/hls/.autopilot/db/enhanced_correlator.pp.0.cpp -fno-math-errno -c -emit-llvm -mllvm -disable-llvm-optzns -Xclang -no-opaque-pointers -Xclang -fmerge-all-constants -Werror=implicit-hls-streams -Werror=return-type -Wpragmas -Wunused-parameter -Wdump-hls-pragmas -Wno-error=dump-hls-pragmas -hls-clock-period=10 -fno-threadsafe-statics -fno-use-cxa-atexit -target fpga64-xilinx-linux-gnu -D__VITIS_HLS__ -DAESL_SYN -D__SYNTHESIS__ -D__HLS_SYN__ -I /opt/Xilinx/2025.2/Vitis/common/technology/autopilot -I /opt/Xilinx/2025.2/Vitis/common/technology/autopilot/ap_sysc -include etc/autopilot_ssdm_op.h -D__DSP48E1__ -g -o /home/johan2/Documents/fpga/zynq-pynq-gnss-receiver/enhanced_correlator/enhanced_correlator/enhanced_correlator/hls/.autopilot/db/enhanced_correlator.pre.g.bc -hls-platform-db-name=/opt/Xilinx/2025.2/Vitis/common/technology/xilinx/common/platform.db -hls-platform-name=zynq_slow -device-resource-info=BRAM_280.000000_DSP_220.000000_FF_106400.000000_LUT_53200.000000_SLICE_13300.000000_URAM_0.000000 -device-name-info=xc7z020clg484-1 > /home/johan2/Documents/fpga/zynq-pynq-gnss-receiver/enhanced_correlator/enhanced_correlator/enhanced_correlator/hls/.autopilot/db/enhanced_correlator.pp.0.cpp.clang.out.log 2> /home/johan2/Documents/fpga/zynq-pynq-gnss-receiver/enhanced_correlator/enhanced_correlator/enhanced_correlator/hls/.autopilot/db/enhanced_correlator.pp.0.cpp.clang.err.log
INFO-FLOW: run_clang result=success num-err-msgs=0 num-stderr-lines=0
INFO-FLOW: converting llvm 16.0.4 bc to downstrem bc
INFO-FLOW: run_clang enhanced_correlator.bc.llvm-converter exec: /opt/Xilinx/2025.2/Vitis/lnx64/tools/clang-16/bin/llvm-converter -opaque-pointers=0 /home/johan2/Documents/fpga/zynq-pynq-gnss-receiver/enhanced_correlator/enhanced_correlator/enhanced_correlator/hls/.autopilot/db/enhanced_correlator.pre.g.bc -o /home/johan2/Documents/fpga/zynq-pynq-gnss-receiver/enhanced_correlator/enhanced_correlator/enhanced_correlator/hls/.autopilot/db/enhanced_correlator.bc > /home/johan2/Documents/fpga/zynq-pynq-gnss-receiver/enhanced_correlator/enhanced_correlator/enhanced_correlator/hls/.autopilot/db/enhanced_correlator.bc.llvm-converter.out.log 2> /home/johan2/Documents/fpga/zynq-pynq-gnss-receiver/enhanced_correlator/enhanced_correlator/enhanced_correlator/hls/.autopilot/db/enhanced_correlator.bc.llvm-converter.err.log
INFO-FLOW: run_clang result=success num-err-msgs=0 num-stderr-lines=0
INFO: [HLS 200-111] Finished Source Code Analysis and Preprocessing: CPU user time: 2.65 seconds. CPU system time: 0.86 seconds. Elapsed time: 3.72 seconds; current allocated memory: 488.590 MB.
INFO-FLOW: Linking Debug ...
INFO-FLOW: Linking dut bc code.
Execute       run_link_or_opt -out /home/johan2/Documents/fpga/zynq-pynq-gnss-receiver/enhanced_correlator/enhanced_correlator/enhanced_correlator/hls/.autopilot/db/a.g.ld.0.bc -args /home/johan2/Documents/fpga/zynq-pynq-gnss-receiver/enhanced_correlator/enhanced_correlator/enhanced_correlator/hls/.autopilot/db/enhanced_correlator.bc 
INFO-FLOW: run_clang a.g.ld.0.bc.llvm-link exec: /opt/Xilinx/2025.2/Vitis/lnx64/tools/clang-3.9-csynth/bin/llvm-link /home/johan2/Documents/fpga/zynq-pynq-gnss-receiver/enhanced_correlator/enhanced_correlator/enhanced_correlator/hls/.autopilot/db/enhanced_correlator.bc -o /home/johan2/Documents/fpga/zynq-pynq-gnss-receiver/enhanced_correlator/enhanced_correlator/enhanced_correlator/hls/.autopilot/db/a.g.ld.0.bc > /home/johan2/Documents/fpga/zynq-pynq-gnss-receiver/enhanced_correlator/enhanced_correlator/enhanced_correlator/hls/.autopilot/db/a.g.ld.0.bc.llvm-link.out.log 2> /home/johan2/Documents/fpga/zynq-pynq-gnss-receiver/enhanced_correlator/enhanced_correlator/enhanced_correlator/hls/.autopilot/db/a.g.ld.0.bc.llvm-link.err.log
INFO-FLOW: run_clang result=success num-err-msgs=0 num-stderr-lines=0
Execute       run_link_or_opt -opt -out /home/johan2/Documents/fpga/zynq-pynq-gnss-receiver/enhanced_correlator/enhanced_correlator/enhanced_correlator/hls/.autopilot/db/a.g.ld.1.lower.bc -args /home/johan2/Documents/fpga/zynq-pynq-gnss-receiver/enhanced_correlator/enhanced_correlator/enhanced_correlator/hls/.autopilot/db/a.g.ld.0.bc -reflow-lower-math-intrinsics 
INFO-FLOW: run_clang a.g.ld.1.lower.bc.opt exec: /opt/Xilinx/2025.2/Vitis/lnx64/tools/clang-3.9-csynth/bin/opt -pass-remarks-missed=reflow|pasta|unroll|inline -pass-remarks=reflow|pasta|unroll|inline -pass-remarks-output=/home/johan2/Documents/fpga/zynq-pynq-gnss-receiver/enhanced_correlator/enhanced_correlator/enhanced_correlator/hls/.autopilot/db/a.g.ld.1.lower.bc.opt.diag.yml /home/johan2/Documents/fpga/zynq-pynq-gnss-receiver/enhanced_correlator/enhanced_correlator/enhanced_correlator/hls/.autopilot/db/a.g.ld.0.bc -reflow-lower-math-intrinsics -o /home/johan2/Documents/fpga/zynq-pynq-gnss-receiver/enhanced_correlator/enhanced_correlator/enhanced_correlator/hls/.autopilot/db/a.g.ld.1.lower.bc > /home/johan2/Documents/fpga/zynq-pynq-gnss-receiver/enhanced_correlator/enhanced_correlator/enhanced_correlator/hls/.autopilot/db/a.g.ld.1.lower.bc.opt.out.log 2> /home/johan2/Documents/fpga/zynq-pynq-gnss-receiver/enhanced_correlator/enhanced_correlator/enhanced_correlator/hls/.autopilot/db/a.g.ld.1.lower.bc.opt.err.log
INFO-FLOW: run_clang result=success num-err-msgs=0 num-stderr-lines=0
INFO-FLOW: Running: gen_design_size_report post-opt
INFO-FLOW: Done: gen_design_size_report post-opt time: 0 seconds 
Command       run_link_or_opt done; 0.11 sec.
INFO-FLOW: Linking math bc lib
Execute       run_link_or_opt -out /home/johan2/Documents/fpga/zynq-pynq-gnss-receiver/enhanced_correlator/enhanced_correlator/enhanced_correlator/hls/.autopilot/db/a.g.ld.2.m1.bc -args /home/johan2/Documents/fpga/zynq-pynq-gnss-receiver/enhanced_correlator/enhanced_correlator/enhanced_correlator/hls/.autopilot/db/a.g.ld.1.lower.bc -only-needed /opt/Xilinx/2025.2/Vitis/lnx64/lib/libhlsm_39.bc /opt/Xilinx/2025.2/Vitis/lnx64/lib/libhlsmc++_39.bc 
INFO-FLOW: run_clang a.g.ld.2.m1.bc.llvm-link exec: /opt/Xilinx/2025.2/Vitis/lnx64/tools/clang-3.9-csynth/bin/llvm-link /home/johan2/Documents/fpga/zynq-pynq-gnss-receiver/enhanced_correlator/enhanced_correlator/enhanced_correlator/hls/.autopilot/db/a.g.ld.1.lower.bc -only-needed /opt/Xilinx/2025.2/Vitis/lnx64/lib/libhlsm_39.bc /opt/Xilinx/2025.2/Vitis/lnx64/lib/libhlsmc++_39.bc -o /home/johan2/Documents/fpga/zynq-pynq-gnss-receiver/enhanced_correlator/enhanced_correlator/enhanced_correlator/hls/.autopilot/db/a.g.ld.2.m1.bc > /home/johan2/Documents/fpga/zynq-pynq-gnss-receiver/enhanced_correlator/enhanced_correlator/enhanced_correlator/hls/.autopilot/db/a.g.ld.2.m1.bc.llvm-link.out.log 2> /home/johan2/Documents/fpga/zynq-pynq-gnss-receiver/enhanced_correlator/enhanced_correlator/enhanced_correlator/hls/.autopilot/db/a.g.ld.2.m1.bc.llvm-link.err.log
INFO-FLOW: run_clang result=success num-err-msgs=0 num-stderr-lines=0
Command       run_link_or_opt done; 3.7 sec.
Execute       run_link_or_opt -opt -out /home/johan2/Documents/fpga/zynq-pynq-gnss-receiver/enhanced_correlator/enhanced_correlator/enhanced_correlator/hls/.autopilot/db/a.g.ld.3.fpc.bc -args /home/johan2/Documents/fpga/zynq-pynq-gnss-receiver/enhanced_correlator/enhanced_correlator/enhanced_correlator/hls/.autopilot/db/a.g.ld.2.m1.bc -reflow-globaldce -hls-top-function-name=enhanced_correlator -reflow-float-conversion 
INFO-FLOW: run_clang a.g.ld.3.fpc.bc.opt exec: /opt/Xilinx/2025.2/Vitis/lnx64/tools/clang-3.9-csynth/bin/opt -pass-remarks-missed=reflow|pasta|unroll|inline -pass-remarks=reflow|pasta|unroll|inline -pass-remarks-output=/home/johan2/Documents/fpga/zynq-pynq-gnss-receiver/enhanced_correlator/enhanced_correlator/enhanced_correlator/hls/.autopilot/db/a.g.ld.3.fpc.bc.opt.diag.yml /home/johan2/Documents/fpga/zynq-pynq-gnss-receiver/enhanced_correlator/enhanced_correlator/enhanced_correlator/hls/.autopilot/db/a.g.ld.2.m1.bc -reflow-globaldce -hls-top-function-name=enhanced_correlator -reflow-float-conversion -o /home/johan2/Documents/fpga/zynq-pynq-gnss-receiver/enhanced_correlator/enhanced_correlator/enhanced_correlator/hls/.autopilot/db/a.g.ld.3.fpc.bc > /home/johan2/Documents/fpga/zynq-pynq-gnss-receiver/enhanced_correlator/enhanced_correlator/enhanced_correlator/hls/.autopilot/db/a.g.ld.3.fpc.bc.opt.out.log 2> /home/johan2/Documents/fpga/zynq-pynq-gnss-receiver/enhanced_correlator/enhanced_correlator/enhanced_correlator/hls/.autopilot/db/a.g.ld.3.fpc.bc.opt.err.log
INFO-FLOW: run_clang result=success num-err-msgs=0 num-stderr-lines=0
INFO-FLOW: Running: gen_design_size_report post-opt
INFO-FLOW: Done: gen_design_size_report post-opt time: 0 seconds 
Command       run_link_or_opt done; 1.81 sec.
Execute       run_link_or_opt -out /home/johan2/Documents/fpga/zynq-pynq-gnss-receiver/enhanced_correlator/enhanced_correlator/enhanced_correlator/hls/.autopilot/db/a.g.ld.4.m2.bc -args /home/johan2/Documents/fpga/zynq-pynq-gnss-receiver/enhanced_correlator/enhanced_correlator/enhanced_correlator/hls/.autopilot/db/a.g.ld.3.fpc.bc -only-needed /opt/Xilinx/2025.2/Vitis/lnx64/lib/libfloatconversion_39.bc 
INFO-FLOW: run_clang a.g.ld.4.m2.bc.llvm-link exec: /opt/Xilinx/2025.2/Vitis/lnx64/tools/clang-3.9-csynth/bin/llvm-link /home/johan2/Documents/fpga/zynq-pynq-gnss-receiver/enhanced_correlator/enhanced_correlator/enhanced_correlator/hls/.autopilot/db/a.g.ld.3.fpc.bc -only-needed /opt/Xilinx/2025.2/Vitis/lnx64/lib/libfloatconversion_39.bc -o /home/johan2/Documents/fpga/zynq-pynq-gnss-receiver/enhanced_correlator/enhanced_correlator/enhanced_correlator/hls/.autopilot/db/a.g.ld.4.m2.bc > /home/johan2/Documents/fpga/zynq-pynq-gnss-receiver/enhanced_correlator/enhanced_correlator/enhanced_correlator/hls/.autopilot/db/a.g.ld.4.m2.bc.llvm-link.out.log 2> /home/johan2/Documents/fpga/zynq-pynq-gnss-receiver/enhanced_correlator/enhanced_correlator/enhanced_correlator/hls/.autopilot/db/a.g.ld.4.m2.bc.llvm-link.err.log
INFO-FLOW: run_clang result=success num-err-msgs=0 num-stderr-lines=0
Command       run_link_or_opt done; 0.19 sec.
Execute       run_link_or_opt -opt -out /home/johan2/Documents/fpga/zynq-pynq-gnss-receiver/enhanced_correlator/enhanced_correlator/enhanced_correlator/hls/.autopilot/db/a.g.ld.5.gdce.bc -args /home/johan2/Documents/fpga/zynq-pynq-gnss-receiver/enhanced_correlator/enhanced_correlator/enhanced_correlator/hls/.autopilot/db/a.g.ld.4.m2.bc -reflow-globaldce -hls-top-function-name=enhanced_correlator 
INFO-FLOW: run_clang a.g.ld.5.gdce.bc.opt exec: /opt/Xilinx/2025.2/Vitis/lnx64/tools/clang-3.9-csynth/bin/opt -pass-remarks-missed=reflow|pasta|unroll|inline -pass-remarks=reflow|pasta|unroll|inline -pass-remarks-output=/home/johan2/Documents/fpga/zynq-pynq-gnss-receiver/enhanced_correlator/enhanced_correlator/enhanced_correlator/hls/.autopilot/db/a.g.ld.5.gdce.bc.opt.diag.yml /home/johan2/Documents/fpga/zynq-pynq-gnss-receiver/enhanced_correlator/enhanced_correlator/enhanced_correlator/hls/.autopilot/db/a.g.ld.4.m2.bc -reflow-globaldce -hls-top-function-name=enhanced_correlator -o /home/johan2/Documents/fpga/zynq-pynq-gnss-receiver/enhanced_correlator/enhanced_correlator/enhanced_correlator/hls/.autopilot/db/a.g.ld.5.gdce.bc > /home/johan2/Documents/fpga/zynq-pynq-gnss-receiver/enhanced_correlator/enhanced_correlator/enhanced_correlator/hls/.autopilot/db/a.g.ld.5.gdce.bc.opt.out.log 2> /home/johan2/Documents/fpga/zynq-pynq-gnss-receiver/enhanced_correlator/enhanced_correlator/enhanced_correlator/hls/.autopilot/db/a.g.ld.5.gdce.bc.opt.err.log
INFO-FLOW: run_clang result=success num-err-msgs=0 num-stderr-lines=0
INFO-FLOW: Running: gen_design_size_report post-opt
INFO-FLOW: Done: gen_design_size_report post-opt time: 0 seconds 
Command       run_link_or_opt done; 0.19 sec.
Execute       send_msg_by_id INFO @200-777@%s Vivado 
INFO: [HLS 200-777] Using interface defaults for 'Vivado' flow target.
Execute       is_m_axi_addr64 
INFO-FLOW: Doing LTO.
INFO-FLOW: run_clang reflow (background poll_ms 5000) exec: /opt/Xilinx/2025.2/Vitis/lnx64/tools/clang-3.9-csynth/bin/clang -foptimization-record-file=/home/johan2/Documents/fpga/zynq-pynq-gnss-receiver/enhanced_correlator/enhanced_correlator/enhanced_correlator/hls/.autopilot/db/a.g.ld.0.bc.clang.reflow.diag.yml -mllvm -pass-remarks-missed=reflow|pasta|unroll|inline -mllvm -pass-remarks=reflow|pasta|unroll|inline -fhls -mllvm -hls-top-function-name=enhanced_correlator -mllvm -hls-db-dir -mllvm /home/johan2/Documents/fpga/zynq-pynq-gnss-receiver/enhanced_correlator/enhanced_correlator/enhanced_correlator/hls/.autopilot/db -emit-llvm -c -target fpga64-xilinx-none -mllvm -xcl-xmlinfo=/home/johan2/Documents/fpga/zynq-pynq-gnss-receiver/enhanced_correlator/enhanced_correlator/enhanced_correlator/hls/.autopilot/db/kernel.internal.xml -mllvm -top-io-mapping-info=/home/johan2/Documents/fpga/zynq-pynq-gnss-receiver/enhanced_correlator/enhanced_correlator/enhanced_correlator/hls/.autopilot/db/top-io-fe.xml -mllvm -hls-bitcode-version=3.1 -mllvm -reflow-enable-slave-interface-default-setting=true -mllvm -gen-kernel-xml=false -mllvm -default-maxi-offset=slave -mllvm -reflow-unroll-size-threshold=10000 -mllvm -reflow-unroll-cost-threshold=1000000 -mllvm -maxi-latency=0 -mllvm -hls-maxi-data-size-in-bits=8 -mllvm -hls-maxi-max-data-size-in-bits=1024 -mllvm -hls-max-widen-size-in-bits=0 -mllvm -xcl-kernel-max-mem-ports=0 -mllvm -maxi-read-trans=16 -mllvm -maxi-write-trans=16 -mllvm -maxi-read-burst-len=16 -mllvm -maxi-write-burst-len=16 -mllvm -reflow-enable-saxi-64bits=0 -mllvm -reflow-basic-block-instr-threshold=200000 -mllvm -reflow-auto-pipeline-threshold=64 -mllvm -reflow-enable-maxi-auto-id-channel=0 -mllvm -reflow-bdd-simplify-threshold=1048576 -mllvm -reflow-fanout-threshold=16 -mllvm -reflow-force-aggressive-unroll=0 -mllvm -reflow-aggressive-unroll-adjust-factor=1.000000 -mllvm -reflow-complete-threshold=4 -mllvm -reflow-array-promotion-threshold=64 -mllvm -reflow-enable-critical-path-for-performance=1 -mllvm -assume-maxi-align=1 -mllvm -reflow-enable-dataflow-strict-mode-checking=1 -ftime-report -mllvm -time-passes -mllvm -reflow-auto-array-partition-mode=default -mllvm -reflow-enable-auto-small-array-partition=true -mllvm -reflow-enable-auto-array-promotion=true -mllvm -reflow-enable-auto-array-partition-for-flatten=true -mllvm -reflow-enable-auto-parallel-performance-driven=true -mllvm -reflow-enable-partition-for-automation=true -mllvm -reflow-aggregate-bitwidth-threshold=4096 -mllvm -reflow-reserved-saxilite-registers=0 -mllvm -enable-reflow-auto-loop-pipeline -mllvm -reflow-max-unroll-threshold=409600 -mllvm -auto-unroll-tripcount-threshold=0 -mllvm -reflow-assume-no-address-wrap=true -mllvm -reflow-enable-occurrence-inference=true -mllvm -reflow-emit-hint-scope=true -mllvm -reflow-enable-codegen-with-if=true -mllvm -reflow-enable-dataflow-canon=true -mllvm -reflow-enable-dataflow-canon2=true -mllvm -reflow-dump-extra-complexity-metric=true -mllvm -reflow-enable-dse-loop-nest-extraction=false -mllvm -hls -mllvm -disable-inlined-alloca-merging=true -mllvm -default-clock-period=10 -mllvm -use_read_first_ram_in_loop=1 -mllvm -default-clock-uncertainty=2.7 -x ir /home/johan2/Documents/fpga/zynq-pynq-gnss-receiver/enhanced_correlator/enhanced_correlator/enhanced_correlator/hls/.autopilot/db/a.g.ld.5.gdce.bc -o /home/johan2/Documents/fpga/zynq-pynq-gnss-receiver/enhanced_correlator/enhanced_correlator/enhanced_correlator/hls/.autopilot/db/a.g.lto.bc -hls-platform-db-name=/opt/Xilinx/2025.2/Vitis/common/technology/xilinx/common/platform.db -hls-platform-name=zynq_slow -device-resource-info=BRAM_280.000000_DSP_220.000000_FF_106400.000000_LUT_53200.000000_SLICE_13300.000000_URAM_0.000000 -device-name-info=xc7z020clg484-1 2> /home/johan2/Documents/fpga/zynq-pynq-gnss-receiver/enhanced_correlator/enhanced_correlator/enhanced_correlator/hls/.autopilot/db/a.g.ld.0.bc.clang.reflow.err.log bg_poll_cmd: ::AP::poll_clang_39_closed_source
Execute       send_msg_by_id INFO @200-1995@%s%s%s 25,801 Compile/Link (/home/johan2/Documents/fpga/zynq-pynq-gnss-receiver/enhanced_correlator/enhanced_correlator/enhanced_correlator/hls/syn/report/csynth_design_size.rpt:2) 
INFO: [HLS 200-1995] There were 25,801 instructions in the design after the 'Compile/Link' phase of compilation. See the Design Size Report for more details (/home/johan2/Documents/fpga/zynq-pynq-gnss-receiver/enhanced_correlator/enhanced_correlator/enhanced_correlator/hls/syn/report/csynth_design_size.rpt:2)
Execute       send_msg_by_id INFO @200-1995@%s%s%s 2,034 Unroll/Inline (step 1) (/home/johan2/Documents/fpga/zynq-pynq-gnss-receiver/enhanced_correlator/enhanced_correlator/enhanced_correlator/hls/syn/report/csynth_design_size.rpt:2) 
INFO: [HLS 200-1995] There were 2,034 instructions in the design after the 'Unroll/Inline (step 1)' phase of compilation. See the Design Size Report for more details (/home/johan2/Documents/fpga/zynq-pynq-gnss-receiver/enhanced_correlator/enhanced_correlator/enhanced_correlator/hls/syn/report/csynth_design_size.rpt:2)
Execute       send_msg_by_id INFO @200-1995@%s%s%s 1,104 Unroll/Inline (step 2) (/home/johan2/Documents/fpga/zynq-pynq-gnss-receiver/enhanced_correlator/enhanced_correlator/enhanced_correlator/hls/syn/report/csynth_design_size.rpt:2) 
INFO: [HLS 200-1995] There were 1,104 instructions in the design after the 'Unroll/Inline (step 2)' phase of compilation. See the Design Size Report for more details (/home/johan2/Documents/fpga/zynq-pynq-gnss-receiver/enhanced_correlator/enhanced_correlator/enhanced_correlator/hls/syn/report/csynth_design_size.rpt:2)
Execute       send_msg_by_id INFO @200-1995@%s%s%s 1,032 Unroll/Inline (step 3) (/home/johan2/Documents/fpga/zynq-pynq-gnss-receiver/enhanced_correlator/enhanced_correlator/enhanced_correlator/hls/syn/report/csynth_design_size.rpt:2) 
INFO: [HLS 200-1995] There were 1,032 instructions in the design after the 'Unroll/Inline (step 3)' phase of compilation. See the Design Size Report for more details (/home/johan2/Documents/fpga/zynq-pynq-gnss-receiver/enhanced_correlator/enhanced_correlator/enhanced_correlator/hls/syn/report/csynth_design_size.rpt:2)
Execute       send_msg_by_id INFO @200-1995@%s%s%s 634 Unroll/Inline (step 4) (/home/johan2/Documents/fpga/zynq-pynq-gnss-receiver/enhanced_correlator/enhanced_correlator/enhanced_correlator/hls/syn/report/csynth_design_size.rpt:2) 
INFO: [HLS 200-1995] There were 634 instructions in the design after the 'Unroll/Inline (step 4)' phase of compilation. See the Design Size Report for more details (/home/johan2/Documents/fpga/zynq-pynq-gnss-receiver/enhanced_correlator/enhanced_correlator/enhanced_correlator/hls/syn/report/csynth_design_size.rpt:2)
Execute       send_msg_by_id INFO @200-1995@%s%s%s 717 Array/Struct (step 1) (/home/johan2/Documents/fpga/zynq-pynq-gnss-receiver/enhanced_correlator/enhanced_correlator/enhanced_correlator/hls/syn/report/csynth_design_size.rpt:2) 
INFO: [HLS 200-1995] There were 717 instructions in the design after the 'Array/Struct (step 1)' phase of compilation. See the Design Size Report for more details (/home/johan2/Documents/fpga/zynq-pynq-gnss-receiver/enhanced_correlator/enhanced_correlator/enhanced_correlator/hls/syn/report/csynth_design_size.rpt:2)
Execute       send_msg_by_id INFO @200-1995@%s%s%s 607 Array/Struct (step 2) (/home/johan2/Documents/fpga/zynq-pynq-gnss-receiver/enhanced_correlator/enhanced_correlator/enhanced_correlator/hls/syn/report/csynth_design_size.rpt:2) 
INFO: [HLS 200-1995] There were 607 instructions in the design after the 'Array/Struct (step 2)' phase of compilation. See the Design Size Report for more details (/home/johan2/Documents/fpga/zynq-pynq-gnss-receiver/enhanced_correlator/enhanced_correlator/enhanced_correlator/hls/syn/report/csynth_design_size.rpt:2)
Execute       send_msg_by_id INFO @200-1995@%s%s%s 607 Array/Struct (step 3) (/home/johan2/Documents/fpga/zynq-pynq-gnss-receiver/enhanced_correlator/enhanced_correlator/enhanced_correlator/hls/syn/report/csynth_design_size.rpt:2) 
INFO: [HLS 200-1995] There were 607 instructions in the design after the 'Array/Struct (step 3)' phase of compilation. See the Design Size Report for more details (/home/johan2/Documents/fpga/zynq-pynq-gnss-receiver/enhanced_correlator/enhanced_correlator/enhanced_correlator/hls/syn/report/csynth_design_size.rpt:2)
Execute       send_msg_by_id INFO @200-1995@%s%s%s 607 Array/Struct (step 4) (/home/johan2/Documents/fpga/zynq-pynq-gnss-receiver/enhanced_correlator/enhanced_correlator/enhanced_correlator/hls/syn/report/csynth_design_size.rpt:2) 
INFO: [HLS 200-1995] There were 607 instructions in the design after the 'Array/Struct (step 4)' phase of compilation. See the Design Size Report for more details (/home/johan2/Documents/fpga/zynq-pynq-gnss-receiver/enhanced_correlator/enhanced_correlator/enhanced_correlator/hls/syn/report/csynth_design_size.rpt:2)
Execute       send_msg_by_id INFO @200-1995@%s%s%s 624 Array/Struct (step 5) (/home/johan2/Documents/fpga/zynq-pynq-gnss-receiver/enhanced_correlator/enhanced_correlator/enhanced_correlator/hls/syn/report/csynth_design_size.rpt:2) 
INFO: [HLS 200-1995] There were 624 instructions in the design after the 'Array/Struct (step 5)' phase of compilation. See the Design Size Report for more details (/home/johan2/Documents/fpga/zynq-pynq-gnss-receiver/enhanced_correlator/enhanced_correlator/enhanced_correlator/hls/syn/report/csynth_design_size.rpt:2)
Execute       send_msg_by_id INFO @200-1995@%s%s%s 624 Performance (step 1) (/home/johan2/Documents/fpga/zynq-pynq-gnss-receiver/enhanced_correlator/enhanced_correlator/enhanced_correlator/hls/syn/report/csynth_design_size.rpt:2) 
INFO: [HLS 200-1995] There were 624 instructions in the design after the 'Performance (step 1)' phase of compilation. See the Design Size Report for more details (/home/johan2/Documents/fpga/zynq-pynq-gnss-receiver/enhanced_correlator/enhanced_correlator/enhanced_correlator/hls/syn/report/csynth_design_size.rpt:2)
Execute       send_msg_by_id INFO @200-1995@%s%s%s 613 Performance (step 2) (/home/johan2/Documents/fpga/zynq-pynq-gnss-receiver/enhanced_correlator/enhanced_correlator/enhanced_correlator/hls/syn/report/csynth_design_size.rpt:2) 
INFO: [HLS 200-1995] There were 613 instructions in the design after the 'Performance (step 2)' phase of compilation. See the Design Size Report for more details (/home/johan2/Documents/fpga/zynq-pynq-gnss-receiver/enhanced_correlator/enhanced_correlator/enhanced_correlator/hls/syn/report/csynth_design_size.rpt:2)
Execute       send_msg_by_id INFO @200-1995@%s%s%s 607 Performance (step 3) (/home/johan2/Documents/fpga/zynq-pynq-gnss-receiver/enhanced_correlator/enhanced_correlator/enhanced_correlator/hls/syn/report/csynth_design_size.rpt:2) 
INFO: [HLS 200-1995] There were 607 instructions in the design after the 'Performance (step 3)' phase of compilation. See the Design Size Report for more details (/home/johan2/Documents/fpga/zynq-pynq-gnss-receiver/enhanced_correlator/enhanced_correlator/enhanced_correlator/hls/syn/report/csynth_design_size.rpt:2)
Execute       send_msg_by_id INFO @200-1995@%s%s%s 607 Performance (step 4) (/home/johan2/Documents/fpga/zynq-pynq-gnss-receiver/enhanced_correlator/enhanced_correlator/enhanced_correlator/hls/syn/report/csynth_design_size.rpt:2) 
INFO: [HLS 200-1995] There were 607 instructions in the design after the 'Performance (step 4)' phase of compilation. See the Design Size Report for more details (/home/johan2/Documents/fpga/zynq-pynq-gnss-receiver/enhanced_correlator/enhanced_correlator/enhanced_correlator/hls/syn/report/csynth_design_size.rpt:2)
Execute       send_msg_by_id INFO @200-1995@%s%s%s 662 HW Transforms (step 1) (/home/johan2/Documents/fpga/zynq-pynq-gnss-receiver/enhanced_correlator/enhanced_correlator/enhanced_correlator/hls/syn/report/csynth_design_size.rpt:2) 
INFO: [HLS 200-1995] There were 662 instructions in the design after the 'HW Transforms (step 1)' phase of compilation. See the Design Size Report for more details (/home/johan2/Documents/fpga/zynq-pynq-gnss-receiver/enhanced_correlator/enhanced_correlator/enhanced_correlator/hls/syn/report/csynth_design_size.rpt:2)
Execute       send_msg_by_id INFO @200-1995@%s%s%s 674 HW Transforms (step 2) (/home/johan2/Documents/fpga/zynq-pynq-gnss-receiver/enhanced_correlator/enhanced_correlator/enhanced_correlator/hls/syn/report/csynth_design_size.rpt:2) 
INFO: [HLS 200-1995] There were 674 instructions in the design after the 'HW Transforms (step 2)' phase of compilation. See the Design Size Report for more details (/home/johan2/Documents/fpga/zynq-pynq-gnss-receiver/enhanced_correlator/enhanced_correlator/enhanced_correlator/hls/syn/report/csynth_design_size.rpt:2)
INFO: [HLS 214-291] Loop 'VITIS_LOOP_70_2' is marked as complete unroll implied by the pipeline pragma (vivado/ip_repo/gnss_enhanced_correlator/src/enhanced_correlator.cpp:70:26)
INFO: [HLS 214-291] Loop 'VITIS_LOOP_71_3' is marked as complete unroll implied by the pipeline pragma (vivado/ip_repo/gnss_enhanced_correlator/src/enhanced_correlator.cpp:71:26)
INFO: [HLS 214-291] Loop 'VITIS_LOOP_86_4' is marked as complete unroll implied by the pipeline pragma (vivado/ip_repo/gnss_enhanced_correlator/src/enhanced_correlator.cpp:86:26)
INFO: [HLS 214-291] Loop 'VITIS_LOOP_87_5' is marked as complete unroll implied by the pipeline pragma (vivado/ip_repo/gnss_enhanced_correlator/src/enhanced_correlator.cpp:87:26)
INFO: [HLS 214-291] Loop 'VITIS_LOOP_88_6' is marked as complete unroll implied by the pipeline pragma (vivado/ip_repo/gnss_enhanced_correlator/src/enhanced_correlator.cpp:88:26)
INFO: [HLS 214-291] Loop 'anonymous' is marked as complete unroll implied by the pipeline pragma (/wrk/ci/prod/2025.2/hls_product/continuous/666/2025.2/src/shared/hls/clib/src/hls/utils/x_hls_float_utils.h:289:5)
INFO: [HLS 214-291] Loop 'anonymous' is marked as complete unroll implied by the pipeline pragma (/wrk/ci/prod/2025.2/hls_product/continuous/666/2025.2/src/shared/hls/clib/src/hls/utils/x_hls_float_utils.h:282:5)
INFO: [HLS 214-291] Loop 'anonymous' is marked as complete unroll implied by the pipeline pragma (/wrk/ci/prod/2025.2/hls_product/continuous/666/2025.2/src/shared/hls/clib/src/hls/utils/x_hls_float_utils.h:269:5)
INFO: [HLS 214-291] Loop 'anonymous' is marked as complete unroll implied by the pipeline pragma (/wrk/ci/prod/2025.2/hls_product/continuous/666/2025.2/src/shared/hls/clib/src/hls/utils/x_hls_float_utils.h:268:41)
INFO: [HLS 214-291] Loop 'anonymous' is marked as complete unroll implied by the pipeline pragma
INFO: [HLS 214-186] Unrolling loop 'anonymous' (/wrk/ci/prod/2025.2/hls_product/continuous/666/2025.2/src/shared/hls/clib/src/hls/utils/x_hls_float_utils.h:289:5) in function 'scaled_fixed2ieee<29, 1>' completely with a factor of 2 (/wrk/ci/prod/2025.2/hls_product/continuous/666/2025.2/src/shared/hls/clib/src/hls/utils/x_hls_float_utils.h:257:0)
INFO: [HLS 214-186] Unrolling loop 'anonymous' (/wrk/ci/prod/2025.2/hls_product/continuous/666/2025.2/src/shared/hls/clib/src/hls/utils/x_hls_float_utils.h:282:5) in function 'scaled_fixed2ieee<29, 1>' completely with a factor of 2 (/wrk/ci/prod/2025.2/hls_product/continuous/666/2025.2/src/shared/hls/clib/src/hls/utils/x_hls_float_utils.h:257:0)
INFO: [HLS 214-186] Unrolling loop 'anonymous' (/wrk/ci/prod/2025.2/hls_product/continuous/666/2025.2/src/shared/hls/clib/src/hls/utils/x_hls_float_utils.h:269:5) in function 'scaled_fixed2ieee<29, 1>' completely with a factor of 1 (/wrk/ci/prod/2025.2/hls_product/continuous/666/2025.2/src/shared/hls/clib/src/hls/utils/x_hls_float_utils.h:257:0)
INFO: [HLS 214-186] Unrolling loop 'anonymous' (/wrk/ci/prod/2025.2/hls_product/continuous/666/2025.2/src/shared/hls/clib/src/hls/utils/x_hls_float_utils.h:268:41) in function 'scaled_fixed2ieee<29, 1>' completely with a factor of 2 (/wrk/ci/prod/2025.2/hls_product/continuous/666/2025.2/src/shared/hls/clib/src/hls/utils/x_hls_float_utils.h:257:0)
INFO: [HLS 214-186] Unrolling loop 'anonymous' () in function 'scaled_fixed2ieee<29, 1>' completely with a factor of 1 (/wrk/ci/prod/2025.2/hls_product/continuous/666/2025.2/src/shared/hls/clib/src/hls/utils/x_hls_float_utils.h:257:0)
INFO: [HLS 214-178] Inlining function 'fp_struct<float>::fp_struct(float)' into 'void range_redux_payne_hanek_hotbm<29, float, 29, 29>(float, ap_uint<3>&, ap_ufixed<29, 0, (ap_q_mode)5, (ap_o_mode)3, 0>&, ap_ufixed<29, 0, (ap_q_mode)5, (ap_o_mode)3, 0>&, ap_int<fp_struct<float>::EXP_BITS>&)' (/wrk/ci/prod/2025.2/hls_product/continuous/666/2025.2/src/shared/hls/clib/hlsmath/include/FloatingPoint/hls_range_redux.h:437:0)
INFO: [HLS 214-178] Inlining function 'fp_struct<float>::expv() const' into 'void range_redux_payne_hanek_hotbm<29, float, 29, 29>(float, ap_uint<3>&, ap_ufixed<29, 0, (ap_q_mode)5, (ap_o_mode)3, 0>&, ap_ufixed<29, 0, (ap_q_mode)5, (ap_o_mode)3, 0>&, ap_int<fp_struct<float>::EXP_BITS>&)' (/wrk/ci/prod/2025.2/hls_product/continuous/666/2025.2/src/shared/hls/clib/hlsmath/include/FloatingPoint/hls_range_redux.h:437:0)
INFO: [HLS 214-178] Inlining function 'ap_uint<(((2) * ((23) + (1))) + (29)) + (3)> table_lookup_4oPi_hotbm<23, 29>(int, float)' into 'void range_redux_payne_hanek_hotbm<29, float, 29, 29>(float, ap_uint<3>&, ap_ufixed<29, 0, (ap_q_mode)5, (ap_o_mode)3, 0>&, ap_ufixed<29, 0, (ap_q_mode)5, (ap_o_mode)3, 0>&, ap_int<fp_struct<float>::EXP_BITS>&)' (/wrk/ci/prod/2025.2/hls_product/continuous/666/2025.2/src/shared/hls/clib/hlsmath/include/FloatingPoint/hls_range_redux.h:437:0)
INFO: [HLS 214-178] Inlining function 'unsigned int clz<29, 58, 0>(ap_ufixed<58, 0, (ap_q_mode)5, (ap_o_mode)3, 0>)' into 'void range_redux_payne_hanek_hotbm<29, float, 29, 29>(float, ap_uint<3>&, ap_ufixed<29, 0, (ap_q_mode)5, (ap_o_mode)3, 0>&, ap_ufixed<29, 0, (ap_q_mode)5, (ap_o_mode)3, 0>&, ap_int<fp_struct<float>::EXP_BITS>&)' (/wrk/ci/prod/2025.2/hls_product/continuous/666/2025.2/src/shared/hls/clib/hlsmath/include/FloatingPoint/hls_range_redux.h:437:0)
INFO: [HLS 214-178] Inlining function 'fp_struct<float>::data() const (.62.71.82.91)' into 'fp_struct<float>::to_float() const (.59.68.79.88)' (/wrk/ci/prod/2025.2/hls_product/continuous/666/2025.2/src/shared/hls/clib/src/hls/utils/x_hls_utils.h:322:0)
INFO: [HLS 214-178] Inlining function 'fp_struct<float>::to_float() const (.59.68.79.88)' into 'fp_struct<float>::to_ieee() const' (/wrk/ci/prod/2025.2/hls_product/continuous/666/2025.2/src/shared/hls/clib/src/hls/utils/x_hls_utils.h:346:0)
INFO: [HLS 214-178] Inlining function 'clz(int) (.34983)' into 'void scaled_fixed2ieee<29, 1>(ap_ufixed<29, 1, (ap_q_mode)5, (ap_o_mode)3, 0>, float&, int)' (/wrk/ci/prod/2025.2/hls_product/continuous/666/2025.2/src/shared/hls/clib/src/hls/utils/x_hls_float_utils.h:257:0)
INFO: [HLS 214-178] Inlining function 'fp_struct<float>::set_mantissa(ap_ufixed<24, 1, (ap_q_mode)5, (ap_o_mode)3, 0>)' into 'void scaled_fixed2ieee<29, 1>(ap_ufixed<29, 1, (ap_q_mode)5, (ap_o_mode)3, 0>, float&, int)' (/wrk/ci/prod/2025.2/hls_product/continuous/666/2025.2/src/shared/hls/clib/src/hls/utils/x_hls_float_utils.h:257:0)
INFO: [HLS 214-178] Inlining function 'fp_struct<float>::to_ieee() const' into 'void scaled_fixed2ieee<29, 1>(ap_ufixed<29, 1, (ap_q_mode)5, (ap_o_mode)3, 0>, float&, int)' (/wrk/ci/prod/2025.2/hls_product/continuous/666/2025.2/src/shared/hls/clib/src/hls/utils/x_hls_float_utils.h:257:0)
INFO: [HLS 214-178] Inlining function 'fp_struct<float>::fp_struct(float)' into 'float hotbm_::sin_or_cos<float>(float, bool, bool)' (/wrk/ci/prod/2025.2/hls_product/continuous/666/2025.2/src/shared/hls/clib/hlsmath/include/FloatingPoint/hls_hotbm.h:210:0)
INFO: [HLS 214-178] Inlining function 'void range_redux_payne_hanek_hotbm<29, float, 29, 29>(float, ap_uint<3>&, ap_ufixed<29, 0, (ap_q_mode)5, (ap_o_mode)3, 0>&, ap_ufixed<29, 0, (ap_q_mode)5, (ap_o_mode)3, 0>&, ap_int<fp_struct<float>::EXP_BITS>&)' into 'float hotbm_::sin_or_cos<float>(float, bool, bool)' (/wrk/ci/prod/2025.2/hls_product/continuous/666/2025.2/src/shared/hls/clib/hlsmath/include/FloatingPoint/hls_hotbm.h:210:0)
INFO: [HLS 214-178] Inlining function 'ap_ufixed<29, 1, (ap_q_mode)5, (ap_o_mode)3, 0> hotbm_::value_list<float>::sin_or_cos_approximation<29, 29>(bool, ap_uint<3>&, ap_ufixed<29, 0, (ap_q_mode)5, (ap_o_mode)3, 0>&, ap_ufixed<29, 0, (ap_q_mode)5, (ap_o_mode)3, 0>&, ap_int<8>&)' into 'float hotbm_::sin_or_cos<float>(float, bool, bool)' (/wrk/ci/prod/2025.2/hls_product/continuous/666/2025.2/src/shared/hls/clib/hlsmath/include/FloatingPoint/hls_hotbm.h:210:0)
INFO: [HLS 214-178] Inlining function 'void scaled_fixed2ieee<29, 1>(ap_ufixed<29, 1, (ap_q_mode)5, (ap_o_mode)3, 0>, float&, int)' into 'float hotbm_::sin_or_cos<float>(float, bool, bool)' (/wrk/ci/prod/2025.2/hls_product/continuous/666/2025.2/src/shared/hls/clib/hlsmath/include/FloatingPoint/hls_hotbm.h:210:0)
INFO: [HLS 214-178] Inlining function 'fp_struct<float>::to_ieee() const' into 'float hotbm_::sin_or_cos<float>(float, bool, bool)' (/wrk/ci/prod/2025.2/hls_product/continuous/666/2025.2/src/shared/hls/clib/hlsmath/include/FloatingPoint/hls_hotbm.h:210:0)
INFO: [HLS 214-178] Inlining function 'hotbm_::cos(float)' into 'cosf' (/wrk/ci/prod/2025.2/hls_product/continuous/666/2025.2/src/shared/hls/clib/hlsmath/src/c/sincosfloat.cpp:11:0)
INFO: [HLS 214-178] Inlining function 'hotbm_::sin(float)' into 'sinf' (/wrk/ci/prod/2025.2/hls_product/continuous/666/2025.2/src/shared/hls/clib/hlsmath/src/c/sincosfloat.cpp:7:0)
INFO: [HLS 214-178] Inlining function 'fp_struct<float>::fp_struct(float)' into 'int generic_cast_IEEE754<int, (ap_q_mode)6, float>(float, bool, hls::enable_if<std::numeric_limits<int>::is_signed, bool>::type)' (/wrk/ci/prod/2025.2/hls_product/continuous/666/2025.2/src/shared/hls/clib/hlsmath/include/FloatingPoint/hls_case_IEEE754.h:12:0)
INFO: [HLS 214-178] Inlining function 'fp_struct<float>::mantissa() const' into 'int generic_cast_IEEE754<int, (ap_q_mode)6, float>(float, bool, hls::enable_if<std::numeric_limits<int>::is_signed, bool>::type)' (/wrk/ci/prod/2025.2/hls_product/continuous/666/2025.2/src/shared/hls/clib/hlsmath/include/FloatingPoint/hls_case_IEEE754.h:12:0)
INFO: [HLS 214-178] Inlining function 'fp_struct<float>::expv() const' into 'int generic_cast_IEEE754<int, (ap_q_mode)6, float>(float, bool, hls::enable_if<std::numeric_limits<int>::is_signed, bool>::type)' (/wrk/ci/prod/2025.2/hls_product/continuous/666/2025.2/src/shared/hls/clib/hlsmath/include/FloatingPoint/hls_case_IEEE754.h:12:0)
INFO: [HLS 214-178] Inlining function 'fp_struct<float>::__signbit() const' into 'int generic_cast_IEEE754<int, (ap_q_mode)6, float>(float, bool, hls::enable_if<std::numeric_limits<int>::is_signed, bool>::type)' (/wrk/ci/prod/2025.2/hls_product/continuous/666/2025.2/src/shared/hls/clib/hlsmath/include/FloatingPoint/hls_case_IEEE754.h:12:0)
INFO: [HLS 214-178] Inlining function 'int generic_cast_IEEE754<int, (ap_q_mode)6, float>(float, bool, hls::enable_if<std::numeric_limits<int>::is_signed, bool>::type)' into 'int generic_cast_IEEE754<int, float>(float, bool)' (/wrk/ci/prod/2025.2/hls_product/continuous/666/2025.2/src/shared/hls/clib/hlsmath/include/FloatingPoint/hls_case_IEEE754.h:116:0)
INFO: [HLS 214-178] Inlining function 'int generic_cast_IEEE754<int, float>(float, bool)' into '__hls_fptosi_float_i32' (/wrk/ci/prod/2025.2/hls_product/continuous/666/2025.2/src/shared/hls/clib/hlsmath/src/lib_floatconversion.cpp:51:0)
INFO: [HLS 214-178] Inlining function 'cosf' into 'enhanced_correlator(float const*, float const*, float*, float*, float*, float*, float*, float*, int, float, float, float, float, float, int, float, float const*)' (vivado/ip_repo/gnss_enhanced_correlator/src/enhanced_correlator.cpp:24:0)
INFO: [HLS 214-178] Inlining function 'sinf' into 'enhanced_correlator(float const*, float const*, float*, float*, float*, float*, float*, float*, int, float, float, float, float, float, int, float, float const*)' (vivado/ip_repo/gnss_enhanced_correlator/src/enhanced_correlator.cpp:24:0)
INFO: [HLS 214-248] Applying array_partition to '_ZZN6hotbm_10value_listIfE24sin_or_cos_approximationILi29ELi29EEE9ap_ufixedIXT_ELi1EL9ap_q_mode5EL9ap_o_mode3ELi0EEbR7ap_uintILi3EERS3_IXT_ELi0ELS4_5ELS5_3ELi0EERS3_IXT0_ELi0ELS4_5ELS5_3ELi0EER6ap_intILi8EEE10swap_table': Complete partitioning on dimension 1. (/wrk/ci/prod/2025.2/hls_product/continuous/666/2025.2/src/shared/hls/clib/hlsmath/src/common/hls_hotbm_float.cpp:14:0)
INFO: [HLS 214-248] Applying array_partition to '_ZZN6hotbm_10sin_or_cosIfEET_S1_bbE13neg_cos_table': Complete partitioning on dimension 1. (/wrk/ci/prod/2025.2/hls_product/continuous/666/2025.2/src/shared/hls/clib/hlsmath/include/FloatingPoint/hls_hotbm.h:217:0)
INFO: [HLS 214-248] Applying array_partition to '_ZZN6hotbm_10sin_or_cosIfEET_S1_bbE13neg_sin_table': Complete partitioning on dimension 1. (/wrk/ci/prod/2025.2/hls_product/continuous/666/2025.2/src/shared/hls/clib/hlsmath/include/FloatingPoint/hls_hotbm.h:216:0)
INFO: [HLS 214-248] Applying array_partition to '_ZZN6hotbm_10sin_or_cosIfEET_S1_bbE10swap_table': Complete partitioning on dimension 1. (/wrk/ci/prod/2025.2/hls_product/continuous/666/2025.2/src/shared/hls/clib/hlsmath/include/FloatingPoint/hls_hotbm.h:215:0)
WARNING: [HLS 214-358] Array transformation on index using bit extension logic may lead to poor performance. Please use int or long for array index computation to benefit from optimizations. (/wrk/ci/prod/2025.2/hls_product/continuous/666/2025.2/src/shared/hls/clib/hlsmath/include/FloatingPoint/hls_hotbm.h:242:30)
WARNING: [HLS 214-358] Array transformation on index using bit extension logic may lead to poor performance. Please use int or long for array index computation to benefit from optimizations. (/wrk/ci/prod/2025.2/hls_product/continuous/666/2025.2/src/shared/hls/clib/hlsmath/src/common/hls_hotbm_float.cpp:25:67)
WARNING: [HLS 214-358] Array transformation on index using bit extension logic may lead to poor performance. Please use int or long for array index computation to benefit from optimizations. (/wrk/ci/prod/2025.2/hls_product/continuous/666/2025.2/src/shared/hls/clib/hlsmath/include/FloatingPoint/hls_hotbm.h:267:8)
WARNING: [HLS 214-187] Cannot unroll loop 'VITIS_LOOP_70_2' (vivado/ip_repo/gnss_enhanced_correlator/src/enhanced_correlator.cpp:70:26) in function 'enhanced_correlator' as it has a variable trip count (vivado/ip_repo/gnss_enhanced_correlator/src/enhanced_correlator.cpp:70:26)
WARNING: [HLS 214-187] Cannot unroll loop 'VITIS_LOOP_71_3' (vivado/ip_repo/gnss_enhanced_correlator/src/enhanced_correlator.cpp:71:26) in function 'enhanced_correlator' as it has a variable trip count (vivado/ip_repo/gnss_enhanced_correlator/src/enhanced_correlator.cpp:71:26)
WARNING: [HLS 214-187] Cannot unroll loop 'VITIS_LOOP_86_4' (vivado/ip_repo/gnss_enhanced_correlator/src/enhanced_correlator.cpp:86:26) in function 'enhanced_correlator' as it has a variable trip count (vivado/ip_repo/gnss_enhanced_correlator/src/enhanced_correlator.cpp:86:26)
WARNING: [HLS 214-187] Cannot unroll loop 'VITIS_LOOP_87_5' (vivado/ip_repo/gnss_enhanced_correlator/src/enhanced_correlator.cpp:87:26) in function 'enhanced_correlator' as it has a variable trip count (vivado/ip_repo/gnss_enhanced_correlator/src/enhanced_correlator.cpp:87:26)
WARNING: [HLS 214-187] Cannot unroll loop 'VITIS_LOOP_88_6' (vivado/ip_repo/gnss_enhanced_correlator/src/enhanced_correlator.cpp:88:26) in function 'enhanced_correlator' as it has a variable trip count (vivado/ip_repo/gnss_enhanced_correlator/src/enhanced_correlator.cpp:88:26)
INFO-FLOW: run_clang result=success num-err-msgs=0 num-stderr-lines=166
INFO-FLOW: DBG:PUTS: copy_raw_kernel_xml ap_link_39: kernel.xml not generated: /home/johan2/Documents/fpga/zynq-pynq-gnss-receiver/enhanced_correlator/enhanced_correlator/enhanced_correlator/hls/.autopilot/db/kernel.internal.xml
INFO: [HLS 200-111] Finished Compiling Optimization and Transform: CPU user time: 8.74 seconds. CPU system time: 1.21 seconds. Elapsed time: 12.85 seconds; current allocated memory: 492.855 MB.
INFO: [HLS 200-111] Finished Checking Pragmas: CPU user time: 0 seconds. CPU system time: 0 seconds. Elapsed time: 0.01 seconds; current allocated memory: 492.855 MB.
Execute       opt_and_import_c a -opt_level=2 -skip_syncheck=0 -ng=0 -keep_printf=0 
Execute         cleanup_all_models 
INFO: [HLS 200-10] Starting code transformations ...
INFO-FLOW: Running Standard Transforms...
Execute         transform -hls -share-std-xform -demangle-name -inline-byval-memcpy -always-inline -promote-dbg-pointer -interface-preproc -mem2reg -reassociate -gvn -reassociate -scalarrepl -mem2reg -keep-read-access -instcombine -dce -promote-dbg-pointer -bitop-raise -loop-simplify -indvarspre -indvars -loop-simplify -constprop -instcombine -simplifycfg -indvars -simplifycfg -dce -globaldce -basicaa -simplifycfg -mem2reg -globalopt -global-constprop -deadargelim -instcombine -simplifycfg -scalarrepl -instcombine -reassociate -licm -simplifycfg -loop-simplify -indvars -instcombine -simplifycfg -mem2reg -loop-simplify -indvars -instcombine -gvn -gvn -instcombine -adce -break-crit-edges -simplifycfg -loop-delete -global-array-opt -dce -dse -adce -find-syn-modules -top enhanced_correlator -deadargelim -mem2reg -instcombine -dce -presyn-prepare -interface-preproc -syn-check -check-rec-only -find-region -simplifycfg -func-extr -function-inline -globaldce -mem2reg -instcombine -dce -gvn -globaldce -adce -adse -constprop -instcombine -bit-constprop -instcombine -dce -simplifycfg -bitop-raise -simplifycfg -dce -loop-delete -reassociate -globalopt -global-privatize -mem2reg -dce -global-constprop -pointer-simplify -constprop -dce -promote-dbg-pointer -norm-name /home/johan2/Documents/fpga/zynq-pynq-gnss-receiver/enhanced_correlator/enhanced_correlator/enhanced_correlator/hls/.autopilot/db/a.g.0.bc -o /home/johan2/Documents/fpga/zynq-pynq-gnss-receiver/enhanced_correlator/enhanced_correlator/enhanced_correlator/hls/.autopilot/db/a.g.1.bc -f -phase std-opt 
INFO: [HLS 200-111] Finished Standard Transforms: CPU user time: 0.05 seconds. CPU system time: 0.02 seconds. Elapsed time: 0.09 seconds; current allocated memory: 495.242 MB.
INFO: [HLS 200-10] Checking synthesizability ...
INFO-FLOW: Checking Synthesizability 1/2..
Execute         transform -hls -syn-check -check-rec-only -scalarrepl -norm-name -dce -mem2reg -instcombine -directive-preproc -mem2reg -dse -dce -dce -pag -array-normalize -instcombine -dce -array-seg-normalize -instcombine -dce -data-pack -instcombine -dce -inst-simplify -array-flatten -instcombine -dce -array-burst -dce -deadargelim -promote-global-argument -simplifycfg -mem2reg -globaldce -dce -deadargelim -dce -instcombine -function-inline -globaldce -dce -doublePtrSimplify -doublePtrElim -dce -doublePtrSimplify -promote-dbg-pointer -dce -scalarrepl -dse -adse -instcombine -ptrLegalization -simplifycfg -dce -instcombine -pointer-simplify -ptrArgReplace -dce -instcombine -resolve-double-ptr -scalarrepl -norm-name -dce -mem2reg -instcombine -ptrLegalization -simplifycfg -deadargelim -instcombine -dce -inst-simplify -directive-preproc -mem2reg -dse -dce -globaldce /home/johan2/Documents/fpga/zynq-pynq-gnss-receiver/enhanced_correlator/enhanced_correlator/enhanced_correlator/hls/.autopilot/db/a.g.1.bc -o /home/johan2/Documents/fpga/zynq-pynq-gnss-receiver/enhanced_correlator/enhanced_correlator/enhanced_correlator/hls/.autopilot/db/a.g.2.prechk.bc -f 
INFO: [XFORM 203-602] Inlining function '__hls_fptosi_float_i32' into 'enhanced_correlator' (vivado/ip_repo/gnss_enhanced_correlator/src/enhanced_correlator.cpp:91) automatically.
INFO-FLOW: Checking Synthesizability 2/2..
Execute         transform -syn-check /home/johan2/Documents/fpga/zynq-pynq-gnss-receiver/enhanced_correlator/enhanced_correlator/enhanced_correlator/hls/.autopilot/db/a.g.2.prechk.bc -o /home/johan2/Documents/fpga/zynq-pynq-gnss-receiver/enhanced_correlator/enhanced_correlator/enhanced_correlator/hls/.autopilot/db/a.g.2.bc -f -phase syn-check 
INFO: [HLS 200-111] Finished Checking Synthesizability: CPU user time: 0.1 seconds. CPU system time: 0 seconds. Elapsed time: 0.11 seconds; current allocated memory: 498.078 MB.
INFO-FLOW: Compiler optimizing ...
INFO-FLOW: Share syncheck's 1.bc for syn flow: copy /home/johan2/Documents/fpga/zynq-pynq-gnss-receiver/enhanced_correlator/enhanced_correlator/enhanced_correlator/hls/.autopilot/db/a.g.1.bc to /home/johan2/Documents/fpga/zynq-pynq-gnss-receiver/enhanced_correlator/enhanced_correlator/enhanced_correlator/hls/.autopilot/db/a.o.1.bc
INFO-FLOW: Presyn 1...
Execute         transform -hls -tmp /home/johan2/Documents/fpga/zynq-pynq-gnss-receiver/enhanced_correlator/enhanced_correlator/enhanced_correlator/hls/.autopilot/db -interface-port-rename -directive-preproc -mem2reg -dse -dce -scalarrepl -norm-name -deadargelim -dce -hls-dead-arg-elim -deadargelim -mem2reg -instcombine -dce -simplifycfg -dce -resource-proc -clib-intrinsic-prepare -dce -func-buffer -dce -pag -array-normalize -func-legal -instcombine -gvn -constprop -dce -simplifycfg -mem2reg -globaldce -resolve-double-ptr -dce -deadargelim -dce -instcombine -ptrArgReplace -mem2reg -dce -array-seg-normalize -deadargelim -instcombine -dce -directive-preproc -mem2reg -dse -dce -pointer-simplify -dce -dce -interface-preproc -data-pack -instcombine -dce -basicaa -aggr-aa -aggrmodref-aa -aggr-aa -gvn -gvn -basicaa -aggr-aa -aggrmodref-aa -aggr-aa -dse -adse -adce -loop-simplify -indvars -instcombine -gvn -loop-simplify -mem2reg -dce -find-region -instcombine -inst-simplify -interface-preproc -cfgopt -instcombine -indvars -loop-simplify -loop-bound -constprop -instcombine -simplifycfg -indvars -simplifycfg -dce -globaldce -clean-region -attach-range -gvn -inst-simplify -constprop -simplifycfg -dce -pointer-simplify -dce -globalopt -constprop -dce -ptrArgReplace -mem2reg -simplifycfg -dce -instcombine -dce -array-transform-check -array-reshape -instcombine -simplifycfg -dce -ptrArgReplace -deadargelim -mem2reg -instcombine -simplifycfg -dce -indvars -loop-simplify -loop-bound -constprop -instcombine -simplifycfg -indvars -simplifycfg -dce -globaldce -basicaa -aggr-aa -aggrmodref-aa -aggr-aa -dse -duplicate-dataflow-processes -globaldce -instcombine -array-partition -prepare-dynamic-array-partition -instcombine -simplifycfg -dce -ptrArgReplace -global-constprop -deadargelim -mem2reg -func-legal -dce -global-constprop -deadargelim -mem2reg -simplifycfg -dce -merge-param -deadargelim -globalopt -constprop -dce -ptrArgReplace -mem2reg -simplifycfg -dce -mem-intrinsic-preproc -dce -global-internalize -global-privatize -mem2reg -globaldce -lcssa -loop-simplify -phi-select-elim -promote-global-argument -ptrArgReplace -mem2reg -dce -globalopt -mergereturn -simplify-global-access -mem2reg -dce -pointer-simplify -dce -basicaa -aggr-aa -aggrmodref-aa -aggr-aa -functionattrs -basicaa -aggr-aa -aggrmodref-aa -aggr-aa -gvn -gvn -basicaa -aggr-aa -aggrmodref-aa -aggr-aa -dse -adse -adce -dce -norm-name -basicaa -aggr-aa -aggrmodref-aa -aggr-aa -accesses-merge -function-inline -complex-op-raise -inst-simplify -globaldce -func-legal -dce -loop-bound -arraycheck -bitwidthmin2 -bitwidthmin2 -on-by-dataflow -loop-delete -instcombine -simplifycfg -globaldce -dce -gvn -deadargelim -dce -loop-simplify -clean-region -simplifycfg -propagate-stable-arguments -instcombine -simplifycfg -dce -globaldce -duplicate-dataflow-processes -stream-intrinsic-preproc -dce -check-ap-stream -loop-simplify -eliminate-keepreads -extract-dataflow-in-loop -loop-simplify -dce -gvn -deadargelim -dse -duplicate-dataflow-processes -check-dataflow-syntax -legalize-stream-variable -globaldce -extract-subproc -global-constprop -deadargelim -globaldce -legalize-global -dce -dead-channel-elimination -canonicalize-gep -globaldce -dce -gvn -hls-dead-arg-elim -deadargelim -canonicalize-dataflow -directive-preproc -dce -globaldce -scalar-preprocessing -scalar-propagation2 -scalar-stream -deadargelim -globaldce -mem2reg -check-dataflow-channels -function-stream -dce -globaldce -prop-fifo-spec -internal-stream-gen -canonicalize-gep -globaldce -dce -gvn -deadargelim -mergereturn -indvars -loop-simplify -instcombine -array-stream -array-seg-normalize -array-partition -clean-array-spec -func-legal -instcombine -simplifycfg -dce -bundle-memfifo-ops -deadargelim -directive-preproc -mem2reg -dse -dce -group-axi-access -licm -simplifycfg -dce -loop-delete -hls-display -norm-name /home/johan2/Documents/fpga/zynq-pynq-gnss-receiver/enhanced_correlator/enhanced_correlator/enhanced_correlator/hls/.autopilot/db/a.o.1.bc -o /home/johan2/Documents/fpga/zynq-pynq-gnss-receiver/enhanced_correlator/enhanced_correlator/enhanced_correlator/hls/.autopilot/db/a.o.1.tmp.bc -f 
INFO: [XFORM 203-602] Inlining function '__hls_fptosi_float_i32' into 'enhanced_correlator' (vivado/ip_repo/gnss_enhanced_correlator/src/enhanced_correlator.cpp:91) automatically.
Command         transform done; 0.2 sec.
INFO-FLOW: Presyn 2...
Execute         transform -hls -keep-callgraph -scalarrepl -mem2reg -attach-range -dce -pipe-mux-gen -indvars -loop-bound -inst-simplify -instcombine -dce -merge-array-access -mem2reg -dce -clean-region -mergereturn -if-conv -instcombine -dce -constprop -basicaa -aggr-aa -aggrmodref-aa -aggr-aa -gvn -gvn -basicaa -aggr-aa -aggrmodref-aa -aggr-aa -dse -adse -adce -scalarrepl -mem2reg -global-constprop -deadargelim -deadargelim -instcombine -dce -simplifycfg -ptrArgReplace -mem2reg -function-inline -globaldce -mem2reg -instcombine -dce -expr-balance -instcombine -dce -bitwidthmin2 -bitwidthmin2 -interface-preproc -directive-preproc -inst-rectify -instcombine -dce -basicaa -aggr-aa -aggrmodref-aa -aggr-aa -functionattrs -constprop -instcombine -bit-constprop -simplify-global-access -globalopt -globaldce -inst-simplify -instcombine -elimdeaddata -dce -loop-delete -simplifycfg -loop-simplify -barrier -norm-name /home/johan2/Documents/fpga/zynq-pynq-gnss-receiver/enhanced_correlator/enhanced_correlator/enhanced_correlator/hls/.autopilot/db/a.o.1.tmp.bc -o /home/johan2/Documents/fpga/zynq-pynq-gnss-receiver/enhanced_correlator/enhanced_correlator/enhanced_correlator/hls/.autopilot/db/a.o.2.bc -f -phase presyn 
INFO: [XFORM 203-401] Performing if-conversion on hyperblock from (/wrk/ci/prod/2025.2/hls_product/continuous/666/2025.2/src/shared/hls/clib/hlsmath/include/FloatingPoint/hls_hotbm.h:209:18) to (/wrk/ci/prod/2025.2/hls_product/continuous/666/2025.2/src/shared/hls/clib/hlsmath/include/FloatingPoint/hls_hotbm.h:287:5) in function 'hotbm_::sin_or_cos<float>'... converting 13 basic blocks.
Command         transform done; 0.17 sec.
INFO: [HLS 200-111] Finished Loop, function and other optimizations: CPU user time: 0.33 seconds. CPU system time: 0.03 seconds. Elapsed time: 0.37 seconds; current allocated memory: 522.430 MB.
Execute         transform -hls -auto-function-inline -globaldce -ptrArgReplace -mem2reg -dce -reset-lda -loop-simplify -indvars -aggr-aa -licm -loop-dep -loop-bound -licm -loop-simplify -loop-sink-hoist -flattenloopnest -array-flatten -gvn -instcombine -dce -array-map -dce -func-legal -gvn -adce -instcombine -cfgopt -simplifycfg-lite -loop-simplify -array-burst -promote-global-argument -dce -array-seg-normalize -basicaa -aggrmodref-aa -globalsmodref-aa -aggr-aa -gvn -gvn -basicaa -aggrmodref-aa -globalsmodref-aa -aggr-aa -dse -adse -adce -licm -inst-simplify -dce -globaldce -instcombine -array-stream -eliminate-keepreads -instcombine -dce -deadargelim -doublePtrSimplify -doublePtrElim -dce -doublePtrSimplify -promote-dbg-pointer -dce -scalarrepl -mem2reg -norm-name -mem2reg -instcombine -dse -adse -adce -ptrLegalization -dce -array-flatten -dce -instcombine -check-doubleptr -loop-rot -constprop -inst-simplify -cfgopt -simplifycfg-lite -loop-simplify -indvars -pointer-simplify -dce -loop-bound -loop-simplify -loop-preproc -constprop -global-constprop -gvn -mem2reg -instcombine -dce -loop-bound -loop-merge -dce -deadargelim -dce -canonicalize-dataflow -dce -deadargelim -globaldce -mem2reg -bram-byte-enable -inst-simplify -inst-rectify -instcombine -adce -deadargelim -load-elim -read-loop-dep -loop-simplify -loop-rewind-sink-hoist -loop-outline -hls-dead-arg-elim -directive-preproc -bitwidthmin2 -bitwidthmin2 -read-loop-dep -interface-preproc -directive-preproc -interface-gen -bram-byte-enable-spec-prop -mul2addshift -deadargelim -inst-simplify -dce -mem2reg -instcombine -gvn -dce -adse -loop-bound -instcombine -cfgopt -simplifycfg-lite -loop-simplify -clean-region -io-protocol -find-region -mem2reg -bitop-raise -complex-op-raise -inst-simplify -inst-rectify -instcombine -gvn -adce -deadargelim -float-op-raise -loop-simplify -phi-opt -bitop-raise -cfgopt -simplifycfg-lite -strip-dead-prototypes -interface-lower -bitop-lower -intrinsic-lower -auto-function-inline -basicaa -aggrmodref-aa -globalsmodref-aa -aggr-aa -inst-simplify -simplifycfg-lite -loop-simplify -mergereturn -inst-simplify -inst-rectify -globaldce -dce -load-elim -bitop-lower -float-op-raise -fma-raise -loop-rewind -pointer-simplify -dce -cfgopt -dce -loop-bound -loop-dep -read-loop-dep -dce -dyn-mem-reuse -dce -recurrence-min -dce -share-scalar-alloca -deadargelim -dce -check-stream -norm-name -legalize -inst-clarity -bitwidth -dce -validate-dataflow -dump-loop-dep-to-ir -check-all-ssdm -drop-inferred-ii -dump-complexity-metric /home/johan2/Documents/fpga/zynq-pynq-gnss-receiver/enhanced_correlator/enhanced_correlator/enhanced_correlator/hls/.autopilot/db/a.o.2.bc -o /home/johan2/Documents/fpga/zynq-pynq-gnss-receiver/enhanced_correlator/enhanced_correlator/enhanced_correlator/hls/.autopilot/db/a.o.3.bc -f -phase build-ssdm 
Execute           AP::auto_get_db
Command         transform done; 0.27 sec.
INFO-FLOW: Building ssdm...
Execute         transform -hls -cdfg-build /home/johan2/Documents/fpga/zynq-pynq-gnss-receiver/enhanced_correlator/enhanced_correlator/enhanced_correlator/hls/.autopilot/db/a.o.3.bc -o /home/johan2/Documents/fpga/zynq-pynq-gnss-receiver/enhanced_correlator/enhanced_correlator/enhanced_correlator/hls/.autopilot/db/a.o.3.bc -f -phase build-ssdm 
INFO: [HLS 200-111] Finished Architecture Synthesis: CPU user time: 0.33 seconds. CPU system time: 0.01 seconds. Elapsed time: 0.35 seconds; current allocated memory: 526.203 MB.
INFO-FLOW: Finish building internal data model.
Command       opt_and_import_c done; 0.92 sec.
Command     elaborate done; 17.51 sec.
Execute     ap_eval exec zip -j /home/johan2/Documents/fpga/zynq-pynq-gnss-receiver/enhanced_correlator/enhanced_correlator/enhanced_correlator/hls/.autopilot/db/dut.hcp $dbDir/a.o.3.bc $dbDir/${topname}.rtl_wrap.cfg.tcl $dbDir/apatb_${topname}.cpp $dbDir/apatb_${topname}_util.cpp $dbDir/apatb_${topname}_ir.ll $dbDir/mapper_${topname}.cpp $dbDir/top-io-fe.xml $dbDir/kernel.internal.xml $workdir/../hls.app 
INFO: [HLS 200-10] Starting hardware synthesis ...
INFO-FLOW: Synthesizing C/C++ design AP::SynTopModule=enhanced_correlator
INFO: [HLS 200-10] Synthesizing 'enhanced_correlator' ...
Execute     ap_set_top_model enhanced_correlator 
WARNING: [SYN 201-103] Legalizing function name 'sin_or_cos<float>' to 'sin_or_cos_float_s'.
Execute     get_model_list enhanced_correlator -filter all-wo-channel -topdown 
Execute     preproc_iomode -model enhanced_correlator 
Execute     preproc_iomode -model sin_or_cos<float> 
Execute     get_model_list enhanced_correlator -filter all-wo-channel 
INFO-FLOW: Model list for configure: sin_or_cos<float> enhanced_correlator
INFO-FLOW: Configuring Module : sin_or_cos<float> ...
Execute     set_default_model sin_or_cos<float> 
Execute     apply_spec_resource_limit sin_or_cos<float> 
INFO-FLOW: Configuring Module : enhanced_correlator ...
Execute     set_default_model enhanced_correlator 
Execute     apply_spec_resource_limit enhanced_correlator 
INFO-FLOW: Model list for preprocess: sin_or_cos<float> enhanced_correlator
INFO-FLOW: Preprocessing Module: sin_or_cos<float> ...
Execute     set_default_model sin_or_cos<float> 
Execute     cdfg_preprocess -model sin_or_cos<float> 
Execute     rtl_gen_preprocess sin_or_cos<float> 
INFO-FLOW: Preprocessing Module: enhanced_correlator ...
Execute     set_default_model enhanced_correlator 
Execute     cdfg_preprocess -model enhanced_correlator 
Execute     rtl_gen_preprocess enhanced_correlator 
INFO-FLOW: Model list for synthesis: sin_or_cos<float> enhanced_correlator
INFO: [HLS 200-10] ----------------------------------------------------------------
INFO: [HLS 200-42] -- Implementing module 'sin_or_cos_float_s' 
INFO: [HLS 200-10] ----------------------------------------------------------------
Execute     set_default_model sin_or_cos<float> 
Execute     schedule -model sin_or_cos<float> 
INFO: [SCHED 204-11] Starting scheduling ...
INFO: [SCHED 204-61] Pipelining function 'sin_or_cos<float>'.
INFO: [HLS 200-1470] Pipelining result : Target II = 1, Final II = 1, Depth = 18, function 'sin_or_cos<float>'
INFO: [SCHED 204-11] Finished scheduling.
Command     schedule done; 0.2 sec.
INFO: [HLS 200-111] Finished Scheduling: CPU user time: 0.22 seconds. CPU system time: 0.05 seconds. Elapsed time: 0.29 seconds; current allocated memory: 527.273 MB.
Execute     syn_report -verbosereport -o /home/johan2/Documents/fpga/zynq-pynq-gnss-receiver/enhanced_correlator/enhanced_correlator/enhanced_correlator/hls/.autopilot/db/sin_or_cos_float_s.verbose.sched.rpt 
Execute       list_part -family xc7z020-clg484-1 
Execute         ap_family_info -name xc7z020-clg484-1 -data names 
Execute         ap_part_info -quiet -name xc7z020-clg484-1 -data family 
Execute     db_write -o /home/johan2/Documents/fpga/zynq-pynq-gnss-receiver/enhanced_correlator/enhanced_correlator/enhanced_correlator/hls/.autopilot/db/sin_or_cos_float_s.sched.adb -f 
INFO-FLOW: Finish scheduling sin_or_cos<float>.
Execute     set_default_model sin_or_cos<float> 
Execute     bind -model sin_or_cos<float> 
INFO: [BIND 205-100] Starting micro-architecture generation ...
INFO: [BIND 205-101] Performing variable lifetime analysis.
INFO: [BIND 205-101] Exploring resource sharing.
INFO: [BIND 205-101] Binding ...
INFO: [BIND 205-100] Finished micro-architecture generation.
INFO: [HLS 200-111] Finished Binding: CPU user time: 0.05 seconds. CPU system time: 0.01 seconds. Elapsed time: 0.06 seconds; current allocated memory: 527.273 MB.
Execute     syn_report -verbosereport -o /home/johan2/Documents/fpga/zynq-pynq-gnss-receiver/enhanced_correlator/enhanced_correlator/enhanced_correlator/hls/.autopilot/db/sin_or_cos_float_s.verbose.bind.rpt 
Execute       list_part -family xc7z020-clg484-1 
Execute         ap_family_info -name xc7z020-clg484-1 -data names 
Execute         ap_part_info -quiet -name xc7z020-clg484-1 -data family 
Execute     db_write -o /home/johan2/Documents/fpga/zynq-pynq-gnss-receiver/enhanced_correlator/enhanced_correlator/enhanced_correlator/hls/.autopilot/db/sin_or_cos_float_s.bind.adb -f 
INFO-FLOW: Finish binding sin_or_cos<float>.
INFO: [HLS 200-10] ----------------------------------------------------------------
INFO: [HLS 200-42] -- Implementing module 'enhanced_correlator' 
INFO: [HLS 200-10] ----------------------------------------------------------------
Execute     set_default_model enhanced_correlator 
Execute     schedule -model enhanced_correlator 
INFO: [SCHED 204-11] Starting scheduling ...
WARNING: [SCHED 204-65] Unable to satisfy pipeline directive for loop 'VITIS_LOOP_61_1': contains subloop(s) that are not unrolled or flattened.
INFO: [SCHED 204-11] Finished scheduling.
Command     schedule done; 0.31 sec.
INFO: [HLS 200-111] Finished Scheduling: CPU user time: 0.35 seconds. CPU system time: 0 seconds. Elapsed time: 0.36 seconds; current allocated memory: 529.672 MB.
Execute     syn_report -verbosereport -o /home/johan2/Documents/fpga/zynq-pynq-gnss-receiver/enhanced_correlator/enhanced_correlator/enhanced_correlator/hls/.autopilot/db/enhanced_correlator.verbose.sched.rpt 
Execute       list_part -family xc7z020-clg484-1 
Execute         ap_family_info -name xc7z020-clg484-1 -data names 
Execute         ap_part_info -quiet -name xc7z020-clg484-1 -data family 
Execute     db_write -o /home/johan2/Documents/fpga/zynq-pynq-gnss-receiver/enhanced_correlator/enhanced_correlator/enhanced_correlator/hls/.autopilot/db/enhanced_correlator.sched.adb -f 
INFO-FLOW: Finish scheduling enhanced_correlator.
Execute     set_default_model enhanced_correlator 
Execute     bind -model enhanced_correlator 
INFO: [BIND 205-100] Starting micro-architecture generation ...
INFO: [BIND 205-101] Performing variable lifetime analysis.
INFO: [BIND 205-101] Exploring resource sharing.
INFO: [BIND 205-101] Binding ...
INFO: [BIND 205-100] Finished micro-architecture generation.
INFO: [HLS 200-111] Finished Binding: CPU user time: 0.19 seconds. CPU system time: 0.01 seconds. Elapsed time: 0.21 seconds; current allocated memory: 529.672 MB.
Execute     syn_report -verbosereport -o /home/johan2/Documents/fpga/zynq-pynq-gnss-receiver/enhanced_correlator/enhanced_correlator/enhanced_correlator/hls/.autopilot/db/enhanced_correlator.verbose.bind.rpt 
Execute       list_part -family xc7z020-clg484-1 
Execute         ap_family_info -name xc7z020-clg484-1 -data names 
Execute         ap_part_info -quiet -name xc7z020-clg484-1 -data family 
Execute     db_write -o /home/johan2/Documents/fpga/zynq-pynq-gnss-receiver/enhanced_correlator/enhanced_correlator/enhanced_correlator/hls/.autopilot/db/enhanced_correlator.bind.adb -f 
INFO-FLOW: Finish binding enhanced_correlator.
Execute     get_model_list enhanced_correlator -filter all-wo-channel 
INFO-FLOW: Preprocessing for RTLGen ...
Execute     rtl_gen_preprocess sin_or_cos<float> 
Execute     rtl_gen_preprocess enhanced_correlator 
INFO-FLOW: Model list for RTL generation: sin_or_cos<float> enhanced_correlator
INFO: [HLS 200-10] ----------------------------------------------------------------
INFO: [HLS 200-10] -- Generating RTL for module 'sin_or_cos_float_s' 
INFO: [HLS 200-10] ----------------------------------------------------------------
Execute     create_rtl_model sin_or_cos<float> -top_prefix enhanced_correlator_ -sub_prefix enhanced_correlator_ -mg_file /home/johan2/Documents/fpga/zynq-pynq-gnss-receiver/enhanced_correlator/enhanced_correlator/enhanced_correlator/hls/.autopilot/db/sin_or_cos_float_s.compgen.tcl 
INFO: [RTGEN 206-100] Generating core module 'ctlz_30_30_1_1': 1 instance(s).
INFO: [RTGEN 206-100] Generating core module 'ctlz_32_32_1_1': 2 instance(s).
INFO: [RTGEN 206-100] Generating core module 'mul_15ns_15ns_30_1_1': 1 instance(s).
INFO: [RTGEN 206-100] Generating core module 'mul_15ns_15s_30_1_1': 1 instance(s).
INFO: [RTGEN 206-100] Generating core module 'mul_23s_22ns_45_1_1': 1 instance(s).
INFO: [RTGEN 206-100] Generating core module 'mul_30s_29ns_58_2_1': 1 instance(s).
INFO: [RTGEN 206-100] Generating core module 'mul_80s_24ns_80_5_1': 1 instance(s).
INFO: [RTGEN 206-100] Generating core module 'sparsemux_17_3_1_1_1': 1 instance(s).
INFO: [RTGEN 206-100] Generating core module 'sparsemux_33_4_1_1_1': 2 instance(s).
INFO: [RTGEN 206-100] Finished creating RTL model for 'sin_or_cos_float_s'.
INFO: [RTMG 210-279] Implementing memory 'enhanced_correlator_sin_or_cos_float_s_ref_4oPi_table_100_ROM_1P_LUTRAM_1R' using distributed ROMs.
INFO: [RTMG 210-279] Implementing memory 'enhanced_correlator_sin_or_cos_float_s_second_order_float_sin_cos_K0_ROM_1P_LUTRAM_1R' using distributed ROMs.
INFO: [RTMG 210-279] Implementing memory 'enhanced_correlator_sin_or_cos_float_s_second_order_float_sin_cos_K1_ROM_1P_LUTRAM_1R' using distributed ROMs.
INFO: [RTMG 210-279] Implementing memory 'enhanced_correlator_sin_or_cos_float_s_second_order_float_sin_cos_K2_ROM_1P_LUTRAM_1R' using distributed ROMs.
Command     create_rtl_model done; 0.14 sec.
INFO: [HLS 200-111] Finished Creating RTL model: CPU user time: 0.24 seconds. CPU system time: 0.02 seconds. Elapsed time: 0.27 seconds; current allocated memory: 530.711 MB.
Execute     source /home/johan2/Documents/fpga/zynq-pynq-gnss-receiver/enhanced_correlator/enhanced_correlator/enhanced_correlator/hls/.autopilot/db/enhanced_correlator.rtl_wrap.cfg.tcl 
Execute     gen_rtl sin_or_cos<float> -style xilinx -f -lang vhdl -o /home/johan2/Documents/fpga/zynq-pynq-gnss-receiver/enhanced_correlator/enhanced_correlator/enhanced_correlator/hls/syn/vhdl/enhanced_correlator_sin_or_cos_float_s 
Execute     gen_rtl sin_or_cos<float> -style xilinx -f -lang vlog -o /home/johan2/Documents/fpga/zynq-pynq-gnss-receiver/enhanced_correlator/enhanced_correlator/enhanced_correlator/hls/syn/verilog/enhanced_correlator_sin_or_cos_float_s 
Execute     syn_report -csynth -model sin_or_cos<float> -o /home/johan2/Documents/fpga/zynq-pynq-gnss-receiver/enhanced_correlator/enhanced_correlator/enhanced_correlator/hls/syn/report/sin_or_cos_float_s_csynth.rpt 
Execute       list_part -family xc7z020-clg484-1 
Execute         ap_family_info -name xc7z020-clg484-1 -data names 
Execute         ap_part_info -quiet -name xc7z020-clg484-1 -data family 
Execute     syn_report -rtlxml -model sin_or_cos<float> -o /home/johan2/Documents/fpga/zynq-pynq-gnss-receiver/enhanced_correlator/enhanced_correlator/enhanced_correlator/hls/syn/report/sin_or_cos_float_s_csynth.xml 
Execute       list_part -family xc7z020-clg484-1 
Execute         ap_family_info -name xc7z020-clg484-1 -data names 
Execute         ap_part_info -quiet -name xc7z020-clg484-1 -data family 
Execute     syn_report -verbosereport -model sin_or_cos<float> -o /home/johan2/Documents/fpga/zynq-pynq-gnss-receiver/enhanced_correlator/enhanced_correlator/enhanced_correlator/hls/.autopilot/db/sin_or_cos_float_s.verbose.rpt 
Execute       list_part -family xc7z020-clg484-1 
Execute         ap_family_info -name xc7z020-clg484-1 -data names 
Execute         ap_part_info -quiet -name xc7z020-clg484-1 -data family 
Execute     db_write -model sin_or_cos<float> -f -o /home/johan2/Documents/fpga/zynq-pynq-gnss-receiver/enhanced_correlator/enhanced_correlator/enhanced_correlator/hls/.autopilot/db/sin_or_cos_float_s.adb 
Execute     db_write -model sin_or_cos<float> -bindview -o /home/johan2/Documents/fpga/zynq-pynq-gnss-receiver/enhanced_correlator/enhanced_correlator/enhanced_correlator/hls/.autopilot/db/design.bindinfo.xml 
Execute     gen_tb_info sin_or_cos<float> -p /home/johan2/Documents/fpga/zynq-pynq-gnss-receiver/enhanced_correlator/enhanced_correlator/enhanced_correlator/hls/.autopilot/db -o /home/johan2/Documents/fpga/zynq-pynq-gnss-receiver/enhanced_correlator/enhanced_correlator/enhanced_correlator/hls/.autopilot/db/sin_or_cos_float_s 
INFO: [HLS 200-10] ----------------------------------------------------------------
INFO: [HLS 200-10] -- Generating RTL for module 'enhanced_correlator' 
INFO: [HLS 200-10] ----------------------------------------------------------------
Execute     create_rtl_model enhanced_correlator -top_prefix  -sub_prefix enhanced_correlator_ -mg_file /home/johan2/Documents/fpga/zynq-pynq-gnss-receiver/enhanced_correlator/enhanced_correlator/enhanced_correlator/hls/.autopilot/db/enhanced_correlator.compgen.tcl 
WARNING: [RTGEN 206-101] Design contains AXI ports. Reset is fixed to synchronous and active low.
INFO: [RTGEN 206-500] Setting interface mode on port 'enhanced_correlator/gmem0' to 'm_axi'.
INFO: [RTGEN 206-500] Setting interface mode on port 'enhanced_correlator/gmem1' to 'm_axi'.
INFO: [RTGEN 206-500] Setting interface mode on port 'enhanced_correlator/signal_I' to 's_axilite & ap_none'.
INFO: [RTGEN 206-500] Setting interface mode on port 'enhanced_correlator/signal_Q' to 's_axilite & ap_none'.
INFO: [RTGEN 206-500] Setting interface mode on port 'enhanced_correlator/corr_E_I' to 's_axilite & ap_vld'.
INFO: [RTGEN 206-500] Setting interface mode on port 'enhanced_correlator/corr_E_Q' to 's_axilite & ap_vld'.
INFO: [RTGEN 206-500] Setting interface mode on port 'enhanced_correlator/corr_P_I' to 's_axilite & ap_vld'.
INFO: [RTGEN 206-500] Setting interface mode on port 'enhanced_correlator/corr_P_Q' to 's_axilite & ap_vld'.
INFO: [RTGEN 206-500] Setting interface mode on port 'enhanced_correlator/corr_L_I' to 's_axilite & ap_vld'.
INFO: [RTGEN 206-500] Setting interface mode on port 'enhanced_correlator/corr_L_Q' to 's_axilite & ap_vld'.
INFO: [RTGEN 206-500] Setting interface mode on port 'enhanced_correlator/num_samples' to 's_axilite & ap_none'.
INFO: [RTGEN 206-500] Setting interface mode on port 'enhanced_correlator/carrier_freq' to 's_axilite & ap_none'.
INFO: [RTGEN 206-500] Setting interface mode on port 'enhanced_correlator/carrier_phase_init' to 's_axilite & ap_none'.
INFO: [RTGEN 206-500] Setting interface mode on port 'enhanced_correlator/code_phase_init' to 's_axilite & ap_none'.
INFO: [RTGEN 206-500] Setting interface mode on port 'enhanced_correlator/code_freq' to 's_axilite & ap_none'.
INFO: [RTGEN 206-500] Setting interface mode on port 'enhanced_correlator/sample_rate' to 's_axilite & ap_none'.
INFO: [RTGEN 206-500] Setting interface mode on port 'enhanced_correlator/code_length' to 's_axilite & ap_none'.
INFO: [RTGEN 206-500] Setting interface mode on port 'enhanced_correlator/correlator_spacing' to 's_axilite & ap_none'.
INFO: [RTGEN 206-500] Setting interface mode on port 'enhanced_correlator/prn_code' to 's_axilite & ap_none'.
INFO: [RTGEN 206-500] Setting interface mode on function 'enhanced_correlator' to 's_axilite & ap_ctrl_hs'.
INFO: [RTGEN 206-100] Bundling port 'corr_E_I', 'corr_E_Q', 'corr_P_I', 'corr_P_Q', 'corr_L_I', 'corr_L_Q', 'num_samples', 'carrier_freq', 'carrier_phase_init', 'code_phase_init', 'code_freq', 'sample_rate', 'code_length', 'correlator_spacing' and 'return' to AXI-Lite port control.
INFO: [RTGEN 206-100] Bundling port 'signal_I', 'signal_Q' and 'prn_code' to AXI-Lite port control_r.
INFO: [RTGEN 206-100] Generating core module 'fadd_32ns_32ns_32_5_full_dsp_1': 2 instance(s).
INFO: [RTGEN 206-100] Generating core module 'faddfsub_32ns_32ns_32_5_full_dsp_1': 1 instance(s).
INFO: [RTGEN 206-100] Generating core module 'fcmp_32ns_32ns_1_2_no_dsp_1': 1 instance(s).
INFO: [RTGEN 206-100] Generating core module 'fdiv_32ns_32ns_32_16_no_dsp_1': 3 instance(s).
INFO: [RTGEN 206-100] Generating core module 'fmul_32ns_32ns_32_4_max_dsp_1': 4 instance(s).
INFO: [RTGEN 206-100] Generating core module 'sitofp_32ns_32_6_no_dsp_1': 1 instance(s).
INFO: [RTGEN 206-100] Finished creating RTL model for 'enhanced_correlator'.
Command     create_rtl_model done; 0.28 sec.
INFO: [HLS 200-111] Finished Creating RTL model: CPU user time: 0.46 seconds. CPU system time: 0.03 seconds. Elapsed time: 0.5 seconds; current allocated memory: 538.332 MB.
Execute     source /home/johan2/Documents/fpga/zynq-pynq-gnss-receiver/enhanced_correlator/enhanced_correlator/enhanced_correlator/hls/.autopilot/db/enhanced_correlator.rtl_wrap.cfg.tcl 
Execute     gen_rtl enhanced_correlator -istop -style xilinx -f -lang vhdl -o /home/johan2/Documents/fpga/zynq-pynq-gnss-receiver/enhanced_correlator/enhanced_correlator/enhanced_correlator/hls/syn/vhdl/enhanced_correlator 
Execute     gen_rtl enhanced_correlator -istop -style xilinx -f -lang vlog -o /home/johan2/Documents/fpga/zynq-pynq-gnss-receiver/enhanced_correlator/enhanced_correlator/enhanced_correlator/hls/syn/verilog/enhanced_correlator 
Execute     syn_report -csynth -model enhanced_correlator -o /home/johan2/Documents/fpga/zynq-pynq-gnss-receiver/enhanced_correlator/enhanced_correlator/enhanced_correlator/hls/syn/report/enhanced_correlator_csynth.rpt 
Execute       list_part -family xc7z020-clg484-1 
Execute         ap_family_info -name xc7z020-clg484-1 -data names 
Execute         ap_part_info -quiet -name xc7z020-clg484-1 -data family 
Execute     syn_report -rtlxml -model enhanced_correlator -o /home/johan2/Documents/fpga/zynq-pynq-gnss-receiver/enhanced_correlator/enhanced_correlator/enhanced_correlator/hls/syn/report/enhanced_correlator_csynth.xml 
Execute       list_part -family xc7z020-clg484-1 
Execute         ap_family_info -name xc7z020-clg484-1 -data names 
Execute         ap_part_info -quiet -name xc7z020-clg484-1 -data family 
Execute     syn_report -verbosereport -model enhanced_correlator -o /home/johan2/Documents/fpga/zynq-pynq-gnss-receiver/enhanced_correlator/enhanced_correlator/enhanced_correlator/hls/.autopilot/db/enhanced_correlator.verbose.rpt 
Execute       list_part -family xc7z020-clg484-1 
Execute         ap_family_info -name xc7z020-clg484-1 -data names 
Execute         ap_part_info -quiet -name xc7z020-clg484-1 -data family 
Execute     db_write -model enhanced_correlator -f -o /home/johan2/Documents/fpga/zynq-pynq-gnss-receiver/enhanced_correlator/enhanced_correlator/enhanced_correlator/hls/.autopilot/db/enhanced_correlator.adb 
Execute     db_write -model enhanced_correlator -bindview -o /home/johan2/Documents/fpga/zynq-pynq-gnss-receiver/enhanced_correlator/enhanced_correlator/enhanced_correlator/hls/.autopilot/db/design.bindinfo.xml 
Execute     gen_tb_info enhanced_correlator -p /home/johan2/Documents/fpga/zynq-pynq-gnss-receiver/enhanced_correlator/enhanced_correlator/enhanced_correlator/hls/.autopilot/db -o /home/johan2/Documents/fpga/zynq-pynq-gnss-receiver/enhanced_correlator/enhanced_correlator/enhanced_correlator/hls/.autopilot/db/enhanced_correlator 
Execute     export_constraint_db -f -tool general -o /home/johan2/Documents/fpga/zynq-pynq-gnss-receiver/enhanced_correlator/enhanced_correlator/enhanced_correlator/hls/.autopilot/db/enhanced_correlator.constraint.tcl 
Execute     syn_report -designview -model enhanced_correlator -o /home/johan2/Documents/fpga/zynq-pynq-gnss-receiver/enhanced_correlator/enhanced_correlator/enhanced_correlator/hls/.autopilot/db/enhanced_correlator.design.xml 
Execute     syn_report -csynthDesign -model enhanced_correlator -o /home/johan2/Documents/fpga/zynq-pynq-gnss-receiver/enhanced_correlator/enhanced_correlator/enhanced_correlator/hls/syn/report/csynth.rpt -MHOut /home/johan2/Documents/fpga/zynq-pynq-gnss-receiver/enhanced_correlator/enhanced_correlator/enhanced_correlator/hls/.autopilot/db/kernel_module_hierarchy.tcl 
Execute       list_part -family xc7z020-clg484-1 
Execute         ap_family_info -name xc7z020-clg484-1 -data names 
Execute         ap_part_info -quiet -name xc7z020-clg484-1 -data family 
Execute     syn_report -wcfg -model enhanced_correlator -o /home/johan2/Documents/fpga/zynq-pynq-gnss-receiver/enhanced_correlator/enhanced_correlator/enhanced_correlator/hls/.autopilot/db/enhanced_correlator_dataflow_ana.wcfg 
Execute     syn_report -protoinst -model enhanced_correlator -o /home/johan2/Documents/fpga/zynq-pynq-gnss-receiver/enhanced_correlator/enhanced_correlator/enhanced_correlator/hls/.autopilot/db/enhanced_correlator.protoinst 
Execute     sc_get_clocks enhanced_correlator 
Execute     sc_get_portdomain enhanced_correlator 
INFO-FLOW: Model list for RTL component generation: sin_or_cos<float> enhanced_correlator
INFO-FLOW: Handling components in module [sin_or_cos_float_s] ... 
Execute     source /home/johan2/Documents/fpga/zynq-pynq-gnss-receiver/enhanced_correlator/enhanced_correlator/enhanced_correlator/hls/.autopilot/db/sin_or_cos_float_s.compgen.tcl 
INFO-FLOW: Found component enhanced_correlator_mul_23s_22ns_45_1_1.
INFO-FLOW: Append model enhanced_correlator_mul_23s_22ns_45_1_1
INFO-FLOW: Found component enhanced_correlator_mul_30s_29ns_58_2_1.
INFO-FLOW: Append model enhanced_correlator_mul_30s_29ns_58_2_1
INFO-FLOW: Found component enhanced_correlator_mul_80s_24ns_80_5_1.
INFO-FLOW: Append model enhanced_correlator_mul_80s_24ns_80_5_1
INFO-FLOW: Found component enhanced_correlator_sparsemux_17_3_1_1_1.
INFO-FLOW: Append model enhanced_correlator_sparsemux_17_3_1_1_1
INFO-FLOW: Found component enhanced_correlator_ctlz_30_30_1_1.
INFO-FLOW: Append model enhanced_correlator_ctlz_30_30_1_1
INFO-FLOW: Found component enhanced_correlator_sparsemux_33_4_1_1_1.
INFO-FLOW: Append model enhanced_correlator_sparsemux_33_4_1_1_1
INFO-FLOW: Found component enhanced_correlator_sparsemux_33_4_1_1_1.
INFO-FLOW: Append model enhanced_correlator_sparsemux_33_4_1_1_1
INFO-FLOW: Found component enhanced_correlator_mul_15ns_15ns_30_1_1.
INFO-FLOW: Append model enhanced_correlator_mul_15ns_15ns_30_1_1
INFO-FLOW: Found component enhanced_correlator_mul_15ns_15s_30_1_1.
INFO-FLOW: Append model enhanced_correlator_mul_15ns_15s_30_1_1
INFO-FLOW: Found component enhanced_correlator_ctlz_32_32_1_1.
INFO-FLOW: Append model enhanced_correlator_ctlz_32_32_1_1
INFO-FLOW: Found component enhanced_correlator_sin_or_cos_float_s_ref_4oPi_table_100_ROM_1P_LUTRAM_1R.
INFO-FLOW: Append model enhanced_correlator_sin_or_cos_float_s_ref_4oPi_table_100_ROM_1P_LUTRAM_1R
INFO-FLOW: Found component enhanced_correlator_sin_or_cos_float_s_second_order_float_sin_cos_K0_ROM_1P_LUTRAM_1R.
INFO-FLOW: Append model enhanced_correlator_sin_or_cos_float_s_second_order_float_sin_cos_K0_ROM_1P_LUTRAM_1R
INFO-FLOW: Found component enhanced_correlator_sin_or_cos_float_s_second_order_float_sin_cos_K1_ROM_1P_LUTRAM_1R.
INFO-FLOW: Append model enhanced_correlator_sin_or_cos_float_s_second_order_float_sin_cos_K1_ROM_1P_LUTRAM_1R
INFO-FLOW: Found component enhanced_correlator_sin_or_cos_float_s_second_order_float_sin_cos_K2_ROM_1P_LUTRAM_1R.
INFO-FLOW: Append model enhanced_correlator_sin_or_cos_float_s_second_order_float_sin_cos_K2_ROM_1P_LUTRAM_1R
INFO-FLOW: Handling components in module [enhanced_correlator] ... 
Execute     source /home/johan2/Documents/fpga/zynq-pynq-gnss-receiver/enhanced_correlator/enhanced_correlator/enhanced_correlator/hls/.autopilot/db/enhanced_correlator.compgen.tcl 
INFO-FLOW: Found component enhanced_correlator_faddfsub_32ns_32ns_32_5_full_dsp_1.
INFO-FLOW: Append model enhanced_correlator_faddfsub_32ns_32ns_32_5_full_dsp_1
INFO-FLOW: Found component enhanced_correlator_fadd_32ns_32ns_32_5_full_dsp_1.
INFO-FLOW: Append model enhanced_correlator_fadd_32ns_32ns_32_5_full_dsp_1
INFO-FLOW: Found component enhanced_correlator_fmul_32ns_32ns_32_4_max_dsp_1.
INFO-FLOW: Append model enhanced_correlator_fmul_32ns_32ns_32_4_max_dsp_1
INFO-FLOW: Found component enhanced_correlator_fdiv_32ns_32ns_32_16_no_dsp_1.
INFO-FLOW: Append model enhanced_correlator_fdiv_32ns_32ns_32_16_no_dsp_1
INFO-FLOW: Found component enhanced_correlator_sitofp_32ns_32_6_no_dsp_1.
INFO-FLOW: Append model enhanced_correlator_sitofp_32ns_32_6_no_dsp_1
INFO-FLOW: Found component enhanced_correlator_fcmp_32ns_32ns_1_2_no_dsp_1.
INFO-FLOW: Append model enhanced_correlator_fcmp_32ns_32ns_1_2_no_dsp_1
INFO-FLOW: Found component enhanced_correlator_gmem0_m_axi.
INFO-FLOW: Append model enhanced_correlator_gmem0_m_axi
INFO-FLOW: Found component enhanced_correlator_gmem1_m_axi.
INFO-FLOW: Append model enhanced_correlator_gmem1_m_axi
INFO-FLOW: Found component enhanced_correlator_control_s_axi.
INFO-FLOW: Append model enhanced_correlator_control_s_axi
INFO-FLOW: Found component enhanced_correlator_control_r_s_axi.
INFO-FLOW: Append model enhanced_correlator_control_r_s_axi
INFO-FLOW: Append model sin_or_cos_float_s
INFO-FLOW: Append model enhanced_correlator
INFO-FLOW: Generating RTL model list ...
INFO-FLOW: All models in this session: enhanced_correlator_mul_23s_22ns_45_1_1 enhanced_correlator_mul_30s_29ns_58_2_1 enhanced_correlator_mul_80s_24ns_80_5_1 enhanced_correlator_sparsemux_17_3_1_1_1 enhanced_correlator_ctlz_30_30_1_1 enhanced_correlator_sparsemux_33_4_1_1_1 enhanced_correlator_sparsemux_33_4_1_1_1 enhanced_correlator_mul_15ns_15ns_30_1_1 enhanced_correlator_mul_15ns_15s_30_1_1 enhanced_correlator_ctlz_32_32_1_1 enhanced_correlator_sin_or_cos_float_s_ref_4oPi_table_100_ROM_1P_LUTRAM_1R enhanced_correlator_sin_or_cos_float_s_second_order_float_sin_cos_K0_ROM_1P_LUTRAM_1R enhanced_correlator_sin_or_cos_float_s_second_order_float_sin_cos_K1_ROM_1P_LUTRAM_1R enhanced_correlator_sin_or_cos_float_s_second_order_float_sin_cos_K2_ROM_1P_LUTRAM_1R enhanced_correlator_faddfsub_32ns_32ns_32_5_full_dsp_1 enhanced_correlator_fadd_32ns_32ns_32_5_full_dsp_1 enhanced_correlator_fmul_32ns_32ns_32_4_max_dsp_1 enhanced_correlator_fdiv_32ns_32ns_32_16_no_dsp_1 enhanced_correlator_sitofp_32ns_32_6_no_dsp_1 enhanced_correlator_fcmp_32ns_32ns_1_2_no_dsp_1 enhanced_correlator_gmem0_m_axi enhanced_correlator_gmem1_m_axi enhanced_correlator_control_s_axi enhanced_correlator_control_r_s_axi sin_or_cos_float_s enhanced_correlator
INFO-FLOW: Generating /home/johan2/Documents/fpga/zynq-pynq-gnss-receiver/enhanced_correlator/enhanced_correlator/enhanced_correlator/hls/.autopilot/db/autopilot.rtl.models.txt file...
INFO-FLOW: To file: write model enhanced_correlator_mul_23s_22ns_45_1_1
INFO-FLOW: To file: write model enhanced_correlator_mul_30s_29ns_58_2_1
INFO-FLOW: To file: write model enhanced_correlator_mul_80s_24ns_80_5_1
INFO-FLOW: To file: write model enhanced_correlator_sparsemux_17_3_1_1_1
INFO-FLOW: To file: write model enhanced_correlator_ctlz_30_30_1_1
INFO-FLOW: To file: write model enhanced_correlator_sparsemux_33_4_1_1_1
INFO-FLOW: To file: write model enhanced_correlator_sparsemux_33_4_1_1_1
INFO-FLOW: To file: write model enhanced_correlator_mul_15ns_15ns_30_1_1
INFO-FLOW: To file: write model enhanced_correlator_mul_15ns_15s_30_1_1
INFO-FLOW: To file: write model enhanced_correlator_ctlz_32_32_1_1
INFO-FLOW: To file: write model enhanced_correlator_sin_or_cos_float_s_ref_4oPi_table_100_ROM_1P_LUTRAM_1R
INFO-FLOW: To file: write model enhanced_correlator_sin_or_cos_float_s_second_order_float_sin_cos_K0_ROM_1P_LUTRAM_1R
INFO-FLOW: To file: write model enhanced_correlator_sin_or_cos_float_s_second_order_float_sin_cos_K1_ROM_1P_LUTRAM_1R
INFO-FLOW: To file: write model enhanced_correlator_sin_or_cos_float_s_second_order_float_sin_cos_K2_ROM_1P_LUTRAM_1R
INFO-FLOW: To file: write model enhanced_correlator_faddfsub_32ns_32ns_32_5_full_dsp_1
INFO-FLOW: To file: write model enhanced_correlator_fadd_32ns_32ns_32_5_full_dsp_1
INFO-FLOW: To file: write model enhanced_correlator_fmul_32ns_32ns_32_4_max_dsp_1
INFO-FLOW: To file: write model enhanced_correlator_fdiv_32ns_32ns_32_16_no_dsp_1
INFO-FLOW: To file: write model enhanced_correlator_sitofp_32ns_32_6_no_dsp_1
INFO-FLOW: To file: write model enhanced_correlator_fcmp_32ns_32ns_1_2_no_dsp_1
INFO-FLOW: To file: write model enhanced_correlator_gmem0_m_axi
INFO-FLOW: To file: write model enhanced_correlator_gmem1_m_axi
INFO-FLOW: To file: write model enhanced_correlator_control_s_axi
INFO-FLOW: To file: write model enhanced_correlator_control_r_s_axi
INFO-FLOW: To file: write model sin_or_cos_float_s
INFO-FLOW: To file: write model enhanced_correlator
INFO-FLOW: Generating /home/johan2/Documents/fpga/zynq-pynq-gnss-receiver/enhanced_correlator/enhanced_correlator/enhanced_correlator/hls/.autopilot/db/autopilot.rtl.models.tcl file...
INFO-FLOW: Finished generating RTL model list.


INFO-FLOW: RTL Generation done.
INFO-FLOW: CAS Generation done.
INFO-FLOW: CBC Generation done.
Execute     AP::msg_collection_file -close 
INFO-FLOW: DBG:PROC: ::AESL_AUTOMG::auto_generate_csynth_design
INFO-FLOW: DBG:PUTS: read_platform_lib /home/johan2/Documents/fpga/zynq-pynq-gnss-receiver/enhanced_correlator/enhanced_correlator/enhanced_correlator/hls/.autopilot/db/global.setting.tcl
Execute     source /opt/Xilinx/2025.2/Vitis/common/technology/generic/autopilot/common.gen 
Execute       source /opt/Xilinx/2025.2/Vitis/common/technology/generic/autopilot/APCoreGen.gen 
Execute     source /opt/Xilinx/2025.2/Vitis/common/technology/generic/autopilot/op.gen 
Execute     source /opt/Xilinx/2025.2/Vitis/common/technology/generic/autopilot/op_simcore.gen 
Execute     source /opt/Xilinx/2025.2/Vitis/common/technology/generic/autopilot/interface.gen 
Execute     source /home/johan2/Documents/fpga/zynq-pynq-gnss-receiver/enhanced_correlator/enhanced_correlator/enhanced_correlator/hls/.autopilot/db/global.setting.tcl 
Execute     source /opt/Xilinx/2025.2/Vitis/common/technology/xilinx/common/xilinx.gen 
Execute       source /opt/Xilinx/2025.2/Vitis/common/technology/xilinx/interface/plb46.gen 
Execute       source /opt/Xilinx/2025.2/Vitis/common/technology/xilinx/interface/axi4.gen 
Execute       source /opt/Xilinx/2025.2/Vitis/common/technology/xilinx/interface/nativeAXI4.gen 
Execute         source /opt/Xilinx/2025.2/Vitis/common/technology/xilinx/interface/saxilite.gen 
Execute       source /opt/Xilinx/2025.2/Vitis/common/technology/xilinx/scripts/xilinxcoregen.gen 
Execute       source /opt/Xilinx/2025.2/Vitis/common/technology/xilinx/interface/XilEDKCoreGen.gen 
Execute       source /opt/Xilinx/2025.2/Vitis/common/technology/xilinx/ip/xfft.gen 
Command       ap_source done; 0.13 sec.
Execute       source /opt/Xilinx/2025.2/Vitis/common/technology/xilinx/ip/util.gen 
Execute       source /opt/Xilinx/2025.2/Vitis/common/technology/xilinx/ip/xfir.gen 
Execute       source /opt/Xilinx/2025.2/Vitis/common/technology/xilinx/ip/dds_compiler.gen 
Execute       source /opt/Xilinx/2025.2/Vitis/common/technology/xilinx/DSP48/dsp48.gen 
Command     ap_source done; 0.17 sec.
INFO-FLOW: DBG:PUTS:   using AESL_AUTOCG::g_clock_period=10.000 (was NA)
INFO-FLOW: DBG:PROC: ::AESL_AUTOMG::generate_ip_cores gen_sim_model='1' gen_fp_models='0' gen_for_export='0' dstSCDir='' dstVhdlDir='/home/johan2/Documents/fpga/zynq-pynq-gnss-receiver/enhanced_correlator/enhanced_correlator/enhanced_correlator/hls/.autopilot/db/vhdl' dstVlogDir='/home/johan2/Documents/fpga/zynq-pynq-gnss-receiver/enhanced_correlator/enhanced_correlator/enhanced_correlator/hls/.autopilot/db/vlog' tclDir='/home/johan2/Documents/fpga/zynq-pynq-gnss-receiver/enhanced_correlator/enhanced_correlator/enhanced_correlator/hls/.autopilot/db' modelList='enhanced_correlator_mul_23s_22ns_45_1_1
enhanced_correlator_mul_30s_29ns_58_2_1
enhanced_correlator_mul_80s_24ns_80_5_1
enhanced_correlator_sparsemux_17_3_1_1_1
enhanced_correlator_ctlz_30_30_1_1
enhanced_correlator_sparsemux_33_4_1_1_1
enhanced_correlator_sparsemux_33_4_1_1_1
enhanced_correlator_mul_15ns_15ns_30_1_1
enhanced_correlator_mul_15ns_15s_30_1_1
enhanced_correlator_ctlz_32_32_1_1
enhanced_correlator_sin_or_cos_float_s_ref_4oPi_table_100_ROM_1P_LUTRAM_1R
enhanced_correlator_sin_or_cos_float_s_second_order_float_sin_cos_K0_ROM_1P_LUTRAM_1R
enhanced_correlator_sin_or_cos_float_s_second_order_float_sin_cos_K1_ROM_1P_LUTRAM_1R
enhanced_correlator_sin_or_cos_float_s_second_order_float_sin_cos_K2_ROM_1P_LUTRAM_1R
enhanced_correlator_faddfsub_32ns_32ns_32_5_full_dsp_1
enhanced_correlator_fadd_32ns_32ns_32_5_full_dsp_1
enhanced_correlator_fmul_32ns_32ns_32_4_max_dsp_1
enhanced_correlator_fdiv_32ns_32ns_32_16_no_dsp_1
enhanced_correlator_sitofp_32ns_32_6_no_dsp_1
enhanced_correlator_fcmp_32ns_32ns_1_2_no_dsp_1
enhanced_correlator_gmem0_m_axi
enhanced_correlator_gmem1_m_axi
enhanced_correlator_control_s_axi
enhanced_correlator_control_r_s_axi
sin_or_cos_float_s
enhanced_correlator
' expOnly='0'
Execute     source /home/johan2/Documents/fpga/zynq-pynq-gnss-receiver/enhanced_correlator/enhanced_correlator/enhanced_correlator/hls/.autopilot/db/global.setting.tcl 
Execute     ap_part_info -name xc7z020-clg484-1 -data names -quiet 
Execute     ap_part_info -name xc7z020-clg484-1 -data info -quiet 
Execute     source /home/johan2/Documents/fpga/zynq-pynq-gnss-receiver/enhanced_correlator/enhanced_correlator/enhanced_correlator/hls/.autopilot/db/global.setting.tcl 
Execute     source /home/johan2/Documents/fpga/zynq-pynq-gnss-receiver/enhanced_correlator/enhanced_correlator/enhanced_correlator/hls/.autopilot/db/global.setting.tcl 
Execute     source /home/johan2/Documents/fpga/zynq-pynq-gnss-receiver/enhanced_correlator/enhanced_correlator/enhanced_correlator/hls/.autopilot/db/sin_or_cos_float_s.compgen.tcl 
Execute     source /home/johan2/Documents/fpga/zynq-pynq-gnss-receiver/enhanced_correlator/enhanced_correlator/enhanced_correlator/hls/.autopilot/db/enhanced_correlator.compgen.tcl 
Execute       source ./control.slave.tcl 
Execute       source ./control.slave.tcl 
Execute       source ./control_r.slave.tcl 
INFO: [HLS 200-111] Finished Generating all RTL models: CPU user time: 0.84 seconds. CPU system time: 0.08 seconds. Elapsed time: 0.92 seconds; current allocated memory: 547.562 MB.
INFO-FLOW: DBG:PROC: ::HLSREPORTS::create_csynth_xml bind_info_var='bind_info' RtlSubPrefix='enhanced_correlator_' outfile=''
INFO-FLOW: Running: create_csynth_xml read xml data
INFO-FLOW: Done: create_csynth_xml read xml data time: 0 seconds 
INFO-FLOW: create_csynth_xml: all_module_nodes count=2
INFO-FLOW: Running: create_csynth_xml bind info
INFO-FLOW: create_csynth_xml: all_bind_nodes count=193
INFO-FLOW: Done: create_csynth_xml bind info time: 0 seconds 
INFO-FLOW: create_csynth_xml: bind_instances counts: modules=2 instances=191
INFO-FLOW: Running: create_csynth_xml update csynth_xml_module_hier
INFO-FLOW: Done: create_csynth_xml update csynth_xml_module_hier time: 0 seconds 
INFO-FLOW: create_csynth_xml: csynth_xml_module_hier max_depth=3
INFO-FLOW: Running: create_csynth_xml gen bind_report_dict
INFO-FLOW: Done: create_csynth_xml gen bind_report_dict time: 0 seconds 
INFO-FLOW: Running: create_csynth_xml config info
INFO-FLOW: Done: create_csynth_xml config info time: 0.4 seconds 
INFO-FLOW: Running: create_csynth_xml write xml
INFO-FLOW: Done: create_csynth_xml write xml time: 0 seconds 
INFO-FLOW: DBG:PUTS:      create_csynth_xml wrote csynth_xml=/home/johan2/Documents/fpga/zynq-pynq-gnss-receiver/enhanced_correlator/enhanced_correlator/enhanced_correlator/hls/syn/report/csynth.xml
INFO-FLOW: Running: generate_json
INFO-FLOW: DBG:PROC: ::AP::DESIGN_DATA::generate_json generate_bd_files='0' generate_xo_files='0' modelList='enhanced_correlator_mul_23s_22ns_45_1_1
enhanced_correlator_mul_30s_29ns_58_2_1
enhanced_correlator_mul_80s_24ns_80_5_1
enhanced_correlator_sparsemux_17_3_1_1_1
enhanced_correlator_ctlz_30_30_1_1
enhanced_correlator_sparsemux_33_4_1_1_1
enhanced_correlator_sparsemux_33_4_1_1_1
enhanced_correlator_mul_15ns_15ns_30_1_1
enhanced_correlator_mul_15ns_15s_30_1_1
enhanced_correlator_ctlz_32_32_1_1
enhanced_correlator_sin_or_cos_float_s_ref_4oPi_table_100_ROM_1P_LUTRAM_1R
enhanced_correlator_sin_or_cos_float_s_second_order_float_sin_cos_K0_ROM_1P_LUTRAM_1R
enhanced_correlator_sin_or_cos_float_s_second_order_float_sin_cos_K1_ROM_1P_LUTRAM_1R
enhanced_correlator_sin_or_cos_float_s_second_order_float_sin_cos_K2_ROM_1P_LUTRAM_1R
enhanced_correlator_faddfsub_32ns_32ns_32_5_full_dsp_1
enhanced_correlator_fadd_32ns_32ns_32_5_full_dsp_1
enhanced_correlator_fmul_32ns_32ns_32_4_max_dsp_1
enhanced_correlator_fdiv_32ns_32ns_32_16_no_dsp_1
enhanced_correlator_sitofp_32ns_32_6_no_dsp_1
enhanced_correlator_fcmp_32ns_32ns_1_2_no_dsp_1
enhanced_correlator_gmem0_m_axi
enhanced_correlator_gmem1_m_axi
enhanced_correlator_control_s_axi
enhanced_correlator_control_r_s_axi
sin_or_cos_float_s
enhanced_correlator
' rtl_lang='both' bootstrap_tcl='false' outdir='' outfilename=''
Execute     source /home/johan2/Documents/fpga/zynq-pynq-gnss-receiver/enhanced_correlator/enhanced_correlator/enhanced_correlator/hls/.autopilot/db/global.setting.tcl 
Execute     source /home/johan2/Documents/fpga/zynq-pynq-gnss-receiver/enhanced_correlator/enhanced_correlator/enhanced_correlator/hls/.autopilot/db/global.setting.tcl 
Execute     source /home/johan2/Documents/fpga/zynq-pynq-gnss-receiver/enhanced_correlator/enhanced_correlator/enhanced_correlator/hls/.autopilot/db/top-io-be.tcl 
Execute     source /home/johan2/Documents/fpga/zynq-pynq-gnss-receiver/enhanced_correlator/enhanced_correlator/enhanced_correlator/hls/.autopilot/db/enhanced_correlator.tbgen.tcl 
Execute     source /home/johan2/Documents/fpga/zynq-pynq-gnss-receiver/enhanced_correlator/enhanced_correlator/enhanced_correlator/hls/.autopilot/db/enhanced_correlator.compgen.dataonly.tcl 
Execute     source /home/johan2/Documents/fpga/zynq-pynq-gnss-receiver/enhanced_correlator/enhanced_correlator/enhanced_correlator/hls/.autopilot/db/enhanced_correlator.compgen.dataonly.tcl 
Execute     source /home/johan2/Documents/fpga/zynq-pynq-gnss-receiver/enhanced_correlator/enhanced_correlator/enhanced_correlator/hls/.autopilot/db/enhanced_correlator.compgen.dataonly.tcl 
Execute     source /home/johan2/Documents/fpga/zynq-pynq-gnss-receiver/enhanced_correlator/enhanced_correlator/enhanced_correlator/hls/.autopilot/db/enhanced_correlator.compgen.dataonly.tcl 
Execute     source /home/johan2/Documents/fpga/zynq-pynq-gnss-receiver/enhanced_correlator/enhanced_correlator/enhanced_correlator/hls/.autopilot/db/enhanced_correlator.rtl_wrap.cfg.tcl 
Execute     source /home/johan2/Documents/fpga/zynq-pynq-gnss-receiver/enhanced_correlator/enhanced_correlator/enhanced_correlator/hls/.autopilot/db/enhanced_correlator.compgen.dataonly.tcl 
Execute     source /home/johan2/Documents/fpga/zynq-pynq-gnss-receiver/enhanced_correlator/enhanced_correlator/enhanced_correlator/hls/.autopilot/db/sin_or_cos_float_s.tbgen.tcl 
Execute     source /home/johan2/Documents/fpga/zynq-pynq-gnss-receiver/enhanced_correlator/enhanced_correlator/enhanced_correlator/hls/.autopilot/db/enhanced_correlator.tbgen.tcl 
Execute     source /home/johan2/Documents/fpga/zynq-pynq-gnss-receiver/enhanced_correlator/enhanced_correlator/enhanced_correlator/hls/.autopilot/db/global.setting.tcl 
Execute     ap_part_info -name xc7z020-clg484-1 -data names -quiet 
Execute     ap_part_info -name xc7z020-clg484-1 -data info -quiet 
Execute     source /home/johan2/Documents/fpga/zynq-pynq-gnss-receiver/enhanced_correlator/enhanced_correlator/enhanced_correlator/hls/.autopilot/db/enhanced_correlator.constraint.tcl 
Execute     sc_get_clocks enhanced_correlator 
Execute     source /home/johan2/Documents/fpga/zynq-pynq-gnss-receiver/enhanced_correlator/enhanced_correlator/enhanced_correlator/hls/.autopilot/db/global.setting.tcl 
Execute     source /opt/Xilinx/2025.2/Vitis/tps/tcl/tcllib2.0/fileutil/fileutil.tcl 
Execute     source /home/johan2/Documents/fpga/zynq-pynq-gnss-receiver/enhanced_correlator/enhanced_correlator/enhanced_correlator/hls/impl/misc/enhanced_correlator_fadd_32ns_32ns_32_5_full_dsp_1_ip.tcl 
Execute     source /home/johan2/Documents/fpga/zynq-pynq-gnss-receiver/enhanced_correlator/enhanced_correlator/enhanced_correlator/hls/impl/misc/enhanced_correlator_faddfsub_32ns_32ns_32_5_full_dsp_1_ip.tcl 
Execute     source /home/johan2/Documents/fpga/zynq-pynq-gnss-receiver/enhanced_correlator/enhanced_correlator/enhanced_correlator/hls/impl/misc/enhanced_correlator_fcmp_32ns_32ns_1_2_no_dsp_1_ip.tcl 
Execute     source /home/johan2/Documents/fpga/zynq-pynq-gnss-receiver/enhanced_correlator/enhanced_correlator/enhanced_correlator/hls/impl/misc/enhanced_correlator_fdiv_32ns_32ns_32_16_no_dsp_1_ip.tcl 
Execute     source /home/johan2/Documents/fpga/zynq-pynq-gnss-receiver/enhanced_correlator/enhanced_correlator/enhanced_correlator/hls/impl/misc/enhanced_correlator_fmul_32ns_32ns_32_4_max_dsp_1_ip.tcl 
Execute     source /home/johan2/Documents/fpga/zynq-pynq-gnss-receiver/enhanced_correlator/enhanced_correlator/enhanced_correlator/hls/impl/misc/enhanced_correlator_sitofp_32ns_32_6_no_dsp_1_ip.tcl 
INFO-FLOW: Done: generate_json time: 1.5 seconds 
INFO-FLOW: Running: add_csynth_report_sections
INFO-FLOW: DBG:PROC: ::HLSREPORTS::add_csynth_report_sections bind_info_dict='adapter_nodes {{BINDTYPE adapter ID {} IMPL {} LATENCY {} OPTYPE {} PRAGMA {} RTLNAME control_s_axi_U SOURCE {} VARIABLE {} LOOP {} BUNDLEDNAME control DSP 0 BRAM 0 URAM 0 STORAGESUBTYPE s_axilite STORAGESIZE {} STORAGEUSAGE interface DISPNAME {bind_adapter }} {BINDTYPE adapter ID {} IMPL {} LATENCY {} OPTYPE {} PRAGMA {} RTLNAME control_r_s_axi_U SOURCE {} VARIABLE {} LOOP {} BUNDLEDNAME control_r DSP 0 BRAM 0 URAM 0 STORAGESUBTYPE s_axilite STORAGESIZE {} STORAGEUSAGE interface DISPNAME {bind_adapter }} {BINDTYPE adapter ID {} IMPL {} LATENCY {} OPTYPE {} PRAGMA {} RTLNAME gmem0_m_axi_U SOURCE {} VARIABLE {} LOOP {} BUNDLEDNAME gmem0 DSP 0 BRAM 2 URAM 0 STORAGESUBTYPE m_axi STORAGESIZE {} STORAGEUSAGE interface DISPNAME {bind_adapter }} {BINDTYPE adapter ID {} IMPL {} LATENCY {} OPTYPE {} PRAGMA {} RTLNAME gmem1_m_axi_U SOURCE {} VARIABLE {} LOOP {} BUNDLEDNAME gmem1 DSP 0 BRAM 2 URAM 0 STORAGESUBTYPE m_axi STORAGESIZE {} STORAGEUSAGE interface DISPNAME {bind_adapter }}} cache_nodes {} report_dict {TOPINST enhanced_correlator MODULE2INSTS {enhanced_correlator enhanced_correlator sin_or_cos_float_s {grp_sin_or_cos_float_s_fu_479 grp_sin_or_cos_float_s_fu_495}} INST2MODULE {enhanced_correlator enhanced_correlator grp_sin_or_cos_float_s_fu_479 sin_or_cos_float_s grp_sin_or_cos_float_s_fu_495 sin_or_cos_float_s} INSTDATA {enhanced_correlator {DEPTH 1 CHILDREN {grp_sin_or_cos_float_s_fu_479 grp_sin_or_cos_float_s_fu_495}} grp_sin_or_cos_float_s_fu_479 {DEPTH 2 CHILDREN {}} grp_sin_or_cos_float_s_fu_495 {DEPTH 2 CHILDREN {}}} MODULEDATA {sin_or_cos_float_s {BINDINFO {{BINDTYPE op ID {} IMPL auto LATENCY 0 OPTYPE setlt PRAGMA {} RTLNAME closepath_fu_324_p2 SOURCE /wrk/ci/prod/2025.2/hls_product/continuous/666/2025.2/src/shared/hls/clib/hlsmath/include/FloatingPoint/hls_range_redux.h:451 VARIABLE closepath LOOP {} BUNDLEDNAME {} DSP 0 BRAM 0 URAM 0 STORAGESUBTYPE {} DISPNAME {bind_op setlt} VISIBLE false} {BINDTYPE op ID {} IMPL fabric LATENCY 0 OPTYPE add PRAGMA {} RTLNAME Ex_fu_487_p2 SOURCE /wrk/ci/prod/2025.2/hls_product/continuous/666/2025.2/src/shared/hls/clib/hlsmath/include/FloatingPoint/hls_range_redux.h:454 VARIABLE Ex LOOP {} BUNDLEDNAME {} DSP 0 BRAM 0 URAM 0 STORAGESUBTYPE {} DISPNAME {bind_op add} VISIBLE true} {BINDTYPE op ID {} IMPL auto_sel LATENCY 0 OPTYPE select PRAGMA {} RTLNAME select_ln453_fu_492_p3 SOURCE /wrk/ci/prod/2025.2/hls_product/continuous/666/2025.2/src/shared/hls/clib/hlsmath/include/FloatingPoint/hls_range_redux.h:453 VARIABLE select_ln453 LOOP {} BUNDLEDNAME {} DSP 0 BRAM 0 URAM 0 STORAGESUBTYPE {} DISPNAME {bind_op select} VISIBLE false} {BINDTYPE op ID {} IMPL fabric LATENCY 0 OPTYPE add PRAGMA {} RTLNAME add_ln376_fu_330_p2 SOURCE /wrk/ci/prod/2025.2/hls_product/continuous/666/2025.2/src/shared/hls/clib/hlsmath/include/FloatingPoint/hls_range_redux.h:376 VARIABLE add_ln376 LOOP {} BUNDLEDNAME {} DSP 0 BRAM 0 URAM 0 STORAGESUBTYPE {} DISPNAME {bind_op add} VISIBLE true} {BINDTYPE op ID {} IMPL auto_sel LATENCY 0 OPTYPE select PRAGMA {} RTLNAME addr_fu_336_p3 SOURCE /wrk/ci/prod/2025.2/hls_product/continuous/666/2025.2/src/shared/hls/clib/hlsmath/include/FloatingPoint/hls_range_redux.h:376 VARIABLE addr LOOP {} BUNDLEDNAME {} DSP 0 BRAM 0 URAM 0 STORAGESUBTYPE {} DISPNAME {bind_op select} VISIBLE false} {BINDTYPE op ID {} IMPL auto_pipe LATENCY 0 OPTYPE shl PRAGMA {} RTLNAME shl_ln379_fu_366_p2 SOURCE /wrk/ci/prod/2025.2/hls_product/continuous/666/2025.2/src/shared/hls/clib/hlsmath/include/FloatingPoint/hls_range_redux.h:379 VARIABLE shl_ln379 LOOP {} BUNDLEDNAME {} DSP 0 BRAM 0 URAM 0 STORAGESUBTYPE {} DISPNAME {bind_op shl} VISIBLE false} {BINDTYPE op ID {} IMPL auto LATENCY 4 OPTYPE mul PRAGMA {} RTLNAME mul_80s_24ns_80_5_1_U3 SOURCE /wrk/ci/prod/2025.2/hls_product/continuous/666/2025.2/src/shared/hls/clib/hlsmath/include/FloatingPoint/hls_range_redux.h:468 VARIABLE h LOOP {} BUNDLEDNAME {} DSP 5 BRAM 0 URAM 0 STORAGESUBTYPE {} DISPNAME {bind_op mul} VISIBLE true} {BINDTYPE op ID {} IMPL auto_sel LATENCY 0 OPTYPE select PRAGMA {} RTLNAME k_fu_417_p3 SOURCE /wrk/ci/prod/2025.2/hls_product/continuous/666/2025.2/src/shared/hls/clib/hlsmath/include/FloatingPoint/hls_range_redux.h:451 VARIABLE k LOOP {} BUNDLEDNAME {} DSP 0 BRAM 0 URAM 0 STORAGESUBTYPE {} DISPNAME {bind_op select} VISIBLE false} {BINDTYPE op ID {} IMPL fabric LATENCY 0 OPTYPE sub PRAGMA {} RTLNAME Mx_bits_1_fu_427_p2 SOURCE /wrk/ci/prod/2025.2/hls_product/continuous/666/2025.2/src/shared/hls/clib/hlsmath/include/FloatingPoint/hls_range_redux.h:492 VARIABLE Mx_bits_1 LOOP {} BUNDLEDNAME {} DSP 0 BRAM 0 URAM 0 STORAGESUBTYPE {} DISPNAME {bind_op sub} VISIBLE true} {BINDTYPE op ID {} IMPL auto_sel LATENCY 0 OPTYPE select PRAGMA {} RTLNAME Mx_bits_3_fu_432_p3 SOURCE /wrk/ci/prod/2025.2/hls_product/continuous/666/2025.2/src/shared/hls/clib/hlsmath/include/FloatingPoint/hls_range_redux.h:491 VARIABLE Mx_bits_3 LOOP {} BUNDLEDNAME {} DSP 0 BRAM 0 URAM 0 STORAGESUBTYPE {} DISPNAME {bind_op select} VISIBLE false} {BINDTYPE op ID {} IMPL auto LATENCY 0 OPTYPE ctlz PRAGMA {} RTLNAME ctlz_30_30_1_1_U5 SOURCE /wrk/ci/prod/2025.2/hls_product/continuous/666/2025.2/src/shared/hls/clib/hlsmath/include/FloatingPoint/hls_normalize.h:75 VARIABLE Mx_zeros LOOP {} BUNDLEDNAME {} DSP 0 BRAM 0 URAM 0 STORAGESUBTYPE {} DISPNAME {bind_op ctlz} VISIBLE false} {BINDTYPE op ID {} IMPL auto_pipe LATENCY 0 OPTYPE shl PRAGMA {} RTLNAME shl_ln504_fu_518_p2 SOURCE /wrk/ci/prod/2025.2/hls_product/continuous/666/2025.2/src/shared/hls/clib/hlsmath/include/FloatingPoint/hls_range_redux.h:504 VARIABLE shl_ln504 LOOP {} BUNDLEDNAME {} DSP 0 BRAM 0 URAM 0 STORAGESUBTYPE {} DISPNAME {bind_op shl} VISIBLE false} {BINDTYPE op ID {} IMPL fabric LATENCY 0 OPTYPE sub PRAGMA {} RTLNAME Ex_1_fu_537_p2 SOURCE /wrk/ci/prod/2025.2/hls_product/continuous/666/2025.2/src/shared/hls/clib/hlsmath/include/FloatingPoint/hls_range_redux.h:505 VARIABLE Ex_1 LOOP {} BUNDLEDNAME {} DSP 0 BRAM 0 URAM 0 STORAGESUBTYPE {} DISPNAME {bind_op sub} VISIBLE true} {BINDTYPE op ID {} IMPL fabric LATENCY 0 OPTYPE sub PRAGMA {} RTLNAME sub_ln506_fu_551_p2 SOURCE /wrk/ci/prod/2025.2/hls_product/continuous/666/2025.2/src/shared/hls/clib/hlsmath/include/FloatingPoint/hls_range_redux.h:506 VARIABLE sub_ln506 LOOP {} BUNDLEDNAME {} DSP 0 BRAM 0 URAM 0 STORAGESUBTYPE {} DISPNAME {bind_op sub} VISIBLE true} {BINDTYPE op ID {} IMPL auto_sel LATENCY 0 OPTYPE select PRAGMA {} RTLNAME select_ln506_fu_777_p3 SOURCE /wrk/ci/prod/2025.2/hls_product/continuous/666/2025.2/src/shared/hls/clib/hlsmath/include/FloatingPoint/hls_range_redux.h:506 VARIABLE select_ln506 LOOP {} BUNDLEDNAME {} DSP 0 BRAM 0 URAM 0 STORAGESUBTYPE {} DISPNAME {bind_op select} VISIBLE false} {BINDTYPE op ID {} IMPL auto_pipe LATENCY 0 OPTYPE lshr PRAGMA {} RTLNAME lshr_ln506_fu_789_p2 SOURCE /wrk/ci/prod/2025.2/hls_product/continuous/666/2025.2/src/shared/hls/clib/hlsmath/include/FloatingPoint/hls_range_redux.h:506 VARIABLE lshr_ln506 LOOP {} BUNDLEDNAME {} DSP 0 BRAM 0 URAM 0 STORAGESUBTYPE {} DISPNAME {bind_op lshr} VISIBLE false} {BINDTYPE op ID {} IMPL auto_pipe LATENCY 0 OPTYPE shl PRAGMA {} RTLNAME shl_ln506_fu_795_p2 SOURCE /wrk/ci/prod/2025.2/hls_product/continuous/666/2025.2/src/shared/hls/clib/hlsmath/include/FloatingPoint/hls_range_redux.h:506 VARIABLE shl_ln506 LOOP {} BUNDLEDNAME {} DSP 0 BRAM 0 URAM 0 STORAGESUBTYPE {} DISPNAME {bind_op shl} VISIBLE false} {BINDTYPE op ID {} IMPL auto_sel LATENCY 0 OPTYPE select PRAGMA {} RTLNAME select_ln506_1_fu_801_p3 SOURCE /wrk/ci/prod/2025.2/hls_product/continuous/666/2025.2/src/shared/hls/clib/hlsmath/include/FloatingPoint/hls_range_redux.h:506 VARIABLE select_ln506_1 LOOP {} BUNDLEDNAME {} DSP 0 BRAM 0 URAM 0 STORAGESUBTYPE {} DISPNAME {bind_op select} VISIBLE false} {BINDTYPE op ID {} IMPL compactencoding_dontcare LATENCY 0 OPTYPE sparsemux PRAGMA {} RTLNAME sparsemux_17_3_1_1_1_U4 SOURCE /wrk/ci/prod/2025.2/hls_product/continuous/666/2025.2/src/shared/hls/clib/hlsmath/include/FloatingPoint/hls_hotbm.h:242 VARIABLE tmp_s LOOP {} BUNDLEDNAME {} DSP 0 BRAM 0 URAM 0 STORAGESUBTYPE {} DISPNAME {bind_op sparsemux} VISIBLE false} {BINDTYPE op ID {} IMPL auto LATENCY 0 OPTYPE xor PRAGMA {} RTLNAME xor_ln242_fu_557_p2 SOURCE /wrk/ci/prod/2025.2/hls_product/continuous/666/2025.2/src/shared/hls/clib/hlsmath/include/FloatingPoint/hls_hotbm.h:242 VARIABLE xor_ln242 LOOP {} BUNDLEDNAME {} DSP 0 BRAM 0 URAM 0 STORAGESUBTYPE {} DISPNAME {bind_op xor} VISIBLE false} {BINDTYPE op ID {} IMPL auto_sel LATENCY 0 OPTYPE select PRAGMA {} RTLNAME cos_basis_fu_562_p3 SOURCE /wrk/ci/prod/2025.2/hls_product/continuous/666/2025.2/src/shared/hls/clib/hlsmath/include/FloatingPoint/hls_hotbm.h:242 VARIABLE cos_basis LOOP {} BUNDLEDNAME {} DSP 0 BRAM 0 URAM 0 STORAGESUBTYPE {} DISPNAME {bind_op select} VISIBLE false} {BINDTYPE op ID {} IMPL auto_sel LATENCY 0 OPTYPE select PRAGMA {} RTLNAME Mx_1_fu_812_p3 SOURCE /wrk/ci/prod/2025.2/hls_product/continuous/666/2025.2/src/shared/hls/clib/hlsmath/include/FloatingPoint/hls_hotbm.h:243 VARIABLE Mx_1 LOOP {} BUNDLEDNAME {} DSP 0 BRAM 0 URAM 0 STORAGESUBTYPE {} DISPNAME {bind_op select} VISIBLE false} {BINDTYPE op ID {} IMPL auto_sel LATENCY 0 OPTYPE select PRAGMA {} RTLNAME Ex_2_fu_818_p3 SOURCE /wrk/ci/prod/2025.2/hls_product/continuous/666/2025.2/src/shared/hls/clib/hlsmath/include/FloatingPoint/hls_hotbm.h:243 VARIABLE Ex_2 LOOP {} BUNDLEDNAME {} DSP 0 BRAM 0 URAM 0 STORAGESUBTYPE {} DISPNAME {bind_op select} VISIBLE false} {BINDTYPE op ID {} IMPL auto LATENCY 0 OPTYPE mul PRAGMA {} RTLNAME mul_15ns_15ns_30_1_1_U8 SOURCE /wrk/ci/prod/2025.2/hls_product/continuous/666/2025.2/src/shared/hls/clib/hlsmath/src/common/hls_hotbm_float.cpp:23 VARIABLE mul_ln23 LOOP {} BUNDLEDNAME {} DSP 1 BRAM 0 URAM 0 STORAGESUBTYPE {} DISPNAME {bind_op mul} VISIBLE true} {BINDTYPE op ID {} IMPL auto_sel LATENCY 0 OPTYPE select PRAGMA {} RTLNAME sin_basis_fu_568_p3 SOURCE /wrk/ci/prod/2025.2/hls_product/continuous/666/2025.2/src/shared/hls/clib/hlsmath/src/common/hls_hotbm_float.cpp:25 VARIABLE sin_basis LOOP {} BUNDLEDNAME {} DSP 0 BRAM 0 URAM 0 STORAGESUBTYPE {} DISPNAME {bind_op select} VISIBLE false} {BINDTYPE op ID {} IMPL auto LATENCY 0 OPTYPE mul PRAGMA {} RTLNAME mul_23s_22ns_45_1_1_U1 SOURCE /wrk/ci/prod/2025.2/hls_product/continuous/666/2025.2/src/shared/hls/clib/hlsmath/src/common/hls_hotbm_float.cpp:29 VARIABLE mul_ln29 LOOP {} BUNDLEDNAME {} DSP 2 BRAM 0 URAM 0 STORAGESUBTYPE {} DISPNAME {bind_op mul} VISIBLE true} {BINDTYPE op ID {} IMPL auto LATENCY 0 OPTYPE mul PRAGMA {} RTLNAME mul_15ns_15s_30_1_1_U9 SOURCE /wrk/ci/prod/2025.2/hls_product/continuous/666/2025.2/src/shared/hls/clib/hlsmath/src/common/hls_hotbm_float.cpp:30 VARIABLE mul_ln30 LOOP {} BUNDLEDNAME {} DSP 1 BRAM 0 URAM 0 STORAGESUBTYPE {} DISPNAME {bind_op mul} VISIBLE true} {BINDTYPE op ID {} IMPL auto LATENCY 1 OPTYPE mul PRAGMA {} RTLNAME mul_30s_29ns_58_2_1_U2 SOURCE /wrk/ci/prod/2025.2/hls_product/continuous/666/2025.2/src/shared/hls/clib/hlsmath/src/common/hls_hotbm_float.cpp:32 VARIABLE mul_ln32 LOOP {} BUNDLEDNAME {} DSP 4 BRAM 0 URAM 0 STORAGESUBTYPE {} DISPNAME {bind_op mul} VISIBLE true} {BINDTYPE op ID {} IMPL auto LATENCY 0 OPTYPE ctlz PRAGMA {} RTLNAME ctlz_32_32_1_1_U10 SOURCE /wrk/ci/prod/2025.2/hls_product/continuous/666/2025.2/src/shared/hls/clib/hlsmath/include/FloatingPoint/hls_normalize.h:81 VARIABLE c LOOP {} BUNDLEDNAME {} DSP 0 BRAM 0 URAM 0 STORAGESUBTYPE {} DISPNAME {bind_op ctlz} VISIBLE false} {BINDTYPE op ID {} IMPL auto LATENCY 0 OPTYPE ctlz PRAGMA {} RTLNAME ctlz_32_32_1_1_U11 SOURCE /wrk/ci/prod/2025.2/hls_product/continuous/666/2025.2/src/shared/hls/clib/hlsmath/include/FloatingPoint/hls_normalize.h:81 VARIABLE c_1 LOOP {} BUNDLEDNAME {} DSP 0 BRAM 0 URAM 0 STORAGESUBTYPE {} DISPNAME {bind_op ctlz} VISIBLE false} {BINDTYPE op ID {} IMPL auto_pipe LATENCY 0 OPTYPE shl PRAGMA {} RTLNAME in_shift_1_fu_1037_p2 SOURCE /wrk/ci/prod/2025.2/hls_product/continuous/666/2025.2/src/shared/hls/clib/src/hls/utils/x_hls_float_utils.h:291 VARIABLE in_shift_1 LOOP {} BUNDLEDNAME {} DSP 0 BRAM 0 URAM 0 STORAGESUBTYPE {} DISPNAME {bind_op shl} VISIBLE false} {BINDTYPE op ID {} IMPL auto LATENCY 0 OPTYPE seteq PRAGMA {} RTLNAME icmp_ln292_fu_1042_p2 SOURCE /wrk/ci/prod/2025.2/hls_product/continuous/666/2025.2/src/shared/hls/clib/src/hls/utils/x_hls_float_utils.h:292 VARIABLE icmp_ln292 LOOP {} BUNDLEDNAME {} DSP 0 BRAM 0 URAM 0 STORAGESUBTYPE {} DISPNAME {bind_op seteq} VISIBLE false} {BINDTYPE op ID {} IMPL auto_pipe LATENCY 0 OPTYPE shl PRAGMA {} RTLNAME in_shift_2_fu_1066_p2 SOURCE /wrk/ci/prod/2025.2/hls_product/continuous/666/2025.2/src/shared/hls/clib/src/hls/utils/x_hls_float_utils.h:291 VARIABLE in_shift_2 LOOP {} BUNDLEDNAME {} DSP 0 BRAM 0 URAM 0 STORAGESUBTYPE {} DISPNAME {bind_op shl} VISIBLE false} {BINDTYPE op ID {} IMPL auto_sel LATENCY 0 OPTYPE select PRAGMA {} RTLNAME shift_2_fu_1071_p3 SOURCE /wrk/ci/prod/2025.2/hls_product/continuous/666/2025.2/src/shared/hls/clib/src/hls/utils/x_hls_float_utils.h:292 VARIABLE shift_2 LOOP {} BUNDLEDNAME {} DSP 0 BRAM 0 URAM 0 STORAGESUBTYPE {} DISPNAME {bind_op select} VISIBLE false} {BINDTYPE op ID {} IMPL auto LATENCY 0 OPTYPE seteq PRAGMA {} RTLNAME icmp_ln306_fu_1048_p2 SOURCE /wrk/ci/prod/2025.2/hls_product/continuous/666/2025.2/src/shared/hls/clib/src/hls/utils/x_hls_float_utils.h:306 VARIABLE icmp_ln306 LOOP {} BUNDLEDNAME {} DSP 0 BRAM 0 URAM 0 STORAGESUBTYPE {} DISPNAME {bind_op seteq} VISIBLE false} {BINDTYPE op ID {} IMPL auto LATENCY 0 OPTYPE or PRAGMA {} RTLNAME or_ln306_fu_1101_p2 SOURCE /wrk/ci/prod/2025.2/hls_product/continuous/666/2025.2/src/shared/hls/clib/src/hls/utils/x_hls_float_utils.h:306 VARIABLE or_ln306 LOOP {} BUNDLEDNAME {} DSP 0 BRAM 0 URAM 0 STORAGESUBTYPE {} DISPNAME {bind_op or} VISIBLE false} {BINDTYPE op ID {} IMPL auto_sel LATENCY 0 OPTYPE select PRAGMA {} RTLNAME empty_59_fu_1129_p3 SOURCE /wrk/ci/prod/2025.2/hls_product/continuous/666/2025.2/src/shared/hls/clib/src/hls/utils/x_hls_float_utils.h:292 VARIABLE empty_59 LOOP {} BUNDLEDNAME {} DSP 0 BRAM 0 URAM 0 STORAGESUBTYPE {} DISPNAME {bind_op select} VISIBLE false} {BINDTYPE op ID {} IMPL compactencoding_dontcare LATENCY 0 OPTYPE sparsemux PRAGMA {} RTLNAME sparsemux_33_4_1_1_1_U6 SOURCE /wrk/ci/prod/2025.2/hls_product/continuous/666/2025.2/src/shared/hls/clib/hlsmath/include/FloatingPoint/hls_hotbm.h:267 VARIABLE tmp_8 LOOP {} BUNDLEDNAME {} DSP 0 BRAM 0 URAM 0 STORAGESUBTYPE {} DISPNAME {bind_op sparsemux} VISIBLE false} {BINDTYPE op ID {} IMPL compactencoding_dontcare LATENCY 0 OPTYPE sparsemux PRAGMA {} RTLNAME sparsemux_33_4_1_1_1_U7 SOURCE /wrk/ci/prod/2025.2/hls_product/continuous/666/2025.2/src/shared/hls/clib/hlsmath/include/FloatingPoint/hls_hotbm.h:267 VARIABLE tmp_5 LOOP {} BUNDLEDNAME {} DSP 0 BRAM 0 URAM 0 STORAGESUBTYPE {} DISPNAME {bind_op sparsemux} VISIBLE false} {BINDTYPE op ID {} IMPL auto_sel LATENCY 0 OPTYPE select PRAGMA {} RTLNAME results_sign_fu_724_p3 SOURCE /wrk/ci/prod/2025.2/hls_product/continuous/666/2025.2/src/shared/hls/clib/hlsmath/include/FloatingPoint/hls_hotbm.h:242 VARIABLE results_sign LOOP {} BUNDLEDNAME {} DSP 0 BRAM 0 URAM 0 STORAGESUBTYPE {} DISPNAME {bind_op select} VISIBLE false} {BINDTYPE op ID {} IMPL auto LATENCY 0 OPTYPE seteq PRAGMA {} RTLNAME icmp_ln271_fu_732_p2 SOURCE /wrk/ci/prod/2025.2/hls_product/continuous/666/2025.2/src/shared/hls/clib/hlsmath/include/FloatingPoint/hls_hotbm.h:271 VARIABLE icmp_ln271 LOOP {} BUNDLEDNAME {} DSP 0 BRAM 0 URAM 0 STORAGESUBTYPE {} DISPNAME {bind_op seteq} VISIBLE false} {BINDTYPE op ID {} IMPL auto LATENCY 0 OPTYPE seteq PRAGMA {} RTLNAME icmp_ln271_1_fu_392_p2 SOURCE /wrk/ci/prod/2025.2/hls_product/continuous/666/2025.2/src/shared/hls/clib/hlsmath/include/FloatingPoint/hls_hotbm.h:271 VARIABLE icmp_ln271_1 LOOP {} BUNDLEDNAME {} DSP 0 BRAM 0 URAM 0 STORAGESUBTYPE {} DISPNAME {bind_op seteq} VISIBLE false} {BINDTYPE op ID {} IMPL auto LATENCY 0 OPTYPE and PRAGMA {} RTLNAME and_ln271_fu_737_p2 SOURCE /wrk/ci/prod/2025.2/hls_product/continuous/666/2025.2/src/shared/hls/clib/hlsmath/include/FloatingPoint/hls_hotbm.h:271 VARIABLE and_ln271 LOOP {} BUNDLEDNAME {} DSP 0 BRAM 0 URAM 0 STORAGESUBTYPE {} DISPNAME {bind_op and} VISIBLE false} {BINDTYPE op ID {} IMPL auto LATENCY 0 OPTYPE xor PRAGMA {} RTLNAME xor_ln278_fu_742_p2 SOURCE /wrk/ci/prod/2025.2/hls_product/continuous/666/2025.2/src/shared/hls/clib/hlsmath/include/FloatingPoint/hls_hotbm.h:278 VARIABLE xor_ln278 LOOP {} BUNDLEDNAME {} DSP 0 BRAM 0 URAM 0 STORAGESUBTYPE {} DISPNAME {bind_op xor} VISIBLE false} {BINDTYPE op ID {} IMPL auto LATENCY 0 OPTYPE and PRAGMA {} RTLNAME results_sign_2_fu_747_p2 SOURCE /wrk/ci/prod/2025.2/hls_product/continuous/666/2025.2/src/shared/hls/clib/hlsmath/include/FloatingPoint/hls_hotbm.h:278 VARIABLE results_sign_2 LOOP {} BUNDLEDNAME {} DSP 0 BRAM 0 URAM 0 STORAGESUBTYPE {} DISPNAME {bind_op and} VISIBLE false} {BINDTYPE op ID {} IMPL auto_sel LATENCY 0 OPTYPE select PRAGMA {} RTLNAME select_ln259_fu_1136_p3 SOURCE /wrk/ci/prod/2025.2/hls_product/continuous/666/2025.2/src/shared/hls/clib/hlsmath/include/FloatingPoint/hls_hotbm.h:259 VARIABLE select_ln259 LOOP {} BUNDLEDNAME {} DSP 0 BRAM 0 URAM 0 STORAGESUBTYPE {} DISPNAME {bind_op select} VISIBLE false} {BINDTYPE op ID {} IMPL auto LATENCY 0 OPTYPE seteq PRAGMA {} RTLNAME icmp_ln282_fu_752_p2 SOURCE /wrk/ci/prod/2025.2/hls_product/continuous/666/2025.2/src/shared/hls/clib/hlsmath/include/FloatingPoint/hls_hotbm.h:282 VARIABLE icmp_ln282 LOOP {} BUNDLEDNAME {} DSP 0 BRAM 0 URAM 0 STORAGESUBTYPE {} DISPNAME {bind_op seteq} VISIBLE false} {BINDTYPE op ID {} IMPL auto LATENCY 0 OPTYPE xor PRAGMA {} RTLNAME xor_ln282_fu_757_p2 SOURCE /wrk/ci/prod/2025.2/hls_product/continuous/666/2025.2/src/shared/hls/clib/hlsmath/include/FloatingPoint/hls_hotbm.h:282 VARIABLE xor_ln282 LOOP {} BUNDLEDNAME {} DSP 0 BRAM 0 URAM 0 STORAGESUBTYPE {} DISPNAME {bind_op xor} VISIBLE false} {BINDTYPE op ID {} IMPL auto LATENCY 0 OPTYPE and PRAGMA {} RTLNAME results_sign_4_fu_763_p2 SOURCE /wrk/ci/prod/2025.2/hls_product/continuous/666/2025.2/src/shared/hls/clib/hlsmath/include/FloatingPoint/hls_hotbm.h:282 VARIABLE results_sign_4 LOOP {} BUNDLEDNAME {} DSP 0 BRAM 0 URAM 0 STORAGESUBTYPE {} DISPNAME {bind_op and} VISIBLE false} {BINDTYPE op ID {} IMPL auto_sel LATENCY 0 OPTYPE select PRAGMA {} RTLNAME select_ln282_fu_1143_p3 SOURCE /wrk/ci/prod/2025.2/hls_product/continuous/666/2025.2/src/shared/hls/clib/hlsmath/include/FloatingPoint/hls_hotbm.h:282 VARIABLE select_ln282 LOOP {} BUNDLEDNAME {} DSP 0 BRAM 0 URAM 0 STORAGESUBTYPE {} DISPNAME {bind_op select} VISIBLE false} {BINDTYPE op ID {} IMPL auto LATENCY 0 OPTYPE or PRAGMA {} RTLNAME or_ln282_fu_1150_p2 SOURCE /wrk/ci/prod/2025.2/hls_product/continuous/666/2025.2/src/shared/hls/clib/hlsmath/include/FloatingPoint/hls_hotbm.h:282 VARIABLE or_ln282 LOOP {} BUNDLEDNAME {} DSP 0 BRAM 0 URAM 0 STORAGESUBTYPE {} DISPNAME {bind_op or} VISIBLE false} {BINDTYPE op ID {} IMPL auto_sel LATENCY 0 OPTYPE select PRAGMA {} RTLNAME results_exp_fu_1155_p3 SOURCE /wrk/ci/prod/2025.2/hls_product/continuous/666/2025.2/src/shared/hls/clib/hlsmath/include/FloatingPoint/hls_hotbm.h:282 VARIABLE results_exp LOOP {} BUNDLEDNAME {} DSP 0 BRAM 0 URAM 0 STORAGESUBTYPE {} DISPNAME {bind_op select} VISIBLE false} {BINDTYPE op ID {} IMPL auto_sel LATENCY 0 OPTYPE select PRAGMA {} RTLNAME select_ln282_2_fu_1163_p3 SOURCE /wrk/ci/prod/2025.2/hls_product/continuous/666/2025.2/src/shared/hls/clib/hlsmath/include/FloatingPoint/hls_hotbm.h:282 VARIABLE select_ln282_2 LOOP {} BUNDLEDNAME {} DSP 0 BRAM 0 URAM 0 STORAGESUBTYPE {} DISPNAME {bind_op select} VISIBLE false} {BINDTYPE op ID {} IMPL auto_sel LATENCY 0 OPTYPE select PRAGMA {} RTLNAME results_sig_fu_1170_p3 SOURCE /wrk/ci/prod/2025.2/hls_product/continuous/666/2025.2/src/shared/hls/clib/hlsmath/include/FloatingPoint/hls_hotbm.h:282 VARIABLE results_sig LOOP {} BUNDLEDNAME {} DSP 0 BRAM 0 URAM 0 STORAGESUBTYPE {} DISPNAME {bind_op select} VISIBLE false} {BINDTYPE op ID {} IMPL auto_sel LATENCY 0 OPTYPE select PRAGMA {} RTLNAME results_sign_3_fu_769_p3 SOURCE /wrk/ci/prod/2025.2/hls_product/continuous/666/2025.2/src/shared/hls/clib/hlsmath/include/FloatingPoint/hls_hotbm.h:271 VARIABLE results_sign_3 LOOP {} BUNDLEDNAME {} DSP 0 BRAM 0 URAM 0 STORAGESUBTYPE {} DISPNAME {bind_op select} VISIBLE false} {BINDTYPE op ID {} IMPL auto_sel LATENCY 0 OPTYPE select PRAGMA {} RTLNAME results_exp_1_fu_1178_p3 SOURCE /wrk/ci/prod/2025.2/hls_product/continuous/666/2025.2/src/shared/hls/clib/hlsmath/include/FloatingPoint/hls_hotbm.h:271 VARIABLE results_exp_1 LOOP {} BUNDLEDNAME {} DSP 0 BRAM 0 URAM 0 STORAGESUBTYPE {} DISPNAME {bind_op select} VISIBLE false} {BINDTYPE op ID {} IMPL auto_sel LATENCY 0 OPTYPE select PRAGMA {} RTLNAME results_sig_1_fu_1185_p3 SOURCE /wrk/ci/prod/2025.2/hls_product/continuous/666/2025.2/src/shared/hls/clib/hlsmath/include/FloatingPoint/hls_hotbm.h:271 VARIABLE results_sig_1 LOOP {} BUNDLEDNAME {} DSP 0 BRAM 0 URAM 0 STORAGESUBTYPE {} DISPNAME {bind_op select} VISIBLE false} {BINDTYPE storage ID {} IMPL lutram LATENCY 1 OPTYPE rom_1p PRAGMA pragma RTLNAME ref_4oPi_table_100_U SOURCE {} VARIABLE ref_4oPi_table_100 LOOP {} BUNDLEDNAME {} DSP 0 BRAM 0 URAM 0 STORAGESUBTYPE {} STORAGESIZE {100 13 1} STORAGEUSAGE rom_1p DISPNAME {bind_storage rom_1p} VISIBLE true} {BINDTYPE storage ID {} IMPL lutram LATENCY 1 OPTYPE rom_1p PRAGMA pragma RTLNAME second_order_float_sin_cos_K0_U SOURCE {} VARIABLE second_order_float_sin_cos_K0 LOOP {} BUNDLEDNAME {} DSP 0 BRAM 0 URAM 0 STORAGESUBTYPE {} STORAGESIZE {30 256 1} STORAGEUSAGE rom_1p DISPNAME {bind_storage rom_1p} VISIBLE true} {BINDTYPE storage ID {} IMPL lutram LATENCY 1 OPTYPE rom_1p PRAGMA pragma RTLNAME second_order_float_sin_cos_K1_U SOURCE {} VARIABLE second_order_float_sin_cos_K1 LOOP {} BUNDLEDNAME {} DSP 0 BRAM 0 URAM 0 STORAGESUBTYPE {} STORAGESIZE {23 256 1} STORAGEUSAGE rom_1p DISPNAME {bind_storage rom_1p} VISIBLE true} {BINDTYPE storage ID {} IMPL lutram LATENCY 1 OPTYPE rom_1p PRAGMA pragma RTLNAME second_order_float_sin_cos_K2_U SOURCE {} VARIABLE second_order_float_sin_cos_K2 LOOP {} BUNDLEDNAME {} DSP 0 BRAM 0 URAM 0 STORAGESUBTYPE {} STORAGESIZE {15 256 1} STORAGEUSAGE rom_1p DISPNAME {bind_storage rom_1p} VISIBLE true}} AREA {DSP 13 BRAM 0 URAM 0}} enhanced_correlator {BINDINFO {{BINDTYPE op ID {} IMPL maxdsp LATENCY 3 OPTYPE fmul PRAGMA {} RTLNAME fmul_32ns_32ns_32_4_max_dsp_1_U31 SOURCE vivado/ip_repo/gnss_enhanced_correlator/src/enhanced_correlator.cpp:48 VARIABLE mul LOOP {} BUNDLEDNAME {} DSP 3 BRAM 0 URAM 0 STORAGESUBTYPE {} DISPNAME {bind_op fmul} VISIBLE true} {BINDTYPE op ID {} IMPL fabric LATENCY 15 OPTYPE fdiv PRAGMA {} RTLNAME fdiv_32ns_32ns_32_16_no_dsp_1_U35 SOURCE vivado/ip_repo/gnss_enhanced_correlator/src/enhanced_correlator.cpp:48 VARIABLE carrier_phase_inc LOOP {} BUNDLEDNAME {} DSP 0 BRAM 0 URAM 0 STORAGESUBTYPE {} DISPNAME {bind_op fdiv} VISIBLE true} {BINDTYPE op ID {} IMPL fabric LATENCY 15 OPTYPE fdiv PRAGMA {} RTLNAME fdiv_32ns_32ns_32_16_no_dsp_1_U36 SOURCE vivado/ip_repo/gnss_enhanced_correlator/src/enhanced_correlator.cpp:49 VARIABLE code_phase_inc LOOP {} BUNDLEDNAME {} DSP 0 BRAM 0 URAM 0 STORAGESUBTYPE {} DISPNAME {bind_op fdiv} VISIBLE true} {BINDTYPE op ID {} IMPL maxdsp LATENCY 3 OPTYPE fmul PRAGMA {} RTLNAME fmul_32ns_32ns_32_4_max_dsp_1_U32 SOURCE vivado/ip_repo/gnss_enhanced_correlator/src/enhanced_correlator.cpp:50 VARIABLE mul2 LOOP {} BUNDLEDNAME {} DSP 3 BRAM 0 URAM 0 STORAGESUBTYPE {} DISPNAME {bind_op fmul} VISIBLE true} {BINDTYPE op ID {} IMPL fabric LATENCY 15 OPTYPE fdiv PRAGMA {} RTLNAME fdiv_32ns_32ns_32_16_no_dsp_1_U37 SOURCE vivado/ip_repo/gnss_enhanced_correlator/src/enhanced_correlator.cpp:50 VARIABLE el_spacing_samples LOOP {} BUNDLEDNAME {} DSP 0 BRAM 0 URAM 0 STORAGESUBTYPE {} DISPNAME {bind_op fdiv} VISIBLE true} {BINDTYPE op ID {} IMPL auto LATENCY 5 OPTYPE sitofp PRAGMA {} RTLNAME sitofp_32ns_32_6_no_dsp_1_U38 SOURCE vivado/ip_repo/gnss_enhanced_correlator/src/enhanced_correlator.cpp:86 VARIABLE conv LOOP {} BUNDLEDNAME {} DSP 0 BRAM 0 URAM 0 STORAGESUBTYPE {} DISPNAME {bind_op sitofp} VISIBLE false} {BINDTYPE op ID {} IMPL auto LATENCY 0 OPTYPE setlt PRAGMA {} RTLNAME icmp_ln61_fu_692_p2 SOURCE vivado/ip_repo/gnss_enhanced_correlator/src/enhanced_correlator.cpp:61 VARIABLE icmp_ln61 LOOP VITIS_LOOP_61_1 BUNDLEDNAME {} DSP 0 BRAM 0 URAM 0 STORAGESUBTYPE {} DISPNAME {bind_op setlt} VISIBLE false} {BINDTYPE op ID {} IMPL fabric LATENCY 0 OPTYPE add PRAGMA {} RTLNAME add_ln61_fu_697_p2 SOURCE vivado/ip_repo/gnss_enhanced_correlator/src/enhanced_correlator.cpp:61 VARIABLE add_ln61 LOOP VITIS_LOOP_61_1 BUNDLEDNAME {} DSP 0 BRAM 0 URAM 0 STORAGESUBTYPE {} DISPNAME {bind_op add} VISIBLE true} {BINDTYPE op ID {} IMPL fabric LATENCY 0 OPTYPE add PRAGMA {} RTLNAME add_ln65_fu_715_p2 SOURCE vivado/ip_repo/gnss_enhanced_correlator/src/enhanced_correlator.cpp:65 VARIABLE add_ln65 LOOP VITIS_LOOP_61_1 BUNDLEDNAME {} DSP 0 BRAM 0 URAM 0 STORAGESUBTYPE {} DISPNAME {bind_op add} VISIBLE true} {BINDTYPE op ID {} IMPL fabric LATENCY 0 OPTYPE add PRAGMA {} RTLNAME add_ln66_fu_740_p2 SOURCE vivado/ip_repo/gnss_enhanced_correlator/src/enhanced_correlator.cpp:66 VARIABLE add_ln66 LOOP VITIS_LOOP_61_1 BUNDLEDNAME {} DSP 0 BRAM 0 URAM 0 STORAGESUBTYPE {} DISPNAME {bind_op add} VISIBLE true} {BINDTYPE op ID {} IMPL auto LATENCY 0 OPTYPE setne PRAGMA {} RTLNAME icmp_ln70_fu_869_p2 SOURCE vivado/ip_repo/gnss_enhanced_correlator/src/enhanced_correlator.cpp:70 VARIABLE icmp_ln70 LOOP VITIS_LOOP_61_1 BUNDLEDNAME {} DSP 0 BRAM 0 URAM 0 STORAGESUBTYPE {} DISPNAME {bind_op setne} VISIBLE false} {BINDTYPE op ID {} IMPL auto LATENCY 0 OPTYPE seteq PRAGMA {} RTLNAME icmp_ln70_1_fu_875_p2 SOURCE vivado/ip_repo/gnss_enhanced_correlator/src/enhanced_correlator.cpp:70 VARIABLE icmp_ln70_1 LOOP VITIS_LOOP_61_1 BUNDLEDNAME {} DSP 0 BRAM 0 URAM 0 STORAGESUBTYPE {} DISPNAME {bind_op seteq} VISIBLE false} {BINDTYPE op ID {} IMPL auto LATENCY 0 OPTYPE or PRAGMA {} RTLNAME or_ln70_fu_881_p2 SOURCE vivado/ip_repo/gnss_enhanced_correlator/src/enhanced_correlator.cpp:70 VARIABLE or_ln70 LOOP VITIS_LOOP_61_1 BUNDLEDNAME {} DSP 0 BRAM 0 URAM 0 STORAGESUBTYPE {} DISPNAME {bind_op or} VISIBLE false} {BINDTYPE op ID {} IMPL auto LATENCY 1 OPTYPE fcmp PRAGMA {} RTLNAME fcmp_32ns_32ns_1_2_no_dsp_1_U39 SOURCE vivado/ip_repo/gnss_enhanced_correlator/src/enhanced_correlator.cpp:70 VARIABLE tmp_1 LOOP VITIS_LOOP_61_1 BUNDLEDNAME {} DSP 0 BRAM 0 URAM 0 STORAGESUBTYPE {} DISPNAME {bind_op fcmp} VISIBLE false} {BINDTYPE op ID {} IMPL auto LATENCY 0 OPTYPE and PRAGMA {} RTLNAME and_ln70_fu_887_p2 SOURCE vivado/ip_repo/gnss_enhanced_correlator/src/enhanced_correlator.cpp:70 VARIABLE and_ln70 LOOP VITIS_LOOP_61_1 BUNDLEDNAME {} DSP 0 BRAM 0 URAM 0 STORAGESUBTYPE {} DISPNAME {bind_op and} VISIBLE false} {BINDTYPE op ID {} IMPL fulldsp LATENCY 4 OPTYPE fadd PRAGMA {} RTLNAME faddfsub_32ns_32ns_32_5_full_dsp_1_U28 SOURCE vivado/ip_repo/gnss_enhanced_correlator/src/enhanced_correlator.cpp:70 VARIABLE phase_2 LOOP VITIS_LOOP_70_2 BUNDLEDNAME {} DSP 2 BRAM 0 URAM 0 STORAGESUBTYPE {} DISPNAME {bind_op fadd} VISIBLE true} {BINDTYPE op ID {} IMPL auto LATENCY 0 OPTYPE setne PRAGMA {} RTLNAME icmp_ln70_2_fu_914_p2 SOURCE vivado/ip_repo/gnss_enhanced_correlator/src/enhanced_correlator.cpp:70 VARIABLE icmp_ln70_2 LOOP VITIS_LOOP_70_2 BUNDLEDNAME {} DSP 0 BRAM 0 URAM 0 STORAGESUBTYPE {} DISPNAME {bind_op setne} VISIBLE false} {BINDTYPE op ID {} IMPL auto LATENCY 0 OPTYPE seteq PRAGMA {} RTLNAME icmp_ln70_3_fu_920_p2 SOURCE vivado/ip_repo/gnss_enhanced_correlator/src/enhanced_correlator.cpp:70 VARIABLE icmp_ln70_3 LOOP VITIS_LOOP_70_2 BUNDLEDNAME {} DSP 0 BRAM 0 URAM 0 STORAGESUBTYPE {} DISPNAME {bind_op seteq} VISIBLE false} {BINDTYPE op ID {} IMPL auto LATENCY 0 OPTYPE or PRAGMA {} RTLNAME or_ln70_1_fu_926_p2 SOURCE vivado/ip_repo/gnss_enhanced_correlator/src/enhanced_correlator.cpp:70 VARIABLE or_ln70_1 LOOP VITIS_LOOP_70_2 BUNDLEDNAME {} DSP 0 BRAM 0 URAM 0 STORAGESUBTYPE {} DISPNAME {bind_op or} VISIBLE false} {BINDTYPE op ID {} IMPL auto LATENCY 1 OPTYPE fcmp PRAGMA {} RTLNAME fcmp_32ns_32ns_1_2_no_dsp_1_U39 SOURCE vivado/ip_repo/gnss_enhanced_correlator/src/enhanced_correlator.cpp:70 VARIABLE tmp_3 LOOP VITIS_LOOP_70_2 BUNDLEDNAME {} DSP 0 BRAM 0 URAM 0 STORAGESUBTYPE {} DISPNAME {bind_op fcmp} VISIBLE false} {BINDTYPE op ID {} IMPL auto LATENCY 0 OPTYPE and PRAGMA {} RTLNAME and_ln70_1_fu_932_p2 SOURCE vivado/ip_repo/gnss_enhanced_correlator/src/enhanced_correlator.cpp:70 VARIABLE and_ln70_1 LOOP VITIS_LOOP_70_2 BUNDLEDNAME {} DSP 0 BRAM 0 URAM 0 STORAGESUBTYPE {} DISPNAME {bind_op and} VISIBLE false} {BINDTYPE op ID {} IMPL auto LATENCY 0 OPTYPE setne PRAGMA {} RTLNAME icmp_ln71_fu_956_p2 SOURCE vivado/ip_repo/gnss_enhanced_correlator/src/enhanced_correlator.cpp:71 VARIABLE icmp_ln71 LOOP VITIS_LOOP_61_1 BUNDLEDNAME {} DSP 0 BRAM 0 URAM 0 STORAGESUBTYPE {} DISPNAME {bind_op setne} VISIBLE false} {BINDTYPE op ID {} IMPL auto LATENCY 0 OPTYPE seteq PRAGMA {} RTLNAME icmp_ln71_1_fu_962_p2 SOURCE vivado/ip_repo/gnss_enhanced_correlator/src/enhanced_correlator.cpp:71 VARIABLE icmp_ln71_1 LOOP VITIS_LOOP_61_1 BUNDLEDNAME {} DSP 0 BRAM 0 URAM 0 STORAGESUBTYPE {} DISPNAME {bind_op seteq} VISIBLE false} {BINDTYPE op ID {} IMPL auto LATENCY 0 OPTYPE or PRAGMA {} RTLNAME or_ln71_fu_968_p2 SOURCE vivado/ip_repo/gnss_enhanced_correlator/src/enhanced_correlator.cpp:71 VARIABLE or_ln71 LOOP VITIS_LOOP_61_1 BUNDLEDNAME {} DSP 0 BRAM 0 URAM 0 STORAGESUBTYPE {} DISPNAME {bind_op or} VISIBLE false} {BINDTYPE op ID {} IMPL auto LATENCY 1 OPTYPE fcmp PRAGMA {} RTLNAME fcmp_32ns_32ns_1_2_no_dsp_1_U39 SOURCE vivado/ip_repo/gnss_enhanced_correlator/src/enhanced_correlator.cpp:71 VARIABLE tmp_5 LOOP VITIS_LOOP_61_1 BUNDLEDNAME {} DSP 0 BRAM 0 URAM 0 STORAGESUBTYPE {} DISPNAME {bind_op fcmp} VISIBLE false} {BINDTYPE op ID {} IMPL auto LATENCY 0 OPTYPE and PRAGMA {} RTLNAME and_ln71_fu_974_p2 SOURCE vivado/ip_repo/gnss_enhanced_correlator/src/enhanced_correlator.cpp:71 VARIABLE and_ln71 LOOP VITIS_LOOP_61_1 BUNDLEDNAME {} DSP 0 BRAM 0 URAM 0 STORAGESUBTYPE {} DISPNAME {bind_op and} VISIBLE false} {BINDTYPE op ID {} IMPL fulldsp LATENCY 4 OPTYPE fadd PRAGMA {} RTLNAME faddfsub_32ns_32ns_32_5_full_dsp_1_U28 SOURCE vivado/ip_repo/gnss_enhanced_correlator/src/enhanced_correlator.cpp:71 VARIABLE phase_5 LOOP VITIS_LOOP_71_3 BUNDLEDNAME {} DSP 2 BRAM 0 URAM 0 STORAGESUBTYPE {} DISPNAME {bind_op fadd} VISIBLE true} {BINDTYPE op ID {} IMPL auto LATENCY 0 OPTYPE setne PRAGMA {} RTLNAME icmp_ln71_2_fu_996_p2 SOURCE vivado/ip_repo/gnss_enhanced_correlator/src/enhanced_correlator.cpp:71 VARIABLE icmp_ln71_2 LOOP VITIS_LOOP_71_3 BUNDLEDNAME {} DSP 0 BRAM 0 URAM 0 STORAGESUBTYPE {} DISPNAME {bind_op setne} VISIBLE false} {BINDTYPE op ID {} IMPL auto LATENCY 0 OPTYPE seteq PRAGMA {} RTLNAME icmp_ln71_3_fu_1002_p2 SOURCE vivado/ip_repo/gnss_enhanced_correlator/src/enhanced_correlator.cpp:71 VARIABLE icmp_ln71_3 LOOP VITIS_LOOP_71_3 BUNDLEDNAME {} DSP 0 BRAM 0 URAM 0 STORAGESUBTYPE {} DISPNAME {bind_op seteq} VISIBLE false} {BINDTYPE op ID {} IMPL auto LATENCY 0 OPTYPE or PRAGMA {} RTLNAME or_ln71_1_fu_1008_p2 SOURCE vivado/ip_repo/gnss_enhanced_correlator/src/enhanced_correlator.cpp:71 VARIABLE or_ln71_1 LOOP VITIS_LOOP_71_3 BUNDLEDNAME {} DSP 0 BRAM 0 URAM 0 STORAGESUBTYPE {} DISPNAME {bind_op or} VISIBLE false} {BINDTYPE op ID {} IMPL auto LATENCY 1 OPTYPE fcmp PRAGMA {} RTLNAME fcmp_32ns_32ns_1_2_no_dsp_1_U39 SOURCE vivado/ip_repo/gnss_enhanced_correlator/src/enhanced_correlator.cpp:71 VARIABLE tmp_7 LOOP VITIS_LOOP_71_3 BUNDLEDNAME {} DSP 0 BRAM 0 URAM 0 STORAGESUBTYPE {} DISPNAME {bind_op fcmp} VISIBLE false} {BINDTYPE op ID {} IMPL auto LATENCY 0 OPTYPE and PRAGMA {} RTLNAME and_ln71_1_fu_1014_p2 SOURCE vivado/ip_repo/gnss_enhanced_correlator/src/enhanced_correlator.cpp:71 VARIABLE and_ln71_1 LOOP VITIS_LOOP_71_3 BUNDLEDNAME {} DSP 0 BRAM 0 URAM 0 STORAGESUBTYPE {} DISPNAME {bind_op and} VISIBLE false} {BINDTYPE op ID {} IMPL maxdsp LATENCY 3 OPTYPE fmul PRAGMA {} RTLNAME fmul_32ns_32ns_32_4_max_dsp_1_U31 SOURCE vivado/ip_repo/gnss_enhanced_correlator/src/enhanced_correlator.cpp:77 VARIABLE mul1 LOOP VITIS_LOOP_61_1 BUNDLEDNAME {} DSP 3 BRAM 0 URAM 0 STORAGESUBTYPE {} DISPNAME {bind_op fmul} VISIBLE true} {BINDTYPE op ID {} IMPL maxdsp LATENCY 3 OPTYPE fmul PRAGMA {} RTLNAME fmul_32ns_32ns_32_4_max_dsp_1_U32 SOURCE vivado/ip_repo/gnss_enhanced_correlator/src/enhanced_correlator.cpp:77 VARIABLE mul3 LOOP VITIS_LOOP_61_1 BUNDLEDNAME {} DSP 3 BRAM 0 URAM 0 STORAGESUBTYPE {} DISPNAME {bind_op fmul} VISIBLE true} {BINDTYPE op ID {} IMPL fulldsp LATENCY 4 OPTYPE fadd PRAGMA {} RTLNAME faddfsub_32ns_32ns_32_5_full_dsp_1_U28 SOURCE vivado/ip_repo/gnss_enhanced_correlator/src/enhanced_correlator.cpp:77 VARIABLE mixed_I LOOP VITIS_LOOP_61_1 BUNDLEDNAME {} DSP 2 BRAM 0 URAM 0 STORAGESUBTYPE {} DISPNAME {bind_op fadd} VISIBLE true} {BINDTYPE op ID {} IMPL maxdsp LATENCY 3 OPTYPE fmul PRAGMA {} RTLNAME fmul_32ns_32ns_32_4_max_dsp_1_U33 SOURCE vivado/ip_repo/gnss_enhanced_correlator/src/enhanced_correlator.cpp:78 VARIABLE mul4 LOOP VITIS_LOOP_61_1 BUNDLEDNAME {} DSP 3 BRAM 0 URAM 0 STORAGESUBTYPE {} DISPNAME {bind_op fmul} VISIBLE true} {BINDTYPE op ID {} IMPL maxdsp LATENCY 3 OPTYPE fmul PRAGMA {} RTLNAME fmul_32ns_32ns_32_4_max_dsp_1_U34 SOURCE vivado/ip_repo/gnss_enhanced_correlator/src/enhanced_correlator.cpp:78 VARIABLE mul5 LOOP VITIS_LOOP_61_1 BUNDLEDNAME {} DSP 3 BRAM 0 URAM 0 STORAGESUBTYPE {} DISPNAME {bind_op fmul} VISIBLE true} {BINDTYPE op ID {} IMPL fulldsp LATENCY 4 OPTYPE fadd PRAGMA {} RTLNAME fadd_32ns_32ns_32_5_full_dsp_1_U29 SOURCE vivado/ip_repo/gnss_enhanced_correlator/src/enhanced_correlator.cpp:78 VARIABLE mixed_Q LOOP VITIS_LOOP_61_1 BUNDLEDNAME {} DSP 2 BRAM 0 URAM 0 STORAGESUBTYPE {} DISPNAME {bind_op fadd} VISIBLE true} {BINDTYPE op ID {} IMPL fulldsp LATENCY 4 OPTYPE fadd PRAGMA {} RTLNAME faddfsub_32ns_32ns_32_5_full_dsp_1_U28 SOURCE vivado/ip_repo/gnss_enhanced_correlator/src/enhanced_correlator.cpp:82 VARIABLE early_phase LOOP VITIS_LOOP_61_1 BUNDLEDNAME {} DSP 2 BRAM 0 URAM 0 STORAGESUBTYPE {} DISPNAME {bind_op fadd} VISIBLE true} {BINDTYPE op ID {} IMPL fulldsp LATENCY 4 OPTYPE fadd PRAGMA {} RTLNAME fadd_32ns_32ns_32_5_full_dsp_1_U30 SOURCE vivado/ip_repo/gnss_enhanced_correlator/src/enhanced_correlator.cpp:83 VARIABLE late_phase LOOP VITIS_LOOP_61_1 BUNDLEDNAME {} DSP 2 BRAM 0 URAM 0 STORAGESUBTYPE {} DISPNAME {bind_op fadd} VISIBLE true} {BINDTYPE op ID {} IMPL auto LATENCY 0 OPTYPE setne PRAGMA {} RTLNAME icmp_ln86_fu_1038_p2 SOURCE vivado/ip_repo/gnss_enhanced_correlator/src/enhanced_correlator.cpp:86 VARIABLE icmp_ln86 LOOP VITIS_LOOP_61_1 BUNDLEDNAME {} DSP 0 BRAM 0 URAM 0 STORAGESUBTYPE {} DISPNAME {bind_op setne} VISIBLE false} {BINDTYPE op ID {} IMPL auto LATENCY 0 OPTYPE seteq PRAGMA {} RTLNAME icmp_ln86_1_fu_1044_p2 SOURCE vivado/ip_repo/gnss_enhanced_correlator/src/enhanced_correlator.cpp:86 VARIABLE icmp_ln86_1 LOOP VITIS_LOOP_61_1 BUNDLEDNAME {} DSP 0 BRAM 0 URAM 0 STORAGESUBTYPE {} DISPNAME {bind_op seteq} VISIBLE false} {BINDTYPE op ID {} IMPL auto LATENCY 0 OPTYPE or PRAGMA {} RTLNAME or_ln86_fu_1050_p2 SOURCE vivado/ip_repo/gnss_enhanced_correlator/src/enhanced_correlator.cpp:86 VARIABLE or_ln86 LOOP VITIS_LOOP_61_1 BUNDLEDNAME {} DSP 0 BRAM 0 URAM 0 STORAGESUBTYPE {} DISPNAME {bind_op or} VISIBLE false} {BINDTYPE op ID {} IMPL auto LATENCY 1 OPTYPE fcmp PRAGMA {} RTLNAME fcmp_32ns_32ns_1_2_no_dsp_1_U39 SOURCE vivado/ip_repo/gnss_enhanced_correlator/src/enhanced_correlator.cpp:86 VARIABLE tmp_9 LOOP VITIS_LOOP_61_1 BUNDLEDNAME {} DSP 0 BRAM 0 URAM 0 STORAGESUBTYPE {} DISPNAME {bind_op fcmp} VISIBLE false} {BINDTYPE op ID {} IMPL auto LATENCY 0 OPTYPE and PRAGMA {} RTLNAME and_ln86_fu_1056_p2 SOURCE vivado/ip_repo/gnss_enhanced_correlator/src/enhanced_correlator.cpp:86 VARIABLE and_ln86 LOOP VITIS_LOOP_61_1 BUNDLEDNAME {} DSP 0 BRAM 0 URAM 0 STORAGESUBTYPE {} DISPNAME {bind_op and} VISIBLE false} {BINDTYPE op ID {} IMPL fulldsp LATENCY 4 OPTYPE fadd PRAGMA {} RTLNAME faddfsub_32ns_32ns_32_5_full_dsp_1_U28 SOURCE vivado/ip_repo/gnss_enhanced_correlator/src/enhanced_correlator.cpp:86 VARIABLE early_phase_2 LOOP VITIS_LOOP_86_4 BUNDLEDNAME {} DSP 2 BRAM 0 URAM 0 STORAGESUBTYPE {} DISPNAME {bind_op fadd} VISIBLE true} {BINDTYPE op ID {} IMPL auto LATENCY 0 OPTYPE setne PRAGMA {} RTLNAME icmp_ln86_2_fu_1078_p2 SOURCE vivado/ip_repo/gnss_enhanced_correlator/src/enhanced_correlator.cpp:86 VARIABLE icmp_ln86_2 LOOP VITIS_LOOP_86_4 BUNDLEDNAME {} DSP 0 BRAM 0 URAM 0 STORAGESUBTYPE {} DISPNAME {bind_op setne} VISIBLE false} {BINDTYPE op ID {} IMPL auto LATENCY 0 OPTYPE seteq PRAGMA {} RTLNAME icmp_ln86_3_fu_1084_p2 SOURCE vivado/ip_repo/gnss_enhanced_correlator/src/enhanced_correlator.cpp:86 VARIABLE icmp_ln86_3 LOOP VITIS_LOOP_86_4 BUNDLEDNAME {} DSP 0 BRAM 0 URAM 0 STORAGESUBTYPE {} DISPNAME {bind_op seteq} VISIBLE false} {BINDTYPE op ID {} IMPL auto LATENCY 0 OPTYPE or PRAGMA {} RTLNAME or_ln86_1_fu_1090_p2 SOURCE vivado/ip_repo/gnss_enhanced_correlator/src/enhanced_correlator.cpp:86 VARIABLE or_ln86_1 LOOP VITIS_LOOP_86_4 BUNDLEDNAME {} DSP 0 BRAM 0 URAM 0 STORAGESUBTYPE {} DISPNAME {bind_op or} VISIBLE false} {BINDTYPE op ID {} IMPL auto LATENCY 1 OPTYPE fcmp PRAGMA {} RTLNAME fcmp_32ns_32ns_1_2_no_dsp_1_U39 SOURCE vivado/ip_repo/gnss_enhanced_correlator/src/enhanced_correlator.cpp:86 VARIABLE tmp_10 LOOP VITIS_LOOP_86_4 BUNDLEDNAME {} DSP 0 BRAM 0 URAM 0 STORAGESUBTYPE {} DISPNAME {bind_op fcmp} VISIBLE false} {BINDTYPE op ID {} IMPL auto LATENCY 0 OPTYPE and PRAGMA {} RTLNAME and_ln86_1_fu_1096_p2 SOURCE vivado/ip_repo/gnss_enhanced_correlator/src/enhanced_correlator.cpp:86 VARIABLE and_ln86_1 LOOP VITIS_LOOP_86_4 BUNDLEDNAME {} DSP 0 BRAM 0 URAM 0 STORAGESUBTYPE {} DISPNAME {bind_op and} VISIBLE false} {BINDTYPE op ID {} IMPL auto LATENCY 0 OPTYPE setne PRAGMA {} RTLNAME icmp_ln87_fu_1145_p2 SOURCE vivado/ip_repo/gnss_enhanced_correlator/src/enhanced_correlator.cpp:87 VARIABLE icmp_ln87 LOOP VITIS_LOOP_61_1 BUNDLEDNAME {} DSP 0 BRAM 0 URAM 0 STORAGESUBTYPE {} DISPNAME {bind_op setne} VISIBLE false} {BINDTYPE op ID {} IMPL auto LATENCY 0 OPTYPE seteq PRAGMA {} RTLNAME icmp_ln87_1_fu_1151_p2 SOURCE vivado/ip_repo/gnss_enhanced_correlator/src/enhanced_correlator.cpp:87 VARIABLE icmp_ln87_1 LOOP VITIS_LOOP_61_1 BUNDLEDNAME {} DSP 0 BRAM 0 URAM 0 STORAGESUBTYPE {} DISPNAME {bind_op seteq} VISIBLE false} {BINDTYPE op ID {} IMPL auto LATENCY 0 OPTYPE or PRAGMA {} RTLNAME or_ln87_fu_1157_p2 SOURCE vivado/ip_repo/gnss_enhanced_correlator/src/enhanced_correlator.cpp:87 VARIABLE or_ln87 LOOP VITIS_LOOP_61_1 BUNDLEDNAME {} DSP 0 BRAM 0 URAM 0 STORAGESUBTYPE {} DISPNAME {bind_op or} VISIBLE false} {BINDTYPE op ID {} IMPL auto LATENCY 0 OPTYPE setne PRAGMA {} RTLNAME icmp_ln87_2_fu_1111_p2 SOURCE vivado/ip_repo/gnss_enhanced_correlator/src/enhanced_correlator.cpp:87 VARIABLE icmp_ln87_2 LOOP VITIS_LOOP_61_1 BUNDLEDNAME {} DSP 0 BRAM 0 URAM 0 STORAGESUBTYPE {} DISPNAME {bind_op setne} VISIBLE false} {BINDTYPE op ID {} IMPL auto LATENCY 0 OPTYPE seteq PRAGMA {} RTLNAME icmp_ln87_3_fu_1117_p2 SOURCE vivado/ip_repo/gnss_enhanced_correlator/src/enhanced_correlator.cpp:87 VARIABLE icmp_ln87_3 LOOP VITIS_LOOP_61_1 BUNDLEDNAME {} DSP 0 BRAM 0 URAM 0 STORAGESUBTYPE {} DISPNAME {bind_op seteq} VISIBLE false} {BINDTYPE op ID {} IMPL auto LATENCY 0 OPTYPE or PRAGMA {} RTLNAME or_ln87_1_fu_1122_p2 SOURCE vivado/ip_repo/gnss_enhanced_correlator/src/enhanced_correlator.cpp:87 VARIABLE or_ln87_1 LOOP VITIS_LOOP_61_1 BUNDLEDNAME {} DSP 0 BRAM 0 URAM 0 STORAGESUBTYPE {} DISPNAME {bind_op or} VISIBLE false} {BINDTYPE op ID {} IMPL auto LATENCY 0 OPTYPE and PRAGMA {} RTLNAME and_ln87_fu_1163_p2 SOURCE vivado/ip_repo/gnss_enhanced_correlator/src/enhanced_correlator.cpp:87 VARIABLE and_ln87 LOOP VITIS_LOOP_61_1 BUNDLEDNAME {} DSP 0 BRAM 0 URAM 0 STORAGESUBTYPE {} DISPNAME {bind_op and} VISIBLE false} {BINDTYPE op ID {} IMPL auto LATENCY 1 OPTYPE fcmp PRAGMA {} RTLNAME fcmp_32ns_32ns_1_2_no_dsp_1_U39 SOURCE vivado/ip_repo/gnss_enhanced_correlator/src/enhanced_correlator.cpp:87 VARIABLE tmp_13 LOOP VITIS_LOOP_61_1 BUNDLEDNAME {} DSP 0 BRAM 0 URAM 0 STORAGESUBTYPE {} DISPNAME {bind_op fcmp} VISIBLE false} {BINDTYPE op ID {} IMPL auto LATENCY 0 OPTYPE and PRAGMA {} RTLNAME and_ln87_1_fu_1168_p2 SOURCE vivado/ip_repo/gnss_enhanced_correlator/src/enhanced_correlator.cpp:87 VARIABLE and_ln87_1 LOOP VITIS_LOOP_61_1 BUNDLEDNAME {} DSP 0 BRAM 0 URAM 0 STORAGESUBTYPE {} DISPNAME {bind_op and} VISIBLE false} {BINDTYPE op ID {} IMPL fulldsp LATENCY 4 OPTYPE fadd PRAGMA {} RTLNAME faddfsub_32ns_32ns_32_5_full_dsp_1_U28 SOURCE vivado/ip_repo/gnss_enhanced_correlator/src/enhanced_correlator.cpp:87 VARIABLE late_phase_2 LOOP VITIS_LOOP_87_5 BUNDLEDNAME {} DSP 2 BRAM 0 URAM 0 STORAGESUBTYPE {} DISPNAME {bind_op fadd} VISIBLE true} {BINDTYPE op ID {} IMPL auto LATENCY 0 OPTYPE setne PRAGMA {} RTLNAME icmp_ln87_4_fu_1191_p2 SOURCE vivado/ip_repo/gnss_enhanced_correlator/src/enhanced_correlator.cpp:87 VARIABLE icmp_ln87_4 LOOP VITIS_LOOP_87_5 BUNDLEDNAME {} DSP 0 BRAM 0 URAM 0 STORAGESUBTYPE {} DISPNAME {bind_op setne} VISIBLE false} {BINDTYPE op ID {} IMPL auto LATENCY 0 OPTYPE seteq PRAGMA {} RTLNAME icmp_ln87_5_fu_1197_p2 SOURCE vivado/ip_repo/gnss_enhanced_correlator/src/enhanced_correlator.cpp:87 VARIABLE icmp_ln87_5 LOOP VITIS_LOOP_87_5 BUNDLEDNAME {} DSP 0 BRAM 0 URAM 0 STORAGESUBTYPE {} DISPNAME {bind_op seteq} VISIBLE false} {BINDTYPE op ID {} IMPL auto LATENCY 0 OPTYPE or PRAGMA {} RTLNAME or_ln87_2_fu_1203_p2 SOURCE vivado/ip_repo/gnss_enhanced_correlator/src/enhanced_correlator.cpp:87 VARIABLE or_ln87_2 LOOP VITIS_LOOP_87_5 BUNDLEDNAME {} DSP 0 BRAM 0 URAM 0 STORAGESUBTYPE {} DISPNAME {bind_op or} VISIBLE false} {BINDTYPE op ID {} IMPL auto LATENCY 1 OPTYPE fcmp PRAGMA {} RTLNAME fcmp_32ns_32ns_1_2_no_dsp_1_U39 SOURCE vivado/ip_repo/gnss_enhanced_correlator/src/enhanced_correlator.cpp:87 VARIABLE tmp_15 LOOP VITIS_LOOP_87_5 BUNDLEDNAME {} DSP 0 BRAM 0 URAM 0 STORAGESUBTYPE {} DISPNAME {bind_op fcmp} VISIBLE false} {BINDTYPE op ID {} IMPL auto LATENCY 0 OPTYPE and PRAGMA {} RTLNAME and_ln87_2_fu_1209_p2 SOURCE vivado/ip_repo/gnss_enhanced_correlator/src/enhanced_correlator.cpp:87 VARIABLE and_ln87_2 LOOP VITIS_LOOP_87_5 BUNDLEDNAME {} DSP 0 BRAM 0 URAM 0 STORAGESUBTYPE {} DISPNAME {bind_op and} VISIBLE false} {BINDTYPE op ID {} IMPL auto LATENCY 0 OPTYPE setne PRAGMA {} RTLNAME icmp_ln88_fu_1232_p2 SOURCE vivado/ip_repo/gnss_enhanced_correlator/src/enhanced_correlator.cpp:88 VARIABLE icmp_ln88 LOOP VITIS_LOOP_61_1 BUNDLEDNAME {} DSP 0 BRAM 0 URAM 0 STORAGESUBTYPE {} DISPNAME {bind_op setne} VISIBLE false} {BINDTYPE op ID {} IMPL auto LATENCY 0 OPTYPE seteq PRAGMA {} RTLNAME icmp_ln88_1_fu_1238_p2 SOURCE vivado/ip_repo/gnss_enhanced_correlator/src/enhanced_correlator.cpp:88 VARIABLE icmp_ln88_1 LOOP VITIS_LOOP_61_1 BUNDLEDNAME {} DSP 0 BRAM 0 URAM 0 STORAGESUBTYPE {} DISPNAME {bind_op seteq} VISIBLE false} {BINDTYPE op ID {} IMPL auto LATENCY 0 OPTYPE or PRAGMA {} RTLNAME or_ln88_fu_1244_p2 SOURCE vivado/ip_repo/gnss_enhanced_correlator/src/enhanced_correlator.cpp:88 VARIABLE or_ln88 LOOP VITIS_LOOP_61_1 BUNDLEDNAME {} DSP 0 BRAM 0 URAM 0 STORAGESUBTYPE {} DISPNAME {bind_op or} VISIBLE false} {BINDTYPE op ID {} IMPL auto LATENCY 0 OPTYPE and PRAGMA {} RTLNAME and_ln88_fu_1250_p2 SOURCE vivado/ip_repo/gnss_enhanced_correlator/src/enhanced_correlator.cpp:88 VARIABLE and_ln88 LOOP VITIS_LOOP_61_1 BUNDLEDNAME {} DSP 0 BRAM 0 URAM 0 STORAGESUBTYPE {} DISPNAME {bind_op and} VISIBLE false} {BINDTYPE op ID {} IMPL auto LATENCY 1 OPTYPE fcmp PRAGMA {} RTLNAME fcmp_32ns_32ns_1_2_no_dsp_1_U39 SOURCE vivado/ip_repo/gnss_enhanced_correlator/src/enhanced_correlator.cpp:88 VARIABLE tmp_17 LOOP VITIS_LOOP_61_1 BUNDLEDNAME {} DSP 0 BRAM 0 URAM 0 STORAGESUBTYPE {} DISPNAME {bind_op fcmp} VISIBLE false} {BINDTYPE op ID {} IMPL auto LATENCY 0 OPTYPE and PRAGMA {} RTLNAME and_ln88_1_fu_1255_p2 SOURCE vivado/ip_repo/gnss_enhanced_correlator/src/enhanced_correlator.cpp:88 VARIABLE and_ln88_1 LOOP VITIS_LOOP_61_1 BUNDLEDNAME {} DSP 0 BRAM 0 URAM 0 STORAGESUBTYPE {} DISPNAME {bind_op and} VISIBLE false} {BINDTYPE op ID {} IMPL fulldsp LATENCY 4 OPTYPE fadd PRAGMA {} RTLNAME faddfsub_32ns_32ns_32_5_full_dsp_1_U28 SOURCE vivado/ip_repo/gnss_enhanced_correlator/src/enhanced_correlator.cpp:88 VARIABLE prompt_phase_2 LOOP VITIS_LOOP_88_6 BUNDLEDNAME {} DSP 2 BRAM 0 URAM 0 STORAGESUBTYPE {} DISPNAME {bind_op fadd} VISIBLE true} {BINDTYPE op ID {} IMPL auto LATENCY 0 OPTYPE setne PRAGMA {} RTLNAME icmp_ln88_2_fu_1278_p2 SOURCE vivado/ip_repo/gnss_enhanced_correlator/src/enhanced_correlator.cpp:88 VARIABLE icmp_ln88_2 LOOP VITIS_LOOP_88_6 BUNDLEDNAME {} DSP 0 BRAM 0 URAM 0 STORAGESUBTYPE {} DISPNAME {bind_op setne} VISIBLE false} {BINDTYPE op ID {} IMPL auto LATENCY 0 OPTYPE seteq PRAGMA {} RTLNAME icmp_ln88_3_fu_1284_p2 SOURCE vivado/ip_repo/gnss_enhanced_correlator/src/enhanced_correlator.cpp:88 VARIABLE icmp_ln88_3 LOOP VITIS_LOOP_88_6 BUNDLEDNAME {} DSP 0 BRAM 0 URAM 0 STORAGESUBTYPE {} DISPNAME {bind_op seteq} VISIBLE false} {BINDTYPE op ID {} IMPL auto LATENCY 0 OPTYPE or PRAGMA {} RTLNAME or_ln88_1_fu_1290_p2 SOURCE vivado/ip_repo/gnss_enhanced_correlator/src/enhanced_correlator.cpp:88 VARIABLE or_ln88_1 LOOP VITIS_LOOP_88_6 BUNDLEDNAME {} DSP 0 BRAM 0 URAM 0 STORAGESUBTYPE {} DISPNAME {bind_op or} VISIBLE false} {BINDTYPE op ID {} IMPL auto LATENCY 1 OPTYPE fcmp PRAGMA {} RTLNAME fcmp_32ns_32ns_1_2_no_dsp_1_U39 SOURCE vivado/ip_repo/gnss_enhanced_correlator/src/enhanced_correlator.cpp:88 VARIABLE tmp_19 LOOP VITIS_LOOP_88_6 BUNDLEDNAME {} DSP 0 BRAM 0 URAM 0 STORAGESUBTYPE {} DISPNAME {bind_op fcmp} VISIBLE false} {BINDTYPE op ID {} IMPL auto LATENCY 0 OPTYPE and PRAGMA {} RTLNAME and_ln88_2_fu_1296_p2 SOURCE vivado/ip_repo/gnss_enhanced_correlator/src/enhanced_correlator.cpp:88 VARIABLE and_ln88_2 LOOP VITIS_LOOP_88_6 BUNDLEDNAME {} DSP 0 BRAM 0 URAM 0 STORAGESUBTYPE {} DISPNAME {bind_op and} VISIBLE false} {BINDTYPE op ID {} IMPL fabric LATENCY 0 OPTYPE add PRAGMA {} RTLNAME add_ln317_fu_1322_p2 SOURCE /wrk/ci/prod/2025.2/hls_product/continuous/666/2025.2/src/shared/hls/clib/src/hls/utils/x_hls_utils.h:317 VARIABLE add_ln317 LOOP VITIS_LOOP_61_1 BUNDLEDNAME {} DSP 0 BRAM 0 URAM 0 STORAGESUBTYPE {} DISPNAME {bind_op add} VISIBLE true} {BINDTYPE op ID {} IMPL fabric LATENCY 0 OPTYPE sub PRAGMA {} RTLNAME sub_ln18_fu_1336_p2 SOURCE /wrk/ci/prod/2025.2/hls_product/continuous/666/2025.2/src/shared/hls/clib/hlsmath/include/FloatingPoint/hls_case_IEEE754.h:18 VARIABLE sub_ln18 LOOP VITIS_LOOP_61_1 BUNDLEDNAME {} DSP 0 BRAM 0 URAM 0 STORAGESUBTYPE {} DISPNAME {bind_op sub} VISIBLE true} {BINDTYPE op ID {} IMPL auto_sel LATENCY 0 OPTYPE select PRAGMA {} RTLNAME select_ln18_fu_1346_p3 SOURCE /wrk/ci/prod/2025.2/hls_product/continuous/666/2025.2/src/shared/hls/clib/hlsmath/include/FloatingPoint/hls_case_IEEE754.h:18 VARIABLE select_ln18 LOOP VITIS_LOOP_61_1 BUNDLEDNAME {} DSP 0 BRAM 0 URAM 0 STORAGESUBTYPE {} DISPNAME {bind_op select} VISIBLE false} {BINDTYPE op ID {} IMPL auto_pipe LATENCY 0 OPTYPE lshr PRAGMA {} RTLNAME lshr_ln18_fu_1482_p2 SOURCE /wrk/ci/prod/2025.2/hls_product/continuous/666/2025.2/src/shared/hls/clib/hlsmath/include/FloatingPoint/hls_case_IEEE754.h:18 VARIABLE lshr_ln18 LOOP VITIS_LOOP_61_1 BUNDLEDNAME {} DSP 0 BRAM 0 URAM 0 STORAGESUBTYPE {} DISPNAME {bind_op lshr} VISIBLE false} {BINDTYPE op ID {} IMPL auto_pipe LATENCY 0 OPTYPE shl PRAGMA {} RTLNAME shl_ln18_fu_1488_p2 SOURCE /wrk/ci/prod/2025.2/hls_product/continuous/666/2025.2/src/shared/hls/clib/hlsmath/include/FloatingPoint/hls_case_IEEE754.h:18 VARIABLE shl_ln18 LOOP VITIS_LOOP_61_1 BUNDLEDNAME {} DSP 0 BRAM 0 URAM 0 STORAGESUBTYPE {} DISPNAME {bind_op shl} VISIBLE false} {BINDTYPE op ID {} IMPL auto_sel LATENCY 0 OPTYPE select PRAGMA {} RTLNAME val_fu_1514_p3 SOURCE /wrk/ci/prod/2025.2/hls_product/continuous/666/2025.2/src/shared/hls/clib/hlsmath/include/FloatingPoint/hls_case_IEEE754.h:18 VARIABLE val LOOP VITIS_LOOP_61_1 BUNDLEDNAME {} DSP 0 BRAM 0 URAM 0 STORAGESUBTYPE {} DISPNAME {bind_op select} VISIBLE false} {BINDTYPE op ID {} IMPL fabric LATENCY 0 OPTYPE sub PRAGMA {} RTLNAME result_1_fu_1646_p2 SOURCE /wrk/ci/prod/2025.2/hls_product/continuous/666/2025.2/src/shared/hls/clib/hlsmath/include/FloatingPoint/hls_case_IEEE754.h:59 VARIABLE result_1 LOOP VITIS_LOOP_61_1 BUNDLEDNAME {} DSP 0 BRAM 0 URAM 0 STORAGESUBTYPE {} DISPNAME {bind_op sub} VISIBLE true} {BINDTYPE op ID {} IMPL fabric LATENCY 0 OPTYPE add PRAGMA {} RTLNAME add_ln317_1_fu_1374_p2 SOURCE /wrk/ci/prod/2025.2/hls_product/continuous/666/2025.2/src/shared/hls/clib/src/hls/utils/x_hls_utils.h:317 VARIABLE add_ln317_1 LOOP VITIS_LOOP_61_1 BUNDLEDNAME {} DSP 0 BRAM 0 URAM 0 STORAGESUBTYPE {} DISPNAME {bind_op add} VISIBLE true} {BINDTYPE op ID {} IMPL fabric LATENCY 0 OPTYPE sub PRAGMA {} RTLNAME sub_ln18_1_fu_1388_p2 SOURCE /wrk/ci/prod/2025.2/hls_product/continuous/666/2025.2/src/shared/hls/clib/hlsmath/include/FloatingPoint/hls_case_IEEE754.h:18 VARIABLE sub_ln18_1 LOOP VITIS_LOOP_61_1 BUNDLEDNAME {} DSP 0 BRAM 0 URAM 0 STORAGESUBTYPE {} DISPNAME {bind_op sub} VISIBLE true} {BINDTYPE op ID {} IMPL auto_sel LATENCY 0 OPTYPE select PRAGMA {} RTLNAME select_ln18_2_fu_1398_p3 SOURCE /wrk/ci/prod/2025.2/hls_product/continuous/666/2025.2/src/shared/hls/clib/hlsmath/include/FloatingPoint/hls_case_IEEE754.h:18 VARIABLE select_ln18_2 LOOP VITIS_LOOP_61_1 BUNDLEDNAME {} DSP 0 BRAM 0 URAM 0 STORAGESUBTYPE {} DISPNAME {bind_op select} VISIBLE false} {BINDTYPE op ID {} IMPL auto_pipe LATENCY 0 OPTYPE lshr PRAGMA {} RTLNAME lshr_ln18_1_fu_1541_p2 SOURCE /wrk/ci/prod/2025.2/hls_product/continuous/666/2025.2/src/shared/hls/clib/hlsmath/include/FloatingPoint/hls_case_IEEE754.h:18 VARIABLE lshr_ln18_1 LOOP VITIS_LOOP_61_1 BUNDLEDNAME {} DSP 0 BRAM 0 URAM 0 STORAGESUBTYPE {} DISPNAME {bind_op lshr} VISIBLE false} {BINDTYPE op ID {} IMPL auto_pipe LATENCY 0 OPTYPE shl PRAGMA {} RTLNAME shl_ln18_1_fu_1547_p2 SOURCE /wrk/ci/prod/2025.2/hls_product/continuous/666/2025.2/src/shared/hls/clib/hlsmath/include/FloatingPoint/hls_case_IEEE754.h:18 VARIABLE shl_ln18_1 LOOP VITIS_LOOP_61_1 BUNDLEDNAME {} DSP 0 BRAM 0 URAM 0 STORAGESUBTYPE {} DISPNAME {bind_op shl} VISIBLE false} {BINDTYPE op ID {} IMPL auto_sel LATENCY 0 OPTYPE select PRAGMA {} RTLNAME val_1_fu_1573_p3 SOURCE /wrk/ci/prod/2025.2/hls_product/continuous/666/2025.2/src/shared/hls/clib/hlsmath/include/FloatingPoint/hls_case_IEEE754.h:18 VARIABLE val_1 LOOP VITIS_LOOP_61_1 BUNDLEDNAME {} DSP 0 BRAM 0 URAM 0 STORAGESUBTYPE {} DISPNAME {bind_op select} VISIBLE false} {BINDTYPE op ID {} IMPL fabric LATENCY 0 OPTYPE sub PRAGMA {} RTLNAME result_3_fu_1658_p2 SOURCE /wrk/ci/prod/2025.2/hls_product/continuous/666/2025.2/src/shared/hls/clib/hlsmath/include/FloatingPoint/hls_case_IEEE754.h:59 VARIABLE result_3 LOOP VITIS_LOOP_61_1 BUNDLEDNAME {} DSP 0 BRAM 0 URAM 0 STORAGESUBTYPE {} DISPNAME {bind_op sub} VISIBLE true} {BINDTYPE op ID {} IMPL fabric LATENCY 0 OPTYPE add PRAGMA {} RTLNAME add_ln317_2_fu_1426_p2 SOURCE /wrk/ci/prod/2025.2/hls_product/continuous/666/2025.2/src/shared/hls/clib/src/hls/utils/x_hls_utils.h:317 VARIABLE add_ln317_2 LOOP VITIS_LOOP_61_1 BUNDLEDNAME {} DSP 0 BRAM 0 URAM 0 STORAGESUBTYPE {} DISPNAME {bind_op add} VISIBLE true} {BINDTYPE op ID {} IMPL fabric LATENCY 0 OPTYPE sub PRAGMA {} RTLNAME sub_ln18_2_fu_1440_p2 SOURCE /wrk/ci/prod/2025.2/hls_product/continuous/666/2025.2/src/shared/hls/clib/hlsmath/include/FloatingPoint/hls_case_IEEE754.h:18 VARIABLE sub_ln18_2 LOOP VITIS_LOOP_61_1 BUNDLEDNAME {} DSP 0 BRAM 0 URAM 0 STORAGESUBTYPE {} DISPNAME {bind_op sub} VISIBLE true} {BINDTYPE op ID {} IMPL auto_sel LATENCY 0 OPTYPE select PRAGMA {} RTLNAME select_ln18_4_fu_1450_p3 SOURCE /wrk/ci/prod/2025.2/hls_product/continuous/666/2025.2/src/shared/hls/clib/hlsmath/include/FloatingPoint/hls_case_IEEE754.h:18 VARIABLE select_ln18_4 LOOP VITIS_LOOP_61_1 BUNDLEDNAME {} DSP 0 BRAM 0 URAM 0 STORAGESUBTYPE {} DISPNAME {bind_op select} VISIBLE false} {BINDTYPE op ID {} IMPL auto_pipe LATENCY 0 OPTYPE lshr PRAGMA {} RTLNAME lshr_ln18_2_fu_1600_p2 SOURCE /wrk/ci/prod/2025.2/hls_product/continuous/666/2025.2/src/shared/hls/clib/hlsmath/include/FloatingPoint/hls_case_IEEE754.h:18 VARIABLE lshr_ln18_2 LOOP VITIS_LOOP_61_1 BUNDLEDNAME {} DSP 0 BRAM 0 URAM 0 STORAGESUBTYPE {} DISPNAME {bind_op lshr} VISIBLE false} {BINDTYPE op ID {} IMPL auto_pipe LATENCY 0 OPTYPE shl PRAGMA {} RTLNAME shl_ln18_2_fu_1606_p2 SOURCE /wrk/ci/prod/2025.2/hls_product/continuous/666/2025.2/src/shared/hls/clib/hlsmath/include/FloatingPoint/hls_case_IEEE754.h:18 VARIABLE shl_ln18_2 LOOP VITIS_LOOP_61_1 BUNDLEDNAME {} DSP 0 BRAM 0 URAM 0 STORAGESUBTYPE {} DISPNAME {bind_op shl} VISIBLE false} {BINDTYPE op ID {} IMPL auto_sel LATENCY 0 OPTYPE select PRAGMA {} RTLNAME val_2_fu_1632_p3 SOURCE /wrk/ci/prod/2025.2/hls_product/continuous/666/2025.2/src/shared/hls/clib/hlsmath/include/FloatingPoint/hls_case_IEEE754.h:18 VARIABLE val_2 LOOP VITIS_LOOP_61_1 BUNDLEDNAME {} DSP 0 BRAM 0 URAM 0 STORAGESUBTYPE {} DISPNAME {bind_op select} VISIBLE false} {BINDTYPE op ID {} IMPL fabric LATENCY 0 OPTYPE sub PRAGMA {} RTLNAME result_5_fu_1670_p2 SOURCE /wrk/ci/prod/2025.2/hls_product/continuous/666/2025.2/src/shared/hls/clib/hlsmath/include/FloatingPoint/hls_case_IEEE754.h:59 VARIABLE result_5 LOOP VITIS_LOOP_61_1 BUNDLEDNAME {} DSP 0 BRAM 0 URAM 0 STORAGESUBTYPE {} DISPNAME {bind_op sub} VISIBLE true} {BINDTYPE op ID {} IMPL auto_sel LATENCY 0 OPTYPE select PRAGMA {} RTLNAME select_ln59_fu_1675_p3 SOURCE /wrk/ci/prod/2025.2/hls_product/continuous/666/2025.2/src/shared/hls/clib/hlsmath/include/FloatingPoint/hls_case_IEEE754.h:59 VARIABLE select_ln59 LOOP VITIS_LOOP_61_1 BUNDLEDNAME {} DSP 0 BRAM 0 URAM 0 STORAGESUBTYPE {} DISPNAME {bind_op select} VISIBLE false} {BINDTYPE op ID {} IMPL fabric LATENCY 0 OPTYPE add PRAGMA {} RTLNAME add_ln95_fu_1694_p2 SOURCE vivado/ip_repo/gnss_enhanced_correlator/src/enhanced_correlator.cpp:95 VARIABLE add_ln95 LOOP VITIS_LOOP_61_1 BUNDLEDNAME {} DSP 0 BRAM 0 URAM 0 STORAGESUBTYPE {} DISPNAME {bind_op add} VISIBLE true} {BINDTYPE op ID {} IMPL auto_sel LATENCY 0 OPTYPE select PRAGMA {} RTLNAME select_ln59_1_fu_1719_p3 SOURCE /wrk/ci/prod/2025.2/hls_product/continuous/666/2025.2/src/shared/hls/clib/hlsmath/include/FloatingPoint/hls_case_IEEE754.h:59 VARIABLE select_ln59_1 LOOP VITIS_LOOP_61_1 BUNDLEDNAME {} DSP 0 BRAM 0 URAM 0 STORAGESUBTYPE {} DISPNAME {bind_op select} VISIBLE false} {BINDTYPE op ID {} IMPL fabric LATENCY 0 OPTYPE add PRAGMA {} RTLNAME add_ln96_fu_1738_p2 SOURCE vivado/ip_repo/gnss_enhanced_correlator/src/enhanced_correlator.cpp:96 VARIABLE add_ln96 LOOP VITIS_LOOP_61_1 BUNDLEDNAME {} DSP 0 BRAM 0 URAM 0 STORAGESUBTYPE {} DISPNAME {bind_op add} VISIBLE true} {BINDTYPE op ID {} IMPL auto_sel LATENCY 0 OPTYPE select PRAGMA {} RTLNAME select_ln59_2_fu_1763_p3 SOURCE /wrk/ci/prod/2025.2/hls_product/continuous/666/2025.2/src/shared/hls/clib/hlsmath/include/FloatingPoint/hls_case_IEEE754.h:59 VARIABLE select_ln59_2 LOOP VITIS_LOOP_61_1 BUNDLEDNAME {} DSP 0 BRAM 0 URAM 0 STORAGESUBTYPE {} DISPNAME {bind_op select} VISIBLE false} {BINDTYPE op ID {} IMPL fabric LATENCY 0 OPTYPE add PRAGMA {} RTLNAME add_ln97_fu_1782_p2 SOURCE vivado/ip_repo/gnss_enhanced_correlator/src/enhanced_correlator.cpp:97 VARIABLE add_ln97 LOOP VITIS_LOOP_61_1 BUNDLEDNAME {} DSP 0 BRAM 0 URAM 0 STORAGESUBTYPE {} DISPNAME {bind_op add} VISIBLE true} {BINDTYPE op ID {} IMPL maxdsp LATENCY 3 OPTYPE fmul PRAGMA {} RTLNAME fmul_32ns_32ns_32_4_max_dsp_1_U31 SOURCE vivado/ip_repo/gnss_enhanced_correlator/src/enhanced_correlator.cpp:100 VARIABLE mul6 LOOP VITIS_LOOP_61_1 BUNDLEDNAME {} DSP 3 BRAM 0 URAM 0 STORAGESUBTYPE {} DISPNAME {bind_op fmul} VISIBLE true} {BINDTYPE op ID {} IMPL fulldsp LATENCY 4 OPTYPE fadd PRAGMA {} RTLNAME faddfsub_32ns_32ns_32_5_full_dsp_1_U28 SOURCE vivado/ip_repo/gnss_enhanced_correlator/src/enhanced_correlator.cpp:100 VARIABLE acc_E_I_1 LOOP VITIS_LOOP_61_1 BUNDLEDNAME {} DSP 2 BRAM 0 URAM 0 STORAGESUBTYPE {} DISPNAME {bind_op fadd} VISIBLE true} {BINDTYPE op ID {} IMPL maxdsp LATENCY 3 OPTYPE fmul PRAGMA {} RTLNAME fmul_32ns_32ns_32_4_max_dsp_1_U32 SOURCE vivado/ip_repo/gnss_enhanced_correlator/src/enhanced_correlator.cpp:101 VARIABLE mul7 LOOP VITIS_LOOP_61_1 BUNDLEDNAME {} DSP 3 BRAM 0 URAM 0 STORAGESUBTYPE {} DISPNAME {bind_op fmul} VISIBLE true} {BINDTYPE op ID {} IMPL fulldsp LATENCY 4 OPTYPE fadd PRAGMA {} RTLNAME fadd_32ns_32ns_32_5_full_dsp_1_U29 SOURCE vivado/ip_repo/gnss_enhanced_correlator/src/enhanced_correlator.cpp:101 VARIABLE acc_E_Q_1 LOOP VITIS_LOOP_61_1 BUNDLEDNAME {} DSP 2 BRAM 0 URAM 0 STORAGESUBTYPE {} DISPNAME {bind_op fadd} VISIBLE true} {BINDTYPE op ID {} IMPL maxdsp LATENCY 3 OPTYPE fmul PRAGMA {} RTLNAME fmul_32ns_32ns_32_4_max_dsp_1_U31 SOURCE vivado/ip_repo/gnss_enhanced_correlator/src/enhanced_correlator.cpp:102 VARIABLE mul8 LOOP VITIS_LOOP_61_1 BUNDLEDNAME {} DSP 3 BRAM 0 URAM 0 STORAGESUBTYPE {} DISPNAME {bind_op fmul} VISIBLE true} {BINDTYPE op ID {} IMPL fulldsp LATENCY 4 OPTYPE fadd PRAGMA {} RTLNAME faddfsub_32ns_32ns_32_5_full_dsp_1_U28 SOURCE vivado/ip_repo/gnss_enhanced_correlator/src/enhanced_correlator.cpp:102 VARIABLE acc_P_I_1 LOOP VITIS_LOOP_61_1 BUNDLEDNAME {} DSP 2 BRAM 0 URAM 0 STORAGESUBTYPE {} DISPNAME {bind_op fadd} VISIBLE true} {BINDTYPE op ID {} IMPL maxdsp LATENCY 3 OPTYPE fmul PRAGMA {} RTLNAME fmul_32ns_32ns_32_4_max_dsp_1_U32 SOURCE vivado/ip_repo/gnss_enhanced_correlator/src/enhanced_correlator.cpp:103 VARIABLE mul9 LOOP VITIS_LOOP_61_1 BUNDLEDNAME {} DSP 3 BRAM 0 URAM 0 STORAGESUBTYPE {} DISPNAME {bind_op fmul} VISIBLE true} {BINDTYPE op ID {} IMPL fulldsp LATENCY 4 OPTYPE fadd PRAGMA {} RTLNAME fadd_32ns_32ns_32_5_full_dsp_1_U29 SOURCE vivado/ip_repo/gnss_enhanced_correlator/src/enhanced_correlator.cpp:103 VARIABLE acc_P_Q_1 LOOP VITIS_LOOP_61_1 BUNDLEDNAME {} DSP 2 BRAM 0 URAM 0 STORAGESUBTYPE {} DISPNAME {bind_op fadd} VISIBLE true} {BINDTYPE op ID {} IMPL maxdsp LATENCY 3 OPTYPE fmul PRAGMA {} RTLNAME fmul_32ns_32ns_32_4_max_dsp_1_U31 SOURCE vivado/ip_repo/gnss_enhanced_correlator/src/enhanced_correlator.cpp:104 VARIABLE mul10 LOOP VITIS_LOOP_61_1 BUNDLEDNAME {} DSP 3 BRAM 0 URAM 0 STORAGESUBTYPE {} DISPNAME {bind_op fmul} VISIBLE true} {BINDTYPE op ID {} IMPL fulldsp LATENCY 4 OPTYPE fadd PRAGMA {} RTLNAME faddfsub_32ns_32ns_32_5_full_dsp_1_U28 SOURCE vivado/ip_repo/gnss_enhanced_correlator/src/enhanced_correlator.cpp:104 VARIABLE acc_L_I_1 LOOP VITIS_LOOP_61_1 BUNDLEDNAME {} DSP 2 BRAM 0 URAM 0 STORAGESUBTYPE {} DISPNAME {bind_op fadd} VISIBLE true} {BINDTYPE op ID {} IMPL maxdsp LATENCY 3 OPTYPE fmul PRAGMA {} RTLNAME fmul_32ns_32ns_32_4_max_dsp_1_U32 SOURCE vivado/ip_repo/gnss_enhanced_correlator/src/enhanced_correlator.cpp:105 VARIABLE mul11 LOOP VITIS_LOOP_61_1 BUNDLEDNAME {} DSP 3 BRAM 0 URAM 0 STORAGESUBTYPE {} DISPNAME {bind_op fmul} VISIBLE true} {BINDTYPE op ID {} IMPL fulldsp LATENCY 4 OPTYPE fadd PRAGMA {} RTLNAME fadd_32ns_32ns_32_5_full_dsp_1_U29 SOURCE vivado/ip_repo/gnss_enhanced_correlator/src/enhanced_correlator.cpp:105 VARIABLE acc_L_Q_1 LOOP VITIS_LOOP_61_1 BUNDLEDNAME {} DSP 2 BRAM 0 URAM 0 STORAGESUBTYPE {} DISPNAME {bind_op fadd} VISIBLE true} {BINDTYPE op ID {} IMPL fulldsp LATENCY 4 OPTYPE fadd PRAGMA {} RTLNAME faddfsub_32ns_32ns_32_5_full_dsp_1_U28 SOURCE vivado/ip_repo/gnss_enhanced_correlator/src/enhanced_correlator.cpp:108 VARIABLE carrier_phase LOOP VITIS_LOOP_61_1 BUNDLEDNAME {} DSP 2 BRAM 0 URAM 0 STORAGESUBTYPE {} DISPNAME {bind_op fadd} VISIBLE true} {BINDTYPE op ID {} IMPL fulldsp LATENCY 4 OPTYPE fadd PRAGMA {} RTLNAME fadd_32ns_32ns_32_5_full_dsp_1_U29 SOURCE vivado/ip_repo/gnss_enhanced_correlator/src/enhanced_correlator.cpp:109 VARIABLE code_phase LOOP VITIS_LOOP_61_1 BUNDLEDNAME {} DSP 2 BRAM 0 URAM 0 STORAGESUBTYPE {} DISPNAME {bind_op fadd} VISIBLE true} {BINDTYPE op ID {} IMPL auto LATENCY 0 OPTYPE setgt PRAGMA {} RTLNAME icmp_ln61_1_fu_765_p2 SOURCE vivado/ip_repo/gnss_enhanced_correlator/src/enhanced_correlator.cpp:61 VARIABLE icmp_ln61_1 LOOP {} BUNDLEDNAME {} DSP 0 BRAM 0 URAM 0 STORAGESUBTYPE {} DISPNAME {bind_op setgt} VISIBLE false} {BINDTYPE op ID {} IMPL auto_sel LATENCY 0 OPTYPE select PRAGMA {} RTLNAME corr_E_I SOURCE vivado/ip_repo/gnss_enhanced_correlator/src/enhanced_correlator.cpp:113 VARIABLE select_ln113 LOOP {} BUNDLEDNAME {} DSP 0 BRAM 0 URAM 0 STORAGESUBTYPE {} DISPNAME {bind_op select} VISIBLE false} {BINDTYPE op ID {} IMPL auto_sel LATENCY 0 OPTYPE select PRAGMA {} RTLNAME corr_E_Q SOURCE vivado/ip_repo/gnss_enhanced_correlator/src/enhanced_correlator.cpp:113 VARIABLE select_ln113_1 LOOP {} BUNDLEDNAME {} DSP 0 BRAM 0 URAM 0 STORAGESUBTYPE {} DISPNAME {bind_op select} VISIBLE false} {BINDTYPE op ID {} IMPL auto_sel LATENCY 0 OPTYPE select PRAGMA {} RTLNAME corr_P_I SOURCE vivado/ip_repo/gnss_enhanced_correlator/src/enhanced_correlator.cpp:113 VARIABLE select_ln113_2 LOOP {} BUNDLEDNAME {} DSP 0 BRAM 0 URAM 0 STORAGESUBTYPE {} DISPNAME {bind_op select} VISIBLE false} {BINDTYPE op ID {} IMPL auto_sel LATENCY 0 OPTYPE select PRAGMA {} RTLNAME corr_P_Q SOURCE vivado/ip_repo/gnss_enhanced_correlator/src/enhanced_correlator.cpp:113 VARIABLE select_ln113_3 LOOP {} BUNDLEDNAME {} DSP 0 BRAM 0 URAM 0 STORAGESUBTYPE {} DISPNAME {bind_op select} VISIBLE false} {BINDTYPE op ID {} IMPL auto_sel LATENCY 0 OPTYPE select PRAGMA {} RTLNAME corr_L_I SOURCE vivado/ip_repo/gnss_enhanced_correlator/src/enhanced_correlator.cpp:113 VARIABLE select_ln113_4 LOOP {} BUNDLEDNAME {} DSP 0 BRAM 0 URAM 0 STORAGESUBTYPE {} DISPNAME {bind_op select} VISIBLE false} {BINDTYPE op ID {} IMPL auto_sel LATENCY 0 OPTYPE select PRAGMA {} RTLNAME corr_L_Q SOURCE vivado/ip_repo/gnss_enhanced_correlator/src/enhanced_correlator.cpp:113 VARIABLE select_ln113_5 LOOP {} BUNDLEDNAME {} DSP 0 BRAM 0 URAM 0 STORAGESUBTYPE {} DISPNAME {bind_op select} VISIBLE false}} AREA {DSP 44 BRAM 4 URAM 0}}}}'
INFO-FLOW: DBG:PUTS:      update_csynth_reports json2rpt_hw_sw_interfaces
INFO-FLOW: Running: gen_csynth_sec_pragma
INFO-FLOW: Done: gen_csynth_sec_pragma time: 0 seconds 
Execute     send_msg_by_id INFO @200-2225@%s /home/johan2/Documents/fpga/zynq-pynq-gnss-receiver/enhanced_correlator/enhanced_correlator/enhanced_correlator/hls/syn/inferred_directives.ini 
INFO: [HLS 200-2225] Wrote inferred directives to file /home/johan2/Documents/fpga/zynq-pynq-gnss-receiver/enhanced_correlator/enhanced_correlator/enhanced_correlator/hls/syn/inferred_directives.ini
INFO-FLOW: DBG:PUTS:      update_csynth_reports wrote xml
INFO-FLOW: DBG:PUTS:      update_csynth_reports appended to csynth rpt file
INFO-FLOW: Done: add_csynth_report_sections time: 0.5 seconds 
INFO: [HLS 200-111] Finished Updating report files: CPU user time: 2.35 seconds. CPU system time: 0.14 seconds. Elapsed time: 2.49 seconds; current allocated memory: 554.785 MB.
INFO: [VHDL 208-304] Generating VHDL RTL for enhanced_correlator.
INFO: [VLOG 209-307] Generating Verilog RTL for enhanced_correlator.
Execute     syn_report -model enhanced_correlator -printsummary 
INFO: [HLS 200-790] **** Loop Constraint Status: All loop constraints were satisfied.
INFO: [HLS 200-789] **** Estimated Fmax: 118.71 MHz
Execute     AP::msg_collection_file -close 
Command   csynth_design done; 23.27 sec.
Execute   close_project 
Execute     close_solution 
Execute       cleanup_all 
Execute       cleanup_all 
Execute       source -notrace -encoding utf-8 /opt/Xilinx/2025.2/Vitis/tps/tcl/tcl8.6/clock.tcl 
Execute         source -encoding utf-8 /opt/Xilinx/2025.2/tps/tcl/tcl8/8.5/msgcat-1.6.1.tm 
INFO-FLOW: Workspace /home/johan2/Documents/fpga/zynq-pynq-gnss-receiver/enhanced_correlator/enhanced_correlator/enhanced_correlator/hls opened at Sun Sep 20 21:48:15 IST 2026
Execute       source /home/johan2/Documents/fpga/zynq-pynq-gnss-receiver/enhanced_correlator/enhanced_correlator/enhanced_correlator/hls/.autopilot/db/global.setting.tcl 
Execute       set_part xc7z020-clg484-1 
Execute         create_platform xc7z020-clg484-1 -board  
DBG:HLSDevice: Trying to load device library: /opt/Xilinx/2025.2/Vitis/lib/lnx64.o/libxv_hlsvwrap.so
DBG:HLSDevice: first parts/arch.xml in RDI_DATADIR: /opt/Xilinx/2025.2/Vivado/data/parts/arch.xml
DBG:HLSDevice: init success
INFO: [HLS 200-1611] Setting target device to 'xc7z020-clg484-1'
Command         create_platform done; 2.84 sec.
Execute         source /opt/Xilinx/2025.2/Vitis/common/technology/xilinx/common/xilinx.gen 
Execute           source /opt/Xilinx/2025.2/Vitis/common/technology/xilinx/interface/plb46.gen 
Execute           source /opt/Xilinx/2025.2/Vitis/common/technology/xilinx/interface/axi4.gen 
Execute           source /opt/Xilinx/2025.2/Vitis/common/technology/xilinx/interface/nativeAXI4.gen 
Execute             source /opt/Xilinx/2025.2/Vitis/common/technology/xilinx/interface/saxilite.gen 
Execute           source /opt/Xilinx/2025.2/Vitis/common/technology/xilinx/scripts/xilinxcoregen.gen 
Execute           source /opt/Xilinx/2025.2/Vitis/common/technology/xilinx/interface/XilEDKCoreGen.gen 
Execute           source /opt/Xilinx/2025.2/Vitis/common/technology/xilinx/ip/xfft.gen 
Command           ap_source done; 0.14 sec.
Execute           source /opt/Xilinx/2025.2/Vitis/common/technology/xilinx/ip/util.gen 
Execute           source /opt/Xilinx/2025.2/Vitis/common/technology/xilinx/ip/xfir.gen 
Execute           source /opt/Xilinx/2025.2/Vitis/common/technology/xilinx/ip/dds_compiler.gen 
Execute           source /opt/Xilinx/2025.2/Vitis/common/technology/xilinx/DSP48/dsp48.gen 
Command         ap_source done; 0.2 sec.
Execute         ap_part_info -name xc7z020-clg484-1 -data info 
Execute         config_compile -quiet -complex-mul-dsp=0 
Command       set_part done; 3.08 sec.
Execute       send_msg_by_id INFO @200-1505@%s%s default  vivado 
INFO: [HLS 200-1505] Using default flow_target 'vivado'
Execute       send_msg_by_id INFO @200-2174@%s%s component enhanced_correlator_hls_config.cfg 
INFO: [HLS 200-2174] Applying component config ini file enhanced_correlator_hls_config.cfg
Execute       apply_ini enhanced_correlator_hls_config.cfg 
Execute         send_msg_by_id INFO @200-1465@%s 'syn.file=/home/johan2/Documents/fpga/zynq-pynq-gnss-receiver/vivado/ip_repo/gnss_enhanced_correlator/src/enhanced_correlator.cpp' from enhanced_correlator_hls_config.cfg(7) 
INFO: [HLS 200-1465] Applying config ini 'syn.file=/home/johan2/Documents/fpga/zynq-pynq-gnss-receiver/vivado/ip_repo/gnss_enhanced_correlator/src/enhanced_correlator.cpp' from enhanced_correlator_hls_config.cfg(7)
Execute         add_files /home/johan2/Documents/fpga/zynq-pynq-gnss-receiver/vivado/ip_repo/gnss_enhanced_correlator/src/enhanced_correlator.cpp 
INFO: [HLS 200-10] Adding design file '/home/johan2/Documents/fpga/zynq-pynq-gnss-receiver/vivado/ip_repo/gnss_enhanced_correlator/src/enhanced_correlator.cpp' to the project
Execute         send_msg_by_id INFO @200-1465@%s 'syn.file=/home/johan2/Documents/fpga/zynq-pynq-gnss-receiver/vivado/ip_repo/gnss_enhanced_correlator/src/enhanced_correlator.h' from enhanced_correlator_hls_config.cfg(8) 
INFO: [HLS 200-1465] Applying config ini 'syn.file=/home/johan2/Documents/fpga/zynq-pynq-gnss-receiver/vivado/ip_repo/gnss_enhanced_correlator/src/enhanced_correlator.h' from enhanced_correlator_hls_config.cfg(8)
Execute         add_files /home/johan2/Documents/fpga/zynq-pynq-gnss-receiver/vivado/ip_repo/gnss_enhanced_correlator/src/enhanced_correlator.h 
INFO: [HLS 200-10] Adding design file '/home/johan2/Documents/fpga/zynq-pynq-gnss-receiver/vivado/ip_repo/gnss_enhanced_correlator/src/enhanced_correlator.h' to the project
Execute         send_msg_by_id INFO @200-1465@%s 'tb.file=/home/johan2/Documents/fpga/zynq-pynq-gnss-receiver/vivado/ip_repo/gnss_enhanced_correlator/src/enhanced_correlator_tb.cpp' from enhanced_correlator_hls_config.cfg(9) 
INFO: [HLS 200-1465] Applying config ini 'tb.file=/home/johan2/Documents/fpga/zynq-pynq-gnss-receiver/vivado/ip_repo/gnss_enhanced_correlator/src/enhanced_correlator_tb.cpp' from enhanced_correlator_hls_config.cfg(9)
Execute         add_files -tb /home/johan2/Documents/fpga/zynq-pynq-gnss-receiver/vivado/ip_repo/gnss_enhanced_correlator/src/enhanced_correlator_tb.cpp 
INFO: [HLS 200-10] Adding test bench file '/home/johan2/Documents/fpga/zynq-pynq-gnss-receiver/vivado/ip_repo/gnss_enhanced_correlator/src/enhanced_correlator_tb.cpp' to the project
Execute         send_msg_by_id INFO @200-1465@%s 'syn.top=enhanced_correlator' from enhanced_correlator_hls_config.cfg(11) 
INFO: [HLS 200-1465] Applying config ini 'syn.top=enhanced_correlator' from enhanced_correlator_hls_config.cfg(11)
Execute         set_top enhanced_correlator 
Execute         send_msg_by_id INFO @200-1465@%s 'flow_target=vivado' from enhanced_correlator_hls_config.cfg(4) 
INFO: [HLS 200-1465] Applying config ini 'flow_target=vivado' from enhanced_correlator_hls_config.cfg(4)
Execute         send_msg_by_id INFO @200-1505@%s%s  vivado 
INFO: [HLS 200-1505] Using flow_target 'vivado'
Execute         send_msg_by_id INFO @200-1465@%s 'part=xc7z020clg484-1' from enhanced_correlator_hls_config.cfg(1) 
INFO: [HLS 200-1465] Applying config ini 'part=xc7z020clg484-1' from enhanced_correlator_hls_config.cfg(1)
Execute         set_part xc7z020clg484-1 
Execute           create_platform xc7z020clg484-1 -board  
Command           create_platform done; 0.21 sec.
Execute           source /opt/Xilinx/2025.2/Vitis/common/technology/xilinx/common/xilinx.gen 
Execute             source /opt/Xilinx/2025.2/Vitis/common/technology/xilinx/interface/plb46.gen 
Execute             source /opt/Xilinx/2025.2/Vitis/common/technology/xilinx/interface/axi4.gen 
Execute             source /opt/Xilinx/2025.2/Vitis/common/technology/xilinx/interface/nativeAXI4.gen 
Execute               source /opt/Xilinx/2025.2/Vitis/common/technology/xilinx/interface/saxilite.gen 
Execute             source /opt/Xilinx/2025.2/Vitis/common/technology/xilinx/scripts/xilinxcoregen.gen 
Execute             source /opt/Xilinx/2025.2/Vitis/common/technology/xilinx/interface/XilEDKCoreGen.gen 
Execute             source /opt/Xilinx/2025.2/Vitis/common/technology/xilinx/ip/xfft.gen 
Command             ap_source done; 0.13 sec.
Execute             source /opt/Xilinx/2025.2/Vitis/common/technology/xilinx/ip/util.gen 
Execute             source /opt/Xilinx/2025.2/Vitis/common/technology/xilinx/ip/xfir.gen 
Execute             source /opt/Xilinx/2025.2/Vitis/common/technology/xilinx/ip/dds_compiler.gen 
Execute             source /opt/Xilinx/2025.2/Vitis/common/technology/xilinx/DSP48/dsp48.gen 
Command           ap_source done; 0.18 sec.
Execute           ap_part_info -name xc7z020-clg484-1 -data info 
Execute           config_compile -quiet -complex-mul-dsp=0 
Command         set_part done; 0.45 sec.
Execute         send_msg_by_id INFO @200-1465@%s 'clock=10ns' from enhanced_correlator_hls_config.cfg(10) 
INFO: [HLS 200-1465] Applying config ini 'clock=10ns' from enhanced_correlator_hls_config.cfg(10)
Execute         create_clock -period 10ns 
Execute           ap_set_clock -name default -period 10 -unit ns -default=false 
INFO: [SYN 201-201] Setting up clock 'default' with a period of 10ns.
Execute         send_msg_by_id INFO @200-1465@%s 'package.output.format=ip_catalog' from enhanced_correlator_hls_config.cfg(5) 
INFO: [HLS 200-1465] Applying config ini 'package.output.format=ip_catalog' from enhanced_correlator_hls_config.cfg(5)
Execute         config_export -format=ip_catalog 
Command       apply_ini done; 0.51 sec.
Execute       write_component -config /home/johan2/Documents/fpga/zynq-pynq-gnss-receiver/enhanced_correlator/enhanced_correlator/enhanced_correlator_hls_config.cfg 
Execute         send_msg_by_id INFO @200-2176@%s /home/johan2/Documents/fpga/zynq-pynq-gnss-receiver/enhanced_correlator/enhanced_correlator/enhanced_correlator/vitis-comp.json 
INFO: [HLS 200-2176] Writing Vitis IDE component file /home/johan2/Documents/fpga/zynq-pynq-gnss-receiver/enhanced_correlator/enhanced_correlator/enhanced_correlator/vitis-comp.json
Command     open_solution done; 3.66 sec.
Command   open_component done; 3.66 sec.
Execute   apply_ini /home/johan2/Documents/fpga/zynq-pynq-gnss-receiver/enhanced_correlator/enhanced_correlator/enhanced_correlator/hls/config.cmdline -iscmdline 
Execute   ::AP::init_summary_file vivado-impl 
Execute     AP::app_get_file_relativeroot [AP::app_get_root] {}
Execute   export_design -flow impl 
Execute     config_export -flow=impl 
INFO-FLOW: DBG:PUTS: export_design_wrap: -flow impl -format ip_catalog -rtl verilog
Execute     source /home/johan2/Documents/fpga/zynq-pynq-gnss-receiver/enhanced_correlator/enhanced_correlator/enhanced_correlator/hls/.autopilot/db/global.setting.tcl 
INFO-FLOW: DBG:PUTS:   auto_impl: pack: -export -rtl verilog
INFO-FLOW: DBG:PROC: ::AESL_AUTOIMPL::auto_impl args='-export -rtl verilog'
Execute     source /home/johan2/Documents/fpga/zynq-pynq-gnss-receiver/enhanced_correlator/enhanced_correlator/enhanced_correlator/hls/.autopilot/db/global.setting.tcl 
INFO: [IMPL 213-8] Exporting RTL as a Vivado IP.
INFO-FLOW: DBG:PUTS: automg_wrap -export -pcore_version 1.00.a -rtl vlog -tool Vivado -impltomg_flag
INFO-FLOW: DBG:PROC: ::AESL_AUTOMG::auto_generate args='-export -pcore_version 1.00.a -rtl vlog -tool Vivado -impltomg_flag'
INFO-FLOW: DBG:PUTS:     auto_generate -export -pcore_version 1.00.a -rtl vlog -tool Vivado -impltomg_flag
Execute     source /home/johan2/Documents/fpga/zynq-pynq-gnss-receiver/enhanced_correlator/enhanced_correlator/enhanced_correlator/hls/.autopilot/db/global.setting.tcl 
INFO-FLOW: DBG:PUTS: read_platform_lib /home/johan2/Documents/fpga/zynq-pynq-gnss-receiver/enhanced_correlator/enhanced_correlator/enhanced_correlator/hls/.autopilot/db/global.setting.tcl
Execute     source /opt/Xilinx/2025.2/Vitis/common/technology/generic/autopilot/common.gen 
Execute       source /opt/Xilinx/2025.2/Vitis/common/technology/generic/autopilot/APCoreGen.gen 
Execute     source /opt/Xilinx/2025.2/Vitis/common/technology/generic/autopilot/op.gen 
Execute     source /opt/Xilinx/2025.2/Vitis/common/technology/generic/autopilot/op_simcore.gen 
Execute     source /opt/Xilinx/2025.2/Vitis/common/technology/generic/autopilot/interface.gen 
Execute     source /home/johan2/Documents/fpga/zynq-pynq-gnss-receiver/enhanced_correlator/enhanced_correlator/enhanced_correlator/hls/.autopilot/db/global.setting.tcl 
Execute     source /opt/Xilinx/2025.2/Vitis/common/technology/xilinx/common/xilinx.gen 
Execute       source /opt/Xilinx/2025.2/Vitis/common/technology/xilinx/interface/plb46.gen 
Execute       source /opt/Xilinx/2025.2/Vitis/common/technology/xilinx/interface/axi4.gen 
Execute       source /opt/Xilinx/2025.2/Vitis/common/technology/xilinx/interface/nativeAXI4.gen 
Execute         source /opt/Xilinx/2025.2/Vitis/common/technology/xilinx/interface/saxilite.gen 
Execute       source /opt/Xilinx/2025.2/Vitis/common/technology/xilinx/scripts/xilinxcoregen.gen 
Execute       source /opt/Xilinx/2025.2/Vitis/common/technology/xilinx/interface/XilEDKCoreGen.gen 
Execute       source /opt/Xilinx/2025.2/Vitis/common/technology/xilinx/ip/xfft.gen 
Command       ap_source done; 0.14 sec.
Execute       source /opt/Xilinx/2025.2/Vitis/common/technology/xilinx/ip/util.gen 
Execute       source /opt/Xilinx/2025.2/Vitis/common/technology/xilinx/ip/xfir.gen 
Execute       source /opt/Xilinx/2025.2/Vitis/common/technology/xilinx/ip/dds_compiler.gen 
Execute       source /opt/Xilinx/2025.2/Vitis/common/technology/xilinx/DSP48/dsp48.gen 
Command     ap_source done; 0.2 sec.
INFO-FLOW: DBG:PUTS:   using AESL_AUTOCG::g_clock_period=10.000 (was NA)
INFO-FLOW: DBG:PUTS:       initCTypeInfo top_module=enhanced_correlator xml_exists=0
Execute     source /home/johan2/Documents/fpga/zynq-pynq-gnss-receiver/enhanced_correlator/enhanced_correlator/enhanced_correlator/hls/.autopilot/db/enhanced_correlator.rtl_wrap.cfg.tcl 
Execute     source /home/johan2/Documents/fpga/zynq-pynq-gnss-receiver/enhanced_correlator/enhanced_correlator/enhanced_correlator/hls/.autopilot/db/enhanced_correlator.rtl_wrap.cfg.tcl 
Execute     source /home/johan2/Documents/fpga/zynq-pynq-gnss-receiver/enhanced_correlator/enhanced_correlator/enhanced_correlator/hls/.autopilot/db/enhanced_correlator.rtl_wrap.cfg.tcl 
Execute     source /home/johan2/Documents/fpga/zynq-pynq-gnss-receiver/enhanced_correlator/enhanced_correlator/enhanced_correlator/hls/.autopilot/db/enhanced_correlator.tbgen.tcl 
Execute     source /home/johan2/Documents/fpga/zynq-pynq-gnss-receiver/enhanced_correlator/enhanced_correlator/enhanced_correlator/hls/.autopilot/db/enhanced_correlator.tbgen.tcl 
Execute     source /home/johan2/Documents/fpga/zynq-pynq-gnss-receiver/enhanced_correlator/enhanced_correlator/enhanced_correlator/hls/.autopilot/db/enhanced_correlator.tbgen.tcl 
Execute     source /home/johan2/Documents/fpga/zynq-pynq-gnss-receiver/enhanced_correlator/enhanced_correlator/enhanced_correlator/hls/.autopilot/db/global.setting.tcl 
Execute     source /home/johan2/Documents/fpga/zynq-pynq-gnss-receiver/enhanced_correlator/enhanced_correlator/enhanced_correlator/hls/.autopilot/db/enhanced_correlator.tbgen.tcl 
Execute     source /home/johan2/Documents/fpga/zynq-pynq-gnss-receiver/enhanced_correlator/enhanced_correlator/enhanced_correlator/hls/.autopilot/db/cosimDB.tcl 
INFO-FLOW: DBG:PUTS:       cosim_export_main adding deadlock detection to enhanced_correlator
INFO-FLOW: DBG:PUTS:       generate_datafile_ip_script ip_types={vitis sysgen} #gSsdmPorts=0
INFO-FLOW: DBG:PUTS: Skipping loadAnalyze_DB, #g_database=19
INFO-FLOW: DBG:PUTS:       generate_json generate_bd_files=0 generate_xo_files=false #modelList=26 #gSsdmPorts=0
INFO-FLOW: DBG:PROC: ::AP::DESIGN_DATA::generate_json generate_bd_files='0' generate_xo_files='false' modelList='enhanced_correlator_mul_23s_22ns_45_1_1
enhanced_correlator_mul_30s_29ns_58_2_1
enhanced_correlator_mul_80s_24ns_80_5_1
enhanced_correlator_sparsemux_17_3_1_1_1
enhanced_correlator_ctlz_30_30_1_1
enhanced_correlator_sparsemux_33_4_1_1_1
enhanced_correlator_sparsemux_33_4_1_1_1
enhanced_correlator_mul_15ns_15ns_30_1_1
enhanced_correlator_mul_15ns_15s_30_1_1
enhanced_correlator_ctlz_32_32_1_1
enhanced_correlator_sin_or_cos_float_s_ref_4oPi_table_100_ROM_1P_LUTRAM_1R
enhanced_correlator_sin_or_cos_float_s_second_order_float_sin_cos_K0_ROM_1P_LUTRAM_1R
enhanced_correlator_sin_or_cos_float_s_second_order_float_sin_cos_K1_ROM_1P_LUTRAM_1R
enhanced_correlator_sin_or_cos_float_s_second_order_float_sin_cos_K2_ROM_1P_LUTRAM_1R
enhanced_correlator_faddfsub_32ns_32ns_32_5_full_dsp_1
enhanced_correlator_fadd_32ns_32ns_32_5_full_dsp_1
enhanced_correlator_fmul_32ns_32ns_32_4_max_dsp_1
enhanced_correlator_fdiv_32ns_32ns_32_16_no_dsp_1
enhanced_correlator_sitofp_32ns_32_6_no_dsp_1
enhanced_correlator_fcmp_32ns_32ns_1_2_no_dsp_1
enhanced_correlator_gmem0_m_axi
enhanced_correlator_gmem1_m_axi
enhanced_correlator_control_s_axi
enhanced_correlator_control_r_s_axi
sin_or_cos_float_s
enhanced_correlator
' rtl_lang='vlog' bootstrap_tcl='false' outdir='' outfilename=''
Execute     source /home/johan2/Documents/fpga/zynq-pynq-gnss-receiver/enhanced_correlator/enhanced_correlator/enhanced_correlator/hls/.autopilot/db/global.setting.tcl 
Execute     source /home/johan2/Documents/fpga/zynq-pynq-gnss-receiver/enhanced_correlator/enhanced_correlator/enhanced_correlator/hls/.autopilot/db/global.setting.tcl 
Execute     source /home/johan2/Documents/fpga/zynq-pynq-gnss-receiver/enhanced_correlator/enhanced_correlator/enhanced_correlator/hls/.autopilot/db/top-io-be.tcl 
Execute     source /home/johan2/Documents/fpga/zynq-pynq-gnss-receiver/enhanced_correlator/enhanced_correlator/enhanced_correlator/hls/.autopilot/db/enhanced_correlator.tbgen.tcl 
Execute     source /home/johan2/Documents/fpga/zynq-pynq-gnss-receiver/enhanced_correlator/enhanced_correlator/enhanced_correlator/hls/.autopilot/db/enhanced_correlator.compgen.dataonly.tcl 
Execute     source /home/johan2/Documents/fpga/zynq-pynq-gnss-receiver/enhanced_correlator/enhanced_correlator/enhanced_correlator/hls/.autopilot/db/enhanced_correlator.compgen.dataonly.tcl 
Execute     source /home/johan2/Documents/fpga/zynq-pynq-gnss-receiver/enhanced_correlator/enhanced_correlator/enhanced_correlator/hls/.autopilot/db/enhanced_correlator.compgen.dataonly.tcl 
Execute     source /home/johan2/Documents/fpga/zynq-pynq-gnss-receiver/enhanced_correlator/enhanced_correlator/enhanced_correlator/hls/.autopilot/db/enhanced_correlator.compgen.dataonly.tcl 
Execute     source /home/johan2/Documents/fpga/zynq-pynq-gnss-receiver/enhanced_correlator/enhanced_correlator/enhanced_correlator/hls/.autopilot/db/enhanced_correlator.rtl_wrap.cfg.tcl 
Execute     source /home/johan2/Documents/fpga/zynq-pynq-gnss-receiver/enhanced_correlator/enhanced_correlator/enhanced_correlator/hls/.autopilot/db/enhanced_correlator.compgen.dataonly.tcl 
Execute     source /home/johan2/Documents/fpga/zynq-pynq-gnss-receiver/enhanced_correlator/enhanced_correlator/enhanced_correlator/hls/.autopilot/db/sin_or_cos_float_s.tbgen.tcl 
Execute     source /home/johan2/Documents/fpga/zynq-pynq-gnss-receiver/enhanced_correlator/enhanced_correlator/enhanced_correlator/hls/.autopilot/db/enhanced_correlator.tbgen.tcl 
Execute     source /home/johan2/Documents/fpga/zynq-pynq-gnss-receiver/enhanced_correlator/enhanced_correlator/enhanced_correlator/hls/.autopilot/db/global.setting.tcl 
Execute     ap_part_info -name xc7z020-clg484-1 -data names -quiet 
Execute     ap_part_info -name xc7z020-clg484-1 -data info -quiet 
Execute     source /home/johan2/Documents/fpga/zynq-pynq-gnss-receiver/enhanced_correlator/enhanced_correlator/enhanced_correlator/hls/.autopilot/db/enhanced_correlator.constraint.tcl 
Execute     sc_get_clocks enhanced_correlator 
Execute     source /home/johan2/Documents/fpga/zynq-pynq-gnss-receiver/enhanced_correlator/enhanced_correlator/enhanced_correlator/hls/.autopilot/db/global.setting.tcl 
Execute     source /opt/Xilinx/2025.2/Vitis/tps/tcl/tcllib2.0/fileutil/fileutil.tcl 
Execute       source /opt/Xilinx/2025.2/Vitis/tps/tcl/tcllib2.0/cmdline/cmdline.tcl 
Execute     source /home/johan2/Documents/fpga/zynq-pynq-gnss-receiver/enhanced_correlator/enhanced_correlator/enhanced_correlator/hls/impl/misc/enhanced_correlator_fadd_32ns_32ns_32_5_full_dsp_1_ip.tcl 
Execute     source /home/johan2/Documents/fpga/zynq-pynq-gnss-receiver/enhanced_correlator/enhanced_correlator/enhanced_correlator/hls/impl/misc/enhanced_correlator_faddfsub_32ns_32ns_32_5_full_dsp_1_ip.tcl 
Execute     source /home/johan2/Documents/fpga/zynq-pynq-gnss-receiver/enhanced_correlator/enhanced_correlator/enhanced_correlator/hls/impl/misc/enhanced_correlator_fcmp_32ns_32ns_1_2_no_dsp_1_ip.tcl 
Execute     source /home/johan2/Documents/fpga/zynq-pynq-gnss-receiver/enhanced_correlator/enhanced_correlator/enhanced_correlator/hls/impl/misc/enhanced_correlator_fdiv_32ns_32ns_32_16_no_dsp_1_ip.tcl 
Execute     source /home/johan2/Documents/fpga/zynq-pynq-gnss-receiver/enhanced_correlator/enhanced_correlator/enhanced_correlator/hls/impl/misc/enhanced_correlator_fmul_32ns_32ns_32_4_max_dsp_1_ip.tcl 
Execute     source /home/johan2/Documents/fpga/zynq-pynq-gnss-receiver/enhanced_correlator/enhanced_correlator/enhanced_correlator/hls/impl/misc/enhanced_correlator_sitofp_32ns_32_6_no_dsp_1_ip.tcl 
INFO-FLOW: DBG:PUTS:       generate_syn_sh
Execute     ap_part_info -name xc7z020-clg484-1 -data names -quiet 
Execute     ap_part_info -name xc7z020-clg484-1 -data info -quiet 
Execute     source /home/johan2/Documents/fpga/zynq-pynq-gnss-receiver/enhanced_correlator/enhanced_correlator/enhanced_correlator/hls/.autopilot/db/global.setting.tcl 
INFO-FLOW: DBG:PUTS:       generate_imp_constraints
Execute     ap_part_info -name xc7z020-clg484-1 -data names -quiet 
Execute     ap_part_info -name xc7z020-clg484-1 -data info -quiet 
Execute     source /home/johan2/Documents/fpga/zynq-pynq-gnss-receiver/enhanced_correlator/enhanced_correlator/enhanced_correlator/hls/.autopilot/db/enhanced_correlator.constraint.tcl 
Execute     source /home/johan2/Documents/fpga/zynq-pynq-gnss-receiver/enhanced_correlator/enhanced_correlator/enhanced_correlator/hls/.autopilot/db/enhanced_correlator.tbgen.tcl 
INFO-FLOW: DBG:PUTS:       delete-temp-dirs pwd=/home/johan2/Documents/fpga/zynq-pynq-gnss-receiver/enhanced_correlator/enhanced_correlator/enhanced_correlator/hls
Execute     ap_part_info -name xc7z020-clg484-1 -data names -quiet 
Execute     ap_part_info -name xc7z020-clg484-1 -data info -quiet 
INFO-FLOW: DBG:PUTS: read_platform_lib /home/johan2/Documents/fpga/zynq-pynq-gnss-receiver/enhanced_correlator/enhanced_correlator/enhanced_correlator/hls/.autopilot/db/global.setting.tcl
Execute     source /opt/Xilinx/2025.2/Vitis/common/technology/generic/autopilot/common.gen 
Execute       source /opt/Xilinx/2025.2/Vitis/common/technology/generic/autopilot/APCoreGen.gen 
Execute     source /opt/Xilinx/2025.2/Vitis/common/technology/generic/autopilot/op.gen 
Execute     source /opt/Xilinx/2025.2/Vitis/common/technology/generic/autopilot/op_simcore.gen 
Execute     source /opt/Xilinx/2025.2/Vitis/common/technology/generic/autopilot/interface.gen 
Execute     source /home/johan2/Documents/fpga/zynq-pynq-gnss-receiver/enhanced_correlator/enhanced_correlator/enhanced_correlator/hls/.autopilot/db/global.setting.tcl 
Execute     source /opt/Xilinx/2025.2/Vitis/common/technology/xilinx/common/xilinx.gen 
Execute       source /opt/Xilinx/2025.2/Vitis/common/technology/xilinx/interface/plb46.gen 
Execute       source /opt/Xilinx/2025.2/Vitis/common/technology/xilinx/interface/axi4.gen 
Execute       source /opt/Xilinx/2025.2/Vitis/common/technology/xilinx/interface/nativeAXI4.gen 
Execute         source /opt/Xilinx/2025.2/Vitis/common/technology/xilinx/interface/saxilite.gen 
Execute       source /opt/Xilinx/2025.2/Vitis/common/technology/xilinx/scripts/xilinxcoregen.gen 
Execute       source /opt/Xilinx/2025.2/Vitis/common/technology/xilinx/interface/XilEDKCoreGen.gen 
Execute       source /opt/Xilinx/2025.2/Vitis/common/technology/xilinx/ip/xfft.gen 
Command       ap_source done; 0.13 sec.
Execute       source /opt/Xilinx/2025.2/Vitis/common/technology/xilinx/ip/util.gen 
Execute       source /opt/Xilinx/2025.2/Vitis/common/technology/xilinx/ip/xfir.gen 
Execute       source /opt/Xilinx/2025.2/Vitis/common/technology/xilinx/ip/dds_compiler.gen 
Execute       source /opt/Xilinx/2025.2/Vitis/common/technology/xilinx/DSP48/dsp48.gen 
Command     ap_source done; 0.18 sec.
INFO-FLOW: DBG:PUTS:     IP package: exec /home/johan2/Documents/fpga/zynq-pynq-gnss-receiver/enhanced_correlator/enhanced_correlator/enhanced_correlator/hls/impl/ip/pack.sh
INFO-FLOW: DBG:PUTS:     IP package: success /home/johan2/Documents/fpga/zynq-pynq-gnss-receiver/enhanced_correlator/enhanced_correlator/enhanced_correlator/hls/impl/ip/pack.sh
INFO-FLOW: DBG:PUTS:   auto_impl: eval: -flow impl -rtl verilog
INFO-FLOW: DBG:PROC: ::AESL_AUTOIMPL::auto_impl args='-flow impl -rtl verilog'
Execute     source /home/johan2/Documents/fpga/zynq-pynq-gnss-receiver/enhanced_correlator/enhanced_correlator/enhanced_correlator/hls/.autopilot/db/global.setting.tcl 
INFO: [IMPL 213-8] Starting RTL evaluation using Vivado ...
INFO-FLOW: DBG:PUTS: automg_wrap -rtl vlog -tool Vivado -impltomg_flag
INFO-FLOW: DBG:PROC: ::AESL_AUTOMG::auto_generate args='-rtl vlog -tool Vivado -impltomg_flag'
INFO-FLOW: DBG:PUTS:     auto_generate -rtl vlog -tool Vivado -impltomg_flag
Execute     source /home/johan2/Documents/fpga/zynq-pynq-gnss-receiver/enhanced_correlator/enhanced_correlator/enhanced_correlator/hls/.autopilot/db/global.setting.tcl 
INFO-FLOW: DBG:PUTS: read_platform_lib /home/johan2/Documents/fpga/zynq-pynq-gnss-receiver/enhanced_correlator/enhanced_correlator/enhanced_correlator/hls/.autopilot/db/global.setting.tcl
Execute     source /opt/Xilinx/2025.2/Vitis/common/technology/generic/autopilot/common.gen 
Execute       source /opt/Xilinx/2025.2/Vitis/common/technology/generic/autopilot/APCoreGen.gen 
Execute     source /opt/Xilinx/2025.2/Vitis/common/technology/generic/autopilot/op.gen 
Execute     source /opt/Xilinx/2025.2/Vitis/common/technology/generic/autopilot/op_simcore.gen 
Execute     source /opt/Xilinx/2025.2/Vitis/common/technology/generic/autopilot/interface.gen 
Execute     source /home/johan2/Documents/fpga/zynq-pynq-gnss-receiver/enhanced_correlator/enhanced_correlator/enhanced_correlator/hls/.autopilot/db/global.setting.tcl 
Execute     source /opt/Xilinx/2025.2/Vitis/common/technology/xilinx/common/xilinx.gen 
Execute       source /opt/Xilinx/2025.2/Vitis/common/technology/xilinx/interface/plb46.gen 
Execute       source /opt/Xilinx/2025.2/Vitis/common/technology/xilinx/interface/axi4.gen 
Execute       source /opt/Xilinx/2025.2/Vitis/common/technology/xilinx/interface/nativeAXI4.gen 
Execute         source /opt/Xilinx/2025.2/Vitis/common/technology/xilinx/interface/saxilite.gen 
Execute       source /opt/Xilinx/2025.2/Vitis/common/technology/xilinx/scripts/xilinxcoregen.gen 
Execute       source /opt/Xilinx/2025.2/Vitis/common/technology/xilinx/interface/XilEDKCoreGen.gen 
Execute       source /opt/Xilinx/2025.2/Vitis/common/technology/xilinx/ip/xfft.gen 
Command       ap_source done; 0.14 sec.
Execute       source /opt/Xilinx/2025.2/Vitis/common/technology/xilinx/ip/util.gen 
Execute       source /opt/Xilinx/2025.2/Vitis/common/technology/xilinx/ip/xfir.gen 
Execute       source /opt/Xilinx/2025.2/Vitis/common/technology/xilinx/ip/dds_compiler.gen 
Execute       source /opt/Xilinx/2025.2/Vitis/common/technology/xilinx/DSP48/dsp48.gen 
Command     ap_source done; 0.18 sec.
INFO-FLOW: DBG:PUTS:       generate_syn_sh
Execute     ap_part_info -name xc7z020-clg484-1 -data names -quiet 
Execute     ap_part_info -name xc7z020-clg484-1 -data info -quiet 
Execute     source /home/johan2/Documents/fpga/zynq-pynq-gnss-receiver/enhanced_correlator/enhanced_correlator/enhanced_correlator/hls/.autopilot/db/global.setting.tcl 
INFO-FLOW: DBG:PUTS:       generate_imp_constraints
Execute     ap_part_info -name xc7z020-clg484-1 -data names -quiet 
Execute     ap_part_info -name xc7z020-clg484-1 -data info -quiet 
Execute     source /home/johan2/Documents/fpga/zynq-pynq-gnss-receiver/enhanced_correlator/enhanced_correlator/enhanced_correlator/hls/.autopilot/db/enhanced_correlator.constraint.tcl 
Execute     source /home/johan2/Documents/fpga/zynq-pynq-gnss-receiver/enhanced_correlator/enhanced_correlator/enhanced_correlator/hls/.autopilot/db/enhanced_correlator.tbgen.tcl 
INFO-FLOW: DBG:PUTS:       delete-temp-dirs pwd=/home/johan2/Documents/fpga/zynq-pynq-gnss-receiver/enhanced_correlator/enhanced_correlator/enhanced_correlator/hls
Execute     ap_part_info -name xc7z020-clg484-1 -data names -quiet 
Execute     ap_part_info -name xc7z020-clg484-1 -data info -quiet 
INFO-FLOW: DBG:PUTS: read_platform_lib /home/johan2/Documents/fpga/zynq-pynq-gnss-receiver/enhanced_correlator/enhanced_correlator/enhanced_correlator/hls/.autopilot/db/global.setting.tcl
Execute     source /opt/Xilinx/2025.2/Vitis/common/technology/generic/autopilot/common.gen 
Execute       source /opt/Xilinx/2025.2/Vitis/common/technology/generic/autopilot/APCoreGen.gen 
Execute     source /opt/Xilinx/2025.2/Vitis/common/technology/generic/autopilot/op.gen 
Execute     source /opt/Xilinx/2025.2/Vitis/common/technology/generic/autopilot/op_simcore.gen 
Execute     source /opt/Xilinx/2025.2/Vitis/common/technology/generic/autopilot/interface.gen 
Execute     source /home/johan2/Documents/fpga/zynq-pynq-gnss-receiver/enhanced_correlator/enhanced_correlator/enhanced_correlator/hls/.autopilot/db/global.setting.tcl 
Execute     source /opt/Xilinx/2025.2/Vitis/common/technology/xilinx/common/xilinx.gen 
Execute       source /opt/Xilinx/2025.2/Vitis/common/technology/xilinx/interface/plb46.gen 
Execute       source /opt/Xilinx/2025.2/Vitis/common/technology/xilinx/interface/axi4.gen 
Execute       source /opt/Xilinx/2025.2/Vitis/common/technology/xilinx/interface/nativeAXI4.gen 
Execute         source /opt/Xilinx/2025.2/Vitis/common/technology/xilinx/interface/saxilite.gen 
Execute       source /opt/Xilinx/2025.2/Vitis/common/technology/xilinx/scripts/xilinxcoregen.gen 
Execute       source /opt/Xilinx/2025.2/Vitis/common/technology/xilinx/interface/XilEDKCoreGen.gen 
Execute       source /opt/Xilinx/2025.2/Vitis/common/technology/xilinx/ip/xfft.gen 
Command       ap_source done; 0.13 sec.
Execute       source /opt/Xilinx/2025.2/Vitis/common/technology/xilinx/ip/util.gen 
Execute       source /opt/Xilinx/2025.2/Vitis/common/technology/xilinx/ip/xfir.gen 
Execute       source /opt/Xilinx/2025.2/Vitis/common/technology/xilinx/ip/dds_compiler.gen 
Execute       source /opt/Xilinx/2025.2/Vitis/common/technology/xilinx/DSP48/dsp48.gen 
Command     ap_source done; 0.18 sec.
Execute     source /home/johan2/Documents/fpga/zynq-pynq-gnss-receiver/enhanced_correlator/enhanced_correlator/enhanced_correlator/hls/.autopilot/db/autopilot.rtl.models.tcl 
Execute     source /home/johan2/Documents/fpga/zynq-pynq-gnss-receiver/enhanced_correlator/enhanced_correlator/enhanced_correlator/hls/.autopilot/db/global.setting.tcl 
Execute     ap_part_info -name xc7z020-clg484-1 -data names -quiet 
Execute     ap_part_info -name xc7z020-clg484-1 -data info -quiet 
INFO-FLOW: DBG:PUTS: debug_in_auto_impl: vlog exec /home/johan2/Documents/fpga/zynq-pynq-gnss-receiver/enhanced_correlator/enhanced_correlator/enhanced_correlator/hls/impl/verilog/impl.sh
INFO-FLOW: DBG:PROC: ::HLSREPORTS::auto_impl_report topinfo_dict='RtlTopPrefix {} RtlSubPrefix enhanced_correlator_ TopModuleNoPrefix enhanced_correlator TopModuleWithPrefix enhanced_correlator' export_design_flow='impl' impl_dir='/home/johan2/Documents/fpga/zynq-pynq-gnss-receiver/enhanced_correlator/enhanced_correlator/enhanced_correlator/hls/impl' lang='verilog' out_dir='' flow_names=''
INFO-FLOW: Running: auto_impl_report read csynth_xml
INFO-FLOW: Done: auto_impl_report read csynth_xml time: 0.1 seconds 
INFO-FLOW: Running: auto_impl_report gen module_node_dict
INFO-FLOW: Done: auto_impl_report gen module_node_dict time: 0 seconds 
INFO-FLOW: Running: auto_impl_report get_csynth_rtlinst_dict
INFO-FLOW: Done: auto_impl_report get_csynth_rtlinst_dict time: 0.1 seconds 
INFO-FLOW: DBG:PUTS:     auto_impl_report: impl processing xml
INFO-FLOW: Running: auto_impl_report flow=impl process xml nodes: RtlModule (39)
INFO-FLOW: Done: auto_impl_report flow=impl process xml nodes: RtlModule (39) time: 0 seconds 
INFO-FLOW: Running: auto_impl_report flow=impl process xml nodes: TimingPaths (5)
INFO-FLOW: Done: auto_impl_report flow=impl process xml nodes: TimingPaths (5) time: 0 seconds 
Execute     ap_part_info -quiet -data family -name xc7z020-clg484-1 
Command     ap_part_info done; 0.39 sec.
INFO-FLOW: Running: auto_impl_report flow=impl write xml /home/johan2/Documents/fpga/zynq-pynq-gnss-receiver/enhanced_correlator/enhanced_correlator/enhanced_correlator/hls/impl/report/verilog/export_impl.xml
INFO-FLOW: Done: auto_impl_report flow=impl write xml /home/johan2/Documents/fpga/zynq-pynq-gnss-receiver/enhanced_correlator/enhanced_correlator/enhanced_correlator/hls/impl/report/verilog/export_impl.xml time: 0 seconds 
INFO-FLOW: Running: auto_impl_report flow=impl auto_impl_report_txt /home/johan2/Documents/fpga/zynq-pynq-gnss-receiver/enhanced_correlator/enhanced_correlator/enhanced_correlator/hls/impl/report/verilog/export_impl.rpt
INFO-FLOW: DBG:PROC: ::HLSREPORTS::auto_impl_report_txt xml_root='domNode0x725c7b2d9998' export_design_flow='impl' export_rpt='/home/johan2/Documents/fpga/zynq-pynq-gnss-receiver/enhanced_correlator/enhanced_correlator/enhanced_correlator/hls/impl/report/verilog/export_impl.rpt' rpt_txt_var=''
INFO-FLOW: DBG:PUTS:     wrote export rpt file: export_impl.rpt
INFO-FLOW: Done: auto_impl_report flow=impl auto_impl_report_txt /home/johan2/Documents/fpga/zynq-pynq-gnss-receiver/enhanced_correlator/enhanced_correlator/enhanced_correlator/hls/impl/report/verilog/export_impl.rpt time: 0 seconds 
INFO-FLOW: DBG:PUTS:     auto_impl_report: syn processing xml
INFO-FLOW: Running: auto_impl_report flow=syn process xml nodes: RtlModule (39)
INFO-FLOW: Done: auto_impl_report flow=syn process xml nodes: RtlModule (39) time: 0 seconds 
INFO-FLOW: Running: auto_impl_report flow=syn process xml nodes: TimingPaths (5)
INFO-FLOW: Done: auto_impl_report flow=syn process xml nodes: TimingPaths (5) time: 0 seconds 
Execute     ap_part_info -quiet -data family -name xc7z020-clg484-1 
INFO-FLOW: Running: auto_impl_report flow=syn write xml /home/johan2/Documents/fpga/zynq-pynq-gnss-receiver/enhanced_correlator/enhanced_correlator/enhanced_correlator/hls/impl/report/verilog/export_syn.xml
INFO-FLOW: Done: auto_impl_report flow=syn write xml /home/johan2/Documents/fpga/zynq-pynq-gnss-receiver/enhanced_correlator/enhanced_correlator/enhanced_correlator/hls/impl/report/verilog/export_syn.xml time: 0 seconds 
INFO-FLOW: Running: auto_impl_report flow=syn auto_impl_report_txt /home/johan2/Documents/fpga/zynq-pynq-gnss-receiver/enhanced_correlator/enhanced_correlator/enhanced_correlator/hls/impl/report/verilog/export_syn.rpt
INFO-FLOW: DBG:PROC: ::HLSREPORTS::auto_impl_report_txt xml_root='domNode0x725c7b210238' export_design_flow='syn' export_rpt='/home/johan2/Documents/fpga/zynq-pynq-gnss-receiver/enhanced_correlator/enhanced_correlator/enhanced_correlator/hls/impl/report/verilog/export_syn.rpt' rpt_txt_var=''
INFO-FLOW: DBG:PUTS:     wrote export rpt file: export_syn.rpt
INFO-FLOW: Done: auto_impl_report flow=syn auto_impl_report_txt /home/johan2/Documents/fpga/zynq-pynq-gnss-receiver/enhanced_correlator/enhanced_correlator/enhanced_correlator/hls/impl/report/verilog/export_syn.rpt time: 0 seconds 
Execute     send_msg_by_id INFO @200-802@%s enhanced_correlator/enhanced_correlator.zip 
INFO: [HLS 200-802] Generated output file enhanced_correlator/enhanced_correlator.zip
Command   export_design done; 903.54 sec.
Execute   close_project 
Execute     close_solution 
Execute       cleanup_all 
Execute       cleanup_all 
