

================================================================
== Vitis HLS Report for 'enhanced_correlator'
================================================================
* Date:           Sun Sep 20 21:47:29 2026

* Version:        2025.2 (Build 6295257 on Nov 14 2025)
* Project:        enhanced_correlator
* Solution:       hls (Vivado IP Flow Target)
* Product family: zynq
* Target device:  xc7z020-clg484-1


================================================================
== Performance Estimates
================================================================
+ Timing: 
    * Summary: 
    +--------+----------+----------+------------+
    |  Clock |  Target  | Estimated| Uncertainty|
    +--------+----------+----------+------------+
    |ap_clk  |  10.00 ns|  7.300 ns|     2.70 ns|
    +--------+----------+----------+------------+

+ Latency: 
    * Summary: 
    +---------+---------+----------+----------+-----+-----+---------+
    |  Latency (cycles) |  Latency (absolute) |  Interval | Pipeline|
    |   min   |   max   |    min   |    max   | min | max |   Type  |
    +---------+---------+----------+----------+-----+-----+---------+
    |        ?|        ?|         ?|         ?|    ?|    ?|       no|
    +---------+---------+----------+----------+-----+-----+---------+

    + Detail: 
        * Instance: 
        N/A

        * Loop: 
        +--------------------+---------+---------+----------+-----------+-----------+------+----------+
        |                    |  Latency (cycles) | Iteration|  Initiation Interval  | Trip |          |
        |      Loop Name     |   min   |   max   |  Latency |  achieved |   target  | Count| Pipelined|
        +--------------------+---------+---------+----------+-----------+-----------+------+----------+
        |- VITIS_LOOP_61_1   |        ?|        ?|         ?|          -|          -|     ?|        no|
        | + VITIS_LOOP_70_2  |        ?|        ?|         7|          -|          -|     ?|        no|
        | + VITIS_LOOP_71_3  |        ?|        ?|         7|          -|          -|     ?|        no|
        | + VITIS_LOOP_86_4  |        ?|        ?|         7|          -|          -|     ?|        no|
        | + VITIS_LOOP_87_5  |        ?|        ?|         7|          -|          -|     ?|        no|
        | + VITIS_LOOP_88_6  |        ?|        ?|         7|          -|          -|     ?|        no|
        +--------------------+---------+---------+----------+-----------+-----------+------+----------+

============================================================
+ Verbose Summary: Synthesis Manager
============================================================
InlineROM: 1
ExposeGlobal: 0
============================================================
+ Verbose Summary: CDFG Model
============================================================
IsTopModel: 1
ResetActiveHigh: 1
IsCombinational: 0
IsDatapathOnly: 0
HasWiredReturn: 1
HasMFsm: 0
HasVarLatency: 1
IsPipeline: 0
IsRtlPipelined: 0
IsInstanceOverlapped: 0
IsDontTouch: 0
HasImplIP: 0
IsGatedGlobalClock: 0


============================================================
+ Verbose Summary: Schedule
============================================================
* Number of FSM states : 127
* Pipeline : 0
* Dataflow Pipeline: 0

* FSM state transitions: 
1 --> 2 
2 --> 3 
3 --> 4 
4 --> 5 
5 --> 6 
6 --> 7 
7 --> 8 
8 --> 9 
9 --> 10 
10 --> 11 
11 --> 12 
12 --> 13 
13 --> 14 
14 --> 15 
15 --> 16 
16 --> 17 
17 --> 18 
18 --> 19 
19 --> 20 
20 --> 21 
21 --> 22 
22 --> 23 
23 --> 24 
24 --> 25 
25 --> 26 
26 --> 27 
27 --> 28 
28 --> 29 
29 --> 30 
30 --> 31 
31 --> 39 32 
32 --> 33 
33 --> 34 
34 --> 35 
35 --> 36 
36 --> 37 
37 --> 38 
38 --> 32 39 
39 --> 40 
40 --> 41 
41 --> 49 42 
42 --> 43 
43 --> 44 
44 --> 45 
45 --> 46 
46 --> 47 
47 --> 48 
48 --> 42 49 
49 --> 50 
50 --> 51 
51 --> 52 
52 --> 53 
53 --> 54 
54 --> 55 
55 --> 56 
56 --> 57 
57 --> 58 
58 --> 59 
59 --> 60 
60 --> 61 
61 --> 62 
62 --> 63 
63 --> 64 
64 --> 65 
65 --> 66 
66 --> 67 
67 --> 68 
68 --> 69 
69 --> 70 
70 --> 71 
71 --> 72 
72 --> 73 
73 --> 74 
74 --> 75 
75 --> 76 
76 --> 84 77 
77 --> 78 
78 --> 79 
79 --> 80 
80 --> 81 
81 --> 82 
82 --> 83 
83 --> 77 84 
84 --> 85 
85 --> 86 
86 --> 94 87 
87 --> 88 
88 --> 89 
89 --> 90 
90 --> 91 
91 --> 92 
92 --> 93 
93 --> 87 94 
94 --> 95 
95 --> 96 
96 --> 104 97 
97 --> 98 
98 --> 99 
99 --> 100 
100 --> 101 
101 --> 102 
102 --> 103 
103 --> 97 104 
104 --> 105 
105 --> 106 
106 --> 107 
107 --> 108 
108 --> 109 
109 --> 110 
110 --> 111 
111 --> 112 
112 --> 113 
113 --> 114 
114 --> 115 
115 --> 116 
116 --> 117 
117 --> 118 
118 --> 119 
119 --> 120 
120 --> 121 
121 --> 122 
122 --> 123 
123 --> 124 
124 --> 125 
125 --> 126 
126 --> 127 
127 --> 21 

* FSM state operations: 

State 1 <SV = 0> <Delay = 6.70>
ST_1 : Operation 128 [1/1] (0.00ns)   --->   "%acc_E_I = alloca i32 1" [vivado/ip_repo/gnss_enhanced_correlator/src/enhanced_correlator.cpp:53]   --->   Operation 128 'alloca' 'acc_E_I' <Predicate = true> <Delay = 0.00>
ST_1 : Operation 129 [1/1] (0.00ns)   --->   "%acc_E_Q = alloca i32 1" [vivado/ip_repo/gnss_enhanced_correlator/src/enhanced_correlator.cpp:53]   --->   Operation 129 'alloca' 'acc_E_Q' <Predicate = true> <Delay = 0.00>
ST_1 : Operation 130 [1/1] (0.00ns)   --->   "%acc_P_I = alloca i32 1" [vivado/ip_repo/gnss_enhanced_correlator/src/enhanced_correlator.cpp:54]   --->   Operation 130 'alloca' 'acc_P_I' <Predicate = true> <Delay = 0.00>
ST_1 : Operation 131 [1/1] (0.00ns)   --->   "%acc_P_Q = alloca i32 1" [vivado/ip_repo/gnss_enhanced_correlator/src/enhanced_correlator.cpp:54]   --->   Operation 131 'alloca' 'acc_P_Q' <Predicate = true> <Delay = 0.00>
ST_1 : Operation 132 [1/1] (0.00ns)   --->   "%acc_L_I = alloca i32 1" [vivado/ip_repo/gnss_enhanced_correlator/src/enhanced_correlator.cpp:55]   --->   Operation 132 'alloca' 'acc_L_I' <Predicate = true> <Delay = 0.00>
ST_1 : Operation 133 [1/1] (0.00ns)   --->   "%acc_L_Q = alloca i32 1" [vivado/ip_repo/gnss_enhanced_correlator/src/enhanced_correlator.cpp:55]   --->   Operation 133 'alloca' 'acc_L_Q' <Predicate = true> <Delay = 0.00>
ST_1 : Operation 134 [1/1] (0.00ns)   --->   "%i = alloca i32 1" [vivado/ip_repo/gnss_enhanced_correlator/src/enhanced_correlator.cpp:61]   --->   Operation 134 'alloca' 'i' <Predicate = true> <Delay = 0.00>
ST_1 : Operation 135 [1/1] (0.00ns)   --->   "%phase = alloca i32 1" [vivado/ip_repo/gnss_enhanced_correlator/src/enhanced_correlator.cpp:69]   --->   Operation 135 'alloca' 'phase' <Predicate = true> <Delay = 0.00>
ST_1 : Operation 136 [1/1] (0.00ns)   --->   "%prompt_phase = alloca i32 1" [vivado/ip_repo/gnss_enhanced_correlator/src/enhanced_correlator.cpp:81]   --->   Operation 136 'alloca' 'prompt_phase' <Predicate = true> <Delay = 0.00>
ST_1 : Operation 137 [1/1] (1.00ns)   --->   "%prn_code_read = read i64 @_ssdm_op_Read.s_axilite.i64, i64 %prn_code" [vivado/ip_repo/gnss_enhanced_correlator/src/enhanced_correlator.cpp:10]   --->   Operation 137 'read' 'prn_code_read' <Predicate = true> <Delay = 1.00> <CoreInst = "s_axilite">   --->   Core 112 's_axilite' <Latency = 0> <II = 1> <Delay = 1.00> <Adapter> <Opcode : 'read' 'write'>
ST_1 : Operation 138 [1/1] (1.00ns)   --->   "%correlator_spacing_read = read i32 @_ssdm_op_Read.s_axilite.float, i32 %correlator_spacing" [vivado/ip_repo/gnss_enhanced_correlator/src/enhanced_correlator.cpp:10]   --->   Operation 138 'read' 'correlator_spacing_read' <Predicate = true> <Delay = 1.00> <CoreInst = "s_axilite">   --->   Core 112 's_axilite' <Latency = 0> <II = 1> <Delay = 1.00> <Adapter> <Opcode : 'read' 'write'>
ST_1 : Operation 139 [1/1] (1.00ns)   --->   "%code_length_read = read i32 @_ssdm_op_Read.s_axilite.i32, i32 %code_length" [vivado/ip_repo/gnss_enhanced_correlator/src/enhanced_correlator.cpp:10]   --->   Operation 139 'read' 'code_length_read' <Predicate = true> <Delay = 1.00> <CoreInst = "s_axilite">   --->   Core 112 's_axilite' <Latency = 0> <II = 1> <Delay = 1.00> <Adapter> <Opcode : 'read' 'write'>
ST_1 : Operation 140 [1/1] (1.00ns)   --->   "%sample_rate_read = read i32 @_ssdm_op_Read.s_axilite.float, i32 %sample_rate" [vivado/ip_repo/gnss_enhanced_correlator/src/enhanced_correlator.cpp:10]   --->   Operation 140 'read' 'sample_rate_read' <Predicate = true> <Delay = 1.00> <CoreInst = "s_axilite">   --->   Core 112 's_axilite' <Latency = 0> <II = 1> <Delay = 1.00> <Adapter> <Opcode : 'read' 'write'>
ST_1 : Operation 141 [1/1] (1.00ns)   --->   "%code_freq_read = read i32 @_ssdm_op_Read.s_axilite.float, i32 %code_freq" [vivado/ip_repo/gnss_enhanced_correlator/src/enhanced_correlator.cpp:10]   --->   Operation 141 'read' 'code_freq_read' <Predicate = true> <Delay = 1.00> <CoreInst = "s_axilite">   --->   Core 112 's_axilite' <Latency = 0> <II = 1> <Delay = 1.00> <Adapter> <Opcode : 'read' 'write'>
ST_1 : Operation 142 [1/1] (1.00ns)   --->   "%code_phase_init_read = read i32 @_ssdm_op_Read.s_axilite.float, i32 %code_phase_init" [vivado/ip_repo/gnss_enhanced_correlator/src/enhanced_correlator.cpp:10]   --->   Operation 142 'read' 'code_phase_init_read' <Predicate = true> <Delay = 1.00> <CoreInst = "s_axilite">   --->   Core 112 's_axilite' <Latency = 0> <II = 1> <Delay = 1.00> <Adapter> <Opcode : 'read' 'write'>
ST_1 : Operation 143 [1/1] (1.00ns)   --->   "%carrier_phase_init_read = read i32 @_ssdm_op_Read.s_axilite.float, i32 %carrier_phase_init" [vivado/ip_repo/gnss_enhanced_correlator/src/enhanced_correlator.cpp:10]   --->   Operation 143 'read' 'carrier_phase_init_read' <Predicate = true> <Delay = 1.00> <CoreInst = "s_axilite">   --->   Core 112 's_axilite' <Latency = 0> <II = 1> <Delay = 1.00> <Adapter> <Opcode : 'read' 'write'>
ST_1 : Operation 144 [1/1] (1.00ns)   --->   "%carrier_freq_read = read i32 @_ssdm_op_Read.s_axilite.float, i32 %carrier_freq" [vivado/ip_repo/gnss_enhanced_correlator/src/enhanced_correlator.cpp:10]   --->   Operation 144 'read' 'carrier_freq_read' <Predicate = true> <Delay = 1.00> <CoreInst = "s_axilite">   --->   Core 112 's_axilite' <Latency = 0> <II = 1> <Delay = 1.00> <Adapter> <Opcode : 'read' 'write'>
ST_1 : Operation 145 [1/1] (1.00ns)   --->   "%num_samples_read = read i32 @_ssdm_op_Read.s_axilite.i32, i32 %num_samples" [vivado/ip_repo/gnss_enhanced_correlator/src/enhanced_correlator.cpp:10]   --->   Operation 145 'read' 'num_samples_read' <Predicate = true> <Delay = 1.00> <CoreInst = "s_axilite">   --->   Core 112 's_axilite' <Latency = 0> <II = 1> <Delay = 1.00> <Adapter> <Opcode : 'read' 'write'>
ST_1 : Operation 146 [1/1] (1.00ns)   --->   "%signal_Q_read = read i64 @_ssdm_op_Read.s_axilite.i64, i64 %signal_Q" [vivado/ip_repo/gnss_enhanced_correlator/src/enhanced_correlator.cpp:10]   --->   Operation 146 'read' 'signal_Q_read' <Predicate = true> <Delay = 1.00> <CoreInst = "s_axilite">   --->   Core 112 's_axilite' <Latency = 0> <II = 1> <Delay = 1.00> <Adapter> <Opcode : 'read' 'write'>
ST_1 : Operation 147 [1/1] (1.00ns)   --->   "%signal_I_read = read i64 @_ssdm_op_Read.s_axilite.i64, i64 %signal_I" [vivado/ip_repo/gnss_enhanced_correlator/src/enhanced_correlator.cpp:10]   --->   Operation 147 'read' 'signal_I_read' <Predicate = true> <Delay = 1.00> <CoreInst = "s_axilite">   --->   Core 112 's_axilite' <Latency = 0> <II = 1> <Delay = 1.00> <Adapter> <Opcode : 'read' 'write'>
ST_1 : Operation 148 [4/4] (5.70ns)   --->   "%mul = fmul i32 %carrier_freq_read, i32 6.28319" [vivado/ip_repo/gnss_enhanced_correlator/src/enhanced_correlator.cpp:48]   --->   Operation 148 'fmul' 'mul' <Predicate = true> <Delay = 5.70> <CoreInst = "FMul_maxdsp">   --->   Core 30 'FMul_maxdsp' <Latency = 3> <II = 1> <Delay = 5.70> <FuncUnit> <Opcode : 'fmul'> <InPorts = 2> <OutPorts = 1>
ST_1 : Operation 149 [4/4] (5.70ns)   --->   "%mul2 = fmul i32 %correlator_spacing_read, i32 %sample_rate_read" [vivado/ip_repo/gnss_enhanced_correlator/src/enhanced_correlator.cpp:50]   --->   Operation 149 'fmul' 'mul2' <Predicate = true> <Delay = 5.70> <CoreInst = "FMul_maxdsp">   --->   Core 30 'FMul_maxdsp' <Latency = 3> <II = 1> <Delay = 5.70> <FuncUnit> <Opcode : 'fmul'> <InPorts = 2> <OutPorts = 1>
ST_1 : Operation 150 [1/1] (1.58ns)   --->   "%store_ln81 = store i32 %code_phase_init_read, i32 %prompt_phase" [vivado/ip_repo/gnss_enhanced_correlator/src/enhanced_correlator.cpp:81]   --->   Operation 150 'store' 'store_ln81' <Predicate = true> <Delay = 1.58>
ST_1 : Operation 151 [1/1] (1.58ns)   --->   "%store_ln69 = store i32 %carrier_phase_init_read, i32 %phase" [vivado/ip_repo/gnss_enhanced_correlator/src/enhanced_correlator.cpp:69]   --->   Operation 151 'store' 'store_ln69' <Predicate = true> <Delay = 1.58>
ST_1 : Operation 152 [1/1] (1.58ns)   --->   "%store_ln61 = store i31 0, i31 %i" [vivado/ip_repo/gnss_enhanced_correlator/src/enhanced_correlator.cpp:61]   --->   Operation 152 'store' 'store_ln61' <Predicate = true> <Delay = 1.58>
ST_1 : Operation 153 [1/1] (1.58ns)   --->   "%store_ln55 = store i32 0, i32 %acc_L_Q" [vivado/ip_repo/gnss_enhanced_correlator/src/enhanced_correlator.cpp:55]   --->   Operation 153 'store' 'store_ln55' <Predicate = true> <Delay = 1.58>
ST_1 : Operation 154 [1/1] (1.58ns)   --->   "%store_ln55 = store i32 0, i32 %acc_L_I" [vivado/ip_repo/gnss_enhanced_correlator/src/enhanced_correlator.cpp:55]   --->   Operation 154 'store' 'store_ln55' <Predicate = true> <Delay = 1.58>
ST_1 : Operation 155 [1/1] (1.58ns)   --->   "%store_ln54 = store i32 0, i32 %acc_P_Q" [vivado/ip_repo/gnss_enhanced_correlator/src/enhanced_correlator.cpp:54]   --->   Operation 155 'store' 'store_ln54' <Predicate = true> <Delay = 1.58>
ST_1 : Operation 156 [1/1] (1.58ns)   --->   "%store_ln54 = store i32 0, i32 %acc_P_I" [vivado/ip_repo/gnss_enhanced_correlator/src/enhanced_correlator.cpp:54]   --->   Operation 156 'store' 'store_ln54' <Predicate = true> <Delay = 1.58>
ST_1 : Operation 157 [1/1] (1.58ns)   --->   "%store_ln53 = store i32 0, i32 %acc_E_Q" [vivado/ip_repo/gnss_enhanced_correlator/src/enhanced_correlator.cpp:53]   --->   Operation 157 'store' 'store_ln53' <Predicate = true> <Delay = 1.58>
ST_1 : Operation 158 [1/1] (1.58ns)   --->   "%store_ln53 = store i32 0, i32 %acc_E_I" [vivado/ip_repo/gnss_enhanced_correlator/src/enhanced_correlator.cpp:53]   --->   Operation 158 'store' 'store_ln53' <Predicate = true> <Delay = 1.58>

State 2 <SV = 1> <Delay = 5.70>
ST_2 : Operation 159 [3/4] (5.70ns)   --->   "%mul = fmul i32 %carrier_freq_read, i32 6.28319" [vivado/ip_repo/gnss_enhanced_correlator/src/enhanced_correlator.cpp:48]   --->   Operation 159 'fmul' 'mul' <Predicate = true> <Delay = 5.70> <CoreInst = "FMul_maxdsp">   --->   Core 30 'FMul_maxdsp' <Latency = 3> <II = 1> <Delay = 5.70> <FuncUnit> <Opcode : 'fmul'> <InPorts = 2> <OutPorts = 1>
ST_2 : Operation 160 [3/4] (5.70ns)   --->   "%mul2 = fmul i32 %correlator_spacing_read, i32 %sample_rate_read" [vivado/ip_repo/gnss_enhanced_correlator/src/enhanced_correlator.cpp:50]   --->   Operation 160 'fmul' 'mul2' <Predicate = true> <Delay = 5.70> <CoreInst = "FMul_maxdsp">   --->   Core 30 'FMul_maxdsp' <Latency = 3> <II = 1> <Delay = 5.70> <FuncUnit> <Opcode : 'fmul'> <InPorts = 2> <OutPorts = 1>

State 3 <SV = 2> <Delay = 5.70>
ST_3 : Operation 161 [2/4] (5.70ns)   --->   "%mul = fmul i32 %carrier_freq_read, i32 6.28319" [vivado/ip_repo/gnss_enhanced_correlator/src/enhanced_correlator.cpp:48]   --->   Operation 161 'fmul' 'mul' <Predicate = true> <Delay = 5.70> <CoreInst = "FMul_maxdsp">   --->   Core 30 'FMul_maxdsp' <Latency = 3> <II = 1> <Delay = 5.70> <FuncUnit> <Opcode : 'fmul'> <InPorts = 2> <OutPorts = 1>
ST_3 : Operation 162 [2/4] (5.70ns)   --->   "%mul2 = fmul i32 %correlator_spacing_read, i32 %sample_rate_read" [vivado/ip_repo/gnss_enhanced_correlator/src/enhanced_correlator.cpp:50]   --->   Operation 162 'fmul' 'mul2' <Predicate = true> <Delay = 5.70> <CoreInst = "FMul_maxdsp">   --->   Core 30 'FMul_maxdsp' <Latency = 3> <II = 1> <Delay = 5.70> <FuncUnit> <Opcode : 'fmul'> <InPorts = 2> <OutPorts = 1>

State 4 <SV = 3> <Delay = 5.70>
ST_4 : Operation 163 [1/4] (5.70ns)   --->   "%mul = fmul i32 %carrier_freq_read, i32 6.28319" [vivado/ip_repo/gnss_enhanced_correlator/src/enhanced_correlator.cpp:48]   --->   Operation 163 'fmul' 'mul' <Predicate = true> <Delay = 5.70> <CoreInst = "FMul_maxdsp">   --->   Core 30 'FMul_maxdsp' <Latency = 3> <II = 1> <Delay = 5.70> <FuncUnit> <Opcode : 'fmul'> <InPorts = 2> <OutPorts = 1>
ST_4 : Operation 164 [1/4] (5.70ns)   --->   "%mul2 = fmul i32 %correlator_spacing_read, i32 %sample_rate_read" [vivado/ip_repo/gnss_enhanced_correlator/src/enhanced_correlator.cpp:50]   --->   Operation 164 'fmul' 'mul2' <Predicate = true> <Delay = 5.70> <CoreInst = "FMul_maxdsp">   --->   Core 30 'FMul_maxdsp' <Latency = 3> <II = 1> <Delay = 5.70> <FuncUnit> <Opcode : 'fmul'> <InPorts = 2> <OutPorts = 1>

State 5 <SV = 4> <Delay = 6.07>
ST_5 : Operation 165 [16/16] (6.07ns)   --->   "%carrier_phase_inc = fdiv i32 %mul, i32 %sample_rate_read" [vivado/ip_repo/gnss_enhanced_correlator/src/enhanced_correlator.cpp:48]   --->   Operation 165 'fdiv' 'carrier_phase_inc' <Predicate = true> <Delay = 6.07> <CoreInst = "FDiv">   --->   Core 20 'FDiv' <Latency = 15> <II = 1> <Delay = 6.07> <FuncUnit> <Opcode : 'fdiv' 'frem'> <InPorts = 2> <OutPorts = 1>
ST_5 : Operation 166 [16/16] (6.07ns)   --->   "%code_phase_inc = fdiv i32 %code_freq_read, i32 %sample_rate_read" [vivado/ip_repo/gnss_enhanced_correlator/src/enhanced_correlator.cpp:49]   --->   Operation 166 'fdiv' 'code_phase_inc' <Predicate = true> <Delay = 6.07> <CoreInst = "FDiv">   --->   Core 20 'FDiv' <Latency = 15> <II = 1> <Delay = 6.07> <FuncUnit> <Opcode : 'fdiv' 'frem'> <InPorts = 2> <OutPorts = 1>
ST_5 : Operation 167 [16/16] (6.07ns)   --->   "%el_spacing_samples = fdiv i32 %mul2, i32 %code_freq_read" [vivado/ip_repo/gnss_enhanced_correlator/src/enhanced_correlator.cpp:50]   --->   Operation 167 'fdiv' 'el_spacing_samples' <Predicate = true> <Delay = 6.07> <CoreInst = "FDiv">   --->   Core 20 'FDiv' <Latency = 15> <II = 1> <Delay = 6.07> <FuncUnit> <Opcode : 'fdiv' 'frem'> <InPorts = 2> <OutPorts = 1>

State 6 <SV = 5> <Delay = 6.07>
ST_6 : Operation 168 [15/16] (6.07ns)   --->   "%carrier_phase_inc = fdiv i32 %mul, i32 %sample_rate_read" [vivado/ip_repo/gnss_enhanced_correlator/src/enhanced_correlator.cpp:48]   --->   Operation 168 'fdiv' 'carrier_phase_inc' <Predicate = true> <Delay = 6.07> <CoreInst = "FDiv">   --->   Core 20 'FDiv' <Latency = 15> <II = 1> <Delay = 6.07> <FuncUnit> <Opcode : 'fdiv' 'frem'> <InPorts = 2> <OutPorts = 1>
ST_6 : Operation 169 [15/16] (6.07ns)   --->   "%code_phase_inc = fdiv i32 %code_freq_read, i32 %sample_rate_read" [vivado/ip_repo/gnss_enhanced_correlator/src/enhanced_correlator.cpp:49]   --->   Operation 169 'fdiv' 'code_phase_inc' <Predicate = true> <Delay = 6.07> <CoreInst = "FDiv">   --->   Core 20 'FDiv' <Latency = 15> <II = 1> <Delay = 6.07> <FuncUnit> <Opcode : 'fdiv' 'frem'> <InPorts = 2> <OutPorts = 1>
ST_6 : Operation 170 [15/16] (6.07ns)   --->   "%el_spacing_samples = fdiv i32 %mul2, i32 %code_freq_read" [vivado/ip_repo/gnss_enhanced_correlator/src/enhanced_correlator.cpp:50]   --->   Operation 170 'fdiv' 'el_spacing_samples' <Predicate = true> <Delay = 6.07> <CoreInst = "FDiv">   --->   Core 20 'FDiv' <Latency = 15> <II = 1> <Delay = 6.07> <FuncUnit> <Opcode : 'fdiv' 'frem'> <InPorts = 2> <OutPorts = 1>

State 7 <SV = 6> <Delay = 6.07>
ST_7 : Operation 171 [14/16] (6.07ns)   --->   "%carrier_phase_inc = fdiv i32 %mul, i32 %sample_rate_read" [vivado/ip_repo/gnss_enhanced_correlator/src/enhanced_correlator.cpp:48]   --->   Operation 171 'fdiv' 'carrier_phase_inc' <Predicate = true> <Delay = 6.07> <CoreInst = "FDiv">   --->   Core 20 'FDiv' <Latency = 15> <II = 1> <Delay = 6.07> <FuncUnit> <Opcode : 'fdiv' 'frem'> <InPorts = 2> <OutPorts = 1>
ST_7 : Operation 172 [14/16] (6.07ns)   --->   "%code_phase_inc = fdiv i32 %code_freq_read, i32 %sample_rate_read" [vivado/ip_repo/gnss_enhanced_correlator/src/enhanced_correlator.cpp:49]   --->   Operation 172 'fdiv' 'code_phase_inc' <Predicate = true> <Delay = 6.07> <CoreInst = "FDiv">   --->   Core 20 'FDiv' <Latency = 15> <II = 1> <Delay = 6.07> <FuncUnit> <Opcode : 'fdiv' 'frem'> <InPorts = 2> <OutPorts = 1>
ST_7 : Operation 173 [14/16] (6.07ns)   --->   "%el_spacing_samples = fdiv i32 %mul2, i32 %code_freq_read" [vivado/ip_repo/gnss_enhanced_correlator/src/enhanced_correlator.cpp:50]   --->   Operation 173 'fdiv' 'el_spacing_samples' <Predicate = true> <Delay = 6.07> <CoreInst = "FDiv">   --->   Core 20 'FDiv' <Latency = 15> <II = 1> <Delay = 6.07> <FuncUnit> <Opcode : 'fdiv' 'frem'> <InPorts = 2> <OutPorts = 1>

State 8 <SV = 7> <Delay = 6.07>
ST_8 : Operation 174 [13/16] (6.07ns)   --->   "%carrier_phase_inc = fdiv i32 %mul, i32 %sample_rate_read" [vivado/ip_repo/gnss_enhanced_correlator/src/enhanced_correlator.cpp:48]   --->   Operation 174 'fdiv' 'carrier_phase_inc' <Predicate = true> <Delay = 6.07> <CoreInst = "FDiv">   --->   Core 20 'FDiv' <Latency = 15> <II = 1> <Delay = 6.07> <FuncUnit> <Opcode : 'fdiv' 'frem'> <InPorts = 2> <OutPorts = 1>
ST_8 : Operation 175 [13/16] (6.07ns)   --->   "%code_phase_inc = fdiv i32 %code_freq_read, i32 %sample_rate_read" [vivado/ip_repo/gnss_enhanced_correlator/src/enhanced_correlator.cpp:49]   --->   Operation 175 'fdiv' 'code_phase_inc' <Predicate = true> <Delay = 6.07> <CoreInst = "FDiv">   --->   Core 20 'FDiv' <Latency = 15> <II = 1> <Delay = 6.07> <FuncUnit> <Opcode : 'fdiv' 'frem'> <InPorts = 2> <OutPorts = 1>
ST_8 : Operation 176 [13/16] (6.07ns)   --->   "%el_spacing_samples = fdiv i32 %mul2, i32 %code_freq_read" [vivado/ip_repo/gnss_enhanced_correlator/src/enhanced_correlator.cpp:50]   --->   Operation 176 'fdiv' 'el_spacing_samples' <Predicate = true> <Delay = 6.07> <CoreInst = "FDiv">   --->   Core 20 'FDiv' <Latency = 15> <II = 1> <Delay = 6.07> <FuncUnit> <Opcode : 'fdiv' 'frem'> <InPorts = 2> <OutPorts = 1>

State 9 <SV = 8> <Delay = 6.07>
ST_9 : Operation 177 [12/16] (6.07ns)   --->   "%carrier_phase_inc = fdiv i32 %mul, i32 %sample_rate_read" [vivado/ip_repo/gnss_enhanced_correlator/src/enhanced_correlator.cpp:48]   --->   Operation 177 'fdiv' 'carrier_phase_inc' <Predicate = true> <Delay = 6.07> <CoreInst = "FDiv">   --->   Core 20 'FDiv' <Latency = 15> <II = 1> <Delay = 6.07> <FuncUnit> <Opcode : 'fdiv' 'frem'> <InPorts = 2> <OutPorts = 1>
ST_9 : Operation 178 [12/16] (6.07ns)   --->   "%code_phase_inc = fdiv i32 %code_freq_read, i32 %sample_rate_read" [vivado/ip_repo/gnss_enhanced_correlator/src/enhanced_correlator.cpp:49]   --->   Operation 178 'fdiv' 'code_phase_inc' <Predicate = true> <Delay = 6.07> <CoreInst = "FDiv">   --->   Core 20 'FDiv' <Latency = 15> <II = 1> <Delay = 6.07> <FuncUnit> <Opcode : 'fdiv' 'frem'> <InPorts = 2> <OutPorts = 1>
ST_9 : Operation 179 [12/16] (6.07ns)   --->   "%el_spacing_samples = fdiv i32 %mul2, i32 %code_freq_read" [vivado/ip_repo/gnss_enhanced_correlator/src/enhanced_correlator.cpp:50]   --->   Operation 179 'fdiv' 'el_spacing_samples' <Predicate = true> <Delay = 6.07> <CoreInst = "FDiv">   --->   Core 20 'FDiv' <Latency = 15> <II = 1> <Delay = 6.07> <FuncUnit> <Opcode : 'fdiv' 'frem'> <InPorts = 2> <OutPorts = 1>

State 10 <SV = 9> <Delay = 6.07>
ST_10 : Operation 180 [11/16] (6.07ns)   --->   "%carrier_phase_inc = fdiv i32 %mul, i32 %sample_rate_read" [vivado/ip_repo/gnss_enhanced_correlator/src/enhanced_correlator.cpp:48]   --->   Operation 180 'fdiv' 'carrier_phase_inc' <Predicate = true> <Delay = 6.07> <CoreInst = "FDiv">   --->   Core 20 'FDiv' <Latency = 15> <II = 1> <Delay = 6.07> <FuncUnit> <Opcode : 'fdiv' 'frem'> <InPorts = 2> <OutPorts = 1>
ST_10 : Operation 181 [11/16] (6.07ns)   --->   "%code_phase_inc = fdiv i32 %code_freq_read, i32 %sample_rate_read" [vivado/ip_repo/gnss_enhanced_correlator/src/enhanced_correlator.cpp:49]   --->   Operation 181 'fdiv' 'code_phase_inc' <Predicate = true> <Delay = 6.07> <CoreInst = "FDiv">   --->   Core 20 'FDiv' <Latency = 15> <II = 1> <Delay = 6.07> <FuncUnit> <Opcode : 'fdiv' 'frem'> <InPorts = 2> <OutPorts = 1>
ST_10 : Operation 182 [11/16] (6.07ns)   --->   "%el_spacing_samples = fdiv i32 %mul2, i32 %code_freq_read" [vivado/ip_repo/gnss_enhanced_correlator/src/enhanced_correlator.cpp:50]   --->   Operation 182 'fdiv' 'el_spacing_samples' <Predicate = true> <Delay = 6.07> <CoreInst = "FDiv">   --->   Core 20 'FDiv' <Latency = 15> <II = 1> <Delay = 6.07> <FuncUnit> <Opcode : 'fdiv' 'frem'> <InPorts = 2> <OutPorts = 1>

State 11 <SV = 10> <Delay = 6.07>
ST_11 : Operation 183 [10/16] (6.07ns)   --->   "%carrier_phase_inc = fdiv i32 %mul, i32 %sample_rate_read" [vivado/ip_repo/gnss_enhanced_correlator/src/enhanced_correlator.cpp:48]   --->   Operation 183 'fdiv' 'carrier_phase_inc' <Predicate = true> <Delay = 6.07> <CoreInst = "FDiv">   --->   Core 20 'FDiv' <Latency = 15> <II = 1> <Delay = 6.07> <FuncUnit> <Opcode : 'fdiv' 'frem'> <InPorts = 2> <OutPorts = 1>
ST_11 : Operation 184 [10/16] (6.07ns)   --->   "%code_phase_inc = fdiv i32 %code_freq_read, i32 %sample_rate_read" [vivado/ip_repo/gnss_enhanced_correlator/src/enhanced_correlator.cpp:49]   --->   Operation 184 'fdiv' 'code_phase_inc' <Predicate = true> <Delay = 6.07> <CoreInst = "FDiv">   --->   Core 20 'FDiv' <Latency = 15> <II = 1> <Delay = 6.07> <FuncUnit> <Opcode : 'fdiv' 'frem'> <InPorts = 2> <OutPorts = 1>
ST_11 : Operation 185 [10/16] (6.07ns)   --->   "%el_spacing_samples = fdiv i32 %mul2, i32 %code_freq_read" [vivado/ip_repo/gnss_enhanced_correlator/src/enhanced_correlator.cpp:50]   --->   Operation 185 'fdiv' 'el_spacing_samples' <Predicate = true> <Delay = 6.07> <CoreInst = "FDiv">   --->   Core 20 'FDiv' <Latency = 15> <II = 1> <Delay = 6.07> <FuncUnit> <Opcode : 'fdiv' 'frem'> <InPorts = 2> <OutPorts = 1>

State 12 <SV = 11> <Delay = 6.07>
ST_12 : Operation 186 [9/16] (6.07ns)   --->   "%carrier_phase_inc = fdiv i32 %mul, i32 %sample_rate_read" [vivado/ip_repo/gnss_enhanced_correlator/src/enhanced_correlator.cpp:48]   --->   Operation 186 'fdiv' 'carrier_phase_inc' <Predicate = true> <Delay = 6.07> <CoreInst = "FDiv">   --->   Core 20 'FDiv' <Latency = 15> <II = 1> <Delay = 6.07> <FuncUnit> <Opcode : 'fdiv' 'frem'> <InPorts = 2> <OutPorts = 1>
ST_12 : Operation 187 [9/16] (6.07ns)   --->   "%code_phase_inc = fdiv i32 %code_freq_read, i32 %sample_rate_read" [vivado/ip_repo/gnss_enhanced_correlator/src/enhanced_correlator.cpp:49]   --->   Operation 187 'fdiv' 'code_phase_inc' <Predicate = true> <Delay = 6.07> <CoreInst = "FDiv">   --->   Core 20 'FDiv' <Latency = 15> <II = 1> <Delay = 6.07> <FuncUnit> <Opcode : 'fdiv' 'frem'> <InPorts = 2> <OutPorts = 1>
ST_12 : Operation 188 [9/16] (6.07ns)   --->   "%el_spacing_samples = fdiv i32 %mul2, i32 %code_freq_read" [vivado/ip_repo/gnss_enhanced_correlator/src/enhanced_correlator.cpp:50]   --->   Operation 188 'fdiv' 'el_spacing_samples' <Predicate = true> <Delay = 6.07> <CoreInst = "FDiv">   --->   Core 20 'FDiv' <Latency = 15> <II = 1> <Delay = 6.07> <FuncUnit> <Opcode : 'fdiv' 'frem'> <InPorts = 2> <OutPorts = 1>

State 13 <SV = 12> <Delay = 6.07>
ST_13 : Operation 189 [8/16] (6.07ns)   --->   "%carrier_phase_inc = fdiv i32 %mul, i32 %sample_rate_read" [vivado/ip_repo/gnss_enhanced_correlator/src/enhanced_correlator.cpp:48]   --->   Operation 189 'fdiv' 'carrier_phase_inc' <Predicate = true> <Delay = 6.07> <CoreInst = "FDiv">   --->   Core 20 'FDiv' <Latency = 15> <II = 1> <Delay = 6.07> <FuncUnit> <Opcode : 'fdiv' 'frem'> <InPorts = 2> <OutPorts = 1>
ST_13 : Operation 190 [8/16] (6.07ns)   --->   "%code_phase_inc = fdiv i32 %code_freq_read, i32 %sample_rate_read" [vivado/ip_repo/gnss_enhanced_correlator/src/enhanced_correlator.cpp:49]   --->   Operation 190 'fdiv' 'code_phase_inc' <Predicate = true> <Delay = 6.07> <CoreInst = "FDiv">   --->   Core 20 'FDiv' <Latency = 15> <II = 1> <Delay = 6.07> <FuncUnit> <Opcode : 'fdiv' 'frem'> <InPorts = 2> <OutPorts = 1>
ST_13 : Operation 191 [8/16] (6.07ns)   --->   "%el_spacing_samples = fdiv i32 %mul2, i32 %code_freq_read" [vivado/ip_repo/gnss_enhanced_correlator/src/enhanced_correlator.cpp:50]   --->   Operation 191 'fdiv' 'el_spacing_samples' <Predicate = true> <Delay = 6.07> <CoreInst = "FDiv">   --->   Core 20 'FDiv' <Latency = 15> <II = 1> <Delay = 6.07> <FuncUnit> <Opcode : 'fdiv' 'frem'> <InPorts = 2> <OutPorts = 1>

State 14 <SV = 13> <Delay = 6.07>
ST_14 : Operation 192 [7/16] (6.07ns)   --->   "%carrier_phase_inc = fdiv i32 %mul, i32 %sample_rate_read" [vivado/ip_repo/gnss_enhanced_correlator/src/enhanced_correlator.cpp:48]   --->   Operation 192 'fdiv' 'carrier_phase_inc' <Predicate = true> <Delay = 6.07> <CoreInst = "FDiv">   --->   Core 20 'FDiv' <Latency = 15> <II = 1> <Delay = 6.07> <FuncUnit> <Opcode : 'fdiv' 'frem'> <InPorts = 2> <OutPorts = 1>
ST_14 : Operation 193 [7/16] (6.07ns)   --->   "%code_phase_inc = fdiv i32 %code_freq_read, i32 %sample_rate_read" [vivado/ip_repo/gnss_enhanced_correlator/src/enhanced_correlator.cpp:49]   --->   Operation 193 'fdiv' 'code_phase_inc' <Predicate = true> <Delay = 6.07> <CoreInst = "FDiv">   --->   Core 20 'FDiv' <Latency = 15> <II = 1> <Delay = 6.07> <FuncUnit> <Opcode : 'fdiv' 'frem'> <InPorts = 2> <OutPorts = 1>
ST_14 : Operation 194 [7/16] (6.07ns)   --->   "%el_spacing_samples = fdiv i32 %mul2, i32 %code_freq_read" [vivado/ip_repo/gnss_enhanced_correlator/src/enhanced_correlator.cpp:50]   --->   Operation 194 'fdiv' 'el_spacing_samples' <Predicate = true> <Delay = 6.07> <CoreInst = "FDiv">   --->   Core 20 'FDiv' <Latency = 15> <II = 1> <Delay = 6.07> <FuncUnit> <Opcode : 'fdiv' 'frem'> <InPorts = 2> <OutPorts = 1>

State 15 <SV = 14> <Delay = 6.41>
ST_15 : Operation 195 [6/16] (6.07ns)   --->   "%carrier_phase_inc = fdiv i32 %mul, i32 %sample_rate_read" [vivado/ip_repo/gnss_enhanced_correlator/src/enhanced_correlator.cpp:48]   --->   Operation 195 'fdiv' 'carrier_phase_inc' <Predicate = true> <Delay = 6.07> <CoreInst = "FDiv">   --->   Core 20 'FDiv' <Latency = 15> <II = 1> <Delay = 6.07> <FuncUnit> <Opcode : 'fdiv' 'frem'> <InPorts = 2> <OutPorts = 1>
ST_15 : Operation 196 [6/16] (6.07ns)   --->   "%code_phase_inc = fdiv i32 %code_freq_read, i32 %sample_rate_read" [vivado/ip_repo/gnss_enhanced_correlator/src/enhanced_correlator.cpp:49]   --->   Operation 196 'fdiv' 'code_phase_inc' <Predicate = true> <Delay = 6.07> <CoreInst = "FDiv">   --->   Core 20 'FDiv' <Latency = 15> <II = 1> <Delay = 6.07> <FuncUnit> <Opcode : 'fdiv' 'frem'> <InPorts = 2> <OutPorts = 1>
ST_15 : Operation 197 [6/16] (6.07ns)   --->   "%el_spacing_samples = fdiv i32 %mul2, i32 %code_freq_read" [vivado/ip_repo/gnss_enhanced_correlator/src/enhanced_correlator.cpp:50]   --->   Operation 197 'fdiv' 'el_spacing_samples' <Predicate = true> <Delay = 6.07> <CoreInst = "FDiv">   --->   Core 20 'FDiv' <Latency = 15> <II = 1> <Delay = 6.07> <FuncUnit> <Opcode : 'fdiv' 'frem'> <InPorts = 2> <OutPorts = 1>
ST_15 : Operation 198 [6/6] (6.41ns)   --->   "%conv = sitofp i32 %code_length_read" [vivado/ip_repo/gnss_enhanced_correlator/src/enhanced_correlator.cpp:86]   --->   Operation 198 'sitofp' 'conv' <Predicate = true> <Delay = 6.41> <CoreInst = "Int2Float">   --->   Core 62 'Int2Float' <Latency = 5> <II = 1> <Delay = 6.41> <FuncUnit> <Opcode : 'uitofp' 'sitofp'> <InPorts = 1> <OutPorts = 1>

State 16 <SV = 15> <Delay = 6.41>
ST_16 : Operation 199 [5/16] (6.07ns)   --->   "%carrier_phase_inc = fdiv i32 %mul, i32 %sample_rate_read" [vivado/ip_repo/gnss_enhanced_correlator/src/enhanced_correlator.cpp:48]   --->   Operation 199 'fdiv' 'carrier_phase_inc' <Predicate = true> <Delay = 6.07> <CoreInst = "FDiv">   --->   Core 20 'FDiv' <Latency = 15> <II = 1> <Delay = 6.07> <FuncUnit> <Opcode : 'fdiv' 'frem'> <InPorts = 2> <OutPorts = 1>
ST_16 : Operation 200 [5/16] (6.07ns)   --->   "%code_phase_inc = fdiv i32 %code_freq_read, i32 %sample_rate_read" [vivado/ip_repo/gnss_enhanced_correlator/src/enhanced_correlator.cpp:49]   --->   Operation 200 'fdiv' 'code_phase_inc' <Predicate = true> <Delay = 6.07> <CoreInst = "FDiv">   --->   Core 20 'FDiv' <Latency = 15> <II = 1> <Delay = 6.07> <FuncUnit> <Opcode : 'fdiv' 'frem'> <InPorts = 2> <OutPorts = 1>
ST_16 : Operation 201 [5/16] (6.07ns)   --->   "%el_spacing_samples = fdiv i32 %mul2, i32 %code_freq_read" [vivado/ip_repo/gnss_enhanced_correlator/src/enhanced_correlator.cpp:50]   --->   Operation 201 'fdiv' 'el_spacing_samples' <Predicate = true> <Delay = 6.07> <CoreInst = "FDiv">   --->   Core 20 'FDiv' <Latency = 15> <II = 1> <Delay = 6.07> <FuncUnit> <Opcode : 'fdiv' 'frem'> <InPorts = 2> <OutPorts = 1>
ST_16 : Operation 202 [5/6] (6.41ns)   --->   "%conv = sitofp i32 %code_length_read" [vivado/ip_repo/gnss_enhanced_correlator/src/enhanced_correlator.cpp:86]   --->   Operation 202 'sitofp' 'conv' <Predicate = true> <Delay = 6.41> <CoreInst = "Int2Float">   --->   Core 62 'Int2Float' <Latency = 5> <II = 1> <Delay = 6.41> <FuncUnit> <Opcode : 'uitofp' 'sitofp'> <InPorts = 1> <OutPorts = 1>

State 17 <SV = 16> <Delay = 6.41>
ST_17 : Operation 203 [4/16] (6.07ns)   --->   "%carrier_phase_inc = fdiv i32 %mul, i32 %sample_rate_read" [vivado/ip_repo/gnss_enhanced_correlator/src/enhanced_correlator.cpp:48]   --->   Operation 203 'fdiv' 'carrier_phase_inc' <Predicate = true> <Delay = 6.07> <CoreInst = "FDiv">   --->   Core 20 'FDiv' <Latency = 15> <II = 1> <Delay = 6.07> <FuncUnit> <Opcode : 'fdiv' 'frem'> <InPorts = 2> <OutPorts = 1>
ST_17 : Operation 204 [4/16] (6.07ns)   --->   "%code_phase_inc = fdiv i32 %code_freq_read, i32 %sample_rate_read" [vivado/ip_repo/gnss_enhanced_correlator/src/enhanced_correlator.cpp:49]   --->   Operation 204 'fdiv' 'code_phase_inc' <Predicate = true> <Delay = 6.07> <CoreInst = "FDiv">   --->   Core 20 'FDiv' <Latency = 15> <II = 1> <Delay = 6.07> <FuncUnit> <Opcode : 'fdiv' 'frem'> <InPorts = 2> <OutPorts = 1>
ST_17 : Operation 205 [4/16] (6.07ns)   --->   "%el_spacing_samples = fdiv i32 %mul2, i32 %code_freq_read" [vivado/ip_repo/gnss_enhanced_correlator/src/enhanced_correlator.cpp:50]   --->   Operation 205 'fdiv' 'el_spacing_samples' <Predicate = true> <Delay = 6.07> <CoreInst = "FDiv">   --->   Core 20 'FDiv' <Latency = 15> <II = 1> <Delay = 6.07> <FuncUnit> <Opcode : 'fdiv' 'frem'> <InPorts = 2> <OutPorts = 1>
ST_17 : Operation 206 [4/6] (6.41ns)   --->   "%conv = sitofp i32 %code_length_read" [vivado/ip_repo/gnss_enhanced_correlator/src/enhanced_correlator.cpp:86]   --->   Operation 206 'sitofp' 'conv' <Predicate = true> <Delay = 6.41> <CoreInst = "Int2Float">   --->   Core 62 'Int2Float' <Latency = 5> <II = 1> <Delay = 6.41> <FuncUnit> <Opcode : 'uitofp' 'sitofp'> <InPorts = 1> <OutPorts = 1>

State 18 <SV = 17> <Delay = 6.41>
ST_18 : Operation 207 [3/16] (6.07ns)   --->   "%carrier_phase_inc = fdiv i32 %mul, i32 %sample_rate_read" [vivado/ip_repo/gnss_enhanced_correlator/src/enhanced_correlator.cpp:48]   --->   Operation 207 'fdiv' 'carrier_phase_inc' <Predicate = true> <Delay = 6.07> <CoreInst = "FDiv">   --->   Core 20 'FDiv' <Latency = 15> <II = 1> <Delay = 6.07> <FuncUnit> <Opcode : 'fdiv' 'frem'> <InPorts = 2> <OutPorts = 1>
ST_18 : Operation 208 [3/16] (6.07ns)   --->   "%code_phase_inc = fdiv i32 %code_freq_read, i32 %sample_rate_read" [vivado/ip_repo/gnss_enhanced_correlator/src/enhanced_correlator.cpp:49]   --->   Operation 208 'fdiv' 'code_phase_inc' <Predicate = true> <Delay = 6.07> <CoreInst = "FDiv">   --->   Core 20 'FDiv' <Latency = 15> <II = 1> <Delay = 6.07> <FuncUnit> <Opcode : 'fdiv' 'frem'> <InPorts = 2> <OutPorts = 1>
ST_18 : Operation 209 [3/16] (6.07ns)   --->   "%el_spacing_samples = fdiv i32 %mul2, i32 %code_freq_read" [vivado/ip_repo/gnss_enhanced_correlator/src/enhanced_correlator.cpp:50]   --->   Operation 209 'fdiv' 'el_spacing_samples' <Predicate = true> <Delay = 6.07> <CoreInst = "FDiv">   --->   Core 20 'FDiv' <Latency = 15> <II = 1> <Delay = 6.07> <FuncUnit> <Opcode : 'fdiv' 'frem'> <InPorts = 2> <OutPorts = 1>
ST_18 : Operation 210 [3/6] (6.41ns)   --->   "%conv = sitofp i32 %code_length_read" [vivado/ip_repo/gnss_enhanced_correlator/src/enhanced_correlator.cpp:86]   --->   Operation 210 'sitofp' 'conv' <Predicate = true> <Delay = 6.41> <CoreInst = "Int2Float">   --->   Core 62 'Int2Float' <Latency = 5> <II = 1> <Delay = 6.41> <FuncUnit> <Opcode : 'uitofp' 'sitofp'> <InPorts = 1> <OutPorts = 1>

State 19 <SV = 18> <Delay = 6.41>
ST_19 : Operation 211 [2/16] (6.07ns)   --->   "%carrier_phase_inc = fdiv i32 %mul, i32 %sample_rate_read" [vivado/ip_repo/gnss_enhanced_correlator/src/enhanced_correlator.cpp:48]   --->   Operation 211 'fdiv' 'carrier_phase_inc' <Predicate = true> <Delay = 6.07> <CoreInst = "FDiv">   --->   Core 20 'FDiv' <Latency = 15> <II = 1> <Delay = 6.07> <FuncUnit> <Opcode : 'fdiv' 'frem'> <InPorts = 2> <OutPorts = 1>
ST_19 : Operation 212 [2/16] (6.07ns)   --->   "%code_phase_inc = fdiv i32 %code_freq_read, i32 %sample_rate_read" [vivado/ip_repo/gnss_enhanced_correlator/src/enhanced_correlator.cpp:49]   --->   Operation 212 'fdiv' 'code_phase_inc' <Predicate = true> <Delay = 6.07> <CoreInst = "FDiv">   --->   Core 20 'FDiv' <Latency = 15> <II = 1> <Delay = 6.07> <FuncUnit> <Opcode : 'fdiv' 'frem'> <InPorts = 2> <OutPorts = 1>
ST_19 : Operation 213 [2/16] (6.07ns)   --->   "%el_spacing_samples = fdiv i32 %mul2, i32 %code_freq_read" [vivado/ip_repo/gnss_enhanced_correlator/src/enhanced_correlator.cpp:50]   --->   Operation 213 'fdiv' 'el_spacing_samples' <Predicate = true> <Delay = 6.07> <CoreInst = "FDiv">   --->   Core 20 'FDiv' <Latency = 15> <II = 1> <Delay = 6.07> <FuncUnit> <Opcode : 'fdiv' 'frem'> <InPorts = 2> <OutPorts = 1>
ST_19 : Operation 214 [2/6] (6.41ns)   --->   "%conv = sitofp i32 %code_length_read" [vivado/ip_repo/gnss_enhanced_correlator/src/enhanced_correlator.cpp:86]   --->   Operation 214 'sitofp' 'conv' <Predicate = true> <Delay = 6.41> <CoreInst = "Int2Float">   --->   Core 62 'Int2Float' <Latency = 5> <II = 1> <Delay = 6.41> <FuncUnit> <Opcode : 'uitofp' 'sitofp'> <InPorts = 1> <OutPorts = 1>

State 20 <SV = 19> <Delay = 6.41>
ST_20 : Operation 215 [1/1] (0.00ns)   --->   "%spectopmodule_ln9 = spectopmodule void @_ssdm_op_SpecTopModule, void @empty_25" [vivado/ip_repo/gnss_enhanced_correlator/src/enhanced_correlator.cpp:9]   --->   Operation 215 'spectopmodule' 'spectopmodule_ln9' <Predicate = true> <Delay = 0.00>
ST_20 : Operation 216 [1/1] (0.00ns)   --->   "%specinterface_ln0 = specinterface void @_ssdm_op_SpecInterface, i32 %gmem0, void @empty, i32 0, i32 0, void @empty_0, i32 0, i32 100000, void @empty_1, void @empty_2, void @empty_0, i32 16, i32 16, i32 16, i32 16, void @empty_0, void @empty_0, i32 4294967295, i32 0, i32 0, i32 4"   --->   Operation 216 'specinterface' 'specinterface_ln0' <Predicate = true> <Delay = 0.00>
ST_20 : Operation 217 [1/1] (0.00ns)   --->   "%specbitsmap_ln0 = specbitsmap void @_ssdm_op_SpecBitsMap, i32 %gmem0"   --->   Operation 217 'specbitsmap' 'specbitsmap_ln0' <Predicate = true> <Delay = 0.00>
ST_20 : Operation 218 [1/1] (0.00ns)   --->   "%specinterface_ln0 = specinterface void @_ssdm_op_SpecInterface, i32 %gmem1, void @empty, i32 0, i32 0, void @empty_0, i32 0, i32 4092, void @empty_3, void @empty_2, void @empty_0, i32 16, i32 16, i32 16, i32 16, void @empty_0, void @empty_0, i32 4294967295, i32 0, i32 0, i32 4"   --->   Operation 218 'specinterface' 'specinterface_ln0' <Predicate = true> <Delay = 0.00>
ST_20 : Operation 219 [1/1] (0.00ns)   --->   "%specbitsmap_ln0 = specbitsmap void @_ssdm_op_SpecBitsMap, i32 %gmem1"   --->   Operation 219 'specbitsmap' 'specbitsmap_ln0' <Predicate = true> <Delay = 0.00>
ST_20 : Operation 220 [1/1] (0.00ns)   --->   "%specinterface_ln0 = specinterface void @_ssdm_op_SpecInterface, i64 %signal_I, void @empty_4, i32 0, i32 0, void @empty_0, i32 0, i32 0, void @empty_5, void @empty_6, void @empty_0, i32 0, i32 0, i32 0, i32 0, void @empty_0, void @empty_7, i32 4294967295, i32 0, i32 0, i32 0"   --->   Operation 220 'specinterface' 'specinterface_ln0' <Predicate = true> <Delay = 0.00>
ST_20 : Operation 221 [1/1] (0.00ns)   --->   "%specinterface_ln0 = specinterface void @_ssdm_op_SpecInterface, i64 %signal_I, void @empty_8, i32 0, i32 0, void @empty_0, i32 0, i32 0, void @empty_0, void @empty_0, void @empty_0, i32 0, i32 0, i32 0, i32 0, void @empty_0, void @empty_7, i32 4294967295, i32 0, i32 0, i32 0"   --->   Operation 221 'specinterface' 'specinterface_ln0' <Predicate = true> <Delay = 0.00>
ST_20 : Operation 222 [1/1] (0.00ns)   --->   "%specinterface_ln0 = specinterface void @_ssdm_op_SpecInterface, i64 %signal_Q, void @empty_4, i32 0, i32 0, void @empty_0, i32 0, i32 0, void @empty_5, void @empty_9, void @empty_0, i32 0, i32 0, i32 0, i32 0, void @empty_0, void @empty_7, i32 4294967295, i32 0, i32 0, i32 0"   --->   Operation 222 'specinterface' 'specinterface_ln0' <Predicate = true> <Delay = 0.00>
ST_20 : Operation 223 [1/1] (0.00ns)   --->   "%specinterface_ln0 = specinterface void @_ssdm_op_SpecInterface, i64 %signal_Q, void @empty_8, i32 0, i32 0, void @empty_0, i32 0, i32 0, void @empty_0, void @empty_0, void @empty_0, i32 0, i32 0, i32 0, i32 0, void @empty_0, void @empty_7, i32 4294967295, i32 0, i32 0, i32 0"   --->   Operation 223 'specinterface' 'specinterface_ln0' <Predicate = true> <Delay = 0.00>
ST_20 : Operation 224 [1/1] (0.00ns)   --->   "%specbitsmap_ln0 = specbitsmap void @_ssdm_op_SpecBitsMap, i32 %corr_E_I"   --->   Operation 224 'specbitsmap' 'specbitsmap_ln0' <Predicate = true> <Delay = 0.00>
ST_20 : Operation 225 [1/1] (0.00ns)   --->   "%specinterface_ln0 = specinterface void @_ssdm_op_SpecInterface, i32 %corr_E_I, void @empty_4, i32 4294967295, i32 4294967295, void @empty_0, i32 0, i32 0, void @empty_10, void @empty_6, void @empty_0, i32 0, i32 0, i32 0, i32 0, void @empty_0, void @empty_0, i32 4294967295, i32 0, i32 0, i32 0"   --->   Operation 225 'specinterface' 'specinterface_ln0' <Predicate = true> <Delay = 0.00>
ST_20 : Operation 226 [1/1] (0.00ns)   --->   "%specinterface_ln0 = specinterface void @_ssdm_op_SpecInterface, i32 %corr_E_I, void @empty_8, i32 0, i32 0, void @empty_0, i32 0, i32 0, void @empty_0, void @empty_0, void @empty_0, i32 0, i32 0, i32 0, i32 0, void @empty_0, void @empty_0, i32 4294967295, i32 0, i32 0, i32 0"   --->   Operation 226 'specinterface' 'specinterface_ln0' <Predicate = true> <Delay = 0.00>
ST_20 : Operation 227 [1/1] (0.00ns)   --->   "%specbitsmap_ln0 = specbitsmap void @_ssdm_op_SpecBitsMap, i32 %corr_E_Q"   --->   Operation 227 'specbitsmap' 'specbitsmap_ln0' <Predicate = true> <Delay = 0.00>
ST_20 : Operation 228 [1/1] (0.00ns)   --->   "%specinterface_ln0 = specinterface void @_ssdm_op_SpecInterface, i32 %corr_E_Q, void @empty_4, i32 4294967295, i32 4294967295, void @empty_0, i32 0, i32 0, void @empty_10, void @empty_30, void @empty_0, i32 0, i32 0, i32 0, i32 0, void @empty_0, void @empty_0, i32 4294967295, i32 0, i32 0, i32 0"   --->   Operation 228 'specinterface' 'specinterface_ln0' <Predicate = true> <Delay = 0.00>
ST_20 : Operation 229 [1/1] (0.00ns)   --->   "%specinterface_ln0 = specinterface void @_ssdm_op_SpecInterface, i32 %corr_E_Q, void @empty_8, i32 0, i32 0, void @empty_0, i32 0, i32 0, void @empty_0, void @empty_0, void @empty_0, i32 0, i32 0, i32 0, i32 0, void @empty_0, void @empty_0, i32 4294967295, i32 0, i32 0, i32 0"   --->   Operation 229 'specinterface' 'specinterface_ln0' <Predicate = true> <Delay = 0.00>
ST_20 : Operation 230 [1/1] (0.00ns)   --->   "%specbitsmap_ln0 = specbitsmap void @_ssdm_op_SpecBitsMap, i32 %corr_P_I"   --->   Operation 230 'specbitsmap' 'specbitsmap_ln0' <Predicate = true> <Delay = 0.00>
ST_20 : Operation 231 [1/1] (0.00ns)   --->   "%specinterface_ln0 = specinterface void @_ssdm_op_SpecInterface, i32 %corr_P_I, void @empty_4, i32 4294967295, i32 4294967295, void @empty_0, i32 0, i32 0, void @empty_10, void @empty_21, void @empty_0, i32 0, i32 0, i32 0, i32 0, void @empty_0, void @empty_0, i32 4294967295, i32 0, i32 0, i32 0"   --->   Operation 231 'specinterface' 'specinterface_ln0' <Predicate = true> <Delay = 0.00>
ST_20 : Operation 232 [1/1] (0.00ns)   --->   "%specinterface_ln0 = specinterface void @_ssdm_op_SpecInterface, i32 %corr_P_I, void @empty_8, i32 0, i32 0, void @empty_0, i32 0, i32 0, void @empty_0, void @empty_0, void @empty_0, i32 0, i32 0, i32 0, i32 0, void @empty_0, void @empty_0, i32 4294967295, i32 0, i32 0, i32 0"   --->   Operation 232 'specinterface' 'specinterface_ln0' <Predicate = true> <Delay = 0.00>
ST_20 : Operation 233 [1/1] (0.00ns)   --->   "%specbitsmap_ln0 = specbitsmap void @_ssdm_op_SpecBitsMap, i32 %corr_P_Q"   --->   Operation 233 'specbitsmap' 'specbitsmap_ln0' <Predicate = true> <Delay = 0.00>
ST_20 : Operation 234 [1/1] (0.00ns)   --->   "%specinterface_ln0 = specinterface void @_ssdm_op_SpecInterface, i32 %corr_P_Q, void @empty_4, i32 4294967295, i32 4294967295, void @empty_0, i32 0, i32 0, void @empty_10, void @empty_13, void @empty_0, i32 0, i32 0, i32 0, i32 0, void @empty_0, void @empty_0, i32 4294967295, i32 0, i32 0, i32 0"   --->   Operation 234 'specinterface' 'specinterface_ln0' <Predicate = true> <Delay = 0.00>
ST_20 : Operation 235 [1/1] (0.00ns)   --->   "%specinterface_ln0 = specinterface void @_ssdm_op_SpecInterface, i32 %corr_P_Q, void @empty_8, i32 0, i32 0, void @empty_0, i32 0, i32 0, void @empty_0, void @empty_0, void @empty_0, i32 0, i32 0, i32 0, i32 0, void @empty_0, void @empty_0, i32 4294967295, i32 0, i32 0, i32 0"   --->   Operation 235 'specinterface' 'specinterface_ln0' <Predicate = true> <Delay = 0.00>
ST_20 : Operation 236 [1/1] (0.00ns)   --->   "%specbitsmap_ln0 = specbitsmap void @_ssdm_op_SpecBitsMap, i32 %corr_L_I"   --->   Operation 236 'specbitsmap' 'specbitsmap_ln0' <Predicate = true> <Delay = 0.00>
ST_20 : Operation 237 [1/1] (0.00ns)   --->   "%specinterface_ln0 = specinterface void @_ssdm_op_SpecInterface, i32 %corr_L_I, void @empty_4, i32 4294967295, i32 4294967295, void @empty_0, i32 0, i32 0, void @empty_10, void @empty_14, void @empty_0, i32 0, i32 0, i32 0, i32 0, void @empty_0, void @empty_0, i32 4294967295, i32 0, i32 0, i32 0"   --->   Operation 237 'specinterface' 'specinterface_ln0' <Predicate = true> <Delay = 0.00>
ST_20 : Operation 238 [1/1] (0.00ns)   --->   "%specinterface_ln0 = specinterface void @_ssdm_op_SpecInterface, i32 %corr_L_I, void @empty_8, i32 0, i32 0, void @empty_0, i32 0, i32 0, void @empty_0, void @empty_0, void @empty_0, i32 0, i32 0, i32 0, i32 0, void @empty_0, void @empty_0, i32 4294967295, i32 0, i32 0, i32 0"   --->   Operation 238 'specinterface' 'specinterface_ln0' <Predicate = true> <Delay = 0.00>
ST_20 : Operation 239 [1/1] (0.00ns)   --->   "%specbitsmap_ln0 = specbitsmap void @_ssdm_op_SpecBitsMap, i32 %corr_L_Q"   --->   Operation 239 'specbitsmap' 'specbitsmap_ln0' <Predicate = true> <Delay = 0.00>
ST_20 : Operation 240 [1/1] (0.00ns)   --->   "%specinterface_ln0 = specinterface void @_ssdm_op_SpecInterface, i32 %corr_L_Q, void @empty_4, i32 4294967295, i32 4294967295, void @empty_0, i32 0, i32 0, void @empty_10, void @empty_15, void @empty_0, i32 0, i32 0, i32 0, i32 0, void @empty_0, void @empty_0, i32 4294967295, i32 0, i32 0, i32 0"   --->   Operation 240 'specinterface' 'specinterface_ln0' <Predicate = true> <Delay = 0.00>
ST_20 : Operation 241 [1/1] (0.00ns)   --->   "%specinterface_ln0 = specinterface void @_ssdm_op_SpecInterface, i32 %corr_L_Q, void @empty_8, i32 0, i32 0, void @empty_0, i32 0, i32 0, void @empty_0, void @empty_0, void @empty_0, i32 0, i32 0, i32 0, i32 0, void @empty_0, void @empty_0, i32 4294967295, i32 0, i32 0, i32 0"   --->   Operation 241 'specinterface' 'specinterface_ln0' <Predicate = true> <Delay = 0.00>
ST_20 : Operation 242 [1/1] (0.00ns)   --->   "%specbitsmap_ln0 = specbitsmap void @_ssdm_op_SpecBitsMap, i32 %num_samples"   --->   Operation 242 'specbitsmap' 'specbitsmap_ln0' <Predicate = true> <Delay = 0.00>
ST_20 : Operation 243 [1/1] (0.00ns)   --->   "%specinterface_ln0 = specinterface void @_ssdm_op_SpecInterface, i32 %num_samples, void @empty_4, i32 4294967295, i32 4294967295, void @empty_0, i32 0, i32 0, void @empty_10, void @empty_16, void @empty_0, i32 0, i32 0, i32 0, i32 0, void @empty_0, void @empty_0, i32 4294967295, i32 0, i32 0, i32 0"   --->   Operation 243 'specinterface' 'specinterface_ln0' <Predicate = true> <Delay = 0.00>
ST_20 : Operation 244 [1/1] (0.00ns)   --->   "%specinterface_ln0 = specinterface void @_ssdm_op_SpecInterface, i32 %num_samples, void @empty_8, i32 0, i32 0, void @empty_0, i32 0, i32 0, void @empty_0, void @empty_0, void @empty_0, i32 0, i32 0, i32 0, i32 0, void @empty_0, void @empty_0, i32 4294967295, i32 0, i32 0, i32 0"   --->   Operation 244 'specinterface' 'specinterface_ln0' <Predicate = true> <Delay = 0.00>
ST_20 : Operation 245 [1/1] (0.00ns)   --->   "%specbitsmap_ln0 = specbitsmap void @_ssdm_op_SpecBitsMap, i32 %carrier_freq"   --->   Operation 245 'specbitsmap' 'specbitsmap_ln0' <Predicate = true> <Delay = 0.00>
ST_20 : Operation 246 [1/1] (0.00ns)   --->   "%specinterface_ln0 = specinterface void @_ssdm_op_SpecInterface, i32 %carrier_freq, void @empty_4, i32 4294967295, i32 4294967295, void @empty_0, i32 0, i32 0, void @empty_10, void @empty_17, void @empty_0, i32 0, i32 0, i32 0, i32 0, void @empty_0, void @empty_0, i32 4294967295, i32 0, i32 0, i32 0"   --->   Operation 246 'specinterface' 'specinterface_ln0' <Predicate = true> <Delay = 0.00>
ST_20 : Operation 247 [1/1] (0.00ns)   --->   "%specinterface_ln0 = specinterface void @_ssdm_op_SpecInterface, i32 %carrier_freq, void @empty_8, i32 0, i32 0, void @empty_0, i32 0, i32 0, void @empty_0, void @empty_0, void @empty_0, i32 0, i32 0, i32 0, i32 0, void @empty_0, void @empty_0, i32 4294967295, i32 0, i32 0, i32 0"   --->   Operation 247 'specinterface' 'specinterface_ln0' <Predicate = true> <Delay = 0.00>
ST_20 : Operation 248 [1/1] (0.00ns)   --->   "%specbitsmap_ln0 = specbitsmap void @_ssdm_op_SpecBitsMap, i32 %carrier_phase_init"   --->   Operation 248 'specbitsmap' 'specbitsmap_ln0' <Predicate = true> <Delay = 0.00>
ST_20 : Operation 249 [1/1] (0.00ns)   --->   "%specinterface_ln0 = specinterface void @_ssdm_op_SpecInterface, i32 %carrier_phase_init, void @empty_4, i32 4294967295, i32 4294967295, void @empty_0, i32 0, i32 0, void @empty_10, void @empty_18, void @empty_0, i32 0, i32 0, i32 0, i32 0, void @empty_0, void @empty_0, i32 4294967295, i32 0, i32 0, i32 0"   --->   Operation 249 'specinterface' 'specinterface_ln0' <Predicate = true> <Delay = 0.00>
ST_20 : Operation 250 [1/1] (0.00ns)   --->   "%specinterface_ln0 = specinterface void @_ssdm_op_SpecInterface, i32 %carrier_phase_init, void @empty_8, i32 0, i32 0, void @empty_0, i32 0, i32 0, void @empty_0, void @empty_0, void @empty_0, i32 0, i32 0, i32 0, i32 0, void @empty_0, void @empty_0, i32 4294967295, i32 0, i32 0, i32 0"   --->   Operation 250 'specinterface' 'specinterface_ln0' <Predicate = true> <Delay = 0.00>
ST_20 : Operation 251 [1/1] (0.00ns)   --->   "%specbitsmap_ln0 = specbitsmap void @_ssdm_op_SpecBitsMap, i32 %code_phase_init"   --->   Operation 251 'specbitsmap' 'specbitsmap_ln0' <Predicate = true> <Delay = 0.00>
ST_20 : Operation 252 [1/1] (0.00ns)   --->   "%specinterface_ln0 = specinterface void @_ssdm_op_SpecInterface, i32 %code_phase_init, void @empty_4, i32 4294967295, i32 4294967295, void @empty_0, i32 0, i32 0, void @empty_10, void @empty_19, void @empty_0, i32 0, i32 0, i32 0, i32 0, void @empty_0, void @empty_0, i32 4294967295, i32 0, i32 0, i32 0"   --->   Operation 252 'specinterface' 'specinterface_ln0' <Predicate = true> <Delay = 0.00>
ST_20 : Operation 253 [1/1] (0.00ns)   --->   "%specinterface_ln0 = specinterface void @_ssdm_op_SpecInterface, i32 %code_phase_init, void @empty_8, i32 0, i32 0, void @empty_0, i32 0, i32 0, void @empty_0, void @empty_0, void @empty_0, i32 0, i32 0, i32 0, i32 0, void @empty_0, void @empty_0, i32 4294967295, i32 0, i32 0, i32 0"   --->   Operation 253 'specinterface' 'specinterface_ln0' <Predicate = true> <Delay = 0.00>
ST_20 : Operation 254 [1/1] (0.00ns)   --->   "%specbitsmap_ln0 = specbitsmap void @_ssdm_op_SpecBitsMap, i32 %code_freq"   --->   Operation 254 'specbitsmap' 'specbitsmap_ln0' <Predicate = true> <Delay = 0.00>
ST_20 : Operation 255 [1/1] (0.00ns)   --->   "%specinterface_ln0 = specinterface void @_ssdm_op_SpecInterface, i32 %code_freq, void @empty_4, i32 4294967295, i32 4294967295, void @empty_0, i32 0, i32 0, void @empty_10, void @empty_20, void @empty_0, i32 0, i32 0, i32 0, i32 0, void @empty_0, void @empty_0, i32 4294967295, i32 0, i32 0, i32 0"   --->   Operation 255 'specinterface' 'specinterface_ln0' <Predicate = true> <Delay = 0.00>
ST_20 : Operation 256 [1/1] (0.00ns)   --->   "%specinterface_ln0 = specinterface void @_ssdm_op_SpecInterface, i32 %code_freq, void @empty_8, i32 0, i32 0, void @empty_0, i32 0, i32 0, void @empty_0, void @empty_0, void @empty_0, i32 0, i32 0, i32 0, i32 0, void @empty_0, void @empty_0, i32 4294967295, i32 0, i32 0, i32 0"   --->   Operation 256 'specinterface' 'specinterface_ln0' <Predicate = true> <Delay = 0.00>
ST_20 : Operation 257 [1/1] (0.00ns)   --->   "%specbitsmap_ln0 = specbitsmap void @_ssdm_op_SpecBitsMap, i32 %sample_rate"   --->   Operation 257 'specbitsmap' 'specbitsmap_ln0' <Predicate = true> <Delay = 0.00>
ST_20 : Operation 258 [1/1] (0.00ns)   --->   "%specinterface_ln0 = specinterface void @_ssdm_op_SpecInterface, i32 %sample_rate, void @empty_4, i32 4294967295, i32 4294967295, void @empty_0, i32 0, i32 0, void @empty_10, void @empty_31, void @empty_0, i32 0, i32 0, i32 0, i32 0, void @empty_0, void @empty_0, i32 4294967295, i32 0, i32 0, i32 0"   --->   Operation 258 'specinterface' 'specinterface_ln0' <Predicate = true> <Delay = 0.00>
ST_20 : Operation 259 [1/1] (0.00ns)   --->   "%specinterface_ln0 = specinterface void @_ssdm_op_SpecInterface, i32 %sample_rate, void @empty_8, i32 0, i32 0, void @empty_0, i32 0, i32 0, void @empty_0, void @empty_0, void @empty_0, i32 0, i32 0, i32 0, i32 0, void @empty_0, void @empty_0, i32 4294967295, i32 0, i32 0, i32 0"   --->   Operation 259 'specinterface' 'specinterface_ln0' <Predicate = true> <Delay = 0.00>
ST_20 : Operation 260 [1/1] (0.00ns)   --->   "%specbitsmap_ln0 = specbitsmap void @_ssdm_op_SpecBitsMap, i32 %code_length"   --->   Operation 260 'specbitsmap' 'specbitsmap_ln0' <Predicate = true> <Delay = 0.00>
ST_20 : Operation 261 [1/1] (0.00ns)   --->   "%specinterface_ln0 = specinterface void @_ssdm_op_SpecInterface, i32 %code_length, void @empty_4, i32 4294967295, i32 4294967295, void @empty_0, i32 0, i32 0, void @empty_10, void @empty_22, void @empty_0, i32 0, i32 0, i32 0, i32 0, void @empty_0, void @empty_0, i32 4294967295, i32 0, i32 0, i32 0"   --->   Operation 261 'specinterface' 'specinterface_ln0' <Predicate = true> <Delay = 0.00>
ST_20 : Operation 262 [1/1] (0.00ns)   --->   "%specinterface_ln0 = specinterface void @_ssdm_op_SpecInterface, i32 %code_length, void @empty_8, i32 0, i32 0, void @empty_0, i32 0, i32 0, void @empty_0, void @empty_0, void @empty_0, i32 0, i32 0, i32 0, i32 0, void @empty_0, void @empty_0, i32 4294967295, i32 0, i32 0, i32 0"   --->   Operation 262 'specinterface' 'specinterface_ln0' <Predicate = true> <Delay = 0.00>
ST_20 : Operation 263 [1/1] (0.00ns)   --->   "%specbitsmap_ln0 = specbitsmap void @_ssdm_op_SpecBitsMap, i32 %correlator_spacing"   --->   Operation 263 'specbitsmap' 'specbitsmap_ln0' <Predicate = true> <Delay = 0.00>
ST_20 : Operation 264 [1/1] (0.00ns)   --->   "%specinterface_ln0 = specinterface void @_ssdm_op_SpecInterface, i32 %correlator_spacing, void @empty_4, i32 4294967295, i32 4294967295, void @empty_0, i32 0, i32 0, void @empty_10, void @empty_23, void @empty_0, i32 0, i32 0, i32 0, i32 0, void @empty_0, void @empty_0, i32 4294967295, i32 0, i32 0, i32 0"   --->   Operation 264 'specinterface' 'specinterface_ln0' <Predicate = true> <Delay = 0.00>
ST_20 : Operation 265 [1/1] (0.00ns)   --->   "%specinterface_ln0 = specinterface void @_ssdm_op_SpecInterface, i32 %correlator_spacing, void @empty_8, i32 0, i32 0, void @empty_0, i32 0, i32 0, void @empty_0, void @empty_0, void @empty_0, i32 0, i32 0, i32 0, i32 0, void @empty_0, void @empty_0, i32 4294967295, i32 0, i32 0, i32 0"   --->   Operation 265 'specinterface' 'specinterface_ln0' <Predicate = true> <Delay = 0.00>
ST_20 : Operation 266 [1/1] (0.00ns)   --->   "%specinterface_ln0 = specinterface void @_ssdm_op_SpecInterface, i64 %prn_code, void @empty_4, i32 0, i32 0, void @empty_0, i32 0, i32 0, void @empty_5, void @empty_24, void @empty_0, i32 0, i32 0, i32 0, i32 0, void @empty_0, void @empty_7, i32 4294967295, i32 0, i32 0, i32 0"   --->   Operation 266 'specinterface' 'specinterface_ln0' <Predicate = true> <Delay = 0.00>
ST_20 : Operation 267 [1/1] (0.00ns)   --->   "%specinterface_ln0 = specinterface void @_ssdm_op_SpecInterface, i64 %prn_code, void @empty_8, i32 0, i32 0, void @empty_0, i32 0, i32 0, void @empty_0, void @empty_0, void @empty_0, i32 0, i32 0, i32 0, i32 0, void @empty_0, void @empty_7, i32 4294967295, i32 0, i32 0, i32 0"   --->   Operation 267 'specinterface' 'specinterface_ln0' <Predicate = true> <Delay = 0.00>
ST_20 : Operation 268 [1/1] (0.00ns)   --->   "%specinterface_ln0 = specinterface void @_ssdm_op_SpecInterface, i32 0, void @empty_4, i32 0, i32 0, void @empty_0, i32 0, i32 0, void @empty_10, void @empty_0, void @empty_0, i32 0, i32 0, i32 0, i32 0, void @empty_0, void @empty_0, i32 0, i32 0, i32 0, i32 0"   --->   Operation 268 'specinterface' 'specinterface_ln0' <Predicate = true> <Delay = 0.00>
ST_20 : Operation 269 [1/16] (6.07ns)   --->   "%carrier_phase_inc = fdiv i32 %mul, i32 %sample_rate_read" [vivado/ip_repo/gnss_enhanced_correlator/src/enhanced_correlator.cpp:48]   --->   Operation 269 'fdiv' 'carrier_phase_inc' <Predicate = true> <Delay = 6.07> <CoreInst = "FDiv">   --->   Core 20 'FDiv' <Latency = 15> <II = 1> <Delay = 6.07> <FuncUnit> <Opcode : 'fdiv' 'frem'> <InPorts = 2> <OutPorts = 1>
ST_20 : Operation 270 [1/16] (6.07ns)   --->   "%code_phase_inc = fdiv i32 %code_freq_read, i32 %sample_rate_read" [vivado/ip_repo/gnss_enhanced_correlator/src/enhanced_correlator.cpp:49]   --->   Operation 270 'fdiv' 'code_phase_inc' <Predicate = true> <Delay = 6.07> <CoreInst = "FDiv">   --->   Core 20 'FDiv' <Latency = 15> <II = 1> <Delay = 6.07> <FuncUnit> <Opcode : 'fdiv' 'frem'> <InPorts = 2> <OutPorts = 1>
ST_20 : Operation 271 [1/16] (6.07ns)   --->   "%el_spacing_samples = fdiv i32 %mul2, i32 %code_freq_read" [vivado/ip_repo/gnss_enhanced_correlator/src/enhanced_correlator.cpp:50]   --->   Operation 271 'fdiv' 'el_spacing_samples' <Predicate = true> <Delay = 6.07> <CoreInst = "FDiv">   --->   Core 20 'FDiv' <Latency = 15> <II = 1> <Delay = 6.07> <FuncUnit> <Opcode : 'fdiv' 'frem'> <InPorts = 2> <OutPorts = 1>
ST_20 : Operation 272 [1/6] (6.41ns)   --->   "%conv = sitofp i32 %code_length_read" [vivado/ip_repo/gnss_enhanced_correlator/src/enhanced_correlator.cpp:86]   --->   Operation 272 'sitofp' 'conv' <Predicate = true> <Delay = 6.41> <CoreInst = "Int2Float">   --->   Core 62 'Int2Float' <Latency = 5> <II = 1> <Delay = 6.41> <FuncUnit> <Opcode : 'uitofp' 'sitofp'> <InPorts = 1> <OutPorts = 1>
ST_20 : Operation 273 [1/1] (0.00ns)   --->   "%bitcast_ln87_1 = bitcast i32 %conv" [vivado/ip_repo/gnss_enhanced_correlator/src/enhanced_correlator.cpp:87]   --->   Operation 273 'bitcast' 'bitcast_ln87_1' <Predicate = true> <Delay = 0.00>
ST_20 : Operation 274 [1/1] (0.00ns)   --->   "%trunc_ln87 = trunc i32 %bitcast_ln87_1" [vivado/ip_repo/gnss_enhanced_correlator/src/enhanced_correlator.cpp:87]   --->   Operation 274 'trunc' 'trunc_ln87' <Predicate = true> <Delay = 0.00>
ST_20 : Operation 275 [1/1] (0.00ns)   --->   "%br_ln61 = br void %VITIS_LOOP_70_2" [vivado/ip_repo/gnss_enhanced_correlator/src/enhanced_correlator.cpp:61]   --->   Operation 275 'br' 'br_ln61' <Predicate = true> <Delay = 0.00>

State 21 <SV = 20> <Delay = 4.25>
ST_21 : Operation 276 [1/1] (0.00ns)   --->   "%i_1 = load i31 %i" [vivado/ip_repo/gnss_enhanced_correlator/src/enhanced_correlator.cpp:61]   --->   Operation 276 'load' 'i_1' <Predicate = true> <Delay = 0.00>
ST_21 : Operation 277 [1/1] (0.00ns)   --->   "%carrier_phase_2 = load i32 %phase" [vivado/ip_repo/gnss_enhanced_correlator/src/enhanced_correlator.cpp:108]   --->   Operation 277 'load' 'carrier_phase_2' <Predicate = true> <Delay = 0.00>
ST_21 : Operation 278 [1/1] (0.00ns)   --->   "%code_phase_2 = load i32 %prompt_phase" [vivado/ip_repo/gnss_enhanced_correlator/src/enhanced_correlator.cpp:109]   --->   Operation 278 'load' 'code_phase_2' <Predicate = true> <Delay = 0.00>
ST_21 : Operation 279 [1/1] (0.00ns)   --->   "%zext_ln61 = zext i31 %i_1" [vivado/ip_repo/gnss_enhanced_correlator/src/enhanced_correlator.cpp:61]   --->   Operation 279 'zext' 'zext_ln61' <Predicate = true> <Delay = 0.00>
ST_21 : Operation 280 [1/1] (2.55ns)   --->   "%icmp_ln61 = icmp_slt  i32 %zext_ln61, i32 %num_samples_read" [vivado/ip_repo/gnss_enhanced_correlator/src/enhanced_correlator.cpp:61]   --->   Operation 280 'icmp' 'icmp_ln61' <Predicate = true> <Delay = 2.55> <CoreInst = "Cmp">   --->   Core 9 'Cmp' <Latency = 0> <II = 1> <Delay = 2.55> <FuncUnit> <Opcode : 'seteq' 'setne' 'setle' 'setge' 'setlt' 'setgt'> <InPorts = 2> <OutPorts = 1>
ST_21 : Operation 281 [1/1] (2.52ns)   --->   "%add_ln61 = add i31 %i_1, i31 1" [vivado/ip_repo/gnss_enhanced_correlator/src/enhanced_correlator.cpp:61]   --->   Operation 281 'add' 'add_ln61' <Predicate = true> <Delay = 2.52> <CoreInst = "Adder">   --->   Core 1 'Adder' <Latency = 0> <II = 1> <Delay = 2.52> <FuncUnit> <Opcode : 'add' 'sub'> <InPorts = 2> <OutPorts = 1>
ST_21 : Operation 282 [1/1] (0.00ns)   --->   "%br_ln61 = br i1 %icmp_ln61, void %for.end.loopexit, void %VITIS_LOOP_70_2.split" [vivado/ip_repo/gnss_enhanced_correlator/src/enhanced_correlator.cpp:61]   --->   Operation 282 'br' 'br_ln61' <Predicate = true> <Delay = 0.00>
ST_21 : Operation 283 [1/1] (0.00ns)   --->   "%shl_ln = bitconcatenate i33 @_ssdm_op_BitConcatenate.i33.i31.i2, i31 %i_1, i2 0" [vivado/ip_repo/gnss_enhanced_correlator/src/enhanced_correlator.cpp:65]   --->   Operation 283 'bitconcatenate' 'shl_ln' <Predicate = (icmp_ln61)> <Delay = 0.00>
ST_21 : Operation 284 [1/1] (0.00ns)   --->   "%zext_ln65 = zext i33 %shl_ln" [vivado/ip_repo/gnss_enhanced_correlator/src/enhanced_correlator.cpp:65]   --->   Operation 284 'zext' 'zext_ln65' <Predicate = (icmp_ln61)> <Delay = 0.00>
ST_21 : Operation 285 [1/1] (3.52ns)   --->   "%add_ln65 = add i64 %zext_ln65, i64 %signal_I_read" [vivado/ip_repo/gnss_enhanced_correlator/src/enhanced_correlator.cpp:65]   --->   Operation 285 'add' 'add_ln65' <Predicate = (icmp_ln61)> <Delay = 3.52> <CoreInst = "Adder">   --->   Core 1 'Adder' <Latency = 0> <II = 1> <Delay = 3.52> <FuncUnit> <Opcode : 'add' 'sub'> <InPorts = 2> <OutPorts = 1>
ST_21 : Operation 286 [1/1] (0.00ns)   --->   "%trunc_ln = partselect i62 @_ssdm_op_PartSelect.i62.i64.i32.i32, i64 %add_ln65, i32 2, i32 63" [vivado/ip_repo/gnss_enhanced_correlator/src/enhanced_correlator.cpp:65]   --->   Operation 286 'partselect' 'trunc_ln' <Predicate = (icmp_ln61)> <Delay = 0.00>
ST_21 : Operation 287 [1/1] (0.00ns)   --->   "%sext_ln65 = sext i62 %trunc_ln" [vivado/ip_repo/gnss_enhanced_correlator/src/enhanced_correlator.cpp:65]   --->   Operation 287 'sext' 'sext_ln65' <Predicate = (icmp_ln61)> <Delay = 0.00>
ST_21 : Operation 288 [1/1] (0.00ns)   --->   "%gmem0_addr = getelementptr i32 %gmem0, i64 %sext_ln65" [vivado/ip_repo/gnss_enhanced_correlator/src/enhanced_correlator.cpp:65]   --->   Operation 288 'getelementptr' 'gmem0_addr' <Predicate = (icmp_ln61)> <Delay = 0.00>
ST_21 : Operation 289 [1/1] (3.52ns)   --->   "%add_ln66 = add i64 %zext_ln65, i64 %signal_Q_read" [vivado/ip_repo/gnss_enhanced_correlator/src/enhanced_correlator.cpp:66]   --->   Operation 289 'add' 'add_ln66' <Predicate = (icmp_ln61)> <Delay = 3.52> <CoreInst = "Adder">   --->   Core 1 'Adder' <Latency = 0> <II = 1> <Delay = 3.52> <FuncUnit> <Opcode : 'add' 'sub'> <InPorts = 2> <OutPorts = 1>
ST_21 : Operation 290 [1/1] (0.00ns)   --->   "%trunc_ln6 = partselect i62 @_ssdm_op_PartSelect.i62.i64.i32.i32, i64 %add_ln66, i32 2, i32 63" [vivado/ip_repo/gnss_enhanced_correlator/src/enhanced_correlator.cpp:66]   --->   Operation 290 'partselect' 'trunc_ln6' <Predicate = (icmp_ln61)> <Delay = 0.00>
ST_21 : Operation 291 [1/1] (0.00ns)   --->   "%sext_ln66 = sext i62 %trunc_ln6" [vivado/ip_repo/gnss_enhanced_correlator/src/enhanced_correlator.cpp:66]   --->   Operation 291 'sext' 'sext_ln66' <Predicate = (icmp_ln61)> <Delay = 0.00>
ST_21 : Operation 292 [1/1] (0.00ns)   --->   "%gmem0_addr_1 = getelementptr i32 %gmem0, i64 %sext_ln66" [vivado/ip_repo/gnss_enhanced_correlator/src/enhanced_correlator.cpp:66]   --->   Operation 292 'getelementptr' 'gmem0_addr_1' <Predicate = (icmp_ln61)> <Delay = 0.00>
ST_21 : Operation 293 [1/1] (0.00ns)   --->   "%acc_E_I_load_1 = load i32 %acc_E_I" [vivado/ip_repo/gnss_enhanced_correlator/src/enhanced_correlator.cpp:113]   --->   Operation 293 'load' 'acc_E_I_load_1' <Predicate = (!icmp_ln61)> <Delay = 0.00>
ST_21 : Operation 294 [1/1] (0.00ns)   --->   "%acc_E_Q_load_1 = load i32 %acc_E_Q" [vivado/ip_repo/gnss_enhanced_correlator/src/enhanced_correlator.cpp:113]   --->   Operation 294 'load' 'acc_E_Q_load_1' <Predicate = (!icmp_ln61)> <Delay = 0.00>
ST_21 : Operation 295 [1/1] (0.00ns)   --->   "%acc_P_I_load_1 = load i32 %acc_P_I" [vivado/ip_repo/gnss_enhanced_correlator/src/enhanced_correlator.cpp:113]   --->   Operation 295 'load' 'acc_P_I_load_1' <Predicate = (!icmp_ln61)> <Delay = 0.00>
ST_21 : Operation 296 [1/1] (0.00ns)   --->   "%acc_P_Q_load_1 = load i32 %acc_P_Q" [vivado/ip_repo/gnss_enhanced_correlator/src/enhanced_correlator.cpp:113]   --->   Operation 296 'load' 'acc_P_Q_load_1' <Predicate = (!icmp_ln61)> <Delay = 0.00>
ST_21 : Operation 297 [1/1] (0.00ns)   --->   "%acc_L_I_load_1 = load i32 %acc_L_I" [vivado/ip_repo/gnss_enhanced_correlator/src/enhanced_correlator.cpp:113]   --->   Operation 297 'load' 'acc_L_I_load_1' <Predicate = (!icmp_ln61)> <Delay = 0.00>
ST_21 : Operation 298 [1/1] (0.00ns)   --->   "%acc_L_Q_load_1 = load i32 %acc_L_Q" [vivado/ip_repo/gnss_enhanced_correlator/src/enhanced_correlator.cpp:113]   --->   Operation 298 'load' 'acc_L_Q_load_1' <Predicate = (!icmp_ln61)> <Delay = 0.00>
ST_21 : Operation 299 [1/1] (2.55ns)   --->   "%icmp_ln61_1 = icmp_sgt  i32 %num_samples_read, i32 0" [vivado/ip_repo/gnss_enhanced_correlator/src/enhanced_correlator.cpp:61]   --->   Operation 299 'icmp' 'icmp_ln61_1' <Predicate = (!icmp_ln61)> <Delay = 2.55> <CoreInst = "Cmp">   --->   Core 9 'Cmp' <Latency = 0> <II = 1> <Delay = 2.55> <FuncUnit> <Opcode : 'seteq' 'setne' 'setle' 'setge' 'setlt' 'setgt'> <InPorts = 2> <OutPorts = 1>
ST_21 : Operation 300 [1/1] (0.00ns)   --->   "%bitcast_ln113 = bitcast i32 %acc_E_I_load_1" [vivado/ip_repo/gnss_enhanced_correlator/src/enhanced_correlator.cpp:113]   --->   Operation 300 'bitcast' 'bitcast_ln113' <Predicate = (!icmp_ln61)> <Delay = 0.00>
ST_21 : Operation 301 [1/1] (0.00ns)   --->   "%bitcast_ln113_1 = bitcast i32 %acc_E_Q_load_1" [vivado/ip_repo/gnss_enhanced_correlator/src/enhanced_correlator.cpp:113]   --->   Operation 301 'bitcast' 'bitcast_ln113_1' <Predicate = (!icmp_ln61)> <Delay = 0.00>
ST_21 : Operation 302 [1/1] (0.00ns)   --->   "%bitcast_ln113_2 = bitcast i32 %acc_P_I_load_1" [vivado/ip_repo/gnss_enhanced_correlator/src/enhanced_correlator.cpp:113]   --->   Operation 302 'bitcast' 'bitcast_ln113_2' <Predicate = (!icmp_ln61)> <Delay = 0.00>
ST_21 : Operation 303 [1/1] (0.00ns)   --->   "%bitcast_ln113_3 = bitcast i32 %acc_P_Q_load_1" [vivado/ip_repo/gnss_enhanced_correlator/src/enhanced_correlator.cpp:113]   --->   Operation 303 'bitcast' 'bitcast_ln113_3' <Predicate = (!icmp_ln61)> <Delay = 0.00>
ST_21 : Operation 304 [1/1] (0.00ns)   --->   "%bitcast_ln113_4 = bitcast i32 %acc_L_I_load_1" [vivado/ip_repo/gnss_enhanced_correlator/src/enhanced_correlator.cpp:113]   --->   Operation 304 'bitcast' 'bitcast_ln113_4' <Predicate = (!icmp_ln61)> <Delay = 0.00>
ST_21 : Operation 305 [1/1] (0.00ns)   --->   "%bitcast_ln113_5 = bitcast i32 %acc_L_Q_load_1" [vivado/ip_repo/gnss_enhanced_correlator/src/enhanced_correlator.cpp:113]   --->   Operation 305 'bitcast' 'bitcast_ln113_5' <Predicate = (!icmp_ln61)> <Delay = 0.00>
ST_21 : Operation 306 [1/1] (0.69ns)   --->   "%select_ln113 = select i1 %icmp_ln61_1, i32 %bitcast_ln113, i32 0" [vivado/ip_repo/gnss_enhanced_correlator/src/enhanced_correlator.cpp:113]   --->   Operation 306 'select' 'select_ln113' <Predicate = (!icmp_ln61)> <Delay = 0.69> <CoreInst = "Sel">   --->   Core 73 'Sel' <Latency = 0> <II = 1> <Delay = 0.69> <FuncUnit> <Opcode : 'select'> <InPorts = 3> <OutPorts = 1>
ST_21 : Operation 307 [1/1] (0.69ns)   --->   "%select_ln113_1 = select i1 %icmp_ln61_1, i32 %bitcast_ln113_1, i32 0" [vivado/ip_repo/gnss_enhanced_correlator/src/enhanced_correlator.cpp:113]   --->   Operation 307 'select' 'select_ln113_1' <Predicate = (!icmp_ln61)> <Delay = 0.69> <CoreInst = "Sel">   --->   Core 73 'Sel' <Latency = 0> <II = 1> <Delay = 0.69> <FuncUnit> <Opcode : 'select'> <InPorts = 3> <OutPorts = 1>
ST_21 : Operation 308 [1/1] (0.69ns)   --->   "%select_ln113_2 = select i1 %icmp_ln61_1, i32 %bitcast_ln113_2, i32 0" [vivado/ip_repo/gnss_enhanced_correlator/src/enhanced_correlator.cpp:113]   --->   Operation 308 'select' 'select_ln113_2' <Predicate = (!icmp_ln61)> <Delay = 0.69> <CoreInst = "Sel">   --->   Core 73 'Sel' <Latency = 0> <II = 1> <Delay = 0.69> <FuncUnit> <Opcode : 'select'> <InPorts = 3> <OutPorts = 1>
ST_21 : Operation 309 [1/1] (0.69ns)   --->   "%select_ln113_3 = select i1 %icmp_ln61_1, i32 %bitcast_ln113_3, i32 0" [vivado/ip_repo/gnss_enhanced_correlator/src/enhanced_correlator.cpp:113]   --->   Operation 309 'select' 'select_ln113_3' <Predicate = (!icmp_ln61)> <Delay = 0.69> <CoreInst = "Sel">   --->   Core 73 'Sel' <Latency = 0> <II = 1> <Delay = 0.69> <FuncUnit> <Opcode : 'select'> <InPorts = 3> <OutPorts = 1>
ST_21 : Operation 310 [1/1] (0.69ns)   --->   "%select_ln113_4 = select i1 %icmp_ln61_1, i32 %bitcast_ln113_4, i32 0" [vivado/ip_repo/gnss_enhanced_correlator/src/enhanced_correlator.cpp:113]   --->   Operation 310 'select' 'select_ln113_4' <Predicate = (!icmp_ln61)> <Delay = 0.69> <CoreInst = "Sel">   --->   Core 73 'Sel' <Latency = 0> <II = 1> <Delay = 0.69> <FuncUnit> <Opcode : 'select'> <InPorts = 3> <OutPorts = 1>
ST_21 : Operation 311 [1/1] (0.69ns)   --->   "%select_ln113_5 = select i1 %icmp_ln61_1, i32 %bitcast_ln113_5, i32 0" [vivado/ip_repo/gnss_enhanced_correlator/src/enhanced_correlator.cpp:113]   --->   Operation 311 'select' 'select_ln113_5' <Predicate = (!icmp_ln61)> <Delay = 0.69> <CoreInst = "Sel">   --->   Core 73 'Sel' <Latency = 0> <II = 1> <Delay = 0.69> <FuncUnit> <Opcode : 'select'> <InPorts = 3> <OutPorts = 1>
ST_21 : Operation 312 [1/1] (1.00ns)   --->   "%write_ln113 = write void @_ssdm_op_Write.s_axilite.i32P0A, i32 %corr_E_I, i32 %select_ln113" [vivado/ip_repo/gnss_enhanced_correlator/src/enhanced_correlator.cpp:113]   --->   Operation 312 'write' 'write_ln113' <Predicate = (!icmp_ln61)> <Delay = 1.00> <CoreInst = "s_axilite">   --->   Core 112 's_axilite' <Latency = 0> <II = 1> <Delay = 1.00> <Adapter> <Opcode : 'read' 'write'>
ST_21 : Operation 313 [1/1] (1.00ns)   --->   "%write_ln114 = write void @_ssdm_op_Write.s_axilite.i32P0A, i32 %corr_E_Q, i32 %select_ln113_1" [vivado/ip_repo/gnss_enhanced_correlator/src/enhanced_correlator.cpp:114]   --->   Operation 313 'write' 'write_ln114' <Predicate = (!icmp_ln61)> <Delay = 1.00> <CoreInst = "s_axilite">   --->   Core 112 's_axilite' <Latency = 0> <II = 1> <Delay = 1.00> <Adapter> <Opcode : 'read' 'write'>
ST_21 : Operation 314 [1/1] (1.00ns)   --->   "%write_ln115 = write void @_ssdm_op_Write.s_axilite.i32P0A, i32 %corr_P_I, i32 %select_ln113_2" [vivado/ip_repo/gnss_enhanced_correlator/src/enhanced_correlator.cpp:115]   --->   Operation 314 'write' 'write_ln115' <Predicate = (!icmp_ln61)> <Delay = 1.00> <CoreInst = "s_axilite">   --->   Core 112 's_axilite' <Latency = 0> <II = 1> <Delay = 1.00> <Adapter> <Opcode : 'read' 'write'>
ST_21 : Operation 315 [1/1] (1.00ns)   --->   "%write_ln116 = write void @_ssdm_op_Write.s_axilite.i32P0A, i32 %corr_P_Q, i32 %select_ln113_3" [vivado/ip_repo/gnss_enhanced_correlator/src/enhanced_correlator.cpp:116]   --->   Operation 315 'write' 'write_ln116' <Predicate = (!icmp_ln61)> <Delay = 1.00> <CoreInst = "s_axilite">   --->   Core 112 's_axilite' <Latency = 0> <II = 1> <Delay = 1.00> <Adapter> <Opcode : 'read' 'write'>
ST_21 : Operation 316 [1/1] (1.00ns)   --->   "%write_ln117 = write void @_ssdm_op_Write.s_axilite.i32P0A, i32 %corr_L_I, i32 %select_ln113_4" [vivado/ip_repo/gnss_enhanced_correlator/src/enhanced_correlator.cpp:117]   --->   Operation 316 'write' 'write_ln117' <Predicate = (!icmp_ln61)> <Delay = 1.00> <CoreInst = "s_axilite">   --->   Core 112 's_axilite' <Latency = 0> <II = 1> <Delay = 1.00> <Adapter> <Opcode : 'read' 'write'>
ST_21 : Operation 317 [1/1] (1.00ns)   --->   "%write_ln118 = write void @_ssdm_op_Write.s_axilite.i32P0A, i32 %corr_L_Q, i32 %select_ln113_5" [vivado/ip_repo/gnss_enhanced_correlator/src/enhanced_correlator.cpp:118]   --->   Operation 317 'write' 'write_ln118' <Predicate = (!icmp_ln61)> <Delay = 1.00> <CoreInst = "s_axilite">   --->   Core 112 's_axilite' <Latency = 0> <II = 1> <Delay = 1.00> <Adapter> <Opcode : 'read' 'write'>
ST_21 : Operation 318 [1/1] (0.00ns)   --->   "%ret_ln119 = ret" [vivado/ip_repo/gnss_enhanced_correlator/src/enhanced_correlator.cpp:119]   --->   Operation 318 'ret' 'ret_ln119' <Predicate = (!icmp_ln61)> <Delay = 0.00>

State 22 <SV = 21> <Delay = 0.00>
ST_22 : Operation 319 [8/8] (7.30ns)   --->   "%gmem0_load_req = readreq i1 @_ssdm_op_ReadReq.m_axi.i32P1A, i32 %gmem0_addr, i64 1" [vivado/ip_repo/gnss_enhanced_correlator/src/enhanced_correlator.cpp:65]   --->   Operation 319 'readreq' 'gmem0_load_req' <Predicate = true> <Delay = 7.30> <CoreInst = "m_axi">   --->   Core 111 'm_axi' <Latency = 6> <II = 1> <Delay = 1.00> <Adapter> <Opcode : 'readrequnaligned' 'writerequnaligned' 'read' 'write' 'readreq' 'writereq' 'writeresp'>

State 23 <SV = 22> <Delay = 0.00>
ST_23 : Operation 320 [7/8] (7.30ns)   --->   "%gmem0_load_req = readreq i1 @_ssdm_op_ReadReq.m_axi.i32P1A, i32 %gmem0_addr, i64 1" [vivado/ip_repo/gnss_enhanced_correlator/src/enhanced_correlator.cpp:65]   --->   Operation 320 'readreq' 'gmem0_load_req' <Predicate = true> <Delay = 7.30> <CoreInst = "m_axi">   --->   Core 111 'm_axi' <Latency = 6> <II = 1> <Delay = 1.00> <Adapter> <Opcode : 'readrequnaligned' 'writerequnaligned' 'read' 'write' 'readreq' 'writereq' 'writeresp'>
ST_23 : Operation 321 [8/8] (7.30ns)   --->   "%gmem0_load_1_req = readreq i1 @_ssdm_op_ReadReq.m_axi.i32P1A, i32 %gmem0_addr_1, i64 1" [vivado/ip_repo/gnss_enhanced_correlator/src/enhanced_correlator.cpp:66]   --->   Operation 321 'readreq' 'gmem0_load_1_req' <Predicate = true> <Delay = 7.30> <CoreInst = "m_axi">   --->   Core 111 'm_axi' <Latency = 6> <II = 1> <Delay = 1.00> <Adapter> <Opcode : 'readrequnaligned' 'writerequnaligned' 'read' 'write' 'readreq' 'writereq' 'writeresp'>

State 24 <SV = 23> <Delay = 0.00>
ST_24 : Operation 322 [6/8] (7.30ns)   --->   "%gmem0_load_req = readreq i1 @_ssdm_op_ReadReq.m_axi.i32P1A, i32 %gmem0_addr, i64 1" [vivado/ip_repo/gnss_enhanced_correlator/src/enhanced_correlator.cpp:65]   --->   Operation 322 'readreq' 'gmem0_load_req' <Predicate = true> <Delay = 7.30> <CoreInst = "m_axi">   --->   Core 111 'm_axi' <Latency = 6> <II = 1> <Delay = 1.00> <Adapter> <Opcode : 'readrequnaligned' 'writerequnaligned' 'read' 'write' 'readreq' 'writereq' 'writeresp'>
ST_24 : Operation 323 [7/8] (7.30ns)   --->   "%gmem0_load_1_req = readreq i1 @_ssdm_op_ReadReq.m_axi.i32P1A, i32 %gmem0_addr_1, i64 1" [vivado/ip_repo/gnss_enhanced_correlator/src/enhanced_correlator.cpp:66]   --->   Operation 323 'readreq' 'gmem0_load_1_req' <Predicate = true> <Delay = 7.30> <CoreInst = "m_axi">   --->   Core 111 'm_axi' <Latency = 6> <II = 1> <Delay = 1.00> <Adapter> <Opcode : 'readrequnaligned' 'writerequnaligned' 'read' 'write' 'readreq' 'writereq' 'writeresp'>

State 25 <SV = 24> <Delay = 0.00>
ST_25 : Operation 324 [5/8] (7.30ns)   --->   "%gmem0_load_req = readreq i1 @_ssdm_op_ReadReq.m_axi.i32P1A, i32 %gmem0_addr, i64 1" [vivado/ip_repo/gnss_enhanced_correlator/src/enhanced_correlator.cpp:65]   --->   Operation 324 'readreq' 'gmem0_load_req' <Predicate = true> <Delay = 7.30> <CoreInst = "m_axi">   --->   Core 111 'm_axi' <Latency = 6> <II = 1> <Delay = 1.00> <Adapter> <Opcode : 'readrequnaligned' 'writerequnaligned' 'read' 'write' 'readreq' 'writereq' 'writeresp'>
ST_25 : Operation 325 [6/8] (7.30ns)   --->   "%gmem0_load_1_req = readreq i1 @_ssdm_op_ReadReq.m_axi.i32P1A, i32 %gmem0_addr_1, i64 1" [vivado/ip_repo/gnss_enhanced_correlator/src/enhanced_correlator.cpp:66]   --->   Operation 325 'readreq' 'gmem0_load_1_req' <Predicate = true> <Delay = 7.30> <CoreInst = "m_axi">   --->   Core 111 'm_axi' <Latency = 6> <II = 1> <Delay = 1.00> <Adapter> <Opcode : 'readrequnaligned' 'writerequnaligned' 'read' 'write' 'readreq' 'writereq' 'writeresp'>

State 26 <SV = 25> <Delay = 0.00>
ST_26 : Operation 326 [4/8] (7.30ns)   --->   "%gmem0_load_req = readreq i1 @_ssdm_op_ReadReq.m_axi.i32P1A, i32 %gmem0_addr, i64 1" [vivado/ip_repo/gnss_enhanced_correlator/src/enhanced_correlator.cpp:65]   --->   Operation 326 'readreq' 'gmem0_load_req' <Predicate = true> <Delay = 7.30> <CoreInst = "m_axi">   --->   Core 111 'm_axi' <Latency = 6> <II = 1> <Delay = 1.00> <Adapter> <Opcode : 'readrequnaligned' 'writerequnaligned' 'read' 'write' 'readreq' 'writereq' 'writeresp'>
ST_26 : Operation 327 [5/8] (7.30ns)   --->   "%gmem0_load_1_req = readreq i1 @_ssdm_op_ReadReq.m_axi.i32P1A, i32 %gmem0_addr_1, i64 1" [vivado/ip_repo/gnss_enhanced_correlator/src/enhanced_correlator.cpp:66]   --->   Operation 327 'readreq' 'gmem0_load_1_req' <Predicate = true> <Delay = 7.30> <CoreInst = "m_axi">   --->   Core 111 'm_axi' <Latency = 6> <II = 1> <Delay = 1.00> <Adapter> <Opcode : 'readrequnaligned' 'writerequnaligned' 'read' 'write' 'readreq' 'writereq' 'writeresp'>

State 27 <SV = 26> <Delay = 0.00>
ST_27 : Operation 328 [3/8] (7.30ns)   --->   "%gmem0_load_req = readreq i1 @_ssdm_op_ReadReq.m_axi.i32P1A, i32 %gmem0_addr, i64 1" [vivado/ip_repo/gnss_enhanced_correlator/src/enhanced_correlator.cpp:65]   --->   Operation 328 'readreq' 'gmem0_load_req' <Predicate = true> <Delay = 7.30> <CoreInst = "m_axi">   --->   Core 111 'm_axi' <Latency = 6> <II = 1> <Delay = 1.00> <Adapter> <Opcode : 'readrequnaligned' 'writerequnaligned' 'read' 'write' 'readreq' 'writereq' 'writeresp'>
ST_27 : Operation 329 [4/8] (7.30ns)   --->   "%gmem0_load_1_req = readreq i1 @_ssdm_op_ReadReq.m_axi.i32P1A, i32 %gmem0_addr_1, i64 1" [vivado/ip_repo/gnss_enhanced_correlator/src/enhanced_correlator.cpp:66]   --->   Operation 329 'readreq' 'gmem0_load_1_req' <Predicate = true> <Delay = 7.30> <CoreInst = "m_axi">   --->   Core 111 'm_axi' <Latency = 6> <II = 1> <Delay = 1.00> <Adapter> <Opcode : 'readrequnaligned' 'writerequnaligned' 'read' 'write' 'readreq' 'writereq' 'writeresp'>

State 28 <SV = 27> <Delay = 0.00>
ST_28 : Operation 330 [2/8] (7.30ns)   --->   "%gmem0_load_req = readreq i1 @_ssdm_op_ReadReq.m_axi.i32P1A, i32 %gmem0_addr, i64 1" [vivado/ip_repo/gnss_enhanced_correlator/src/enhanced_correlator.cpp:65]   --->   Operation 330 'readreq' 'gmem0_load_req' <Predicate = true> <Delay = 7.30> <CoreInst = "m_axi">   --->   Core 111 'm_axi' <Latency = 6> <II = 1> <Delay = 1.00> <Adapter> <Opcode : 'readrequnaligned' 'writerequnaligned' 'read' 'write' 'readreq' 'writereq' 'writeresp'>
ST_28 : Operation 331 [3/8] (7.30ns)   --->   "%gmem0_load_1_req = readreq i1 @_ssdm_op_ReadReq.m_axi.i32P1A, i32 %gmem0_addr_1, i64 1" [vivado/ip_repo/gnss_enhanced_correlator/src/enhanced_correlator.cpp:66]   --->   Operation 331 'readreq' 'gmem0_load_1_req' <Predicate = true> <Delay = 7.30> <CoreInst = "m_axi">   --->   Core 111 'm_axi' <Latency = 6> <II = 1> <Delay = 1.00> <Adapter> <Opcode : 'readrequnaligned' 'writerequnaligned' 'read' 'write' 'readreq' 'writereq' 'writeresp'>

State 29 <SV = 28> <Delay = 7.30>
ST_29 : Operation 332 [1/8] ( I:7.30ns O:7.30ns )   --->   "%gmem0_load_req = readreq i1 @_ssdm_op_ReadReq.m_axi.i32P1A, i32 %gmem0_addr, i64 1" [vivado/ip_repo/gnss_enhanced_correlator/src/enhanced_correlator.cpp:65]   --->   Operation 332 'readreq' 'gmem0_load_req' <Predicate = true> <Delay = 7.30> <CoreInst = "m_axi">   --->   Core 111 'm_axi' <Latency = 6> <II = 1> <Delay = 1.00> <Adapter> <Opcode : 'readrequnaligned' 'writerequnaligned' 'read' 'write' 'readreq' 'writereq' 'writeresp'>
ST_29 : Operation 333 [2/8] (7.30ns)   --->   "%gmem0_load_1_req = readreq i1 @_ssdm_op_ReadReq.m_axi.i32P1A, i32 %gmem0_addr_1, i64 1" [vivado/ip_repo/gnss_enhanced_correlator/src/enhanced_correlator.cpp:66]   --->   Operation 333 'readreq' 'gmem0_load_1_req' <Predicate = true> <Delay = 7.30> <CoreInst = "m_axi">   --->   Core 111 'm_axi' <Latency = 6> <II = 1> <Delay = 1.00> <Adapter> <Opcode : 'readrequnaligned' 'writerequnaligned' 'read' 'write' 'readreq' 'writereq' 'writeresp'>
ST_29 : Operation 334 [2/2] (5.43ns)   --->   "%tmp_1 = fcmp_oge  i32 %carrier_phase_2, i32 6.28319" [vivado/ip_repo/gnss_enhanced_correlator/src/enhanced_correlator.cpp:70]   --->   Operation 334 'fcmp' 'tmp_1' <Predicate = true> <Delay = 5.43> <CoreInst = "FCompare">   --->   Core 19 'FCompare' <Latency = 1> <II = 1> <Delay = 5.43> <FuncUnit> <Opcode : 'fcmp'> <InPorts = 2> <OutPorts = 1>

State 30 <SV = 29> <Delay = 7.30>
ST_30 : Operation 335 [1/1] ( I:7.30ns O:7.30ns )   --->   "%gmem0_addr_read = read i32 @_ssdm_op_Read.m_axi.i32P1A, i32 %gmem0_addr" [vivado/ip_repo/gnss_enhanced_correlator/src/enhanced_correlator.cpp:65]   --->   Operation 335 'read' 'gmem0_addr_read' <Predicate = true> <Delay = 7.30> <CoreInst = "m_axi">   --->   Core 111 'm_axi' <Latency = 3> <II = 1> <Delay = 1.00> <Adapter> <Opcode : 'readrequnaligned' 'writerequnaligned' 'read' 'write' 'readreq' 'writereq' 'writeresp'>
ST_30 : Operation 336 [1/1] (0.00ns)   --->   "%sig_I = bitcast i32 %gmem0_addr_read" [vivado/ip_repo/gnss_enhanced_correlator/src/enhanced_correlator.cpp:65]   --->   Operation 336 'bitcast' 'sig_I' <Predicate = true> <Delay = 0.00>
ST_30 : Operation 337 [1/8] ( I:7.30ns O:7.30ns )   --->   "%gmem0_load_1_req = readreq i1 @_ssdm_op_ReadReq.m_axi.i32P1A, i32 %gmem0_addr_1, i64 1" [vivado/ip_repo/gnss_enhanced_correlator/src/enhanced_correlator.cpp:66]   --->   Operation 337 'readreq' 'gmem0_load_1_req' <Predicate = true> <Delay = 7.30> <CoreInst = "m_axi">   --->   Core 111 'm_axi' <Latency = 6> <II = 1> <Delay = 1.00> <Adapter> <Opcode : 'readrequnaligned' 'writerequnaligned' 'read' 'write' 'readreq' 'writereq' 'writeresp'>
ST_30 : Operation 338 [1/1] (0.00ns)   --->   "%bitcast_ln70 = bitcast i32 %carrier_phase_2" [vivado/ip_repo/gnss_enhanced_correlator/src/enhanced_correlator.cpp:70]   --->   Operation 338 'bitcast' 'bitcast_ln70' <Predicate = true> <Delay = 0.00>
ST_30 : Operation 339 [1/1] (0.00ns)   --->   "%tmp = partselect i8 @_ssdm_op_PartSelect.i8.i32.i32.i32, i32 %bitcast_ln70, i32 23, i32 30" [vivado/ip_repo/gnss_enhanced_correlator/src/enhanced_correlator.cpp:70]   --->   Operation 339 'partselect' 'tmp' <Predicate = true> <Delay = 0.00>
ST_30 : Operation 340 [1/1] (0.00ns)   --->   "%trunc_ln70 = trunc i32 %bitcast_ln70" [vivado/ip_repo/gnss_enhanced_correlator/src/enhanced_correlator.cpp:70]   --->   Operation 340 'trunc' 'trunc_ln70' <Predicate = true> <Delay = 0.00>
ST_30 : Operation 341 [1/1] (1.91ns)   --->   "%icmp_ln70 = icmp_ne  i8 %tmp, i8 255" [vivado/ip_repo/gnss_enhanced_correlator/src/enhanced_correlator.cpp:70]   --->   Operation 341 'icmp' 'icmp_ln70' <Predicate = true> <Delay = 1.91> <CoreInst = "Cmp">   --->   Core 9 'Cmp' <Latency = 0> <II = 1> <Delay = 1.91> <FuncUnit> <Opcode : 'seteq' 'setne' 'setle' 'setge' 'setlt' 'setgt'> <InPorts = 2> <OutPorts = 1>
ST_30 : Operation 342 [1/1] (2.28ns)   --->   "%icmp_ln70_1 = icmp_eq  i23 %trunc_ln70, i23 0" [vivado/ip_repo/gnss_enhanced_correlator/src/enhanced_correlator.cpp:70]   --->   Operation 342 'icmp' 'icmp_ln70_1' <Predicate = true> <Delay = 2.28> <CoreInst = "Cmp">   --->   Core 9 'Cmp' <Latency = 0> <II = 1> <Delay = 2.28> <FuncUnit> <Opcode : 'seteq' 'setne' 'setle' 'setge' 'setlt' 'setgt'> <InPorts = 2> <OutPorts = 1>
ST_30 : Operation 343 [1/1] (0.00ns) (grouped into LUT with out node and_ln70)   --->   "%or_ln70 = or i1 %icmp_ln70_1, i1 %icmp_ln70" [vivado/ip_repo/gnss_enhanced_correlator/src/enhanced_correlator.cpp:70]   --->   Operation 343 'or' 'or_ln70' <Predicate = true> <Delay = 0.00> <CoreInst = "LogicGate">   --->   Core 74 'LogicGate' <Latency = 0> <II = 1> <Delay = 0.97> <FuncUnit> <Opcode : 'and' 'or' 'xor'> <InPorts = 2> <OutPorts = 1>
ST_30 : Operation 344 [1/2] (5.43ns)   --->   "%tmp_1 = fcmp_oge  i32 %carrier_phase_2, i32 6.28319" [vivado/ip_repo/gnss_enhanced_correlator/src/enhanced_correlator.cpp:70]   --->   Operation 344 'fcmp' 'tmp_1' <Predicate = true> <Delay = 5.43> <CoreInst = "FCompare">   --->   Core 19 'FCompare' <Latency = 1> <II = 1> <Delay = 5.43> <FuncUnit> <Opcode : 'fcmp'> <InPorts = 2> <OutPorts = 1>
ST_30 : Operation 345 [1/1] (0.97ns) (out node of the LUT)   --->   "%and_ln70 = and i1 %or_ln70, i1 %tmp_1" [vivado/ip_repo/gnss_enhanced_correlator/src/enhanced_correlator.cpp:70]   --->   Operation 345 'and' 'and_ln70' <Predicate = true> <Delay = 0.97> <CoreInst = "LogicGate">   --->   Core 74 'LogicGate' <Latency = 0> <II = 1> <Delay = 0.97> <FuncUnit> <Opcode : 'and' 'or' 'xor'> <InPorts = 2> <OutPorts = 1>

State 31 <SV = 30> <Delay = 7.30>
ST_31 : Operation 346 [1/1] (0.00ns)   --->   "%specpipeline_ln62 = specpipeline void @_ssdm_op_SpecPipeline, i32 1, i32 0, i32 0, i32 0, i32 4294967295, void @empty_0" [vivado/ip_repo/gnss_enhanced_correlator/src/enhanced_correlator.cpp:62]   --->   Operation 346 'specpipeline' 'specpipeline_ln62' <Predicate = true> <Delay = 0.00>
ST_31 : Operation 347 [1/1] (0.00ns)   --->   "%specloopname_ln61 = specloopname void @_ssdm_op_SpecLoopName, void @empty_12" [vivado/ip_repo/gnss_enhanced_correlator/src/enhanced_correlator.cpp:61]   --->   Operation 347 'specloopname' 'specloopname_ln61' <Predicate = true> <Delay = 0.00>
ST_31 : Operation 348 [1/1] ( I:7.30ns O:7.30ns )   --->   "%gmem0_addr_1_read = read i32 @_ssdm_op_Read.m_axi.i32P1A, i32 %gmem0_addr_1" [vivado/ip_repo/gnss_enhanced_correlator/src/enhanced_correlator.cpp:66]   --->   Operation 348 'read' 'gmem0_addr_1_read' <Predicate = true> <Delay = 7.30> <CoreInst = "m_axi">   --->   Core 111 'm_axi' <Latency = 3> <II = 1> <Delay = 1.00> <Adapter> <Opcode : 'readrequnaligned' 'writerequnaligned' 'read' 'write' 'readreq' 'writereq' 'writeresp'>
ST_31 : Operation 349 [1/1] (0.00ns)   --->   "%sig_Q = bitcast i32 %gmem0_addr_1_read" [vivado/ip_repo/gnss_enhanced_correlator/src/enhanced_correlator.cpp:66]   --->   Operation 349 'bitcast' 'sig_Q' <Predicate = true> <Delay = 0.00>
ST_31 : Operation 350 [1/1] (1.58ns)   --->   "%br_ln70 = br i1 %and_ln70, void %VITIS_LOOP_71_3, void %while.body.preheader" [vivado/ip_repo/gnss_enhanced_correlator/src/enhanced_correlator.cpp:70]   --->   Operation 350 'br' 'br_ln70' <Predicate = true> <Delay = 1.58>
ST_31 : Operation 351 [1/1] (1.58ns)   --->   "%br_ln70 = br void %while.body" [vivado/ip_repo/gnss_enhanced_correlator/src/enhanced_correlator.cpp:70]   --->   Operation 351 'br' 'br_ln70' <Predicate = (and_ln70)> <Delay = 1.58>

State 32 <SV = 31> <Delay = 7.25>
ST_32 : Operation 352 [1/1] (0.00ns)   --->   "%phase_1 = phi i32 %phase_2, void %while.body, i32 %carrier_phase_2, void %while.body.preheader"   --->   Operation 352 'phi' 'phase_1' <Predicate = true> <Delay = 0.00>
ST_32 : Operation 353 [5/5] (7.25ns)   --->   "%phase_2 = fadd i32 %phase_1, i32 -6.28319" [vivado/ip_repo/gnss_enhanced_correlator/src/enhanced_correlator.cpp:70]   --->   Operation 353 'fadd' 'phase_2' <Predicate = true> <Delay = 7.25> <CoreInst = "FAddSub_fulldsp">   --->   Core 18 'FAddSub_fulldsp' <Latency = 4> <II = 1> <Delay = 7.25> <FuncUnit> <Opcode : 'fadd' 'fsub'> <InPorts = 2> <OutPorts = 1>

State 33 <SV = 32> <Delay = 7.25>
ST_33 : Operation 354 [4/5] (7.25ns)   --->   "%phase_2 = fadd i32 %phase_1, i32 -6.28319" [vivado/ip_repo/gnss_enhanced_correlator/src/enhanced_correlator.cpp:70]   --->   Operation 354 'fadd' 'phase_2' <Predicate = true> <Delay = 7.25> <CoreInst = "FAddSub_fulldsp">   --->   Core 18 'FAddSub_fulldsp' <Latency = 4> <II = 1> <Delay = 7.25> <FuncUnit> <Opcode : 'fadd' 'fsub'> <InPorts = 2> <OutPorts = 1>

State 34 <SV = 33> <Delay = 7.25>
ST_34 : Operation 355 [3/5] (7.25ns)   --->   "%phase_2 = fadd i32 %phase_1, i32 -6.28319" [vivado/ip_repo/gnss_enhanced_correlator/src/enhanced_correlator.cpp:70]   --->   Operation 355 'fadd' 'phase_2' <Predicate = true> <Delay = 7.25> <CoreInst = "FAddSub_fulldsp">   --->   Core 18 'FAddSub_fulldsp' <Latency = 4> <II = 1> <Delay = 7.25> <FuncUnit> <Opcode : 'fadd' 'fsub'> <InPorts = 2> <OutPorts = 1>

State 35 <SV = 34> <Delay = 7.25>
ST_35 : Operation 356 [2/5] (7.25ns)   --->   "%phase_2 = fadd i32 %phase_1, i32 -6.28319" [vivado/ip_repo/gnss_enhanced_correlator/src/enhanced_correlator.cpp:70]   --->   Operation 356 'fadd' 'phase_2' <Predicate = true> <Delay = 7.25> <CoreInst = "FAddSub_fulldsp">   --->   Core 18 'FAddSub_fulldsp' <Latency = 4> <II = 1> <Delay = 7.25> <FuncUnit> <Opcode : 'fadd' 'fsub'> <InPorts = 2> <OutPorts = 1>

State 36 <SV = 35> <Delay = 7.25>
ST_36 : Operation 357 [1/5] (7.25ns)   --->   "%phase_2 = fadd i32 %phase_1, i32 -6.28319" [vivado/ip_repo/gnss_enhanced_correlator/src/enhanced_correlator.cpp:70]   --->   Operation 357 'fadd' 'phase_2' <Predicate = true> <Delay = 7.25> <CoreInst = "FAddSub_fulldsp">   --->   Core 18 'FAddSub_fulldsp' <Latency = 4> <II = 1> <Delay = 7.25> <FuncUnit> <Opcode : 'fadd' 'fsub'> <InPorts = 2> <OutPorts = 1>

State 37 <SV = 36> <Delay = 5.43>
ST_37 : Operation 358 [2/2] (5.43ns)   --->   "%tmp_3 = fcmp_oge  i32 %phase_2, i32 6.28319" [vivado/ip_repo/gnss_enhanced_correlator/src/enhanced_correlator.cpp:70]   --->   Operation 358 'fcmp' 'tmp_3' <Predicate = true> <Delay = 5.43> <CoreInst = "FCompare">   --->   Core 19 'FCompare' <Latency = 1> <II = 1> <Delay = 5.43> <FuncUnit> <Opcode : 'fcmp'> <InPorts = 2> <OutPorts = 1>

State 38 <SV = 37> <Delay = 6.40>
ST_38 : Operation 359 [1/1] (0.00ns)   --->   "%specloopname_ln70 = specloopname void @_ssdm_op_SpecLoopName, void @empty_26" [vivado/ip_repo/gnss_enhanced_correlator/src/enhanced_correlator.cpp:70]   --->   Operation 359 'specloopname' 'specloopname_ln70' <Predicate = true> <Delay = 0.00>
ST_38 : Operation 360 [1/1] (0.00ns)   --->   "%bitcast_ln70_1 = bitcast i32 %phase_2" [vivado/ip_repo/gnss_enhanced_correlator/src/enhanced_correlator.cpp:70]   --->   Operation 360 'bitcast' 'bitcast_ln70_1' <Predicate = true> <Delay = 0.00>
ST_38 : Operation 361 [1/1] (0.00ns)   --->   "%tmp_2 = partselect i8 @_ssdm_op_PartSelect.i8.i32.i32.i32, i32 %bitcast_ln70_1, i32 23, i32 30" [vivado/ip_repo/gnss_enhanced_correlator/src/enhanced_correlator.cpp:70]   --->   Operation 361 'partselect' 'tmp_2' <Predicate = true> <Delay = 0.00>
ST_38 : Operation 362 [1/1] (0.00ns)   --->   "%trunc_ln70_1 = trunc i32 %bitcast_ln70_1" [vivado/ip_repo/gnss_enhanced_correlator/src/enhanced_correlator.cpp:70]   --->   Operation 362 'trunc' 'trunc_ln70_1' <Predicate = true> <Delay = 0.00>
ST_38 : Operation 363 [1/1] (1.91ns)   --->   "%icmp_ln70_2 = icmp_ne  i8 %tmp_2, i8 255" [vivado/ip_repo/gnss_enhanced_correlator/src/enhanced_correlator.cpp:70]   --->   Operation 363 'icmp' 'icmp_ln70_2' <Predicate = true> <Delay = 1.91> <CoreInst = "Cmp">   --->   Core 9 'Cmp' <Latency = 0> <II = 1> <Delay = 1.91> <FuncUnit> <Opcode : 'seteq' 'setne' 'setle' 'setge' 'setlt' 'setgt'> <InPorts = 2> <OutPorts = 1>
ST_38 : Operation 364 [1/1] (2.28ns)   --->   "%icmp_ln70_3 = icmp_eq  i23 %trunc_ln70_1, i23 0" [vivado/ip_repo/gnss_enhanced_correlator/src/enhanced_correlator.cpp:70]   --->   Operation 364 'icmp' 'icmp_ln70_3' <Predicate = true> <Delay = 2.28> <CoreInst = "Cmp">   --->   Core 9 'Cmp' <Latency = 0> <II = 1> <Delay = 2.28> <FuncUnit> <Opcode : 'seteq' 'setne' 'setle' 'setge' 'setlt' 'setgt'> <InPorts = 2> <OutPorts = 1>
ST_38 : Operation 365 [1/1] (0.00ns) (grouped into LUT with out node and_ln70_1)   --->   "%or_ln70_1 = or i1 %icmp_ln70_3, i1 %icmp_ln70_2" [vivado/ip_repo/gnss_enhanced_correlator/src/enhanced_correlator.cpp:70]   --->   Operation 365 'or' 'or_ln70_1' <Predicate = true> <Delay = 0.00> <CoreInst = "LogicGate">   --->   Core 74 'LogicGate' <Latency = 0> <II = 1> <Delay = 0.97> <FuncUnit> <Opcode : 'and' 'or' 'xor'> <InPorts = 2> <OutPorts = 1>
ST_38 : Operation 366 [1/2] (5.43ns)   --->   "%tmp_3 = fcmp_oge  i32 %phase_2, i32 6.28319" [vivado/ip_repo/gnss_enhanced_correlator/src/enhanced_correlator.cpp:70]   --->   Operation 366 'fcmp' 'tmp_3' <Predicate = true> <Delay = 5.43> <CoreInst = "FCompare">   --->   Core 19 'FCompare' <Latency = 1> <II = 1> <Delay = 5.43> <FuncUnit> <Opcode : 'fcmp'> <InPorts = 2> <OutPorts = 1>
ST_38 : Operation 367 [1/1] (0.97ns) (out node of the LUT)   --->   "%and_ln70_1 = and i1 %or_ln70_1, i1 %tmp_3" [vivado/ip_repo/gnss_enhanced_correlator/src/enhanced_correlator.cpp:70]   --->   Operation 367 'and' 'and_ln70_1' <Predicate = true> <Delay = 0.97> <CoreInst = "LogicGate">   --->   Core 74 'LogicGate' <Latency = 0> <II = 1> <Delay = 0.97> <FuncUnit> <Opcode : 'and' 'or' 'xor'> <InPorts = 2> <OutPorts = 1>
ST_38 : Operation 368 [1/1] (0.00ns)   --->   "%br_ln70 = br i1 %and_ln70_1, void %VITIS_LOOP_71_3.loopexit, void %while.body" [vivado/ip_repo/gnss_enhanced_correlator/src/enhanced_correlator.cpp:70]   --->   Operation 368 'br' 'br_ln70' <Predicate = true> <Delay = 0.00>

State 39 <SV = 38> <Delay = 7.01>
ST_39 : Operation 369 [1/1] (1.58ns)   --->   "%br_ln0 = br void %VITIS_LOOP_71_3"   --->   Operation 369 'br' 'br_ln0' <Predicate = (and_ln70)> <Delay = 1.58>
ST_39 : Operation 370 [1/1] (0.00ns)   --->   "%phase_3 = phi i32 %carrier_phase_2, void %VITIS_LOOP_70_2.split, i32 %phase_2, void %VITIS_LOOP_71_3.loopexit"   --->   Operation 370 'phi' 'phase_3' <Predicate = true> <Delay = 0.00>
ST_39 : Operation 371 [2/2] (5.43ns)   --->   "%tmp_5 = fcmp_olt  i32 %phase_3, i32 0" [vivado/ip_repo/gnss_enhanced_correlator/src/enhanced_correlator.cpp:71]   --->   Operation 371 'fcmp' 'tmp_5' <Predicate = true> <Delay = 5.43> <CoreInst = "FCompare">   --->   Core 19 'FCompare' <Latency = 1> <II = 1> <Delay = 5.43> <FuncUnit> <Opcode : 'fcmp'> <InPorts = 2> <OutPorts = 1>

State 40 <SV = 39> <Delay = 5.43>
ST_40 : Operation 372 [1/2] (5.43ns)   --->   "%tmp_5 = fcmp_olt  i32 %phase_3, i32 0" [vivado/ip_repo/gnss_enhanced_correlator/src/enhanced_correlator.cpp:71]   --->   Operation 372 'fcmp' 'tmp_5' <Predicate = true> <Delay = 5.43> <CoreInst = "FCompare">   --->   Core 19 'FCompare' <Latency = 1> <II = 1> <Delay = 5.43> <FuncUnit> <Opcode : 'fcmp'> <InPorts = 2> <OutPorts = 1>

State 41 <SV = 40> <Delay = 4.85>
ST_41 : Operation 373 [1/1] (0.00ns)   --->   "%bitcast_ln71 = bitcast i32 %phase_3" [vivado/ip_repo/gnss_enhanced_correlator/src/enhanced_correlator.cpp:71]   --->   Operation 373 'bitcast' 'bitcast_ln71' <Predicate = true> <Delay = 0.00>
ST_41 : Operation 374 [1/1] (0.00ns)   --->   "%tmp_4 = partselect i8 @_ssdm_op_PartSelect.i8.i32.i32.i32, i32 %bitcast_ln71, i32 23, i32 30" [vivado/ip_repo/gnss_enhanced_correlator/src/enhanced_correlator.cpp:71]   --->   Operation 374 'partselect' 'tmp_4' <Predicate = true> <Delay = 0.00>
ST_41 : Operation 375 [1/1] (0.00ns)   --->   "%trunc_ln71 = trunc i32 %bitcast_ln71" [vivado/ip_repo/gnss_enhanced_correlator/src/enhanced_correlator.cpp:71]   --->   Operation 375 'trunc' 'trunc_ln71' <Predicate = true> <Delay = 0.00>
ST_41 : Operation 376 [1/1] (1.91ns)   --->   "%icmp_ln71 = icmp_ne  i8 %tmp_4, i8 255" [vivado/ip_repo/gnss_enhanced_correlator/src/enhanced_correlator.cpp:71]   --->   Operation 376 'icmp' 'icmp_ln71' <Predicate = true> <Delay = 1.91> <CoreInst = "Cmp">   --->   Core 9 'Cmp' <Latency = 0> <II = 1> <Delay = 1.91> <FuncUnit> <Opcode : 'seteq' 'setne' 'setle' 'setge' 'setlt' 'setgt'> <InPorts = 2> <OutPorts = 1>
ST_41 : Operation 377 [1/1] (2.28ns)   --->   "%icmp_ln71_1 = icmp_eq  i23 %trunc_ln71, i23 0" [vivado/ip_repo/gnss_enhanced_correlator/src/enhanced_correlator.cpp:71]   --->   Operation 377 'icmp' 'icmp_ln71_1' <Predicate = true> <Delay = 2.28> <CoreInst = "Cmp">   --->   Core 9 'Cmp' <Latency = 0> <II = 1> <Delay = 2.28> <FuncUnit> <Opcode : 'seteq' 'setne' 'setle' 'setge' 'setlt' 'setgt'> <InPorts = 2> <OutPorts = 1>
ST_41 : Operation 378 [1/1] (0.00ns) (grouped into LUT with out node and_ln71)   --->   "%or_ln71 = or i1 %icmp_ln71_1, i1 %icmp_ln71" [vivado/ip_repo/gnss_enhanced_correlator/src/enhanced_correlator.cpp:71]   --->   Operation 378 'or' 'or_ln71' <Predicate = true> <Delay = 0.00> <CoreInst = "LogicGate">   --->   Core 74 'LogicGate' <Latency = 0> <II = 1> <Delay = 0.97> <FuncUnit> <Opcode : 'and' 'or' 'xor'> <InPorts = 2> <OutPorts = 1>
ST_41 : Operation 379 [1/1] (0.97ns) (out node of the LUT)   --->   "%and_ln71 = and i1 %or_ln71, i1 %tmp_5" [vivado/ip_repo/gnss_enhanced_correlator/src/enhanced_correlator.cpp:71]   --->   Operation 379 'and' 'and_ln71' <Predicate = true> <Delay = 0.97> <CoreInst = "LogicGate">   --->   Core 74 'LogicGate' <Latency = 0> <II = 1> <Delay = 0.97> <FuncUnit> <Opcode : 'and' 'or' 'xor'> <InPorts = 2> <OutPorts = 1>
ST_41 : Operation 380 [1/1] (1.58ns)   --->   "%br_ln71 = br i1 %and_ln71, void %VITIS_LOOP_86_4, void %while.body9.preheader" [vivado/ip_repo/gnss_enhanced_correlator/src/enhanced_correlator.cpp:71]   --->   Operation 380 'br' 'br_ln71' <Predicate = true> <Delay = 1.58>
ST_41 : Operation 381 [1/1] (1.58ns)   --->   "%br_ln71 = br void %while.body9" [vivado/ip_repo/gnss_enhanced_correlator/src/enhanced_correlator.cpp:71]   --->   Operation 381 'br' 'br_ln71' <Predicate = (and_ln71)> <Delay = 1.58>

State 42 <SV = 41> <Delay = 7.25>
ST_42 : Operation 382 [1/1] (0.00ns)   --->   "%phase_4 = phi i32 %phase_5, void %while.body9, i32 %phase_3, void %while.body9.preheader"   --->   Operation 382 'phi' 'phase_4' <Predicate = true> <Delay = 0.00>
ST_42 : Operation 383 [5/5] (7.25ns)   --->   "%phase_5 = fadd i32 %phase_4, i32 6.28319" [vivado/ip_repo/gnss_enhanced_correlator/src/enhanced_correlator.cpp:71]   --->   Operation 383 'fadd' 'phase_5' <Predicate = true> <Delay = 7.25> <CoreInst = "FAddSub_fulldsp">   --->   Core 18 'FAddSub_fulldsp' <Latency = 4> <II = 1> <Delay = 7.25> <FuncUnit> <Opcode : 'fadd' 'fsub'> <InPorts = 2> <OutPorts = 1>

State 43 <SV = 42> <Delay = 7.25>
ST_43 : Operation 384 [4/5] (7.25ns)   --->   "%phase_5 = fadd i32 %phase_4, i32 6.28319" [vivado/ip_repo/gnss_enhanced_correlator/src/enhanced_correlator.cpp:71]   --->   Operation 384 'fadd' 'phase_5' <Predicate = true> <Delay = 7.25> <CoreInst = "FAddSub_fulldsp">   --->   Core 18 'FAddSub_fulldsp' <Latency = 4> <II = 1> <Delay = 7.25> <FuncUnit> <Opcode : 'fadd' 'fsub'> <InPorts = 2> <OutPorts = 1>

State 44 <SV = 43> <Delay = 7.25>
ST_44 : Operation 385 [3/5] (7.25ns)   --->   "%phase_5 = fadd i32 %phase_4, i32 6.28319" [vivado/ip_repo/gnss_enhanced_correlator/src/enhanced_correlator.cpp:71]   --->   Operation 385 'fadd' 'phase_5' <Predicate = true> <Delay = 7.25> <CoreInst = "FAddSub_fulldsp">   --->   Core 18 'FAddSub_fulldsp' <Latency = 4> <II = 1> <Delay = 7.25> <FuncUnit> <Opcode : 'fadd' 'fsub'> <InPorts = 2> <OutPorts = 1>

State 45 <SV = 44> <Delay = 7.25>
ST_45 : Operation 386 [2/5] (7.25ns)   --->   "%phase_5 = fadd i32 %phase_4, i32 6.28319" [vivado/ip_repo/gnss_enhanced_correlator/src/enhanced_correlator.cpp:71]   --->   Operation 386 'fadd' 'phase_5' <Predicate = true> <Delay = 7.25> <CoreInst = "FAddSub_fulldsp">   --->   Core 18 'FAddSub_fulldsp' <Latency = 4> <II = 1> <Delay = 7.25> <FuncUnit> <Opcode : 'fadd' 'fsub'> <InPorts = 2> <OutPorts = 1>

State 46 <SV = 45> <Delay = 7.25>
ST_46 : Operation 387 [1/5] (7.25ns)   --->   "%phase_5 = fadd i32 %phase_4, i32 6.28319" [vivado/ip_repo/gnss_enhanced_correlator/src/enhanced_correlator.cpp:71]   --->   Operation 387 'fadd' 'phase_5' <Predicate = true> <Delay = 7.25> <CoreInst = "FAddSub_fulldsp">   --->   Core 18 'FAddSub_fulldsp' <Latency = 4> <II = 1> <Delay = 7.25> <FuncUnit> <Opcode : 'fadd' 'fsub'> <InPorts = 2> <OutPorts = 1>

State 47 <SV = 46> <Delay = 5.43>
ST_47 : Operation 388 [2/2] (5.43ns)   --->   "%tmp_7 = fcmp_olt  i32 %phase_5, i32 0" [vivado/ip_repo/gnss_enhanced_correlator/src/enhanced_correlator.cpp:71]   --->   Operation 388 'fcmp' 'tmp_7' <Predicate = true> <Delay = 5.43> <CoreInst = "FCompare">   --->   Core 19 'FCompare' <Latency = 1> <II = 1> <Delay = 5.43> <FuncUnit> <Opcode : 'fcmp'> <InPorts = 2> <OutPorts = 1>

State 48 <SV = 47> <Delay = 6.40>
ST_48 : Operation 389 [1/1] (0.00ns)   --->   "%specloopname_ln71 = specloopname void @_ssdm_op_SpecLoopName, void @empty_27" [vivado/ip_repo/gnss_enhanced_correlator/src/enhanced_correlator.cpp:71]   --->   Operation 389 'specloopname' 'specloopname_ln71' <Predicate = true> <Delay = 0.00>
ST_48 : Operation 390 [1/1] (0.00ns)   --->   "%bitcast_ln71_1 = bitcast i32 %phase_5" [vivado/ip_repo/gnss_enhanced_correlator/src/enhanced_correlator.cpp:71]   --->   Operation 390 'bitcast' 'bitcast_ln71_1' <Predicate = true> <Delay = 0.00>
ST_48 : Operation 391 [1/1] (0.00ns)   --->   "%tmp_6 = partselect i8 @_ssdm_op_PartSelect.i8.i32.i32.i32, i32 %bitcast_ln71_1, i32 23, i32 30" [vivado/ip_repo/gnss_enhanced_correlator/src/enhanced_correlator.cpp:71]   --->   Operation 391 'partselect' 'tmp_6' <Predicate = true> <Delay = 0.00>
ST_48 : Operation 392 [1/1] (0.00ns)   --->   "%trunc_ln71_1 = trunc i32 %bitcast_ln71_1" [vivado/ip_repo/gnss_enhanced_correlator/src/enhanced_correlator.cpp:71]   --->   Operation 392 'trunc' 'trunc_ln71_1' <Predicate = true> <Delay = 0.00>
ST_48 : Operation 393 [1/1] (1.91ns)   --->   "%icmp_ln71_2 = icmp_ne  i8 %tmp_6, i8 255" [vivado/ip_repo/gnss_enhanced_correlator/src/enhanced_correlator.cpp:71]   --->   Operation 393 'icmp' 'icmp_ln71_2' <Predicate = true> <Delay = 1.91> <CoreInst = "Cmp">   --->   Core 9 'Cmp' <Latency = 0> <II = 1> <Delay = 1.91> <FuncUnit> <Opcode : 'seteq' 'setne' 'setle' 'setge' 'setlt' 'setgt'> <InPorts = 2> <OutPorts = 1>
ST_48 : Operation 394 [1/1] (2.28ns)   --->   "%icmp_ln71_3 = icmp_eq  i23 %trunc_ln71_1, i23 0" [vivado/ip_repo/gnss_enhanced_correlator/src/enhanced_correlator.cpp:71]   --->   Operation 394 'icmp' 'icmp_ln71_3' <Predicate = true> <Delay = 2.28> <CoreInst = "Cmp">   --->   Core 9 'Cmp' <Latency = 0> <II = 1> <Delay = 2.28> <FuncUnit> <Opcode : 'seteq' 'setne' 'setle' 'setge' 'setlt' 'setgt'> <InPorts = 2> <OutPorts = 1>
ST_48 : Operation 395 [1/1] (0.00ns) (grouped into LUT with out node and_ln71_1)   --->   "%or_ln71_1 = or i1 %icmp_ln71_3, i1 %icmp_ln71_2" [vivado/ip_repo/gnss_enhanced_correlator/src/enhanced_correlator.cpp:71]   --->   Operation 395 'or' 'or_ln71_1' <Predicate = true> <Delay = 0.00> <CoreInst = "LogicGate">   --->   Core 74 'LogicGate' <Latency = 0> <II = 1> <Delay = 0.97> <FuncUnit> <Opcode : 'and' 'or' 'xor'> <InPorts = 2> <OutPorts = 1>
ST_48 : Operation 396 [1/2] (5.43ns)   --->   "%tmp_7 = fcmp_olt  i32 %phase_5, i32 0" [vivado/ip_repo/gnss_enhanced_correlator/src/enhanced_correlator.cpp:71]   --->   Operation 396 'fcmp' 'tmp_7' <Predicate = true> <Delay = 5.43> <CoreInst = "FCompare">   --->   Core 19 'FCompare' <Latency = 1> <II = 1> <Delay = 5.43> <FuncUnit> <Opcode : 'fcmp'> <InPorts = 2> <OutPorts = 1>
ST_48 : Operation 397 [1/1] (0.97ns) (out node of the LUT)   --->   "%and_ln71_1 = and i1 %or_ln71_1, i1 %tmp_7" [vivado/ip_repo/gnss_enhanced_correlator/src/enhanced_correlator.cpp:71]   --->   Operation 397 'and' 'and_ln71_1' <Predicate = true> <Delay = 0.97> <CoreInst = "LogicGate">   --->   Core 74 'LogicGate' <Latency = 0> <II = 1> <Delay = 0.97> <FuncUnit> <Opcode : 'and' 'or' 'xor'> <InPorts = 2> <OutPorts = 1>
ST_48 : Operation 398 [1/1] (0.00ns)   --->   "%br_ln71 = br i1 %and_ln71_1, void %VITIS_LOOP_86_4.loopexit, void %while.body9" [vivado/ip_repo/gnss_enhanced_correlator/src/enhanced_correlator.cpp:71]   --->   Operation 398 'br' 'br_ln71' <Predicate = true> <Delay = 0.00>

State 49 <SV = 48> <Delay = 7.05>
ST_49 : Operation 399 [1/1] (1.58ns)   --->   "%br_ln0 = br void %VITIS_LOOP_86_4"   --->   Operation 399 'br' 'br_ln0' <Predicate = (and_ln71)> <Delay = 1.58>
ST_49 : Operation 400 [1/1] (0.00ns)   --->   "%x_assign = phi i32 %phase_3, void %VITIS_LOOP_71_3, i32 %phase_5, void %VITIS_LOOP_86_4.loopexit"   --->   Operation 400 'phi' 'x_assign' <Predicate = true> <Delay = 0.00>
ST_49 : Operation 401 [19/19] (5.46ns)   --->   "%cos_val = call i32 @sin_or_cos<float>, i32 %x_assign, i1 1, i100 %ref_4oPi_table_100, i30 %second_order_float_sin_cos_K0, i23 %second_order_float_sin_cos_K1, i15 %second_order_float_sin_cos_K2" [/wrk/ci/prod/2025.2/hls_product/continuous/666/2025.2/src/shared/hls/clib/hlsmath/src/common/hls_hotbm_float.cpp:127->/wrk/ci/prod/2025.2/hls_product/continuous/666/2025.2/src/shared/hls/clib/hlsmath/src/c/sincosfloat.cpp:12->vivado/ip_repo/gnss_enhanced_correlator/src/enhanced_correlator.cpp:73]   --->   Operation 401 'call' 'cos_val' <Predicate = true> <Delay = 5.46> <CoreType = "Generic">   --->   Generic Core
ST_49 : Operation 402 [19/19] (5.46ns)   --->   "%sin_val = call i32 @sin_or_cos<float>, i32 %x_assign, i1 0, i100 %ref_4oPi_table_100, i30 %second_order_float_sin_cos_K0, i23 %second_order_float_sin_cos_K1, i15 %second_order_float_sin_cos_K2" [/wrk/ci/prod/2025.2/hls_product/continuous/666/2025.2/src/shared/hls/clib/hlsmath/src/common/hls_hotbm_float.cpp:123->/wrk/ci/prod/2025.2/hls_product/continuous/666/2025.2/src/shared/hls/clib/hlsmath/src/c/sincosfloat.cpp:8->vivado/ip_repo/gnss_enhanced_correlator/src/enhanced_correlator.cpp:74]   --->   Operation 402 'call' 'sin_val' <Predicate = true> <Delay = 5.46> <CoreType = "Generic">   --->   Generic Core

State 50 <SV = 49> <Delay = 7.13>
ST_50 : Operation 403 [18/19] (7.13ns)   --->   "%cos_val = call i32 @sin_or_cos<float>, i32 %x_assign, i1 1, i100 %ref_4oPi_table_100, i30 %second_order_float_sin_cos_K0, i23 %second_order_float_sin_cos_K1, i15 %second_order_float_sin_cos_K2" [/wrk/ci/prod/2025.2/hls_product/continuous/666/2025.2/src/shared/hls/clib/hlsmath/src/common/hls_hotbm_float.cpp:127->/wrk/ci/prod/2025.2/hls_product/continuous/666/2025.2/src/shared/hls/clib/hlsmath/src/c/sincosfloat.cpp:12->vivado/ip_repo/gnss_enhanced_correlator/src/enhanced_correlator.cpp:73]   --->   Operation 403 'call' 'cos_val' <Predicate = true> <Delay = 7.13> <CoreType = "Generic">   --->   Generic Core
ST_50 : Operation 404 [18/19] (7.13ns)   --->   "%sin_val = call i32 @sin_or_cos<float>, i32 %x_assign, i1 0, i100 %ref_4oPi_table_100, i30 %second_order_float_sin_cos_K0, i23 %second_order_float_sin_cos_K1, i15 %second_order_float_sin_cos_K2" [/wrk/ci/prod/2025.2/hls_product/continuous/666/2025.2/src/shared/hls/clib/hlsmath/src/common/hls_hotbm_float.cpp:123->/wrk/ci/prod/2025.2/hls_product/continuous/666/2025.2/src/shared/hls/clib/hlsmath/src/c/sincosfloat.cpp:8->vivado/ip_repo/gnss_enhanced_correlator/src/enhanced_correlator.cpp:74]   --->   Operation 404 'call' 'sin_val' <Predicate = true> <Delay = 7.13> <CoreType = "Generic">   --->   Generic Core

State 51 <SV = 50> <Delay = 7.13>
ST_51 : Operation 405 [17/19] (7.13ns)   --->   "%cos_val = call i32 @sin_or_cos<float>, i32 %x_assign, i1 1, i100 %ref_4oPi_table_100, i30 %second_order_float_sin_cos_K0, i23 %second_order_float_sin_cos_K1, i15 %second_order_float_sin_cos_K2" [/wrk/ci/prod/2025.2/hls_product/continuous/666/2025.2/src/shared/hls/clib/hlsmath/src/common/hls_hotbm_float.cpp:127->/wrk/ci/prod/2025.2/hls_product/continuous/666/2025.2/src/shared/hls/clib/hlsmath/src/c/sincosfloat.cpp:12->vivado/ip_repo/gnss_enhanced_correlator/src/enhanced_correlator.cpp:73]   --->   Operation 405 'call' 'cos_val' <Predicate = true> <Delay = 7.13> <CoreType = "Generic">   --->   Generic Core
ST_51 : Operation 406 [17/19] (7.13ns)   --->   "%sin_val = call i32 @sin_or_cos<float>, i32 %x_assign, i1 0, i100 %ref_4oPi_table_100, i30 %second_order_float_sin_cos_K0, i23 %second_order_float_sin_cos_K1, i15 %second_order_float_sin_cos_K2" [/wrk/ci/prod/2025.2/hls_product/continuous/666/2025.2/src/shared/hls/clib/hlsmath/src/common/hls_hotbm_float.cpp:123->/wrk/ci/prod/2025.2/hls_product/continuous/666/2025.2/src/shared/hls/clib/hlsmath/src/c/sincosfloat.cpp:8->vivado/ip_repo/gnss_enhanced_correlator/src/enhanced_correlator.cpp:74]   --->   Operation 406 'call' 'sin_val' <Predicate = true> <Delay = 7.13> <CoreType = "Generic">   --->   Generic Core

State 52 <SV = 51> <Delay = 7.13>
ST_52 : Operation 407 [16/19] (7.13ns)   --->   "%cos_val = call i32 @sin_or_cos<float>, i32 %x_assign, i1 1, i100 %ref_4oPi_table_100, i30 %second_order_float_sin_cos_K0, i23 %second_order_float_sin_cos_K1, i15 %second_order_float_sin_cos_K2" [/wrk/ci/prod/2025.2/hls_product/continuous/666/2025.2/src/shared/hls/clib/hlsmath/src/common/hls_hotbm_float.cpp:127->/wrk/ci/prod/2025.2/hls_product/continuous/666/2025.2/src/shared/hls/clib/hlsmath/src/c/sincosfloat.cpp:12->vivado/ip_repo/gnss_enhanced_correlator/src/enhanced_correlator.cpp:73]   --->   Operation 407 'call' 'cos_val' <Predicate = true> <Delay = 7.13> <CoreType = "Generic">   --->   Generic Core
ST_52 : Operation 408 [16/19] (7.13ns)   --->   "%sin_val = call i32 @sin_or_cos<float>, i32 %x_assign, i1 0, i100 %ref_4oPi_table_100, i30 %second_order_float_sin_cos_K0, i23 %second_order_float_sin_cos_K1, i15 %second_order_float_sin_cos_K2" [/wrk/ci/prod/2025.2/hls_product/continuous/666/2025.2/src/shared/hls/clib/hlsmath/src/common/hls_hotbm_float.cpp:123->/wrk/ci/prod/2025.2/hls_product/continuous/666/2025.2/src/shared/hls/clib/hlsmath/src/c/sincosfloat.cpp:8->vivado/ip_repo/gnss_enhanced_correlator/src/enhanced_correlator.cpp:74]   --->   Operation 408 'call' 'sin_val' <Predicate = true> <Delay = 7.13> <CoreType = "Generic">   --->   Generic Core

State 53 <SV = 52> <Delay = 7.13>
ST_53 : Operation 409 [15/19] (7.13ns)   --->   "%cos_val = call i32 @sin_or_cos<float>, i32 %x_assign, i1 1, i100 %ref_4oPi_table_100, i30 %second_order_float_sin_cos_K0, i23 %second_order_float_sin_cos_K1, i15 %second_order_float_sin_cos_K2" [/wrk/ci/prod/2025.2/hls_product/continuous/666/2025.2/src/shared/hls/clib/hlsmath/src/common/hls_hotbm_float.cpp:127->/wrk/ci/prod/2025.2/hls_product/continuous/666/2025.2/src/shared/hls/clib/hlsmath/src/c/sincosfloat.cpp:12->vivado/ip_repo/gnss_enhanced_correlator/src/enhanced_correlator.cpp:73]   --->   Operation 409 'call' 'cos_val' <Predicate = true> <Delay = 7.13> <CoreType = "Generic">   --->   Generic Core
ST_53 : Operation 410 [15/19] (7.13ns)   --->   "%sin_val = call i32 @sin_or_cos<float>, i32 %x_assign, i1 0, i100 %ref_4oPi_table_100, i30 %second_order_float_sin_cos_K0, i23 %second_order_float_sin_cos_K1, i15 %second_order_float_sin_cos_K2" [/wrk/ci/prod/2025.2/hls_product/continuous/666/2025.2/src/shared/hls/clib/hlsmath/src/common/hls_hotbm_float.cpp:123->/wrk/ci/prod/2025.2/hls_product/continuous/666/2025.2/src/shared/hls/clib/hlsmath/src/c/sincosfloat.cpp:8->vivado/ip_repo/gnss_enhanced_correlator/src/enhanced_correlator.cpp:74]   --->   Operation 410 'call' 'sin_val' <Predicate = true> <Delay = 7.13> <CoreType = "Generic">   --->   Generic Core

State 54 <SV = 53> <Delay = 7.13>
ST_54 : Operation 411 [14/19] (7.13ns)   --->   "%cos_val = call i32 @sin_or_cos<float>, i32 %x_assign, i1 1, i100 %ref_4oPi_table_100, i30 %second_order_float_sin_cos_K0, i23 %second_order_float_sin_cos_K1, i15 %second_order_float_sin_cos_K2" [/wrk/ci/prod/2025.2/hls_product/continuous/666/2025.2/src/shared/hls/clib/hlsmath/src/common/hls_hotbm_float.cpp:127->/wrk/ci/prod/2025.2/hls_product/continuous/666/2025.2/src/shared/hls/clib/hlsmath/src/c/sincosfloat.cpp:12->vivado/ip_repo/gnss_enhanced_correlator/src/enhanced_correlator.cpp:73]   --->   Operation 411 'call' 'cos_val' <Predicate = true> <Delay = 7.13> <CoreType = "Generic">   --->   Generic Core
ST_54 : Operation 412 [14/19] (7.13ns)   --->   "%sin_val = call i32 @sin_or_cos<float>, i32 %x_assign, i1 0, i100 %ref_4oPi_table_100, i30 %second_order_float_sin_cos_K0, i23 %second_order_float_sin_cos_K1, i15 %second_order_float_sin_cos_K2" [/wrk/ci/prod/2025.2/hls_product/continuous/666/2025.2/src/shared/hls/clib/hlsmath/src/common/hls_hotbm_float.cpp:123->/wrk/ci/prod/2025.2/hls_product/continuous/666/2025.2/src/shared/hls/clib/hlsmath/src/c/sincosfloat.cpp:8->vivado/ip_repo/gnss_enhanced_correlator/src/enhanced_correlator.cpp:74]   --->   Operation 412 'call' 'sin_val' <Predicate = true> <Delay = 7.13> <CoreType = "Generic">   --->   Generic Core

State 55 <SV = 54> <Delay = 7.13>
ST_55 : Operation 413 [13/19] (7.13ns)   --->   "%cos_val = call i32 @sin_or_cos<float>, i32 %x_assign, i1 1, i100 %ref_4oPi_table_100, i30 %second_order_float_sin_cos_K0, i23 %second_order_float_sin_cos_K1, i15 %second_order_float_sin_cos_K2" [/wrk/ci/prod/2025.2/hls_product/continuous/666/2025.2/src/shared/hls/clib/hlsmath/src/common/hls_hotbm_float.cpp:127->/wrk/ci/prod/2025.2/hls_product/continuous/666/2025.2/src/shared/hls/clib/hlsmath/src/c/sincosfloat.cpp:12->vivado/ip_repo/gnss_enhanced_correlator/src/enhanced_correlator.cpp:73]   --->   Operation 413 'call' 'cos_val' <Predicate = true> <Delay = 7.13> <CoreType = "Generic">   --->   Generic Core
ST_55 : Operation 414 [13/19] (7.13ns)   --->   "%sin_val = call i32 @sin_or_cos<float>, i32 %x_assign, i1 0, i100 %ref_4oPi_table_100, i30 %second_order_float_sin_cos_K0, i23 %second_order_float_sin_cos_K1, i15 %second_order_float_sin_cos_K2" [/wrk/ci/prod/2025.2/hls_product/continuous/666/2025.2/src/shared/hls/clib/hlsmath/src/common/hls_hotbm_float.cpp:123->/wrk/ci/prod/2025.2/hls_product/continuous/666/2025.2/src/shared/hls/clib/hlsmath/src/c/sincosfloat.cpp:8->vivado/ip_repo/gnss_enhanced_correlator/src/enhanced_correlator.cpp:74]   --->   Operation 414 'call' 'sin_val' <Predicate = true> <Delay = 7.13> <CoreType = "Generic">   --->   Generic Core

State 56 <SV = 55> <Delay = 7.13>
ST_56 : Operation 415 [12/19] (7.13ns)   --->   "%cos_val = call i32 @sin_or_cos<float>, i32 %x_assign, i1 1, i100 %ref_4oPi_table_100, i30 %second_order_float_sin_cos_K0, i23 %second_order_float_sin_cos_K1, i15 %second_order_float_sin_cos_K2" [/wrk/ci/prod/2025.2/hls_product/continuous/666/2025.2/src/shared/hls/clib/hlsmath/src/common/hls_hotbm_float.cpp:127->/wrk/ci/prod/2025.2/hls_product/continuous/666/2025.2/src/shared/hls/clib/hlsmath/src/c/sincosfloat.cpp:12->vivado/ip_repo/gnss_enhanced_correlator/src/enhanced_correlator.cpp:73]   --->   Operation 415 'call' 'cos_val' <Predicate = true> <Delay = 7.13> <CoreType = "Generic">   --->   Generic Core
ST_56 : Operation 416 [12/19] (7.13ns)   --->   "%sin_val = call i32 @sin_or_cos<float>, i32 %x_assign, i1 0, i100 %ref_4oPi_table_100, i30 %second_order_float_sin_cos_K0, i23 %second_order_float_sin_cos_K1, i15 %second_order_float_sin_cos_K2" [/wrk/ci/prod/2025.2/hls_product/continuous/666/2025.2/src/shared/hls/clib/hlsmath/src/common/hls_hotbm_float.cpp:123->/wrk/ci/prod/2025.2/hls_product/continuous/666/2025.2/src/shared/hls/clib/hlsmath/src/c/sincosfloat.cpp:8->vivado/ip_repo/gnss_enhanced_correlator/src/enhanced_correlator.cpp:74]   --->   Operation 416 'call' 'sin_val' <Predicate = true> <Delay = 7.13> <CoreType = "Generic">   --->   Generic Core

State 57 <SV = 56> <Delay = 7.13>
ST_57 : Operation 417 [11/19] (7.13ns)   --->   "%cos_val = call i32 @sin_or_cos<float>, i32 %x_assign, i1 1, i100 %ref_4oPi_table_100, i30 %second_order_float_sin_cos_K0, i23 %second_order_float_sin_cos_K1, i15 %second_order_float_sin_cos_K2" [/wrk/ci/prod/2025.2/hls_product/continuous/666/2025.2/src/shared/hls/clib/hlsmath/src/common/hls_hotbm_float.cpp:127->/wrk/ci/prod/2025.2/hls_product/continuous/666/2025.2/src/shared/hls/clib/hlsmath/src/c/sincosfloat.cpp:12->vivado/ip_repo/gnss_enhanced_correlator/src/enhanced_correlator.cpp:73]   --->   Operation 417 'call' 'cos_val' <Predicate = true> <Delay = 7.13> <CoreType = "Generic">   --->   Generic Core
ST_57 : Operation 418 [11/19] (7.13ns)   --->   "%sin_val = call i32 @sin_or_cos<float>, i32 %x_assign, i1 0, i100 %ref_4oPi_table_100, i30 %second_order_float_sin_cos_K0, i23 %second_order_float_sin_cos_K1, i15 %second_order_float_sin_cos_K2" [/wrk/ci/prod/2025.2/hls_product/continuous/666/2025.2/src/shared/hls/clib/hlsmath/src/common/hls_hotbm_float.cpp:123->/wrk/ci/prod/2025.2/hls_product/continuous/666/2025.2/src/shared/hls/clib/hlsmath/src/c/sincosfloat.cpp:8->vivado/ip_repo/gnss_enhanced_correlator/src/enhanced_correlator.cpp:74]   --->   Operation 418 'call' 'sin_val' <Predicate = true> <Delay = 7.13> <CoreType = "Generic">   --->   Generic Core

State 58 <SV = 57> <Delay = 7.13>
ST_58 : Operation 419 [10/19] (7.13ns)   --->   "%cos_val = call i32 @sin_or_cos<float>, i32 %x_assign, i1 1, i100 %ref_4oPi_table_100, i30 %second_order_float_sin_cos_K0, i23 %second_order_float_sin_cos_K1, i15 %second_order_float_sin_cos_K2" [/wrk/ci/prod/2025.2/hls_product/continuous/666/2025.2/src/shared/hls/clib/hlsmath/src/common/hls_hotbm_float.cpp:127->/wrk/ci/prod/2025.2/hls_product/continuous/666/2025.2/src/shared/hls/clib/hlsmath/src/c/sincosfloat.cpp:12->vivado/ip_repo/gnss_enhanced_correlator/src/enhanced_correlator.cpp:73]   --->   Operation 419 'call' 'cos_val' <Predicate = true> <Delay = 7.13> <CoreType = "Generic">   --->   Generic Core
ST_58 : Operation 420 [10/19] (7.13ns)   --->   "%sin_val = call i32 @sin_or_cos<float>, i32 %x_assign, i1 0, i100 %ref_4oPi_table_100, i30 %second_order_float_sin_cos_K0, i23 %second_order_float_sin_cos_K1, i15 %second_order_float_sin_cos_K2" [/wrk/ci/prod/2025.2/hls_product/continuous/666/2025.2/src/shared/hls/clib/hlsmath/src/common/hls_hotbm_float.cpp:123->/wrk/ci/prod/2025.2/hls_product/continuous/666/2025.2/src/shared/hls/clib/hlsmath/src/c/sincosfloat.cpp:8->vivado/ip_repo/gnss_enhanced_correlator/src/enhanced_correlator.cpp:74]   --->   Operation 420 'call' 'sin_val' <Predicate = true> <Delay = 7.13> <CoreType = "Generic">   --->   Generic Core

State 59 <SV = 58> <Delay = 7.13>
ST_59 : Operation 421 [9/19] (7.13ns)   --->   "%cos_val = call i32 @sin_or_cos<float>, i32 %x_assign, i1 1, i100 %ref_4oPi_table_100, i30 %second_order_float_sin_cos_K0, i23 %second_order_float_sin_cos_K1, i15 %second_order_float_sin_cos_K2" [/wrk/ci/prod/2025.2/hls_product/continuous/666/2025.2/src/shared/hls/clib/hlsmath/src/common/hls_hotbm_float.cpp:127->/wrk/ci/prod/2025.2/hls_product/continuous/666/2025.2/src/shared/hls/clib/hlsmath/src/c/sincosfloat.cpp:12->vivado/ip_repo/gnss_enhanced_correlator/src/enhanced_correlator.cpp:73]   --->   Operation 421 'call' 'cos_val' <Predicate = true> <Delay = 7.13> <CoreType = "Generic">   --->   Generic Core
ST_59 : Operation 422 [9/19] (7.13ns)   --->   "%sin_val = call i32 @sin_or_cos<float>, i32 %x_assign, i1 0, i100 %ref_4oPi_table_100, i30 %second_order_float_sin_cos_K0, i23 %second_order_float_sin_cos_K1, i15 %second_order_float_sin_cos_K2" [/wrk/ci/prod/2025.2/hls_product/continuous/666/2025.2/src/shared/hls/clib/hlsmath/src/common/hls_hotbm_float.cpp:123->/wrk/ci/prod/2025.2/hls_product/continuous/666/2025.2/src/shared/hls/clib/hlsmath/src/c/sincosfloat.cpp:8->vivado/ip_repo/gnss_enhanced_correlator/src/enhanced_correlator.cpp:74]   --->   Operation 422 'call' 'sin_val' <Predicate = true> <Delay = 7.13> <CoreType = "Generic">   --->   Generic Core

State 60 <SV = 59> <Delay = 7.13>
ST_60 : Operation 423 [8/19] (7.13ns)   --->   "%cos_val = call i32 @sin_or_cos<float>, i32 %x_assign, i1 1, i100 %ref_4oPi_table_100, i30 %second_order_float_sin_cos_K0, i23 %second_order_float_sin_cos_K1, i15 %second_order_float_sin_cos_K2" [/wrk/ci/prod/2025.2/hls_product/continuous/666/2025.2/src/shared/hls/clib/hlsmath/src/common/hls_hotbm_float.cpp:127->/wrk/ci/prod/2025.2/hls_product/continuous/666/2025.2/src/shared/hls/clib/hlsmath/src/c/sincosfloat.cpp:12->vivado/ip_repo/gnss_enhanced_correlator/src/enhanced_correlator.cpp:73]   --->   Operation 423 'call' 'cos_val' <Predicate = true> <Delay = 7.13> <CoreType = "Generic">   --->   Generic Core
ST_60 : Operation 424 [8/19] (7.13ns)   --->   "%sin_val = call i32 @sin_or_cos<float>, i32 %x_assign, i1 0, i100 %ref_4oPi_table_100, i30 %second_order_float_sin_cos_K0, i23 %second_order_float_sin_cos_K1, i15 %second_order_float_sin_cos_K2" [/wrk/ci/prod/2025.2/hls_product/continuous/666/2025.2/src/shared/hls/clib/hlsmath/src/common/hls_hotbm_float.cpp:123->/wrk/ci/prod/2025.2/hls_product/continuous/666/2025.2/src/shared/hls/clib/hlsmath/src/c/sincosfloat.cpp:8->vivado/ip_repo/gnss_enhanced_correlator/src/enhanced_correlator.cpp:74]   --->   Operation 424 'call' 'sin_val' <Predicate = true> <Delay = 7.13> <CoreType = "Generic">   --->   Generic Core

State 61 <SV = 60> <Delay = 7.13>
ST_61 : Operation 425 [7/19] (7.13ns)   --->   "%cos_val = call i32 @sin_or_cos<float>, i32 %x_assign, i1 1, i100 %ref_4oPi_table_100, i30 %second_order_float_sin_cos_K0, i23 %second_order_float_sin_cos_K1, i15 %second_order_float_sin_cos_K2" [/wrk/ci/prod/2025.2/hls_product/continuous/666/2025.2/src/shared/hls/clib/hlsmath/src/common/hls_hotbm_float.cpp:127->/wrk/ci/prod/2025.2/hls_product/continuous/666/2025.2/src/shared/hls/clib/hlsmath/src/c/sincosfloat.cpp:12->vivado/ip_repo/gnss_enhanced_correlator/src/enhanced_correlator.cpp:73]   --->   Operation 425 'call' 'cos_val' <Predicate = true> <Delay = 7.13> <CoreType = "Generic">   --->   Generic Core
ST_61 : Operation 426 [7/19] (7.13ns)   --->   "%sin_val = call i32 @sin_or_cos<float>, i32 %x_assign, i1 0, i100 %ref_4oPi_table_100, i30 %second_order_float_sin_cos_K0, i23 %second_order_float_sin_cos_K1, i15 %second_order_float_sin_cos_K2" [/wrk/ci/prod/2025.2/hls_product/continuous/666/2025.2/src/shared/hls/clib/hlsmath/src/common/hls_hotbm_float.cpp:123->/wrk/ci/prod/2025.2/hls_product/continuous/666/2025.2/src/shared/hls/clib/hlsmath/src/c/sincosfloat.cpp:8->vivado/ip_repo/gnss_enhanced_correlator/src/enhanced_correlator.cpp:74]   --->   Operation 426 'call' 'sin_val' <Predicate = true> <Delay = 7.13> <CoreType = "Generic">   --->   Generic Core

State 62 <SV = 61> <Delay = 7.13>
ST_62 : Operation 427 [6/19] (7.13ns)   --->   "%cos_val = call i32 @sin_or_cos<float>, i32 %x_assign, i1 1, i100 %ref_4oPi_table_100, i30 %second_order_float_sin_cos_K0, i23 %second_order_float_sin_cos_K1, i15 %second_order_float_sin_cos_K2" [/wrk/ci/prod/2025.2/hls_product/continuous/666/2025.2/src/shared/hls/clib/hlsmath/src/common/hls_hotbm_float.cpp:127->/wrk/ci/prod/2025.2/hls_product/continuous/666/2025.2/src/shared/hls/clib/hlsmath/src/c/sincosfloat.cpp:12->vivado/ip_repo/gnss_enhanced_correlator/src/enhanced_correlator.cpp:73]   --->   Operation 427 'call' 'cos_val' <Predicate = true> <Delay = 7.13> <CoreType = "Generic">   --->   Generic Core
ST_62 : Operation 428 [6/19] (7.13ns)   --->   "%sin_val = call i32 @sin_or_cos<float>, i32 %x_assign, i1 0, i100 %ref_4oPi_table_100, i30 %second_order_float_sin_cos_K0, i23 %second_order_float_sin_cos_K1, i15 %second_order_float_sin_cos_K2" [/wrk/ci/prod/2025.2/hls_product/continuous/666/2025.2/src/shared/hls/clib/hlsmath/src/common/hls_hotbm_float.cpp:123->/wrk/ci/prod/2025.2/hls_product/continuous/666/2025.2/src/shared/hls/clib/hlsmath/src/c/sincosfloat.cpp:8->vivado/ip_repo/gnss_enhanced_correlator/src/enhanced_correlator.cpp:74]   --->   Operation 428 'call' 'sin_val' <Predicate = true> <Delay = 7.13> <CoreType = "Generic">   --->   Generic Core

State 63 <SV = 62> <Delay = 7.13>
ST_63 : Operation 429 [5/19] (7.13ns)   --->   "%cos_val = call i32 @sin_or_cos<float>, i32 %x_assign, i1 1, i100 %ref_4oPi_table_100, i30 %second_order_float_sin_cos_K0, i23 %second_order_float_sin_cos_K1, i15 %second_order_float_sin_cos_K2" [/wrk/ci/prod/2025.2/hls_product/continuous/666/2025.2/src/shared/hls/clib/hlsmath/src/common/hls_hotbm_float.cpp:127->/wrk/ci/prod/2025.2/hls_product/continuous/666/2025.2/src/shared/hls/clib/hlsmath/src/c/sincosfloat.cpp:12->vivado/ip_repo/gnss_enhanced_correlator/src/enhanced_correlator.cpp:73]   --->   Operation 429 'call' 'cos_val' <Predicate = true> <Delay = 7.13> <CoreType = "Generic">   --->   Generic Core
ST_63 : Operation 430 [5/19] (7.13ns)   --->   "%sin_val = call i32 @sin_or_cos<float>, i32 %x_assign, i1 0, i100 %ref_4oPi_table_100, i30 %second_order_float_sin_cos_K0, i23 %second_order_float_sin_cos_K1, i15 %second_order_float_sin_cos_K2" [/wrk/ci/prod/2025.2/hls_product/continuous/666/2025.2/src/shared/hls/clib/hlsmath/src/common/hls_hotbm_float.cpp:123->/wrk/ci/prod/2025.2/hls_product/continuous/666/2025.2/src/shared/hls/clib/hlsmath/src/c/sincosfloat.cpp:8->vivado/ip_repo/gnss_enhanced_correlator/src/enhanced_correlator.cpp:74]   --->   Operation 430 'call' 'sin_val' <Predicate = true> <Delay = 7.13> <CoreType = "Generic">   --->   Generic Core

State 64 <SV = 63> <Delay = 7.13>
ST_64 : Operation 431 [4/19] (7.13ns)   --->   "%cos_val = call i32 @sin_or_cos<float>, i32 %x_assign, i1 1, i100 %ref_4oPi_table_100, i30 %second_order_float_sin_cos_K0, i23 %second_order_float_sin_cos_K1, i15 %second_order_float_sin_cos_K2" [/wrk/ci/prod/2025.2/hls_product/continuous/666/2025.2/src/shared/hls/clib/hlsmath/src/common/hls_hotbm_float.cpp:127->/wrk/ci/prod/2025.2/hls_product/continuous/666/2025.2/src/shared/hls/clib/hlsmath/src/c/sincosfloat.cpp:12->vivado/ip_repo/gnss_enhanced_correlator/src/enhanced_correlator.cpp:73]   --->   Operation 431 'call' 'cos_val' <Predicate = true> <Delay = 7.13> <CoreType = "Generic">   --->   Generic Core
ST_64 : Operation 432 [4/19] (7.13ns)   --->   "%sin_val = call i32 @sin_or_cos<float>, i32 %x_assign, i1 0, i100 %ref_4oPi_table_100, i30 %second_order_float_sin_cos_K0, i23 %second_order_float_sin_cos_K1, i15 %second_order_float_sin_cos_K2" [/wrk/ci/prod/2025.2/hls_product/continuous/666/2025.2/src/shared/hls/clib/hlsmath/src/common/hls_hotbm_float.cpp:123->/wrk/ci/prod/2025.2/hls_product/continuous/666/2025.2/src/shared/hls/clib/hlsmath/src/c/sincosfloat.cpp:8->vivado/ip_repo/gnss_enhanced_correlator/src/enhanced_correlator.cpp:74]   --->   Operation 432 'call' 'sin_val' <Predicate = true> <Delay = 7.13> <CoreType = "Generic">   --->   Generic Core

State 65 <SV = 64> <Delay = 7.13>
ST_65 : Operation 433 [3/19] (7.13ns)   --->   "%cos_val = call i32 @sin_or_cos<float>, i32 %x_assign, i1 1, i100 %ref_4oPi_table_100, i30 %second_order_float_sin_cos_K0, i23 %second_order_float_sin_cos_K1, i15 %second_order_float_sin_cos_K2" [/wrk/ci/prod/2025.2/hls_product/continuous/666/2025.2/src/shared/hls/clib/hlsmath/src/common/hls_hotbm_float.cpp:127->/wrk/ci/prod/2025.2/hls_product/continuous/666/2025.2/src/shared/hls/clib/hlsmath/src/c/sincosfloat.cpp:12->vivado/ip_repo/gnss_enhanced_correlator/src/enhanced_correlator.cpp:73]   --->   Operation 433 'call' 'cos_val' <Predicate = true> <Delay = 7.13> <CoreType = "Generic">   --->   Generic Core
ST_65 : Operation 434 [3/19] (7.13ns)   --->   "%sin_val = call i32 @sin_or_cos<float>, i32 %x_assign, i1 0, i100 %ref_4oPi_table_100, i30 %second_order_float_sin_cos_K0, i23 %second_order_float_sin_cos_K1, i15 %second_order_float_sin_cos_K2" [/wrk/ci/prod/2025.2/hls_product/continuous/666/2025.2/src/shared/hls/clib/hlsmath/src/common/hls_hotbm_float.cpp:123->/wrk/ci/prod/2025.2/hls_product/continuous/666/2025.2/src/shared/hls/clib/hlsmath/src/c/sincosfloat.cpp:8->vivado/ip_repo/gnss_enhanced_correlator/src/enhanced_correlator.cpp:74]   --->   Operation 434 'call' 'sin_val' <Predicate = true> <Delay = 7.13> <CoreType = "Generic">   --->   Generic Core

State 66 <SV = 65> <Delay = 7.13>
ST_66 : Operation 435 [2/19] (7.13ns)   --->   "%cos_val = call i32 @sin_or_cos<float>, i32 %x_assign, i1 1, i100 %ref_4oPi_table_100, i30 %second_order_float_sin_cos_K0, i23 %second_order_float_sin_cos_K1, i15 %second_order_float_sin_cos_K2" [/wrk/ci/prod/2025.2/hls_product/continuous/666/2025.2/src/shared/hls/clib/hlsmath/src/common/hls_hotbm_float.cpp:127->/wrk/ci/prod/2025.2/hls_product/continuous/666/2025.2/src/shared/hls/clib/hlsmath/src/c/sincosfloat.cpp:12->vivado/ip_repo/gnss_enhanced_correlator/src/enhanced_correlator.cpp:73]   --->   Operation 435 'call' 'cos_val' <Predicate = true> <Delay = 7.13> <CoreType = "Generic">   --->   Generic Core
ST_66 : Operation 436 [2/19] (7.13ns)   --->   "%sin_val = call i32 @sin_or_cos<float>, i32 %x_assign, i1 0, i100 %ref_4oPi_table_100, i30 %second_order_float_sin_cos_K0, i23 %second_order_float_sin_cos_K1, i15 %second_order_float_sin_cos_K2" [/wrk/ci/prod/2025.2/hls_product/continuous/666/2025.2/src/shared/hls/clib/hlsmath/src/common/hls_hotbm_float.cpp:123->/wrk/ci/prod/2025.2/hls_product/continuous/666/2025.2/src/shared/hls/clib/hlsmath/src/c/sincosfloat.cpp:8->vivado/ip_repo/gnss_enhanced_correlator/src/enhanced_correlator.cpp:74]   --->   Operation 436 'call' 'sin_val' <Predicate = true> <Delay = 7.13> <CoreType = "Generic">   --->   Generic Core

State 67 <SV = 66> <Delay = 7.13>
ST_67 : Operation 437 [1/19] (7.13ns)   --->   "%cos_val = call i32 @sin_or_cos<float>, i32 %x_assign, i1 1, i100 %ref_4oPi_table_100, i30 %second_order_float_sin_cos_K0, i23 %second_order_float_sin_cos_K1, i15 %second_order_float_sin_cos_K2" [/wrk/ci/prod/2025.2/hls_product/continuous/666/2025.2/src/shared/hls/clib/hlsmath/src/common/hls_hotbm_float.cpp:127->/wrk/ci/prod/2025.2/hls_product/continuous/666/2025.2/src/shared/hls/clib/hlsmath/src/c/sincosfloat.cpp:12->vivado/ip_repo/gnss_enhanced_correlator/src/enhanced_correlator.cpp:73]   --->   Operation 437 'call' 'cos_val' <Predicate = true> <Delay = 7.13> <CoreType = "Generic">   --->   Generic Core
ST_67 : Operation 438 [1/19] (7.13ns)   --->   "%sin_val = call i32 @sin_or_cos<float>, i32 %x_assign, i1 0, i100 %ref_4oPi_table_100, i30 %second_order_float_sin_cos_K0, i23 %second_order_float_sin_cos_K1, i15 %second_order_float_sin_cos_K2" [/wrk/ci/prod/2025.2/hls_product/continuous/666/2025.2/src/shared/hls/clib/hlsmath/src/common/hls_hotbm_float.cpp:123->/wrk/ci/prod/2025.2/hls_product/continuous/666/2025.2/src/shared/hls/clib/hlsmath/src/c/sincosfloat.cpp:8->vivado/ip_repo/gnss_enhanced_correlator/src/enhanced_correlator.cpp:74]   --->   Operation 438 'call' 'sin_val' <Predicate = true> <Delay = 7.13> <CoreType = "Generic">   --->   Generic Core

State 68 <SV = 67> <Delay = 5.70>
ST_68 : Operation 439 [4/4] (5.70ns)   --->   "%mul1 = fmul i32 %sig_I, i32 %cos_val" [vivado/ip_repo/gnss_enhanced_correlator/src/enhanced_correlator.cpp:77]   --->   Operation 439 'fmul' 'mul1' <Predicate = true> <Delay = 5.70> <CoreInst = "FMul_maxdsp">   --->   Core 30 'FMul_maxdsp' <Latency = 3> <II = 1> <Delay = 5.70> <FuncUnit> <Opcode : 'fmul'> <InPorts = 2> <OutPorts = 1>
ST_68 : Operation 440 [4/4] (5.70ns)   --->   "%mul3 = fmul i32 %sig_Q, i32 %sin_val" [vivado/ip_repo/gnss_enhanced_correlator/src/enhanced_correlator.cpp:77]   --->   Operation 440 'fmul' 'mul3' <Predicate = true> <Delay = 5.70> <CoreInst = "FMul_maxdsp">   --->   Core 30 'FMul_maxdsp' <Latency = 3> <II = 1> <Delay = 5.70> <FuncUnit> <Opcode : 'fmul'> <InPorts = 2> <OutPorts = 1>
ST_68 : Operation 441 [4/4] (5.70ns)   --->   "%mul4 = fmul i32 %sig_I, i32 %sin_val" [vivado/ip_repo/gnss_enhanced_correlator/src/enhanced_correlator.cpp:78]   --->   Operation 441 'fmul' 'mul4' <Predicate = true> <Delay = 5.70> <CoreInst = "FMul_maxdsp">   --->   Core 30 'FMul_maxdsp' <Latency = 3> <II = 1> <Delay = 5.70> <FuncUnit> <Opcode : 'fmul'> <InPorts = 2> <OutPorts = 1>
ST_68 : Operation 442 [4/4] (5.70ns)   --->   "%mul5 = fmul i32 %sig_Q, i32 %cos_val" [vivado/ip_repo/gnss_enhanced_correlator/src/enhanced_correlator.cpp:78]   --->   Operation 442 'fmul' 'mul5' <Predicate = true> <Delay = 5.70> <CoreInst = "FMul_maxdsp">   --->   Core 30 'FMul_maxdsp' <Latency = 3> <II = 1> <Delay = 5.70> <FuncUnit> <Opcode : 'fmul'> <InPorts = 2> <OutPorts = 1>

State 69 <SV = 68> <Delay = 7.25>
ST_69 : Operation 443 [3/4] (5.70ns)   --->   "%mul1 = fmul i32 %sig_I, i32 %cos_val" [vivado/ip_repo/gnss_enhanced_correlator/src/enhanced_correlator.cpp:77]   --->   Operation 443 'fmul' 'mul1' <Predicate = true> <Delay = 5.70> <CoreInst = "FMul_maxdsp">   --->   Core 30 'FMul_maxdsp' <Latency = 3> <II = 1> <Delay = 5.70> <FuncUnit> <Opcode : 'fmul'> <InPorts = 2> <OutPorts = 1>
ST_69 : Operation 444 [3/4] (5.70ns)   --->   "%mul3 = fmul i32 %sig_Q, i32 %sin_val" [vivado/ip_repo/gnss_enhanced_correlator/src/enhanced_correlator.cpp:77]   --->   Operation 444 'fmul' 'mul3' <Predicate = true> <Delay = 5.70> <CoreInst = "FMul_maxdsp">   --->   Core 30 'FMul_maxdsp' <Latency = 3> <II = 1> <Delay = 5.70> <FuncUnit> <Opcode : 'fmul'> <InPorts = 2> <OutPorts = 1>
ST_69 : Operation 445 [3/4] (5.70ns)   --->   "%mul4 = fmul i32 %sig_I, i32 %sin_val" [vivado/ip_repo/gnss_enhanced_correlator/src/enhanced_correlator.cpp:78]   --->   Operation 445 'fmul' 'mul4' <Predicate = true> <Delay = 5.70> <CoreInst = "FMul_maxdsp">   --->   Core 30 'FMul_maxdsp' <Latency = 3> <II = 1> <Delay = 5.70> <FuncUnit> <Opcode : 'fmul'> <InPorts = 2> <OutPorts = 1>
ST_69 : Operation 446 [3/4] (5.70ns)   --->   "%mul5 = fmul i32 %sig_Q, i32 %cos_val" [vivado/ip_repo/gnss_enhanced_correlator/src/enhanced_correlator.cpp:78]   --->   Operation 446 'fmul' 'mul5' <Predicate = true> <Delay = 5.70> <CoreInst = "FMul_maxdsp">   --->   Core 30 'FMul_maxdsp' <Latency = 3> <II = 1> <Delay = 5.70> <FuncUnit> <Opcode : 'fmul'> <InPorts = 2> <OutPorts = 1>
ST_69 : Operation 447 [5/5] (7.25ns)   --->   "%early_phase = fsub i32 %code_phase_2, i32 %el_spacing_samples" [vivado/ip_repo/gnss_enhanced_correlator/src/enhanced_correlator.cpp:82]   --->   Operation 447 'fsub' 'early_phase' <Predicate = true> <Delay = 7.25> <CoreInst = "FAddSub_fulldsp">   --->   Core 18 'FAddSub_fulldsp' <Latency = 4> <II = 1> <Delay = 7.25> <FuncUnit> <Opcode : 'fadd' 'fsub'> <InPorts = 2> <OutPorts = 1>

State 70 <SV = 69> <Delay = 7.25>
ST_70 : Operation 448 [2/4] (5.70ns)   --->   "%mul1 = fmul i32 %sig_I, i32 %cos_val" [vivado/ip_repo/gnss_enhanced_correlator/src/enhanced_correlator.cpp:77]   --->   Operation 448 'fmul' 'mul1' <Predicate = true> <Delay = 5.70> <CoreInst = "FMul_maxdsp">   --->   Core 30 'FMul_maxdsp' <Latency = 3> <II = 1> <Delay = 5.70> <FuncUnit> <Opcode : 'fmul'> <InPorts = 2> <OutPorts = 1>
ST_70 : Operation 449 [2/4] (5.70ns)   --->   "%mul3 = fmul i32 %sig_Q, i32 %sin_val" [vivado/ip_repo/gnss_enhanced_correlator/src/enhanced_correlator.cpp:77]   --->   Operation 449 'fmul' 'mul3' <Predicate = true> <Delay = 5.70> <CoreInst = "FMul_maxdsp">   --->   Core 30 'FMul_maxdsp' <Latency = 3> <II = 1> <Delay = 5.70> <FuncUnit> <Opcode : 'fmul'> <InPorts = 2> <OutPorts = 1>
ST_70 : Operation 450 [2/4] (5.70ns)   --->   "%mul4 = fmul i32 %sig_I, i32 %sin_val" [vivado/ip_repo/gnss_enhanced_correlator/src/enhanced_correlator.cpp:78]   --->   Operation 450 'fmul' 'mul4' <Predicate = true> <Delay = 5.70> <CoreInst = "FMul_maxdsp">   --->   Core 30 'FMul_maxdsp' <Latency = 3> <II = 1> <Delay = 5.70> <FuncUnit> <Opcode : 'fmul'> <InPorts = 2> <OutPorts = 1>
ST_70 : Operation 451 [2/4] (5.70ns)   --->   "%mul5 = fmul i32 %sig_Q, i32 %cos_val" [vivado/ip_repo/gnss_enhanced_correlator/src/enhanced_correlator.cpp:78]   --->   Operation 451 'fmul' 'mul5' <Predicate = true> <Delay = 5.70> <CoreInst = "FMul_maxdsp">   --->   Core 30 'FMul_maxdsp' <Latency = 3> <II = 1> <Delay = 5.70> <FuncUnit> <Opcode : 'fmul'> <InPorts = 2> <OutPorts = 1>
ST_70 : Operation 452 [4/5] (7.25ns)   --->   "%early_phase = fsub i32 %code_phase_2, i32 %el_spacing_samples" [vivado/ip_repo/gnss_enhanced_correlator/src/enhanced_correlator.cpp:82]   --->   Operation 452 'fsub' 'early_phase' <Predicate = true> <Delay = 7.25> <CoreInst = "FAddSub_fulldsp">   --->   Core 18 'FAddSub_fulldsp' <Latency = 4> <II = 1> <Delay = 7.25> <FuncUnit> <Opcode : 'fadd' 'fsub'> <InPorts = 2> <OutPorts = 1>

State 71 <SV = 70> <Delay = 7.25>
ST_71 : Operation 453 [1/4] (5.70ns)   --->   "%mul1 = fmul i32 %sig_I, i32 %cos_val" [vivado/ip_repo/gnss_enhanced_correlator/src/enhanced_correlator.cpp:77]   --->   Operation 453 'fmul' 'mul1' <Predicate = true> <Delay = 5.70> <CoreInst = "FMul_maxdsp">   --->   Core 30 'FMul_maxdsp' <Latency = 3> <II = 1> <Delay = 5.70> <FuncUnit> <Opcode : 'fmul'> <InPorts = 2> <OutPorts = 1>
ST_71 : Operation 454 [1/4] (5.70ns)   --->   "%mul3 = fmul i32 %sig_Q, i32 %sin_val" [vivado/ip_repo/gnss_enhanced_correlator/src/enhanced_correlator.cpp:77]   --->   Operation 454 'fmul' 'mul3' <Predicate = true> <Delay = 5.70> <CoreInst = "FMul_maxdsp">   --->   Core 30 'FMul_maxdsp' <Latency = 3> <II = 1> <Delay = 5.70> <FuncUnit> <Opcode : 'fmul'> <InPorts = 2> <OutPorts = 1>
ST_71 : Operation 455 [1/4] (5.70ns)   --->   "%mul4 = fmul i32 %sig_I, i32 %sin_val" [vivado/ip_repo/gnss_enhanced_correlator/src/enhanced_correlator.cpp:78]   --->   Operation 455 'fmul' 'mul4' <Predicate = true> <Delay = 5.70> <CoreInst = "FMul_maxdsp">   --->   Core 30 'FMul_maxdsp' <Latency = 3> <II = 1> <Delay = 5.70> <FuncUnit> <Opcode : 'fmul'> <InPorts = 2> <OutPorts = 1>
ST_71 : Operation 456 [1/4] (5.70ns)   --->   "%mul5 = fmul i32 %sig_Q, i32 %cos_val" [vivado/ip_repo/gnss_enhanced_correlator/src/enhanced_correlator.cpp:78]   --->   Operation 456 'fmul' 'mul5' <Predicate = true> <Delay = 5.70> <CoreInst = "FMul_maxdsp">   --->   Core 30 'FMul_maxdsp' <Latency = 3> <II = 1> <Delay = 5.70> <FuncUnit> <Opcode : 'fmul'> <InPorts = 2> <OutPorts = 1>
ST_71 : Operation 457 [3/5] (7.25ns)   --->   "%early_phase = fsub i32 %code_phase_2, i32 %el_spacing_samples" [vivado/ip_repo/gnss_enhanced_correlator/src/enhanced_correlator.cpp:82]   --->   Operation 457 'fsub' 'early_phase' <Predicate = true> <Delay = 7.25> <CoreInst = "FAddSub_fulldsp">   --->   Core 18 'FAddSub_fulldsp' <Latency = 4> <II = 1> <Delay = 7.25> <FuncUnit> <Opcode : 'fadd' 'fsub'> <InPorts = 2> <OutPorts = 1>

State 72 <SV = 71> <Delay = 7.25>
ST_72 : Operation 458 [5/5] (7.25ns)   --->   "%mixed_I = fsub i32 %mul1, i32 %mul3" [vivado/ip_repo/gnss_enhanced_correlator/src/enhanced_correlator.cpp:77]   --->   Operation 458 'fsub' 'mixed_I' <Predicate = true> <Delay = 7.25> <CoreInst = "FAddSub_fulldsp">   --->   Core 18 'FAddSub_fulldsp' <Latency = 4> <II = 1> <Delay = 7.25> <FuncUnit> <Opcode : 'fadd' 'fsub'> <InPorts = 2> <OutPorts = 1>
ST_72 : Operation 459 [5/5] (7.25ns)   --->   "%mixed_Q = fadd i32 %mul4, i32 %mul5" [vivado/ip_repo/gnss_enhanced_correlator/src/enhanced_correlator.cpp:78]   --->   Operation 459 'fadd' 'mixed_Q' <Predicate = true> <Delay = 7.25> <CoreInst = "FAddSub_fulldsp">   --->   Core 18 'FAddSub_fulldsp' <Latency = 4> <II = 1> <Delay = 7.25> <FuncUnit> <Opcode : 'fadd' 'fsub'> <InPorts = 2> <OutPorts = 1>
ST_72 : Operation 460 [2/5] (7.25ns)   --->   "%early_phase = fsub i32 %code_phase_2, i32 %el_spacing_samples" [vivado/ip_repo/gnss_enhanced_correlator/src/enhanced_correlator.cpp:82]   --->   Operation 460 'fsub' 'early_phase' <Predicate = true> <Delay = 7.25> <CoreInst = "FAddSub_fulldsp">   --->   Core 18 'FAddSub_fulldsp' <Latency = 4> <II = 1> <Delay = 7.25> <FuncUnit> <Opcode : 'fadd' 'fsub'> <InPorts = 2> <OutPorts = 1>
ST_72 : Operation 461 [5/5] (7.25ns)   --->   "%late_phase = fadd i32 %code_phase_2, i32 %el_spacing_samples" [vivado/ip_repo/gnss_enhanced_correlator/src/enhanced_correlator.cpp:83]   --->   Operation 461 'fadd' 'late_phase' <Predicate = true> <Delay = 7.25> <CoreInst = "FAddSub_fulldsp">   --->   Core 18 'FAddSub_fulldsp' <Latency = 4> <II = 1> <Delay = 7.25> <FuncUnit> <Opcode : 'fadd' 'fsub'> <InPorts = 2> <OutPorts = 1>

State 73 <SV = 72> <Delay = 7.25>
ST_73 : Operation 462 [4/5] (7.25ns)   --->   "%mixed_I = fsub i32 %mul1, i32 %mul3" [vivado/ip_repo/gnss_enhanced_correlator/src/enhanced_correlator.cpp:77]   --->   Operation 462 'fsub' 'mixed_I' <Predicate = true> <Delay = 7.25> <CoreInst = "FAddSub_fulldsp">   --->   Core 18 'FAddSub_fulldsp' <Latency = 4> <II = 1> <Delay = 7.25> <FuncUnit> <Opcode : 'fadd' 'fsub'> <InPorts = 2> <OutPorts = 1>
ST_73 : Operation 463 [4/5] (7.25ns)   --->   "%mixed_Q = fadd i32 %mul4, i32 %mul5" [vivado/ip_repo/gnss_enhanced_correlator/src/enhanced_correlator.cpp:78]   --->   Operation 463 'fadd' 'mixed_Q' <Predicate = true> <Delay = 7.25> <CoreInst = "FAddSub_fulldsp">   --->   Core 18 'FAddSub_fulldsp' <Latency = 4> <II = 1> <Delay = 7.25> <FuncUnit> <Opcode : 'fadd' 'fsub'> <InPorts = 2> <OutPorts = 1>
ST_73 : Operation 464 [1/5] (7.25ns)   --->   "%early_phase = fsub i32 %code_phase_2, i32 %el_spacing_samples" [vivado/ip_repo/gnss_enhanced_correlator/src/enhanced_correlator.cpp:82]   --->   Operation 464 'fsub' 'early_phase' <Predicate = true> <Delay = 7.25> <CoreInst = "FAddSub_fulldsp">   --->   Core 18 'FAddSub_fulldsp' <Latency = 4> <II = 1> <Delay = 7.25> <FuncUnit> <Opcode : 'fadd' 'fsub'> <InPorts = 2> <OutPorts = 1>
ST_73 : Operation 465 [4/5] (7.25ns)   --->   "%late_phase = fadd i32 %code_phase_2, i32 %el_spacing_samples" [vivado/ip_repo/gnss_enhanced_correlator/src/enhanced_correlator.cpp:83]   --->   Operation 465 'fadd' 'late_phase' <Predicate = true> <Delay = 7.25> <CoreInst = "FAddSub_fulldsp">   --->   Core 18 'FAddSub_fulldsp' <Latency = 4> <II = 1> <Delay = 7.25> <FuncUnit> <Opcode : 'fadd' 'fsub'> <InPorts = 2> <OutPorts = 1>

State 74 <SV = 73> <Delay = 7.25>
ST_74 : Operation 466 [3/5] (7.25ns)   --->   "%mixed_I = fsub i32 %mul1, i32 %mul3" [vivado/ip_repo/gnss_enhanced_correlator/src/enhanced_correlator.cpp:77]   --->   Operation 466 'fsub' 'mixed_I' <Predicate = true> <Delay = 7.25> <CoreInst = "FAddSub_fulldsp">   --->   Core 18 'FAddSub_fulldsp' <Latency = 4> <II = 1> <Delay = 7.25> <FuncUnit> <Opcode : 'fadd' 'fsub'> <InPorts = 2> <OutPorts = 1>
ST_74 : Operation 467 [3/5] (7.25ns)   --->   "%mixed_Q = fadd i32 %mul4, i32 %mul5" [vivado/ip_repo/gnss_enhanced_correlator/src/enhanced_correlator.cpp:78]   --->   Operation 467 'fadd' 'mixed_Q' <Predicate = true> <Delay = 7.25> <CoreInst = "FAddSub_fulldsp">   --->   Core 18 'FAddSub_fulldsp' <Latency = 4> <II = 1> <Delay = 7.25> <FuncUnit> <Opcode : 'fadd' 'fsub'> <InPorts = 2> <OutPorts = 1>
ST_74 : Operation 468 [3/5] (7.25ns)   --->   "%late_phase = fadd i32 %code_phase_2, i32 %el_spacing_samples" [vivado/ip_repo/gnss_enhanced_correlator/src/enhanced_correlator.cpp:83]   --->   Operation 468 'fadd' 'late_phase' <Predicate = true> <Delay = 7.25> <CoreInst = "FAddSub_fulldsp">   --->   Core 18 'FAddSub_fulldsp' <Latency = 4> <II = 1> <Delay = 7.25> <FuncUnit> <Opcode : 'fadd' 'fsub'> <InPorts = 2> <OutPorts = 1>
ST_74 : Operation 469 [2/2] (5.43ns)   --->   "%tmp_9 = fcmp_olt  i32 %early_phase, i32 0" [vivado/ip_repo/gnss_enhanced_correlator/src/enhanced_correlator.cpp:86]   --->   Operation 469 'fcmp' 'tmp_9' <Predicate = true> <Delay = 5.43> <CoreInst = "FCompare">   --->   Core 19 'FCompare' <Latency = 1> <II = 1> <Delay = 5.43> <FuncUnit> <Opcode : 'fcmp'> <InPorts = 2> <OutPorts = 1>

State 75 <SV = 74> <Delay = 7.25>
ST_75 : Operation 470 [2/5] (7.25ns)   --->   "%mixed_I = fsub i32 %mul1, i32 %mul3" [vivado/ip_repo/gnss_enhanced_correlator/src/enhanced_correlator.cpp:77]   --->   Operation 470 'fsub' 'mixed_I' <Predicate = true> <Delay = 7.25> <CoreInst = "FAddSub_fulldsp">   --->   Core 18 'FAddSub_fulldsp' <Latency = 4> <II = 1> <Delay = 7.25> <FuncUnit> <Opcode : 'fadd' 'fsub'> <InPorts = 2> <OutPorts = 1>
ST_75 : Operation 471 [2/5] (7.25ns)   --->   "%mixed_Q = fadd i32 %mul4, i32 %mul5" [vivado/ip_repo/gnss_enhanced_correlator/src/enhanced_correlator.cpp:78]   --->   Operation 471 'fadd' 'mixed_Q' <Predicate = true> <Delay = 7.25> <CoreInst = "FAddSub_fulldsp">   --->   Core 18 'FAddSub_fulldsp' <Latency = 4> <II = 1> <Delay = 7.25> <FuncUnit> <Opcode : 'fadd' 'fsub'> <InPorts = 2> <OutPorts = 1>
ST_75 : Operation 472 [2/5] (7.25ns)   --->   "%late_phase = fadd i32 %code_phase_2, i32 %el_spacing_samples" [vivado/ip_repo/gnss_enhanced_correlator/src/enhanced_correlator.cpp:83]   --->   Operation 472 'fadd' 'late_phase' <Predicate = true> <Delay = 7.25> <CoreInst = "FAddSub_fulldsp">   --->   Core 18 'FAddSub_fulldsp' <Latency = 4> <II = 1> <Delay = 7.25> <FuncUnit> <Opcode : 'fadd' 'fsub'> <InPorts = 2> <OutPorts = 1>
ST_75 : Operation 473 [1/2] (5.43ns)   --->   "%tmp_9 = fcmp_olt  i32 %early_phase, i32 0" [vivado/ip_repo/gnss_enhanced_correlator/src/enhanced_correlator.cpp:86]   --->   Operation 473 'fcmp' 'tmp_9' <Predicate = true> <Delay = 5.43> <CoreInst = "FCompare">   --->   Core 19 'FCompare' <Latency = 1> <II = 1> <Delay = 5.43> <FuncUnit> <Opcode : 'fcmp'> <InPorts = 2> <OutPorts = 1>

State 76 <SV = 75> <Delay = 7.25>
ST_76 : Operation 474 [1/5] (7.25ns)   --->   "%mixed_I = fsub i32 %mul1, i32 %mul3" [vivado/ip_repo/gnss_enhanced_correlator/src/enhanced_correlator.cpp:77]   --->   Operation 474 'fsub' 'mixed_I' <Predicate = true> <Delay = 7.25> <CoreInst = "FAddSub_fulldsp">   --->   Core 18 'FAddSub_fulldsp' <Latency = 4> <II = 1> <Delay = 7.25> <FuncUnit> <Opcode : 'fadd' 'fsub'> <InPorts = 2> <OutPorts = 1>
ST_76 : Operation 475 [1/5] (7.25ns)   --->   "%mixed_Q = fadd i32 %mul4, i32 %mul5" [vivado/ip_repo/gnss_enhanced_correlator/src/enhanced_correlator.cpp:78]   --->   Operation 475 'fadd' 'mixed_Q' <Predicate = true> <Delay = 7.25> <CoreInst = "FAddSub_fulldsp">   --->   Core 18 'FAddSub_fulldsp' <Latency = 4> <II = 1> <Delay = 7.25> <FuncUnit> <Opcode : 'fadd' 'fsub'> <InPorts = 2> <OutPorts = 1>
ST_76 : Operation 476 [1/5] (7.25ns)   --->   "%late_phase = fadd i32 %code_phase_2, i32 %el_spacing_samples" [vivado/ip_repo/gnss_enhanced_correlator/src/enhanced_correlator.cpp:83]   --->   Operation 476 'fadd' 'late_phase' <Predicate = true> <Delay = 7.25> <CoreInst = "FAddSub_fulldsp">   --->   Core 18 'FAddSub_fulldsp' <Latency = 4> <II = 1> <Delay = 7.25> <FuncUnit> <Opcode : 'fadd' 'fsub'> <InPorts = 2> <OutPorts = 1>
ST_76 : Operation 477 [1/1] (0.00ns)   --->   "%bitcast_ln86 = bitcast i32 %early_phase" [vivado/ip_repo/gnss_enhanced_correlator/src/enhanced_correlator.cpp:86]   --->   Operation 477 'bitcast' 'bitcast_ln86' <Predicate = true> <Delay = 0.00>
ST_76 : Operation 478 [1/1] (0.00ns)   --->   "%tmp_8 = partselect i8 @_ssdm_op_PartSelect.i8.i32.i32.i32, i32 %bitcast_ln86, i32 23, i32 30" [vivado/ip_repo/gnss_enhanced_correlator/src/enhanced_correlator.cpp:86]   --->   Operation 478 'partselect' 'tmp_8' <Predicate = true> <Delay = 0.00>
ST_76 : Operation 479 [1/1] (0.00ns)   --->   "%trunc_ln86 = trunc i32 %bitcast_ln86" [vivado/ip_repo/gnss_enhanced_correlator/src/enhanced_correlator.cpp:86]   --->   Operation 479 'trunc' 'trunc_ln86' <Predicate = true> <Delay = 0.00>
ST_76 : Operation 480 [1/1] (1.91ns)   --->   "%icmp_ln86 = icmp_ne  i8 %tmp_8, i8 255" [vivado/ip_repo/gnss_enhanced_correlator/src/enhanced_correlator.cpp:86]   --->   Operation 480 'icmp' 'icmp_ln86' <Predicate = true> <Delay = 1.91> <CoreInst = "Cmp">   --->   Core 9 'Cmp' <Latency = 0> <II = 1> <Delay = 1.91> <FuncUnit> <Opcode : 'seteq' 'setne' 'setle' 'setge' 'setlt' 'setgt'> <InPorts = 2> <OutPorts = 1>
ST_76 : Operation 481 [1/1] (2.28ns)   --->   "%icmp_ln86_1 = icmp_eq  i23 %trunc_ln86, i23 0" [vivado/ip_repo/gnss_enhanced_correlator/src/enhanced_correlator.cpp:86]   --->   Operation 481 'icmp' 'icmp_ln86_1' <Predicate = true> <Delay = 2.28> <CoreInst = "Cmp">   --->   Core 9 'Cmp' <Latency = 0> <II = 1> <Delay = 2.28> <FuncUnit> <Opcode : 'seteq' 'setne' 'setle' 'setge' 'setlt' 'setgt'> <InPorts = 2> <OutPorts = 1>
ST_76 : Operation 482 [1/1] (0.00ns) (grouped into LUT with out node and_ln86)   --->   "%or_ln86 = or i1 %icmp_ln86_1, i1 %icmp_ln86" [vivado/ip_repo/gnss_enhanced_correlator/src/enhanced_correlator.cpp:86]   --->   Operation 482 'or' 'or_ln86' <Predicate = true> <Delay = 0.00> <CoreInst = "LogicGate">   --->   Core 74 'LogicGate' <Latency = 0> <II = 1> <Delay = 0.97> <FuncUnit> <Opcode : 'and' 'or' 'xor'> <InPorts = 2> <OutPorts = 1>
ST_76 : Operation 483 [1/1] (0.97ns) (out node of the LUT)   --->   "%and_ln86 = and i1 %or_ln86, i1 %tmp_9" [vivado/ip_repo/gnss_enhanced_correlator/src/enhanced_correlator.cpp:86]   --->   Operation 483 'and' 'and_ln86' <Predicate = true> <Delay = 0.97> <CoreInst = "LogicGate">   --->   Core 74 'LogicGate' <Latency = 0> <II = 1> <Delay = 0.97> <FuncUnit> <Opcode : 'and' 'or' 'xor'> <InPorts = 2> <OutPorts = 1>
ST_76 : Operation 484 [1/1] (1.58ns)   --->   "%br_ln86 = br i1 %and_ln86, void %VITIS_LOOP_87_5, void %while.body21.preheader" [vivado/ip_repo/gnss_enhanced_correlator/src/enhanced_correlator.cpp:86]   --->   Operation 484 'br' 'br_ln86' <Predicate = true> <Delay = 1.58>
ST_76 : Operation 485 [1/1] (1.58ns)   --->   "%br_ln86 = br void %while.body21" [vivado/ip_repo/gnss_enhanced_correlator/src/enhanced_correlator.cpp:86]   --->   Operation 485 'br' 'br_ln86' <Predicate = (and_ln86)> <Delay = 1.58>

State 77 <SV = 76> <Delay = 7.25>
ST_77 : Operation 486 [1/1] (0.00ns)   --->   "%early_phase_1 = phi i32 %early_phase_2, void %while.body21, i32 %early_phase, void %while.body21.preheader"   --->   Operation 486 'phi' 'early_phase_1' <Predicate = true> <Delay = 0.00>
ST_77 : Operation 487 [5/5] (7.25ns)   --->   "%early_phase_2 = fadd i32 %early_phase_1, i32 %conv" [vivado/ip_repo/gnss_enhanced_correlator/src/enhanced_correlator.cpp:86]   --->   Operation 487 'fadd' 'early_phase_2' <Predicate = true> <Delay = 7.25> <CoreInst = "FAddSub_fulldsp">   --->   Core 18 'FAddSub_fulldsp' <Latency = 4> <II = 1> <Delay = 7.25> <FuncUnit> <Opcode : 'fadd' 'fsub'> <InPorts = 2> <OutPorts = 1>

State 78 <SV = 77> <Delay = 7.25>
ST_78 : Operation 488 [4/5] (7.25ns)   --->   "%early_phase_2 = fadd i32 %early_phase_1, i32 %conv" [vivado/ip_repo/gnss_enhanced_correlator/src/enhanced_correlator.cpp:86]   --->   Operation 488 'fadd' 'early_phase_2' <Predicate = true> <Delay = 7.25> <CoreInst = "FAddSub_fulldsp">   --->   Core 18 'FAddSub_fulldsp' <Latency = 4> <II = 1> <Delay = 7.25> <FuncUnit> <Opcode : 'fadd' 'fsub'> <InPorts = 2> <OutPorts = 1>

State 79 <SV = 78> <Delay = 7.25>
ST_79 : Operation 489 [3/5] (7.25ns)   --->   "%early_phase_2 = fadd i32 %early_phase_1, i32 %conv" [vivado/ip_repo/gnss_enhanced_correlator/src/enhanced_correlator.cpp:86]   --->   Operation 489 'fadd' 'early_phase_2' <Predicate = true> <Delay = 7.25> <CoreInst = "FAddSub_fulldsp">   --->   Core 18 'FAddSub_fulldsp' <Latency = 4> <II = 1> <Delay = 7.25> <FuncUnit> <Opcode : 'fadd' 'fsub'> <InPorts = 2> <OutPorts = 1>

State 80 <SV = 79> <Delay = 7.25>
ST_80 : Operation 490 [2/5] (7.25ns)   --->   "%early_phase_2 = fadd i32 %early_phase_1, i32 %conv" [vivado/ip_repo/gnss_enhanced_correlator/src/enhanced_correlator.cpp:86]   --->   Operation 490 'fadd' 'early_phase_2' <Predicate = true> <Delay = 7.25> <CoreInst = "FAddSub_fulldsp">   --->   Core 18 'FAddSub_fulldsp' <Latency = 4> <II = 1> <Delay = 7.25> <FuncUnit> <Opcode : 'fadd' 'fsub'> <InPorts = 2> <OutPorts = 1>

State 81 <SV = 80> <Delay = 7.25>
ST_81 : Operation 491 [1/5] (7.25ns)   --->   "%early_phase_2 = fadd i32 %early_phase_1, i32 %conv" [vivado/ip_repo/gnss_enhanced_correlator/src/enhanced_correlator.cpp:86]   --->   Operation 491 'fadd' 'early_phase_2' <Predicate = true> <Delay = 7.25> <CoreInst = "FAddSub_fulldsp">   --->   Core 18 'FAddSub_fulldsp' <Latency = 4> <II = 1> <Delay = 7.25> <FuncUnit> <Opcode : 'fadd' 'fsub'> <InPorts = 2> <OutPorts = 1>

State 82 <SV = 81> <Delay = 5.43>
ST_82 : Operation 492 [2/2] (5.43ns)   --->   "%tmp_10 = fcmp_olt  i32 %early_phase_2, i32 0" [vivado/ip_repo/gnss_enhanced_correlator/src/enhanced_correlator.cpp:86]   --->   Operation 492 'fcmp' 'tmp_10' <Predicate = true> <Delay = 5.43> <CoreInst = "FCompare">   --->   Core 19 'FCompare' <Latency = 1> <II = 1> <Delay = 5.43> <FuncUnit> <Opcode : 'fcmp'> <InPorts = 2> <OutPorts = 1>

State 83 <SV = 82> <Delay = 6.40>
ST_83 : Operation 493 [1/1] (0.00ns)   --->   "%specloopname_ln86 = specloopname void @_ssdm_op_SpecLoopName, void @empty_28" [vivado/ip_repo/gnss_enhanced_correlator/src/enhanced_correlator.cpp:86]   --->   Operation 493 'specloopname' 'specloopname_ln86' <Predicate = true> <Delay = 0.00>
ST_83 : Operation 494 [1/1] (0.00ns)   --->   "%bitcast_ln86_1 = bitcast i32 %early_phase_2" [vivado/ip_repo/gnss_enhanced_correlator/src/enhanced_correlator.cpp:86]   --->   Operation 494 'bitcast' 'bitcast_ln86_1' <Predicate = true> <Delay = 0.00>
ST_83 : Operation 495 [1/1] (0.00ns)   --->   "%tmp_s = partselect i8 @_ssdm_op_PartSelect.i8.i32.i32.i32, i32 %bitcast_ln86_1, i32 23, i32 30" [vivado/ip_repo/gnss_enhanced_correlator/src/enhanced_correlator.cpp:86]   --->   Operation 495 'partselect' 'tmp_s' <Predicate = true> <Delay = 0.00>
ST_83 : Operation 496 [1/1] (0.00ns)   --->   "%trunc_ln86_1 = trunc i32 %bitcast_ln86_1" [vivado/ip_repo/gnss_enhanced_correlator/src/enhanced_correlator.cpp:86]   --->   Operation 496 'trunc' 'trunc_ln86_1' <Predicate = true> <Delay = 0.00>
ST_83 : Operation 497 [1/1] (1.91ns)   --->   "%icmp_ln86_2 = icmp_ne  i8 %tmp_s, i8 255" [vivado/ip_repo/gnss_enhanced_correlator/src/enhanced_correlator.cpp:86]   --->   Operation 497 'icmp' 'icmp_ln86_2' <Predicate = true> <Delay = 1.91> <CoreInst = "Cmp">   --->   Core 9 'Cmp' <Latency = 0> <II = 1> <Delay = 1.91> <FuncUnit> <Opcode : 'seteq' 'setne' 'setle' 'setge' 'setlt' 'setgt'> <InPorts = 2> <OutPorts = 1>
ST_83 : Operation 498 [1/1] (2.28ns)   --->   "%icmp_ln86_3 = icmp_eq  i23 %trunc_ln86_1, i23 0" [vivado/ip_repo/gnss_enhanced_correlator/src/enhanced_correlator.cpp:86]   --->   Operation 498 'icmp' 'icmp_ln86_3' <Predicate = true> <Delay = 2.28> <CoreInst = "Cmp">   --->   Core 9 'Cmp' <Latency = 0> <II = 1> <Delay = 2.28> <FuncUnit> <Opcode : 'seteq' 'setne' 'setle' 'setge' 'setlt' 'setgt'> <InPorts = 2> <OutPorts = 1>
ST_83 : Operation 499 [1/1] (0.00ns) (grouped into LUT with out node and_ln86_1)   --->   "%or_ln86_1 = or i1 %icmp_ln86_3, i1 %icmp_ln86_2" [vivado/ip_repo/gnss_enhanced_correlator/src/enhanced_correlator.cpp:86]   --->   Operation 499 'or' 'or_ln86_1' <Predicate = true> <Delay = 0.00> <CoreInst = "LogicGate">   --->   Core 74 'LogicGate' <Latency = 0> <II = 1> <Delay = 0.97> <FuncUnit> <Opcode : 'and' 'or' 'xor'> <InPorts = 2> <OutPorts = 1>
ST_83 : Operation 500 [1/2] (5.43ns)   --->   "%tmp_10 = fcmp_olt  i32 %early_phase_2, i32 0" [vivado/ip_repo/gnss_enhanced_correlator/src/enhanced_correlator.cpp:86]   --->   Operation 500 'fcmp' 'tmp_10' <Predicate = true> <Delay = 5.43> <CoreInst = "FCompare">   --->   Core 19 'FCompare' <Latency = 1> <II = 1> <Delay = 5.43> <FuncUnit> <Opcode : 'fcmp'> <InPorts = 2> <OutPorts = 1>
ST_83 : Operation 501 [1/1] (0.97ns) (out node of the LUT)   --->   "%and_ln86_1 = and i1 %or_ln86_1, i1 %tmp_10" [vivado/ip_repo/gnss_enhanced_correlator/src/enhanced_correlator.cpp:86]   --->   Operation 501 'and' 'and_ln86_1' <Predicate = true> <Delay = 0.97> <CoreInst = "LogicGate">   --->   Core 74 'LogicGate' <Latency = 0> <II = 1> <Delay = 0.97> <FuncUnit> <Opcode : 'and' 'or' 'xor'> <InPorts = 2> <OutPorts = 1>
ST_83 : Operation 502 [1/1] (0.00ns)   --->   "%br_ln86 = br i1 %and_ln86_1, void %VITIS_LOOP_87_5.loopexit, void %while.body21" [vivado/ip_repo/gnss_enhanced_correlator/src/enhanced_correlator.cpp:86]   --->   Operation 502 'br' 'br_ln86' <Predicate = true> <Delay = 0.00>

State 84 <SV = 83> <Delay = 5.43>
ST_84 : Operation 503 [1/1] (1.58ns)   --->   "%br_ln0 = br void %VITIS_LOOP_87_5"   --->   Operation 503 'br' 'br_ln0' <Predicate = (and_ln86)> <Delay = 1.58>
ST_84 : Operation 504 [1/1] (0.00ns)   --->   "%tmp_12 = partselect i8 @_ssdm_op_PartSelect.i8.i32.i32.i32, i32 %bitcast_ln87_1, i32 23, i32 30" [vivado/ip_repo/gnss_enhanced_correlator/src/enhanced_correlator.cpp:87]   --->   Operation 504 'partselect' 'tmp_12' <Predicate = true> <Delay = 0.00>
ST_84 : Operation 505 [1/1] (1.91ns)   --->   "%icmp_ln87_2 = icmp_ne  i8 %tmp_12, i8 255" [vivado/ip_repo/gnss_enhanced_correlator/src/enhanced_correlator.cpp:87]   --->   Operation 505 'icmp' 'icmp_ln87_2' <Predicate = true> <Delay = 1.91> <CoreInst = "Cmp">   --->   Core 9 'Cmp' <Latency = 0> <II = 1> <Delay = 1.91> <FuncUnit> <Opcode : 'seteq' 'setne' 'setle' 'setge' 'setlt' 'setgt'> <InPorts = 2> <OutPorts = 1>
ST_84 : Operation 506 [1/1] (2.28ns)   --->   "%icmp_ln87_3 = icmp_eq  i23 %trunc_ln87, i23 0" [vivado/ip_repo/gnss_enhanced_correlator/src/enhanced_correlator.cpp:87]   --->   Operation 506 'icmp' 'icmp_ln87_3' <Predicate = true> <Delay = 2.28> <CoreInst = "Cmp">   --->   Core 9 'Cmp' <Latency = 0> <II = 1> <Delay = 2.28> <FuncUnit> <Opcode : 'seteq' 'setne' 'setle' 'setge' 'setlt' 'setgt'> <InPorts = 2> <OutPorts = 1>
ST_84 : Operation 507 [1/1] (0.97ns)   --->   "%or_ln87_1 = or i1 %icmp_ln87_3, i1 %icmp_ln87_2" [vivado/ip_repo/gnss_enhanced_correlator/src/enhanced_correlator.cpp:87]   --->   Operation 507 'or' 'or_ln87_1' <Predicate = true> <Delay = 0.97> <CoreInst = "LogicGate">   --->   Core 74 'LogicGate' <Latency = 0> <II = 1> <Delay = 0.97> <FuncUnit> <Opcode : 'and' 'or' 'xor'> <InPorts = 2> <OutPorts = 1>
ST_84 : Operation 508 [2/2] (5.43ns)   --->   "%tmp_13 = fcmp_oge  i32 %late_phase, i32 %conv" [vivado/ip_repo/gnss_enhanced_correlator/src/enhanced_correlator.cpp:87]   --->   Operation 508 'fcmp' 'tmp_13' <Predicate = true> <Delay = 5.43> <CoreInst = "FCompare">   --->   Core 19 'FCompare' <Latency = 1> <II = 1> <Delay = 5.43> <FuncUnit> <Opcode : 'fcmp'> <InPorts = 2> <OutPorts = 1>

State 85 <SV = 84> <Delay = 6.40>
ST_85 : Operation 509 [1/1] (0.00ns)   --->   "%dc_1 = phi i32 %early_phase, void %VITIS_LOOP_86_4, i32 %early_phase_2, void %VITIS_LOOP_87_5.loopexit"   --->   Operation 509 'phi' 'dc_1' <Predicate = true> <Delay = 0.00>
ST_85 : Operation 510 [1/1] (0.00ns)   --->   "%bitcast_ln87 = bitcast i32 %late_phase" [vivado/ip_repo/gnss_enhanced_correlator/src/enhanced_correlator.cpp:87]   --->   Operation 510 'bitcast' 'bitcast_ln87' <Predicate = true> <Delay = 0.00>
ST_85 : Operation 511 [1/1] (0.00ns)   --->   "%tmp_11 = partselect i8 @_ssdm_op_PartSelect.i8.i32.i32.i32, i32 %bitcast_ln87, i32 23, i32 30" [vivado/ip_repo/gnss_enhanced_correlator/src/enhanced_correlator.cpp:87]   --->   Operation 511 'partselect' 'tmp_11' <Predicate = true> <Delay = 0.00>
ST_85 : Operation 512 [1/1] (0.00ns)   --->   "%trunc_ln87_1 = trunc i32 %bitcast_ln87" [vivado/ip_repo/gnss_enhanced_correlator/src/enhanced_correlator.cpp:87]   --->   Operation 512 'trunc' 'trunc_ln87_1' <Predicate = true> <Delay = 0.00>
ST_85 : Operation 513 [1/1] (1.91ns)   --->   "%icmp_ln87 = icmp_ne  i8 %tmp_11, i8 255" [vivado/ip_repo/gnss_enhanced_correlator/src/enhanced_correlator.cpp:87]   --->   Operation 513 'icmp' 'icmp_ln87' <Predicate = true> <Delay = 1.91> <CoreInst = "Cmp">   --->   Core 9 'Cmp' <Latency = 0> <II = 1> <Delay = 1.91> <FuncUnit> <Opcode : 'seteq' 'setne' 'setle' 'setge' 'setlt' 'setgt'> <InPorts = 2> <OutPorts = 1>
ST_85 : Operation 514 [1/1] (2.28ns)   --->   "%icmp_ln87_1 = icmp_eq  i23 %trunc_ln87_1, i23 0" [vivado/ip_repo/gnss_enhanced_correlator/src/enhanced_correlator.cpp:87]   --->   Operation 514 'icmp' 'icmp_ln87_1' <Predicate = true> <Delay = 2.28> <CoreInst = "Cmp">   --->   Core 9 'Cmp' <Latency = 0> <II = 1> <Delay = 2.28> <FuncUnit> <Opcode : 'seteq' 'setne' 'setle' 'setge' 'setlt' 'setgt'> <InPorts = 2> <OutPorts = 1>
ST_85 : Operation 515 [1/1] (0.00ns) (grouped into LUT with out node and_ln87_1)   --->   "%or_ln87 = or i1 %icmp_ln87_1, i1 %icmp_ln87" [vivado/ip_repo/gnss_enhanced_correlator/src/enhanced_correlator.cpp:87]   --->   Operation 515 'or' 'or_ln87' <Predicate = true> <Delay = 0.00> <CoreInst = "LogicGate">   --->   Core 74 'LogicGate' <Latency = 0> <II = 1> <Delay = 0.97> <FuncUnit> <Opcode : 'and' 'or' 'xor'> <InPorts = 2> <OutPorts = 1>
ST_85 : Operation 516 [1/1] (0.00ns) (grouped into LUT with out node and_ln87_1)   --->   "%and_ln87 = and i1 %or_ln87, i1 %or_ln87_1" [vivado/ip_repo/gnss_enhanced_correlator/src/enhanced_correlator.cpp:87]   --->   Operation 516 'and' 'and_ln87' <Predicate = true> <Delay = 0.00> <CoreInst = "LogicGate">   --->   Core 74 'LogicGate' <Latency = 0> <II = 1> <Delay = 0.97> <FuncUnit> <Opcode : 'and' 'or' 'xor'> <InPorts = 2> <OutPorts = 1>
ST_85 : Operation 517 [1/2] (5.43ns)   --->   "%tmp_13 = fcmp_oge  i32 %late_phase, i32 %conv" [vivado/ip_repo/gnss_enhanced_correlator/src/enhanced_correlator.cpp:87]   --->   Operation 517 'fcmp' 'tmp_13' <Predicate = true> <Delay = 5.43> <CoreInst = "FCompare">   --->   Core 19 'FCompare' <Latency = 1> <II = 1> <Delay = 5.43> <FuncUnit> <Opcode : 'fcmp'> <InPorts = 2> <OutPorts = 1>
ST_85 : Operation 518 [1/1] (0.97ns) (out node of the LUT)   --->   "%and_ln87_1 = and i1 %and_ln87, i1 %tmp_13" [vivado/ip_repo/gnss_enhanced_correlator/src/enhanced_correlator.cpp:87]   --->   Operation 518 'and' 'and_ln87_1' <Predicate = true> <Delay = 0.97> <CoreInst = "LogicGate">   --->   Core 74 'LogicGate' <Latency = 0> <II = 1> <Delay = 0.97> <FuncUnit> <Opcode : 'and' 'or' 'xor'> <InPorts = 2> <OutPorts = 1>

State 86 <SV = 85> <Delay = 1.58>
ST_86 : Operation 519 [1/1] (1.58ns)   --->   "%br_ln87 = br i1 %and_ln87_1, void %VITIS_LOOP_88_6, void %while.body27.preheader" [vivado/ip_repo/gnss_enhanced_correlator/src/enhanced_correlator.cpp:87]   --->   Operation 519 'br' 'br_ln87' <Predicate = true> <Delay = 1.58>
ST_86 : Operation 520 [1/1] (1.58ns)   --->   "%br_ln87 = br void %while.body27" [vivado/ip_repo/gnss_enhanced_correlator/src/enhanced_correlator.cpp:87]   --->   Operation 520 'br' 'br_ln87' <Predicate = (and_ln87_1)> <Delay = 1.58>

State 87 <SV = 86> <Delay = 7.25>
ST_87 : Operation 521 [1/1] (0.00ns)   --->   "%late_phase_1 = phi i32 %late_phase_2, void %while.body27, i32 %late_phase, void %while.body27.preheader"   --->   Operation 521 'phi' 'late_phase_1' <Predicate = true> <Delay = 0.00>
ST_87 : Operation 522 [5/5] (7.25ns)   --->   "%late_phase_2 = fsub i32 %late_phase_1, i32 %conv" [vivado/ip_repo/gnss_enhanced_correlator/src/enhanced_correlator.cpp:87]   --->   Operation 522 'fsub' 'late_phase_2' <Predicate = true> <Delay = 7.25> <CoreInst = "FAddSub_fulldsp">   --->   Core 18 'FAddSub_fulldsp' <Latency = 4> <II = 1> <Delay = 7.25> <FuncUnit> <Opcode : 'fadd' 'fsub'> <InPorts = 2> <OutPorts = 1>

State 88 <SV = 87> <Delay = 7.25>
ST_88 : Operation 523 [4/5] (7.25ns)   --->   "%late_phase_2 = fsub i32 %late_phase_1, i32 %conv" [vivado/ip_repo/gnss_enhanced_correlator/src/enhanced_correlator.cpp:87]   --->   Operation 523 'fsub' 'late_phase_2' <Predicate = true> <Delay = 7.25> <CoreInst = "FAddSub_fulldsp">   --->   Core 18 'FAddSub_fulldsp' <Latency = 4> <II = 1> <Delay = 7.25> <FuncUnit> <Opcode : 'fadd' 'fsub'> <InPorts = 2> <OutPorts = 1>

State 89 <SV = 88> <Delay = 7.25>
ST_89 : Operation 524 [3/5] (7.25ns)   --->   "%late_phase_2 = fsub i32 %late_phase_1, i32 %conv" [vivado/ip_repo/gnss_enhanced_correlator/src/enhanced_correlator.cpp:87]   --->   Operation 524 'fsub' 'late_phase_2' <Predicate = true> <Delay = 7.25> <CoreInst = "FAddSub_fulldsp">   --->   Core 18 'FAddSub_fulldsp' <Latency = 4> <II = 1> <Delay = 7.25> <FuncUnit> <Opcode : 'fadd' 'fsub'> <InPorts = 2> <OutPorts = 1>

State 90 <SV = 89> <Delay = 7.25>
ST_90 : Operation 525 [2/5] (7.25ns)   --->   "%late_phase_2 = fsub i32 %late_phase_1, i32 %conv" [vivado/ip_repo/gnss_enhanced_correlator/src/enhanced_correlator.cpp:87]   --->   Operation 525 'fsub' 'late_phase_2' <Predicate = true> <Delay = 7.25> <CoreInst = "FAddSub_fulldsp">   --->   Core 18 'FAddSub_fulldsp' <Latency = 4> <II = 1> <Delay = 7.25> <FuncUnit> <Opcode : 'fadd' 'fsub'> <InPorts = 2> <OutPorts = 1>

State 91 <SV = 90> <Delay = 7.25>
ST_91 : Operation 526 [1/5] (7.25ns)   --->   "%late_phase_2 = fsub i32 %late_phase_1, i32 %conv" [vivado/ip_repo/gnss_enhanced_correlator/src/enhanced_correlator.cpp:87]   --->   Operation 526 'fsub' 'late_phase_2' <Predicate = true> <Delay = 7.25> <CoreInst = "FAddSub_fulldsp">   --->   Core 18 'FAddSub_fulldsp' <Latency = 4> <II = 1> <Delay = 7.25> <FuncUnit> <Opcode : 'fadd' 'fsub'> <InPorts = 2> <OutPorts = 1>

State 92 <SV = 91> <Delay = 5.43>
ST_92 : Operation 527 [2/2] (5.43ns)   --->   "%tmp_15 = fcmp_oge  i32 %late_phase_2, i32 %conv" [vivado/ip_repo/gnss_enhanced_correlator/src/enhanced_correlator.cpp:87]   --->   Operation 527 'fcmp' 'tmp_15' <Predicate = true> <Delay = 5.43> <CoreInst = "FCompare">   --->   Core 19 'FCompare' <Latency = 1> <II = 1> <Delay = 5.43> <FuncUnit> <Opcode : 'fcmp'> <InPorts = 2> <OutPorts = 1>

State 93 <SV = 92> <Delay = 6.40>
ST_93 : Operation 528 [1/1] (0.00ns)   --->   "%specloopname_ln87 = specloopname void @_ssdm_op_SpecLoopName, void @empty_29" [vivado/ip_repo/gnss_enhanced_correlator/src/enhanced_correlator.cpp:87]   --->   Operation 528 'specloopname' 'specloopname_ln87' <Predicate = true> <Delay = 0.00>
ST_93 : Operation 529 [1/1] (0.00ns)   --->   "%bitcast_ln87_2 = bitcast i32 %late_phase_2" [vivado/ip_repo/gnss_enhanced_correlator/src/enhanced_correlator.cpp:87]   --->   Operation 529 'bitcast' 'bitcast_ln87_2' <Predicate = true> <Delay = 0.00>
ST_93 : Operation 530 [1/1] (0.00ns)   --->   "%tmp_14 = partselect i8 @_ssdm_op_PartSelect.i8.i32.i32.i32, i32 %bitcast_ln87_2, i32 23, i32 30" [vivado/ip_repo/gnss_enhanced_correlator/src/enhanced_correlator.cpp:87]   --->   Operation 530 'partselect' 'tmp_14' <Predicate = true> <Delay = 0.00>
ST_93 : Operation 531 [1/1] (0.00ns)   --->   "%trunc_ln87_2 = trunc i32 %bitcast_ln87_2" [vivado/ip_repo/gnss_enhanced_correlator/src/enhanced_correlator.cpp:87]   --->   Operation 531 'trunc' 'trunc_ln87_2' <Predicate = true> <Delay = 0.00>
ST_93 : Operation 532 [1/1] (1.91ns)   --->   "%icmp_ln87_4 = icmp_ne  i8 %tmp_14, i8 255" [vivado/ip_repo/gnss_enhanced_correlator/src/enhanced_correlator.cpp:87]   --->   Operation 532 'icmp' 'icmp_ln87_4' <Predicate = true> <Delay = 1.91> <CoreInst = "Cmp">   --->   Core 9 'Cmp' <Latency = 0> <II = 1> <Delay = 1.91> <FuncUnit> <Opcode : 'seteq' 'setne' 'setle' 'setge' 'setlt' 'setgt'> <InPorts = 2> <OutPorts = 1>
ST_93 : Operation 533 [1/1] (2.28ns)   --->   "%icmp_ln87_5 = icmp_eq  i23 %trunc_ln87_2, i23 0" [vivado/ip_repo/gnss_enhanced_correlator/src/enhanced_correlator.cpp:87]   --->   Operation 533 'icmp' 'icmp_ln87_5' <Predicate = true> <Delay = 2.28> <CoreInst = "Cmp">   --->   Core 9 'Cmp' <Latency = 0> <II = 1> <Delay = 2.28> <FuncUnit> <Opcode : 'seteq' 'setne' 'setle' 'setge' 'setlt' 'setgt'> <InPorts = 2> <OutPorts = 1>
ST_93 : Operation 534 [1/1] (0.00ns) (grouped into LUT with out node and_ln87_2)   --->   "%or_ln87_2 = or i1 %icmp_ln87_5, i1 %icmp_ln87_4" [vivado/ip_repo/gnss_enhanced_correlator/src/enhanced_correlator.cpp:87]   --->   Operation 534 'or' 'or_ln87_2' <Predicate = true> <Delay = 0.00> <CoreInst = "LogicGate">   --->   Core 74 'LogicGate' <Latency = 0> <II = 1> <Delay = 0.97> <FuncUnit> <Opcode : 'and' 'or' 'xor'> <InPorts = 2> <OutPorts = 1>
ST_93 : Operation 535 [1/2] (5.43ns)   --->   "%tmp_15 = fcmp_oge  i32 %late_phase_2, i32 %conv" [vivado/ip_repo/gnss_enhanced_correlator/src/enhanced_correlator.cpp:87]   --->   Operation 535 'fcmp' 'tmp_15' <Predicate = true> <Delay = 5.43> <CoreInst = "FCompare">   --->   Core 19 'FCompare' <Latency = 1> <II = 1> <Delay = 5.43> <FuncUnit> <Opcode : 'fcmp'> <InPorts = 2> <OutPorts = 1>
ST_93 : Operation 536 [1/1] (0.97ns) (out node of the LUT)   --->   "%and_ln87_2 = and i1 %or_ln87_2, i1 %tmp_15" [vivado/ip_repo/gnss_enhanced_correlator/src/enhanced_correlator.cpp:87]   --->   Operation 536 'and' 'and_ln87_2' <Predicate = true> <Delay = 0.97> <CoreInst = "LogicGate">   --->   Core 74 'LogicGate' <Latency = 0> <II = 1> <Delay = 0.97> <FuncUnit> <Opcode : 'and' 'or' 'xor'> <InPorts = 2> <OutPorts = 1>
ST_93 : Operation 537 [1/1] (0.00ns)   --->   "%br_ln87 = br i1 %and_ln87_2, void %VITIS_LOOP_88_6.loopexit, void %while.body27" [vivado/ip_repo/gnss_enhanced_correlator/src/enhanced_correlator.cpp:87]   --->   Operation 537 'br' 'br_ln87' <Predicate = true> <Delay = 0.00>

State 94 <SV = 93> <Delay = 5.43>
ST_94 : Operation 538 [1/1] (1.58ns)   --->   "%br_ln0 = br void %VITIS_LOOP_88_6"   --->   Operation 538 'br' 'br_ln0' <Predicate = (and_ln87_1)> <Delay = 1.58>
ST_94 : Operation 539 [2/2] (5.43ns)   --->   "%tmp_17 = fcmp_oge  i32 %code_phase_2, i32 %conv" [vivado/ip_repo/gnss_enhanced_correlator/src/enhanced_correlator.cpp:88]   --->   Operation 539 'fcmp' 'tmp_17' <Predicate = true> <Delay = 5.43> <CoreInst = "FCompare">   --->   Core 19 'FCompare' <Latency = 1> <II = 1> <Delay = 5.43> <FuncUnit> <Opcode : 'fcmp'> <InPorts = 2> <OutPorts = 1>

State 95 <SV = 94> <Delay = 6.40>
ST_95 : Operation 540 [1/1] (0.00ns)   --->   "%dc_2 = phi i32 %late_phase, void %VITIS_LOOP_87_5, i32 %late_phase_2, void %VITIS_LOOP_88_6.loopexit"   --->   Operation 540 'phi' 'dc_2' <Predicate = true> <Delay = 0.00>
ST_95 : Operation 541 [1/1] (0.00ns)   --->   "%bitcast_ln88 = bitcast i32 %code_phase_2" [vivado/ip_repo/gnss_enhanced_correlator/src/enhanced_correlator.cpp:88]   --->   Operation 541 'bitcast' 'bitcast_ln88' <Predicate = true> <Delay = 0.00>
ST_95 : Operation 542 [1/1] (0.00ns)   --->   "%tmp_16 = partselect i8 @_ssdm_op_PartSelect.i8.i32.i32.i32, i32 %bitcast_ln88, i32 23, i32 30" [vivado/ip_repo/gnss_enhanced_correlator/src/enhanced_correlator.cpp:88]   --->   Operation 542 'partselect' 'tmp_16' <Predicate = true> <Delay = 0.00>
ST_95 : Operation 543 [1/1] (0.00ns)   --->   "%trunc_ln88 = trunc i32 %bitcast_ln88" [vivado/ip_repo/gnss_enhanced_correlator/src/enhanced_correlator.cpp:88]   --->   Operation 543 'trunc' 'trunc_ln88' <Predicate = true> <Delay = 0.00>
ST_95 : Operation 544 [1/1] (1.91ns)   --->   "%icmp_ln88 = icmp_ne  i8 %tmp_16, i8 255" [vivado/ip_repo/gnss_enhanced_correlator/src/enhanced_correlator.cpp:88]   --->   Operation 544 'icmp' 'icmp_ln88' <Predicate = true> <Delay = 1.91> <CoreInst = "Cmp">   --->   Core 9 'Cmp' <Latency = 0> <II = 1> <Delay = 1.91> <FuncUnit> <Opcode : 'seteq' 'setne' 'setle' 'setge' 'setlt' 'setgt'> <InPorts = 2> <OutPorts = 1>
ST_95 : Operation 545 [1/1] (2.28ns)   --->   "%icmp_ln88_1 = icmp_eq  i23 %trunc_ln88, i23 0" [vivado/ip_repo/gnss_enhanced_correlator/src/enhanced_correlator.cpp:88]   --->   Operation 545 'icmp' 'icmp_ln88_1' <Predicate = true> <Delay = 2.28> <CoreInst = "Cmp">   --->   Core 9 'Cmp' <Latency = 0> <II = 1> <Delay = 2.28> <FuncUnit> <Opcode : 'seteq' 'setne' 'setle' 'setge' 'setlt' 'setgt'> <InPorts = 2> <OutPorts = 1>
ST_95 : Operation 546 [1/1] (0.00ns) (grouped into LUT with out node and_ln88_1)   --->   "%or_ln88 = or i1 %icmp_ln88_1, i1 %icmp_ln88" [vivado/ip_repo/gnss_enhanced_correlator/src/enhanced_correlator.cpp:88]   --->   Operation 546 'or' 'or_ln88' <Predicate = true> <Delay = 0.00> <CoreInst = "LogicGate">   --->   Core 74 'LogicGate' <Latency = 0> <II = 1> <Delay = 0.97> <FuncUnit> <Opcode : 'and' 'or' 'xor'> <InPorts = 2> <OutPorts = 1>
ST_95 : Operation 547 [1/1] (0.00ns) (grouped into LUT with out node and_ln88_1)   --->   "%and_ln88 = and i1 %or_ln88, i1 %or_ln87_1" [vivado/ip_repo/gnss_enhanced_correlator/src/enhanced_correlator.cpp:88]   --->   Operation 547 'and' 'and_ln88' <Predicate = true> <Delay = 0.00> <CoreInst = "LogicGate">   --->   Core 74 'LogicGate' <Latency = 0> <II = 1> <Delay = 0.97> <FuncUnit> <Opcode : 'and' 'or' 'xor'> <InPorts = 2> <OutPorts = 1>
ST_95 : Operation 548 [1/2] (5.43ns)   --->   "%tmp_17 = fcmp_oge  i32 %code_phase_2, i32 %conv" [vivado/ip_repo/gnss_enhanced_correlator/src/enhanced_correlator.cpp:88]   --->   Operation 548 'fcmp' 'tmp_17' <Predicate = true> <Delay = 5.43> <CoreInst = "FCompare">   --->   Core 19 'FCompare' <Latency = 1> <II = 1> <Delay = 5.43> <FuncUnit> <Opcode : 'fcmp'> <InPorts = 2> <OutPorts = 1>
ST_95 : Operation 549 [1/1] (0.97ns) (out node of the LUT)   --->   "%and_ln88_1 = and i1 %and_ln88, i1 %tmp_17" [vivado/ip_repo/gnss_enhanced_correlator/src/enhanced_correlator.cpp:88]   --->   Operation 549 'and' 'and_ln88_1' <Predicate = true> <Delay = 0.97> <CoreInst = "LogicGate">   --->   Core 74 'LogicGate' <Latency = 0> <II = 1> <Delay = 0.97> <FuncUnit> <Opcode : 'and' 'or' 'xor'> <InPorts = 2> <OutPorts = 1>

State 96 <SV = 95> <Delay = 1.58>
ST_96 : Operation 550 [1/1] (1.58ns)   --->   "%br_ln88 = br i1 %and_ln88_1, void %for.inc, void %while.body34.preheader" [vivado/ip_repo/gnss_enhanced_correlator/src/enhanced_correlator.cpp:88]   --->   Operation 550 'br' 'br_ln88' <Predicate = true> <Delay = 1.58>
ST_96 : Operation 551 [1/1] (1.58ns)   --->   "%br_ln88 = br void %while.body34" [vivado/ip_repo/gnss_enhanced_correlator/src/enhanced_correlator.cpp:88]   --->   Operation 551 'br' 'br_ln88' <Predicate = (and_ln88_1)> <Delay = 1.58>

State 97 <SV = 96> <Delay = 7.25>
ST_97 : Operation 552 [1/1] (0.00ns)   --->   "%prompt_phase_1 = phi i32 %prompt_phase_2, void %while.body34, i32 %code_phase_2, void %while.body34.preheader"   --->   Operation 552 'phi' 'prompt_phase_1' <Predicate = true> <Delay = 0.00>
ST_97 : Operation 553 [5/5] (7.25ns)   --->   "%prompt_phase_2 = fsub i32 %prompt_phase_1, i32 %conv" [vivado/ip_repo/gnss_enhanced_correlator/src/enhanced_correlator.cpp:88]   --->   Operation 553 'fsub' 'prompt_phase_2' <Predicate = true> <Delay = 7.25> <CoreInst = "FAddSub_fulldsp">   --->   Core 18 'FAddSub_fulldsp' <Latency = 4> <II = 1> <Delay = 7.25> <FuncUnit> <Opcode : 'fadd' 'fsub'> <InPorts = 2> <OutPorts = 1>

State 98 <SV = 97> <Delay = 7.25>
ST_98 : Operation 554 [4/5] (7.25ns)   --->   "%prompt_phase_2 = fsub i32 %prompt_phase_1, i32 %conv" [vivado/ip_repo/gnss_enhanced_correlator/src/enhanced_correlator.cpp:88]   --->   Operation 554 'fsub' 'prompt_phase_2' <Predicate = true> <Delay = 7.25> <CoreInst = "FAddSub_fulldsp">   --->   Core 18 'FAddSub_fulldsp' <Latency = 4> <II = 1> <Delay = 7.25> <FuncUnit> <Opcode : 'fadd' 'fsub'> <InPorts = 2> <OutPorts = 1>

State 99 <SV = 98> <Delay = 7.25>
ST_99 : Operation 555 [3/5] (7.25ns)   --->   "%prompt_phase_2 = fsub i32 %prompt_phase_1, i32 %conv" [vivado/ip_repo/gnss_enhanced_correlator/src/enhanced_correlator.cpp:88]   --->   Operation 555 'fsub' 'prompt_phase_2' <Predicate = true> <Delay = 7.25> <CoreInst = "FAddSub_fulldsp">   --->   Core 18 'FAddSub_fulldsp' <Latency = 4> <II = 1> <Delay = 7.25> <FuncUnit> <Opcode : 'fadd' 'fsub'> <InPorts = 2> <OutPorts = 1>

State 100 <SV = 99> <Delay = 7.25>
ST_100 : Operation 556 [2/5] (7.25ns)   --->   "%prompt_phase_2 = fsub i32 %prompt_phase_1, i32 %conv" [vivado/ip_repo/gnss_enhanced_correlator/src/enhanced_correlator.cpp:88]   --->   Operation 556 'fsub' 'prompt_phase_2' <Predicate = true> <Delay = 7.25> <CoreInst = "FAddSub_fulldsp">   --->   Core 18 'FAddSub_fulldsp' <Latency = 4> <II = 1> <Delay = 7.25> <FuncUnit> <Opcode : 'fadd' 'fsub'> <InPorts = 2> <OutPorts = 1>

State 101 <SV = 100> <Delay = 7.25>
ST_101 : Operation 557 [1/5] (7.25ns)   --->   "%prompt_phase_2 = fsub i32 %prompt_phase_1, i32 %conv" [vivado/ip_repo/gnss_enhanced_correlator/src/enhanced_correlator.cpp:88]   --->   Operation 557 'fsub' 'prompt_phase_2' <Predicate = true> <Delay = 7.25> <CoreInst = "FAddSub_fulldsp">   --->   Core 18 'FAddSub_fulldsp' <Latency = 4> <II = 1> <Delay = 7.25> <FuncUnit> <Opcode : 'fadd' 'fsub'> <InPorts = 2> <OutPorts = 1>

State 102 <SV = 101> <Delay = 5.43>
ST_102 : Operation 558 [2/2] (5.43ns)   --->   "%tmp_19 = fcmp_oge  i32 %prompt_phase_2, i32 %conv" [vivado/ip_repo/gnss_enhanced_correlator/src/enhanced_correlator.cpp:88]   --->   Operation 558 'fcmp' 'tmp_19' <Predicate = true> <Delay = 5.43> <CoreInst = "FCompare">   --->   Core 19 'FCompare' <Latency = 1> <II = 1> <Delay = 5.43> <FuncUnit> <Opcode : 'fcmp'> <InPorts = 2> <OutPorts = 1>

State 103 <SV = 102> <Delay = 6.40>
ST_103 : Operation 559 [1/1] (0.00ns)   --->   "%specloopname_ln88 = specloopname void @_ssdm_op_SpecLoopName, void @empty_11" [vivado/ip_repo/gnss_enhanced_correlator/src/enhanced_correlator.cpp:88]   --->   Operation 559 'specloopname' 'specloopname_ln88' <Predicate = true> <Delay = 0.00>
ST_103 : Operation 560 [1/1] (0.00ns)   --->   "%bitcast_ln88_1 = bitcast i32 %prompt_phase_2" [vivado/ip_repo/gnss_enhanced_correlator/src/enhanced_correlator.cpp:88]   --->   Operation 560 'bitcast' 'bitcast_ln88_1' <Predicate = true> <Delay = 0.00>
ST_103 : Operation 561 [1/1] (0.00ns)   --->   "%tmp_18 = partselect i8 @_ssdm_op_PartSelect.i8.i32.i32.i32, i32 %bitcast_ln88_1, i32 23, i32 30" [vivado/ip_repo/gnss_enhanced_correlator/src/enhanced_correlator.cpp:88]   --->   Operation 561 'partselect' 'tmp_18' <Predicate = true> <Delay = 0.00>
ST_103 : Operation 562 [1/1] (0.00ns)   --->   "%trunc_ln88_1 = trunc i32 %bitcast_ln88_1" [vivado/ip_repo/gnss_enhanced_correlator/src/enhanced_correlator.cpp:88]   --->   Operation 562 'trunc' 'trunc_ln88_1' <Predicate = true> <Delay = 0.00>
ST_103 : Operation 563 [1/1] (1.91ns)   --->   "%icmp_ln88_2 = icmp_ne  i8 %tmp_18, i8 255" [vivado/ip_repo/gnss_enhanced_correlator/src/enhanced_correlator.cpp:88]   --->   Operation 563 'icmp' 'icmp_ln88_2' <Predicate = true> <Delay = 1.91> <CoreInst = "Cmp">   --->   Core 9 'Cmp' <Latency = 0> <II = 1> <Delay = 1.91> <FuncUnit> <Opcode : 'seteq' 'setne' 'setle' 'setge' 'setlt' 'setgt'> <InPorts = 2> <OutPorts = 1>
ST_103 : Operation 564 [1/1] (2.28ns)   --->   "%icmp_ln88_3 = icmp_eq  i23 %trunc_ln88_1, i23 0" [vivado/ip_repo/gnss_enhanced_correlator/src/enhanced_correlator.cpp:88]   --->   Operation 564 'icmp' 'icmp_ln88_3' <Predicate = true> <Delay = 2.28> <CoreInst = "Cmp">   --->   Core 9 'Cmp' <Latency = 0> <II = 1> <Delay = 2.28> <FuncUnit> <Opcode : 'seteq' 'setne' 'setle' 'setge' 'setlt' 'setgt'> <InPorts = 2> <OutPorts = 1>
ST_103 : Operation 565 [1/1] (0.00ns) (grouped into LUT with out node and_ln88_2)   --->   "%or_ln88_1 = or i1 %icmp_ln88_3, i1 %icmp_ln88_2" [vivado/ip_repo/gnss_enhanced_correlator/src/enhanced_correlator.cpp:88]   --->   Operation 565 'or' 'or_ln88_1' <Predicate = true> <Delay = 0.00> <CoreInst = "LogicGate">   --->   Core 74 'LogicGate' <Latency = 0> <II = 1> <Delay = 0.97> <FuncUnit> <Opcode : 'and' 'or' 'xor'> <InPorts = 2> <OutPorts = 1>
ST_103 : Operation 566 [1/2] (5.43ns)   --->   "%tmp_19 = fcmp_oge  i32 %prompt_phase_2, i32 %conv" [vivado/ip_repo/gnss_enhanced_correlator/src/enhanced_correlator.cpp:88]   --->   Operation 566 'fcmp' 'tmp_19' <Predicate = true> <Delay = 5.43> <CoreInst = "FCompare">   --->   Core 19 'FCompare' <Latency = 1> <II = 1> <Delay = 5.43> <FuncUnit> <Opcode : 'fcmp'> <InPorts = 2> <OutPorts = 1>
ST_103 : Operation 567 [1/1] (0.97ns) (out node of the LUT)   --->   "%and_ln88_2 = and i1 %or_ln88_1, i1 %tmp_19" [vivado/ip_repo/gnss_enhanced_correlator/src/enhanced_correlator.cpp:88]   --->   Operation 567 'and' 'and_ln88_2' <Predicate = true> <Delay = 0.97> <CoreInst = "LogicGate">   --->   Core 74 'LogicGate' <Latency = 0> <II = 1> <Delay = 0.97> <FuncUnit> <Opcode : 'and' 'or' 'xor'> <InPorts = 2> <OutPorts = 1>
ST_103 : Operation 568 [1/1] (0.00ns)   --->   "%br_ln88 = br i1 %and_ln88_2, void %for.inc.loopexit, void %while.body34" [vivado/ip_repo/gnss_enhanced_correlator/src/enhanced_correlator.cpp:88]   --->   Operation 568 'br' 'br_ln88' <Predicate = true> <Delay = 0.00>

State 104 <SV = 103> <Delay = 7.25>
ST_104 : Operation 569 [1/1] (1.58ns)   --->   "%br_ln0 = br void %for.inc"   --->   Operation 569 'br' 'br_ln0' <Predicate = (and_ln88_1)> <Delay = 1.58>
ST_104 : Operation 570 [1/1] (0.00ns)   --->   "%dc = phi i32 %code_phase_2, void %VITIS_LOOP_88_6, i32 %prompt_phase_2, void %for.inc.loopexit"   --->   Operation 570 'phi' 'dc' <Predicate = true> <Delay = 0.00>
ST_104 : Operation 571 [1/1] (0.00ns)   --->   "%data = bitcast i32 %dc" [/wrk/ci/prod/2025.2/hls_product/continuous/666/2025.2/src/shared/hls/clib/src/hls/utils/x_hls_utils.h:288->/wrk/ci/prod/2025.2/hls_product/continuous/666/2025.2/src/shared/hls/clib/hlsmath/include/FloatingPoint/hls_case_IEEE754.h:13->/wrk/ci/prod/2025.2/hls_product/continuous/666/2025.2/src/shared/hls/clib/hlsmath/include/FloatingPoint/hls_case_IEEE754.h:117->/wrk/ci/prod/2025.2/hls_product/continuous/666/2025.2/src/shared/hls/clib/hlsmath/src/lib_floatconversion.cpp:51->vivado/ip_repo/gnss_enhanced_correlator/src/enhanced_correlator.cpp:91]   --->   Operation 571 'bitcast' 'data' <Predicate = true> <Delay = 0.00>
ST_104 : Operation 572 [1/1] (0.00ns)   --->   "%xs_exp = partselect i8 @_ssdm_op_PartSelect.i8.i32.i32, i32 %data, i32 23" [/wrk/ci/prod/2025.2/hls_product/continuous/666/2025.2/src/shared/hls/clib/src/hls/utils/x_hls_utils.h:295->/wrk/ci/prod/2025.2/hls_product/continuous/666/2025.2/src/shared/hls/clib/hlsmath/include/FloatingPoint/hls_case_IEEE754.h:13->/wrk/ci/prod/2025.2/hls_product/continuous/666/2025.2/src/shared/hls/clib/hlsmath/include/FloatingPoint/hls_case_IEEE754.h:117->/wrk/ci/prod/2025.2/hls_product/continuous/666/2025.2/src/shared/hls/clib/hlsmath/src/lib_floatconversion.cpp:51->vivado/ip_repo/gnss_enhanced_correlator/src/enhanced_correlator.cpp:91]   --->   Operation 572 'partselect' 'xs_exp' <Predicate = true> <Delay = 0.00>
ST_104 : Operation 573 [1/1] (0.00ns)   --->   "%trunc_ln342 = trunc i32 %data" [/wrk/ci/prod/2025.2/hls_product/continuous/666/2025.2/src/shared/hls/clib/src/hls/utils/x_hls_utils.h:342->/wrk/ci/prod/2025.2/hls_product/continuous/666/2025.2/src/shared/hls/clib/hlsmath/include/FloatingPoint/hls_case_IEEE754.h:15->/wrk/ci/prod/2025.2/hls_product/continuous/666/2025.2/src/shared/hls/clib/hlsmath/include/FloatingPoint/hls_case_IEEE754.h:117->/wrk/ci/prod/2025.2/hls_product/continuous/666/2025.2/src/shared/hls/clib/hlsmath/src/lib_floatconversion.cpp:51->vivado/ip_repo/gnss_enhanced_correlator/src/enhanced_correlator.cpp:91]   --->   Operation 573 'trunc' 'trunc_ln342' <Predicate = true> <Delay = 0.00>
ST_104 : Operation 574 [1/1] (0.00ns)   --->   "%zext_ln317 = zext i8 %xs_exp" [/wrk/ci/prod/2025.2/hls_product/continuous/666/2025.2/src/shared/hls/clib/src/hls/utils/x_hls_utils.h:317->/wrk/ci/prod/2025.2/hls_product/continuous/666/2025.2/src/shared/hls/clib/hlsmath/include/FloatingPoint/hls_case_IEEE754.h:18->/wrk/ci/prod/2025.2/hls_product/continuous/666/2025.2/src/shared/hls/clib/hlsmath/include/FloatingPoint/hls_case_IEEE754.h:117->/wrk/ci/prod/2025.2/hls_product/continuous/666/2025.2/src/shared/hls/clib/hlsmath/src/lib_floatconversion.cpp:51->vivado/ip_repo/gnss_enhanced_correlator/src/enhanced_correlator.cpp:91]   --->   Operation 574 'zext' 'zext_ln317' <Predicate = true> <Delay = 0.00>
ST_104 : Operation 575 [1/1] (1.91ns)   --->   "%add_ln317 = add i9 %zext_ln317, i9 385" [/wrk/ci/prod/2025.2/hls_product/continuous/666/2025.2/src/shared/hls/clib/src/hls/utils/x_hls_utils.h:317->/wrk/ci/prod/2025.2/hls_product/continuous/666/2025.2/src/shared/hls/clib/hlsmath/include/FloatingPoint/hls_case_IEEE754.h:18->/wrk/ci/prod/2025.2/hls_product/continuous/666/2025.2/src/shared/hls/clib/hlsmath/include/FloatingPoint/hls_case_IEEE754.h:117->/wrk/ci/prod/2025.2/hls_product/continuous/666/2025.2/src/shared/hls/clib/hlsmath/src/lib_floatconversion.cpp:51->vivado/ip_repo/gnss_enhanced_correlator/src/enhanced_correlator.cpp:91]   --->   Operation 575 'add' 'add_ln317' <Predicate = true> <Delay = 1.91> <CoreInst = "Adder">   --->   Core 1 'Adder' <Latency = 0> <II = 1> <Delay = 1.91> <FuncUnit> <Opcode : 'add' 'sub'> <InPorts = 2> <OutPorts = 1>
ST_104 : Operation 576 [1/1] (0.00ns)   --->   "%tmp_27 = bitselect i1 @_ssdm_op_BitSelect.i1.i9.i32, i9 %add_ln317, i32 8" [/wrk/ci/prod/2025.2/hls_product/continuous/666/2025.2/src/shared/hls/clib/hlsmath/include/FloatingPoint/hls_case_IEEE754.h:18->/wrk/ci/prod/2025.2/hls_product/continuous/666/2025.2/src/shared/hls/clib/hlsmath/include/FloatingPoint/hls_case_IEEE754.h:117->/wrk/ci/prod/2025.2/hls_product/continuous/666/2025.2/src/shared/hls/clib/hlsmath/src/lib_floatconversion.cpp:51->vivado/ip_repo/gnss_enhanced_correlator/src/enhanced_correlator.cpp:91]   --->   Operation 576 'bitselect' 'tmp_27' <Predicate = true> <Delay = 0.00>
ST_104 : Operation 577 [1/1] (1.91ns)   --->   "%sub_ln18 = sub i8 127, i8 %xs_exp" [/wrk/ci/prod/2025.2/hls_product/continuous/666/2025.2/src/shared/hls/clib/hlsmath/include/FloatingPoint/hls_case_IEEE754.h:18->/wrk/ci/prod/2025.2/hls_product/continuous/666/2025.2/src/shared/hls/clib/hlsmath/include/FloatingPoint/hls_case_IEEE754.h:117->/wrk/ci/prod/2025.2/hls_product/continuous/666/2025.2/src/shared/hls/clib/hlsmath/src/lib_floatconversion.cpp:51->vivado/ip_repo/gnss_enhanced_correlator/src/enhanced_correlator.cpp:91]   --->   Operation 577 'sub' 'sub_ln18' <Predicate = true> <Delay = 1.91> <CoreInst = "Adder">   --->   Core 1 'Adder' <Latency = 0> <II = 1> <Delay = 1.91> <FuncUnit> <Opcode : 'add' 'sub'> <InPorts = 2> <OutPorts = 1>
ST_104 : Operation 578 [1/1] (0.00ns)   --->   "%sext_ln18 = sext i8 %sub_ln18" [/wrk/ci/prod/2025.2/hls_product/continuous/666/2025.2/src/shared/hls/clib/hlsmath/include/FloatingPoint/hls_case_IEEE754.h:18->/wrk/ci/prod/2025.2/hls_product/continuous/666/2025.2/src/shared/hls/clib/hlsmath/include/FloatingPoint/hls_case_IEEE754.h:117->/wrk/ci/prod/2025.2/hls_product/continuous/666/2025.2/src/shared/hls/clib/hlsmath/src/lib_floatconversion.cpp:51->vivado/ip_repo/gnss_enhanced_correlator/src/enhanced_correlator.cpp:91]   --->   Operation 578 'sext' 'sext_ln18' <Predicate = true> <Delay = 0.00>
ST_104 : Operation 579 [1/1] (0.96ns)   --->   "%select_ln18 = select i1 %tmp_27, i9 %sext_ln18, i9 %add_ln317" [/wrk/ci/prod/2025.2/hls_product/continuous/666/2025.2/src/shared/hls/clib/hlsmath/include/FloatingPoint/hls_case_IEEE754.h:18->/wrk/ci/prod/2025.2/hls_product/continuous/666/2025.2/src/shared/hls/clib/hlsmath/include/FloatingPoint/hls_case_IEEE754.h:117->/wrk/ci/prod/2025.2/hls_product/continuous/666/2025.2/src/shared/hls/clib/hlsmath/src/lib_floatconversion.cpp:51->vivado/ip_repo/gnss_enhanced_correlator/src/enhanced_correlator.cpp:91]   --->   Operation 579 'select' 'select_ln18' <Predicate = true> <Delay = 0.96> <CoreInst = "Sel">   --->   Core 73 'Sel' <Latency = 0> <II = 1> <Delay = 0.96> <FuncUnit> <Opcode : 'select'> <InPorts = 3> <OutPorts = 1>
ST_104 : Operation 580 [1/1] (0.00ns)   --->   "%data_1 = bitcast i32 %dc_1" [/wrk/ci/prod/2025.2/hls_product/continuous/666/2025.2/src/shared/hls/clib/src/hls/utils/x_hls_utils.h:288->/wrk/ci/prod/2025.2/hls_product/continuous/666/2025.2/src/shared/hls/clib/hlsmath/include/FloatingPoint/hls_case_IEEE754.h:13->/wrk/ci/prod/2025.2/hls_product/continuous/666/2025.2/src/shared/hls/clib/hlsmath/include/FloatingPoint/hls_case_IEEE754.h:117->/wrk/ci/prod/2025.2/hls_product/continuous/666/2025.2/src/shared/hls/clib/hlsmath/src/lib_floatconversion.cpp:51->vivado/ip_repo/gnss_enhanced_correlator/src/enhanced_correlator.cpp:92]   --->   Operation 580 'bitcast' 'data_1' <Predicate = true> <Delay = 0.00>
ST_104 : Operation 581 [1/1] (0.00ns)   --->   "%xs_exp_1 = partselect i8 @_ssdm_op_PartSelect.i8.i32.i32, i32 %data_1, i32 23" [/wrk/ci/prod/2025.2/hls_product/continuous/666/2025.2/src/shared/hls/clib/src/hls/utils/x_hls_utils.h:295->/wrk/ci/prod/2025.2/hls_product/continuous/666/2025.2/src/shared/hls/clib/hlsmath/include/FloatingPoint/hls_case_IEEE754.h:13->/wrk/ci/prod/2025.2/hls_product/continuous/666/2025.2/src/shared/hls/clib/hlsmath/include/FloatingPoint/hls_case_IEEE754.h:117->/wrk/ci/prod/2025.2/hls_product/continuous/666/2025.2/src/shared/hls/clib/hlsmath/src/lib_floatconversion.cpp:51->vivado/ip_repo/gnss_enhanced_correlator/src/enhanced_correlator.cpp:92]   --->   Operation 581 'partselect' 'xs_exp_1' <Predicate = true> <Delay = 0.00>
ST_104 : Operation 582 [1/1] (0.00ns)   --->   "%trunc_ln342_1 = trunc i32 %data_1" [/wrk/ci/prod/2025.2/hls_product/continuous/666/2025.2/src/shared/hls/clib/src/hls/utils/x_hls_utils.h:342->/wrk/ci/prod/2025.2/hls_product/continuous/666/2025.2/src/shared/hls/clib/hlsmath/include/FloatingPoint/hls_case_IEEE754.h:15->/wrk/ci/prod/2025.2/hls_product/continuous/666/2025.2/src/shared/hls/clib/hlsmath/include/FloatingPoint/hls_case_IEEE754.h:117->/wrk/ci/prod/2025.2/hls_product/continuous/666/2025.2/src/shared/hls/clib/hlsmath/src/lib_floatconversion.cpp:51->vivado/ip_repo/gnss_enhanced_correlator/src/enhanced_correlator.cpp:92]   --->   Operation 582 'trunc' 'trunc_ln342_1' <Predicate = true> <Delay = 0.00>
ST_104 : Operation 583 [1/1] (0.00ns)   --->   "%zext_ln317_1 = zext i8 %xs_exp_1" [/wrk/ci/prod/2025.2/hls_product/continuous/666/2025.2/src/shared/hls/clib/src/hls/utils/x_hls_utils.h:317->/wrk/ci/prod/2025.2/hls_product/continuous/666/2025.2/src/shared/hls/clib/hlsmath/include/FloatingPoint/hls_case_IEEE754.h:18->/wrk/ci/prod/2025.2/hls_product/continuous/666/2025.2/src/shared/hls/clib/hlsmath/include/FloatingPoint/hls_case_IEEE754.h:117->/wrk/ci/prod/2025.2/hls_product/continuous/666/2025.2/src/shared/hls/clib/hlsmath/src/lib_floatconversion.cpp:51->vivado/ip_repo/gnss_enhanced_correlator/src/enhanced_correlator.cpp:92]   --->   Operation 583 'zext' 'zext_ln317_1' <Predicate = true> <Delay = 0.00>
ST_104 : Operation 584 [1/1] (1.91ns)   --->   "%add_ln317_1 = add i9 %zext_ln317_1, i9 385" [/wrk/ci/prod/2025.2/hls_product/continuous/666/2025.2/src/shared/hls/clib/src/hls/utils/x_hls_utils.h:317->/wrk/ci/prod/2025.2/hls_product/continuous/666/2025.2/src/shared/hls/clib/hlsmath/include/FloatingPoint/hls_case_IEEE754.h:18->/wrk/ci/prod/2025.2/hls_product/continuous/666/2025.2/src/shared/hls/clib/hlsmath/include/FloatingPoint/hls_case_IEEE754.h:117->/wrk/ci/prod/2025.2/hls_product/continuous/666/2025.2/src/shared/hls/clib/hlsmath/src/lib_floatconversion.cpp:51->vivado/ip_repo/gnss_enhanced_correlator/src/enhanced_correlator.cpp:92]   --->   Operation 584 'add' 'add_ln317_1' <Predicate = true> <Delay = 1.91> <CoreInst = "Adder">   --->   Core 1 'Adder' <Latency = 0> <II = 1> <Delay = 1.91> <FuncUnit> <Opcode : 'add' 'sub'> <InPorts = 2> <OutPorts = 1>
ST_104 : Operation 585 [1/1] (0.00ns)   --->   "%tmp_29 = bitselect i1 @_ssdm_op_BitSelect.i1.i9.i32, i9 %add_ln317_1, i32 8" [/wrk/ci/prod/2025.2/hls_product/continuous/666/2025.2/src/shared/hls/clib/hlsmath/include/FloatingPoint/hls_case_IEEE754.h:18->/wrk/ci/prod/2025.2/hls_product/continuous/666/2025.2/src/shared/hls/clib/hlsmath/include/FloatingPoint/hls_case_IEEE754.h:117->/wrk/ci/prod/2025.2/hls_product/continuous/666/2025.2/src/shared/hls/clib/hlsmath/src/lib_floatconversion.cpp:51->vivado/ip_repo/gnss_enhanced_correlator/src/enhanced_correlator.cpp:92]   --->   Operation 585 'bitselect' 'tmp_29' <Predicate = true> <Delay = 0.00>
ST_104 : Operation 586 [1/1] (1.91ns)   --->   "%sub_ln18_1 = sub i8 127, i8 %xs_exp_1" [/wrk/ci/prod/2025.2/hls_product/continuous/666/2025.2/src/shared/hls/clib/hlsmath/include/FloatingPoint/hls_case_IEEE754.h:18->/wrk/ci/prod/2025.2/hls_product/continuous/666/2025.2/src/shared/hls/clib/hlsmath/include/FloatingPoint/hls_case_IEEE754.h:117->/wrk/ci/prod/2025.2/hls_product/continuous/666/2025.2/src/shared/hls/clib/hlsmath/src/lib_floatconversion.cpp:51->vivado/ip_repo/gnss_enhanced_correlator/src/enhanced_correlator.cpp:92]   --->   Operation 586 'sub' 'sub_ln18_1' <Predicate = true> <Delay = 1.91> <CoreInst = "Adder">   --->   Core 1 'Adder' <Latency = 0> <II = 1> <Delay = 1.91> <FuncUnit> <Opcode : 'add' 'sub'> <InPorts = 2> <OutPorts = 1>
ST_104 : Operation 587 [1/1] (0.00ns)   --->   "%sext_ln18_2 = sext i8 %sub_ln18_1" [/wrk/ci/prod/2025.2/hls_product/continuous/666/2025.2/src/shared/hls/clib/hlsmath/include/FloatingPoint/hls_case_IEEE754.h:18->/wrk/ci/prod/2025.2/hls_product/continuous/666/2025.2/src/shared/hls/clib/hlsmath/include/FloatingPoint/hls_case_IEEE754.h:117->/wrk/ci/prod/2025.2/hls_product/continuous/666/2025.2/src/shared/hls/clib/hlsmath/src/lib_floatconversion.cpp:51->vivado/ip_repo/gnss_enhanced_correlator/src/enhanced_correlator.cpp:92]   --->   Operation 587 'sext' 'sext_ln18_2' <Predicate = true> <Delay = 0.00>
ST_104 : Operation 588 [1/1] (0.96ns)   --->   "%select_ln18_2 = select i1 %tmp_29, i9 %sext_ln18_2, i9 %add_ln317_1" [/wrk/ci/prod/2025.2/hls_product/continuous/666/2025.2/src/shared/hls/clib/hlsmath/include/FloatingPoint/hls_case_IEEE754.h:18->/wrk/ci/prod/2025.2/hls_product/continuous/666/2025.2/src/shared/hls/clib/hlsmath/include/FloatingPoint/hls_case_IEEE754.h:117->/wrk/ci/prod/2025.2/hls_product/continuous/666/2025.2/src/shared/hls/clib/hlsmath/src/lib_floatconversion.cpp:51->vivado/ip_repo/gnss_enhanced_correlator/src/enhanced_correlator.cpp:92]   --->   Operation 588 'select' 'select_ln18_2' <Predicate = true> <Delay = 0.96> <CoreInst = "Sel">   --->   Core 73 'Sel' <Latency = 0> <II = 1> <Delay = 0.96> <FuncUnit> <Opcode : 'select'> <InPorts = 3> <OutPorts = 1>
ST_104 : Operation 589 [1/1] (0.00ns)   --->   "%data_2 = bitcast i32 %dc_2" [/wrk/ci/prod/2025.2/hls_product/continuous/666/2025.2/src/shared/hls/clib/src/hls/utils/x_hls_utils.h:288->/wrk/ci/prod/2025.2/hls_product/continuous/666/2025.2/src/shared/hls/clib/hlsmath/include/FloatingPoint/hls_case_IEEE754.h:13->/wrk/ci/prod/2025.2/hls_product/continuous/666/2025.2/src/shared/hls/clib/hlsmath/include/FloatingPoint/hls_case_IEEE754.h:117->/wrk/ci/prod/2025.2/hls_product/continuous/666/2025.2/src/shared/hls/clib/hlsmath/src/lib_floatconversion.cpp:51->vivado/ip_repo/gnss_enhanced_correlator/src/enhanced_correlator.cpp:93]   --->   Operation 589 'bitcast' 'data_2' <Predicate = true> <Delay = 0.00>
ST_104 : Operation 590 [1/1] (0.00ns)   --->   "%xs_exp_2 = partselect i8 @_ssdm_op_PartSelect.i8.i32.i32, i32 %data_2, i32 23" [/wrk/ci/prod/2025.2/hls_product/continuous/666/2025.2/src/shared/hls/clib/src/hls/utils/x_hls_utils.h:295->/wrk/ci/prod/2025.2/hls_product/continuous/666/2025.2/src/shared/hls/clib/hlsmath/include/FloatingPoint/hls_case_IEEE754.h:13->/wrk/ci/prod/2025.2/hls_product/continuous/666/2025.2/src/shared/hls/clib/hlsmath/include/FloatingPoint/hls_case_IEEE754.h:117->/wrk/ci/prod/2025.2/hls_product/continuous/666/2025.2/src/shared/hls/clib/hlsmath/src/lib_floatconversion.cpp:51->vivado/ip_repo/gnss_enhanced_correlator/src/enhanced_correlator.cpp:93]   --->   Operation 590 'partselect' 'xs_exp_2' <Predicate = true> <Delay = 0.00>
ST_104 : Operation 591 [1/1] (0.00ns)   --->   "%trunc_ln342_2 = trunc i32 %data_2" [/wrk/ci/prod/2025.2/hls_product/continuous/666/2025.2/src/shared/hls/clib/src/hls/utils/x_hls_utils.h:342->/wrk/ci/prod/2025.2/hls_product/continuous/666/2025.2/src/shared/hls/clib/hlsmath/include/FloatingPoint/hls_case_IEEE754.h:15->/wrk/ci/prod/2025.2/hls_product/continuous/666/2025.2/src/shared/hls/clib/hlsmath/include/FloatingPoint/hls_case_IEEE754.h:117->/wrk/ci/prod/2025.2/hls_product/continuous/666/2025.2/src/shared/hls/clib/hlsmath/src/lib_floatconversion.cpp:51->vivado/ip_repo/gnss_enhanced_correlator/src/enhanced_correlator.cpp:93]   --->   Operation 591 'trunc' 'trunc_ln342_2' <Predicate = true> <Delay = 0.00>
ST_104 : Operation 592 [1/1] (0.00ns)   --->   "%zext_ln317_2 = zext i8 %xs_exp_2" [/wrk/ci/prod/2025.2/hls_product/continuous/666/2025.2/src/shared/hls/clib/src/hls/utils/x_hls_utils.h:317->/wrk/ci/prod/2025.2/hls_product/continuous/666/2025.2/src/shared/hls/clib/hlsmath/include/FloatingPoint/hls_case_IEEE754.h:18->/wrk/ci/prod/2025.2/hls_product/continuous/666/2025.2/src/shared/hls/clib/hlsmath/include/FloatingPoint/hls_case_IEEE754.h:117->/wrk/ci/prod/2025.2/hls_product/continuous/666/2025.2/src/shared/hls/clib/hlsmath/src/lib_floatconversion.cpp:51->vivado/ip_repo/gnss_enhanced_correlator/src/enhanced_correlator.cpp:93]   --->   Operation 592 'zext' 'zext_ln317_2' <Predicate = true> <Delay = 0.00>
ST_104 : Operation 593 [1/1] (1.91ns)   --->   "%add_ln317_2 = add i9 %zext_ln317_2, i9 385" [/wrk/ci/prod/2025.2/hls_product/continuous/666/2025.2/src/shared/hls/clib/src/hls/utils/x_hls_utils.h:317->/wrk/ci/prod/2025.2/hls_product/continuous/666/2025.2/src/shared/hls/clib/hlsmath/include/FloatingPoint/hls_case_IEEE754.h:18->/wrk/ci/prod/2025.2/hls_product/continuous/666/2025.2/src/shared/hls/clib/hlsmath/include/FloatingPoint/hls_case_IEEE754.h:117->/wrk/ci/prod/2025.2/hls_product/continuous/666/2025.2/src/shared/hls/clib/hlsmath/src/lib_floatconversion.cpp:51->vivado/ip_repo/gnss_enhanced_correlator/src/enhanced_correlator.cpp:93]   --->   Operation 593 'add' 'add_ln317_2' <Predicate = true> <Delay = 1.91> <CoreInst = "Adder">   --->   Core 1 'Adder' <Latency = 0> <II = 1> <Delay = 1.91> <FuncUnit> <Opcode : 'add' 'sub'> <InPorts = 2> <OutPorts = 1>
ST_104 : Operation 594 [1/1] (0.00ns)   --->   "%tmp_31 = bitselect i1 @_ssdm_op_BitSelect.i1.i9.i32, i9 %add_ln317_2, i32 8" [/wrk/ci/prod/2025.2/hls_product/continuous/666/2025.2/src/shared/hls/clib/hlsmath/include/FloatingPoint/hls_case_IEEE754.h:18->/wrk/ci/prod/2025.2/hls_product/continuous/666/2025.2/src/shared/hls/clib/hlsmath/include/FloatingPoint/hls_case_IEEE754.h:117->/wrk/ci/prod/2025.2/hls_product/continuous/666/2025.2/src/shared/hls/clib/hlsmath/src/lib_floatconversion.cpp:51->vivado/ip_repo/gnss_enhanced_correlator/src/enhanced_correlator.cpp:93]   --->   Operation 594 'bitselect' 'tmp_31' <Predicate = true> <Delay = 0.00>
ST_104 : Operation 595 [1/1] (1.91ns)   --->   "%sub_ln18_2 = sub i8 127, i8 %xs_exp_2" [/wrk/ci/prod/2025.2/hls_product/continuous/666/2025.2/src/shared/hls/clib/hlsmath/include/FloatingPoint/hls_case_IEEE754.h:18->/wrk/ci/prod/2025.2/hls_product/continuous/666/2025.2/src/shared/hls/clib/hlsmath/include/FloatingPoint/hls_case_IEEE754.h:117->/wrk/ci/prod/2025.2/hls_product/continuous/666/2025.2/src/shared/hls/clib/hlsmath/src/lib_floatconversion.cpp:51->vivado/ip_repo/gnss_enhanced_correlator/src/enhanced_correlator.cpp:93]   --->   Operation 595 'sub' 'sub_ln18_2' <Predicate = true> <Delay = 1.91> <CoreInst = "Adder">   --->   Core 1 'Adder' <Latency = 0> <II = 1> <Delay = 1.91> <FuncUnit> <Opcode : 'add' 'sub'> <InPorts = 2> <OutPorts = 1>
ST_104 : Operation 596 [1/1] (0.00ns)   --->   "%sext_ln18_4 = sext i8 %sub_ln18_2" [/wrk/ci/prod/2025.2/hls_product/continuous/666/2025.2/src/shared/hls/clib/hlsmath/include/FloatingPoint/hls_case_IEEE754.h:18->/wrk/ci/prod/2025.2/hls_product/continuous/666/2025.2/src/shared/hls/clib/hlsmath/include/FloatingPoint/hls_case_IEEE754.h:117->/wrk/ci/prod/2025.2/hls_product/continuous/666/2025.2/src/shared/hls/clib/hlsmath/src/lib_floatconversion.cpp:51->vivado/ip_repo/gnss_enhanced_correlator/src/enhanced_correlator.cpp:93]   --->   Operation 596 'sext' 'sext_ln18_4' <Predicate = true> <Delay = 0.00>
ST_104 : Operation 597 [1/1] (0.96ns)   --->   "%select_ln18_4 = select i1 %tmp_31, i9 %sext_ln18_4, i9 %add_ln317_2" [/wrk/ci/prod/2025.2/hls_product/continuous/666/2025.2/src/shared/hls/clib/hlsmath/include/FloatingPoint/hls_case_IEEE754.h:18->/wrk/ci/prod/2025.2/hls_product/continuous/666/2025.2/src/shared/hls/clib/hlsmath/include/FloatingPoint/hls_case_IEEE754.h:117->/wrk/ci/prod/2025.2/hls_product/continuous/666/2025.2/src/shared/hls/clib/hlsmath/src/lib_floatconversion.cpp:51->vivado/ip_repo/gnss_enhanced_correlator/src/enhanced_correlator.cpp:93]   --->   Operation 597 'select' 'select_ln18_4' <Predicate = true> <Delay = 0.96> <CoreInst = "Sel">   --->   Core 73 'Sel' <Latency = 0> <II = 1> <Delay = 0.96> <FuncUnit> <Opcode : 'select'> <InPorts = 3> <OutPorts = 1>
ST_104 : Operation 598 [5/5] (7.25ns)   --->   "%carrier_phase = fadd i32 %carrier_phase_2, i32 %carrier_phase_inc" [vivado/ip_repo/gnss_enhanced_correlator/src/enhanced_correlator.cpp:108]   --->   Operation 598 'fadd' 'carrier_phase' <Predicate = true> <Delay = 7.25> <CoreInst = "FAddSub_fulldsp">   --->   Core 18 'FAddSub_fulldsp' <Latency = 4> <II = 1> <Delay = 7.25> <FuncUnit> <Opcode : 'fadd' 'fsub'> <InPorts = 2> <OutPorts = 1>
ST_104 : Operation 599 [5/5] (7.25ns)   --->   "%code_phase = fadd i32 %code_phase_2, i32 %code_phase_inc" [vivado/ip_repo/gnss_enhanced_correlator/src/enhanced_correlator.cpp:109]   --->   Operation 599 'fadd' 'code_phase' <Predicate = true> <Delay = 7.25> <CoreInst = "FAddSub_fulldsp">   --->   Core 18 'FAddSub_fulldsp' <Latency = 4> <II = 1> <Delay = 7.25> <FuncUnit> <Opcode : 'fadd' 'fsub'> <InPorts = 2> <OutPorts = 1>
ST_104 : Operation 600 [1/1] (1.58ns)   --->   "%store_ln61 = store i31 %add_ln61, i31 %i" [vivado/ip_repo/gnss_enhanced_correlator/src/enhanced_correlator.cpp:61]   --->   Operation 600 'store' 'store_ln61' <Predicate = true> <Delay = 1.58>

State 105 <SV = 104> <Delay = 7.25>
ST_105 : Operation 601 [1/1] (0.00ns)   --->   "%mantissa = bitconcatenate i25 @_ssdm_op_BitConcatenate.i25.i1.i23.i1, i1 1, i23 %trunc_ln342, i1 0" [/wrk/ci/prod/2025.2/hls_product/continuous/666/2025.2/src/shared/hls/clib/hlsmath/include/FloatingPoint/hls_case_IEEE754.h:15->/wrk/ci/prod/2025.2/hls_product/continuous/666/2025.2/src/shared/hls/clib/hlsmath/include/FloatingPoint/hls_case_IEEE754.h:117->/wrk/ci/prod/2025.2/hls_product/continuous/666/2025.2/src/shared/hls/clib/hlsmath/src/lib_floatconversion.cpp:51->vivado/ip_repo/gnss_enhanced_correlator/src/enhanced_correlator.cpp:91]   --->   Operation 601 'bitconcatenate' 'mantissa' <Predicate = true> <Delay = 0.00>
ST_105 : Operation 602 [1/1] (0.00ns)   --->   "%zext_ln15 = zext i25 %mantissa" [/wrk/ci/prod/2025.2/hls_product/continuous/666/2025.2/src/shared/hls/clib/hlsmath/include/FloatingPoint/hls_case_IEEE754.h:15->/wrk/ci/prod/2025.2/hls_product/continuous/666/2025.2/src/shared/hls/clib/hlsmath/include/FloatingPoint/hls_case_IEEE754.h:117->/wrk/ci/prod/2025.2/hls_product/continuous/666/2025.2/src/shared/hls/clib/hlsmath/src/lib_floatconversion.cpp:51->vivado/ip_repo/gnss_enhanced_correlator/src/enhanced_correlator.cpp:91]   --->   Operation 602 'zext' 'zext_ln15' <Predicate = true> <Delay = 0.00>
ST_105 : Operation 603 [1/1] (0.00ns)   --->   "%sext_ln18_1 = sext i9 %select_ln18" [/wrk/ci/prod/2025.2/hls_product/continuous/666/2025.2/src/shared/hls/clib/hlsmath/include/FloatingPoint/hls_case_IEEE754.h:18->/wrk/ci/prod/2025.2/hls_product/continuous/666/2025.2/src/shared/hls/clib/hlsmath/include/FloatingPoint/hls_case_IEEE754.h:117->/wrk/ci/prod/2025.2/hls_product/continuous/666/2025.2/src/shared/hls/clib/hlsmath/src/lib_floatconversion.cpp:51->vivado/ip_repo/gnss_enhanced_correlator/src/enhanced_correlator.cpp:91]   --->   Operation 603 'sext' 'sext_ln18_1' <Predicate = true> <Delay = 0.00>
ST_105 : Operation 604 [1/1] (0.00ns)   --->   "%zext_ln18 = zext i32 %sext_ln18_1" [/wrk/ci/prod/2025.2/hls_product/continuous/666/2025.2/src/shared/hls/clib/hlsmath/include/FloatingPoint/hls_case_IEEE754.h:18->/wrk/ci/prod/2025.2/hls_product/continuous/666/2025.2/src/shared/hls/clib/hlsmath/include/FloatingPoint/hls_case_IEEE754.h:117->/wrk/ci/prod/2025.2/hls_product/continuous/666/2025.2/src/shared/hls/clib/hlsmath/src/lib_floatconversion.cpp:51->vivado/ip_repo/gnss_enhanced_correlator/src/enhanced_correlator.cpp:91]   --->   Operation 604 'zext' 'zext_ln18' <Predicate = true> <Delay = 0.00>
ST_105 : Operation 605 [1/1] (4.42ns)   --->   "%lshr_ln18 = lshr i79 %zext_ln15, i79 %zext_ln18" [/wrk/ci/prod/2025.2/hls_product/continuous/666/2025.2/src/shared/hls/clib/hlsmath/include/FloatingPoint/hls_case_IEEE754.h:18->/wrk/ci/prod/2025.2/hls_product/continuous/666/2025.2/src/shared/hls/clib/hlsmath/include/FloatingPoint/hls_case_IEEE754.h:117->/wrk/ci/prod/2025.2/hls_product/continuous/666/2025.2/src/shared/hls/clib/hlsmath/src/lib_floatconversion.cpp:51->vivado/ip_repo/gnss_enhanced_correlator/src/enhanced_correlator.cpp:91]   --->   Operation 605 'lshr' 'lshr_ln18' <Predicate = (tmp_27)> <Delay = 4.42> <CoreInst = "Shifter">   --->   Core 75 'Shifter' <Latency = 0> <II = 1> <Delay = 4.42> <FuncUnit> <Opcode : 'shl' 'lshr' 'ashr'> <InPorts = 2> <OutPorts = 1>
ST_105 : Operation 606 [1/1] (4.42ns)   --->   "%shl_ln18 = shl i79 %zext_ln15, i79 %zext_ln18" [/wrk/ci/prod/2025.2/hls_product/continuous/666/2025.2/src/shared/hls/clib/hlsmath/include/FloatingPoint/hls_case_IEEE754.h:18->/wrk/ci/prod/2025.2/hls_product/continuous/666/2025.2/src/shared/hls/clib/hlsmath/include/FloatingPoint/hls_case_IEEE754.h:117->/wrk/ci/prod/2025.2/hls_product/continuous/666/2025.2/src/shared/hls/clib/hlsmath/src/lib_floatconversion.cpp:51->vivado/ip_repo/gnss_enhanced_correlator/src/enhanced_correlator.cpp:91]   --->   Operation 606 'shl' 'shl_ln18' <Predicate = (!tmp_27)> <Delay = 4.42> <CoreInst = "Shifter">   --->   Core 75 'Shifter' <Latency = 0> <II = 1> <Delay = 4.42> <FuncUnit> <Opcode : 'shl' 'lshr' 'ashr'> <InPorts = 2> <OutPorts = 1>
ST_105 : Operation 607 [1/1] (0.00ns)   --->   "%tmp_20 = partselect i32 @_ssdm_op_PartSelect.i32.i79.i32.i32, i79 %lshr_ln18, i32 24, i32 55" [/wrk/ci/prod/2025.2/hls_product/continuous/666/2025.2/src/shared/hls/clib/hlsmath/include/FloatingPoint/hls_case_IEEE754.h:21->/wrk/ci/prod/2025.2/hls_product/continuous/666/2025.2/src/shared/hls/clib/hlsmath/include/FloatingPoint/hls_case_IEEE754.h:117->/wrk/ci/prod/2025.2/hls_product/continuous/666/2025.2/src/shared/hls/clib/hlsmath/src/lib_floatconversion.cpp:51->vivado/ip_repo/gnss_enhanced_correlator/src/enhanced_correlator.cpp:91]   --->   Operation 607 'partselect' 'tmp_20' <Predicate = (tmp_27)> <Delay = 0.00>
ST_105 : Operation 608 [1/1] (0.00ns)   --->   "%tmp_21 = partselect i32 @_ssdm_op_PartSelect.i32.i79.i32.i32, i79 %shl_ln18, i32 24, i32 55" [/wrk/ci/prod/2025.2/hls_product/continuous/666/2025.2/src/shared/hls/clib/hlsmath/include/FloatingPoint/hls_case_IEEE754.h:21->/wrk/ci/prod/2025.2/hls_product/continuous/666/2025.2/src/shared/hls/clib/hlsmath/include/FloatingPoint/hls_case_IEEE754.h:117->/wrk/ci/prod/2025.2/hls_product/continuous/666/2025.2/src/shared/hls/clib/hlsmath/src/lib_floatconversion.cpp:51->vivado/ip_repo/gnss_enhanced_correlator/src/enhanced_correlator.cpp:91]   --->   Operation 608 'partselect' 'tmp_21' <Predicate = (!tmp_27)> <Delay = 0.00>
ST_105 : Operation 609 [1/1] (0.69ns)   --->   "%val = select i1 %tmp_27, i32 %tmp_20, i32 %tmp_21" [/wrk/ci/prod/2025.2/hls_product/continuous/666/2025.2/src/shared/hls/clib/hlsmath/include/FloatingPoint/hls_case_IEEE754.h:18->/wrk/ci/prod/2025.2/hls_product/continuous/666/2025.2/src/shared/hls/clib/hlsmath/include/FloatingPoint/hls_case_IEEE754.h:117->/wrk/ci/prod/2025.2/hls_product/continuous/666/2025.2/src/shared/hls/clib/hlsmath/src/lib_floatconversion.cpp:51->vivado/ip_repo/gnss_enhanced_correlator/src/enhanced_correlator.cpp:91]   --->   Operation 609 'select' 'val' <Predicate = true> <Delay = 0.69> <CoreInst = "Sel">   --->   Core 73 'Sel' <Latency = 0> <II = 1> <Delay = 0.69> <FuncUnit> <Opcode : 'select'> <InPorts = 3> <OutPorts = 1>
ST_105 : Operation 610 [1/1] (0.00ns)   --->   "%mantissa_1 = bitconcatenate i25 @_ssdm_op_BitConcatenate.i25.i1.i23.i1, i1 1, i23 %trunc_ln342_1, i1 0" [/wrk/ci/prod/2025.2/hls_product/continuous/666/2025.2/src/shared/hls/clib/hlsmath/include/FloatingPoint/hls_case_IEEE754.h:15->/wrk/ci/prod/2025.2/hls_product/continuous/666/2025.2/src/shared/hls/clib/hlsmath/include/FloatingPoint/hls_case_IEEE754.h:117->/wrk/ci/prod/2025.2/hls_product/continuous/666/2025.2/src/shared/hls/clib/hlsmath/src/lib_floatconversion.cpp:51->vivado/ip_repo/gnss_enhanced_correlator/src/enhanced_correlator.cpp:92]   --->   Operation 610 'bitconcatenate' 'mantissa_1' <Predicate = true> <Delay = 0.00>
ST_105 : Operation 611 [1/1] (0.00ns)   --->   "%zext_ln15_1 = zext i25 %mantissa_1" [/wrk/ci/prod/2025.2/hls_product/continuous/666/2025.2/src/shared/hls/clib/hlsmath/include/FloatingPoint/hls_case_IEEE754.h:15->/wrk/ci/prod/2025.2/hls_product/continuous/666/2025.2/src/shared/hls/clib/hlsmath/include/FloatingPoint/hls_case_IEEE754.h:117->/wrk/ci/prod/2025.2/hls_product/continuous/666/2025.2/src/shared/hls/clib/hlsmath/src/lib_floatconversion.cpp:51->vivado/ip_repo/gnss_enhanced_correlator/src/enhanced_correlator.cpp:92]   --->   Operation 611 'zext' 'zext_ln15_1' <Predicate = true> <Delay = 0.00>
ST_105 : Operation 612 [1/1] (0.00ns)   --->   "%sext_ln18_3 = sext i9 %select_ln18_2" [/wrk/ci/prod/2025.2/hls_product/continuous/666/2025.2/src/shared/hls/clib/hlsmath/include/FloatingPoint/hls_case_IEEE754.h:18->/wrk/ci/prod/2025.2/hls_product/continuous/666/2025.2/src/shared/hls/clib/hlsmath/include/FloatingPoint/hls_case_IEEE754.h:117->/wrk/ci/prod/2025.2/hls_product/continuous/666/2025.2/src/shared/hls/clib/hlsmath/src/lib_floatconversion.cpp:51->vivado/ip_repo/gnss_enhanced_correlator/src/enhanced_correlator.cpp:92]   --->   Operation 612 'sext' 'sext_ln18_3' <Predicate = true> <Delay = 0.00>
ST_105 : Operation 613 [1/1] (0.00ns)   --->   "%zext_ln18_1 = zext i32 %sext_ln18_3" [/wrk/ci/prod/2025.2/hls_product/continuous/666/2025.2/src/shared/hls/clib/hlsmath/include/FloatingPoint/hls_case_IEEE754.h:18->/wrk/ci/prod/2025.2/hls_product/continuous/666/2025.2/src/shared/hls/clib/hlsmath/include/FloatingPoint/hls_case_IEEE754.h:117->/wrk/ci/prod/2025.2/hls_product/continuous/666/2025.2/src/shared/hls/clib/hlsmath/src/lib_floatconversion.cpp:51->vivado/ip_repo/gnss_enhanced_correlator/src/enhanced_correlator.cpp:92]   --->   Operation 613 'zext' 'zext_ln18_1' <Predicate = true> <Delay = 0.00>
ST_105 : Operation 614 [1/1] (4.42ns)   --->   "%lshr_ln18_1 = lshr i79 %zext_ln15_1, i79 %zext_ln18_1" [/wrk/ci/prod/2025.2/hls_product/continuous/666/2025.2/src/shared/hls/clib/hlsmath/include/FloatingPoint/hls_case_IEEE754.h:18->/wrk/ci/prod/2025.2/hls_product/continuous/666/2025.2/src/shared/hls/clib/hlsmath/include/FloatingPoint/hls_case_IEEE754.h:117->/wrk/ci/prod/2025.2/hls_product/continuous/666/2025.2/src/shared/hls/clib/hlsmath/src/lib_floatconversion.cpp:51->vivado/ip_repo/gnss_enhanced_correlator/src/enhanced_correlator.cpp:92]   --->   Operation 614 'lshr' 'lshr_ln18_1' <Predicate = (tmp_29)> <Delay = 4.42> <CoreInst = "Shifter">   --->   Core 75 'Shifter' <Latency = 0> <II = 1> <Delay = 4.42> <FuncUnit> <Opcode : 'shl' 'lshr' 'ashr'> <InPorts = 2> <OutPorts = 1>
ST_105 : Operation 615 [1/1] (4.42ns)   --->   "%shl_ln18_1 = shl i79 %zext_ln15_1, i79 %zext_ln18_1" [/wrk/ci/prod/2025.2/hls_product/continuous/666/2025.2/src/shared/hls/clib/hlsmath/include/FloatingPoint/hls_case_IEEE754.h:18->/wrk/ci/prod/2025.2/hls_product/continuous/666/2025.2/src/shared/hls/clib/hlsmath/include/FloatingPoint/hls_case_IEEE754.h:117->/wrk/ci/prod/2025.2/hls_product/continuous/666/2025.2/src/shared/hls/clib/hlsmath/src/lib_floatconversion.cpp:51->vivado/ip_repo/gnss_enhanced_correlator/src/enhanced_correlator.cpp:92]   --->   Operation 615 'shl' 'shl_ln18_1' <Predicate = (!tmp_29)> <Delay = 4.42> <CoreInst = "Shifter">   --->   Core 75 'Shifter' <Latency = 0> <II = 1> <Delay = 4.42> <FuncUnit> <Opcode : 'shl' 'lshr' 'ashr'> <InPorts = 2> <OutPorts = 1>
ST_105 : Operation 616 [1/1] (0.00ns)   --->   "%tmp_22 = partselect i32 @_ssdm_op_PartSelect.i32.i79.i32.i32, i79 %lshr_ln18_1, i32 24, i32 55" [/wrk/ci/prod/2025.2/hls_product/continuous/666/2025.2/src/shared/hls/clib/hlsmath/include/FloatingPoint/hls_case_IEEE754.h:21->/wrk/ci/prod/2025.2/hls_product/continuous/666/2025.2/src/shared/hls/clib/hlsmath/include/FloatingPoint/hls_case_IEEE754.h:117->/wrk/ci/prod/2025.2/hls_product/continuous/666/2025.2/src/shared/hls/clib/hlsmath/src/lib_floatconversion.cpp:51->vivado/ip_repo/gnss_enhanced_correlator/src/enhanced_correlator.cpp:92]   --->   Operation 616 'partselect' 'tmp_22' <Predicate = (tmp_29)> <Delay = 0.00>
ST_105 : Operation 617 [1/1] (0.00ns)   --->   "%tmp_23 = partselect i32 @_ssdm_op_PartSelect.i32.i79.i32.i32, i79 %shl_ln18_1, i32 24, i32 55" [/wrk/ci/prod/2025.2/hls_product/continuous/666/2025.2/src/shared/hls/clib/hlsmath/include/FloatingPoint/hls_case_IEEE754.h:21->/wrk/ci/prod/2025.2/hls_product/continuous/666/2025.2/src/shared/hls/clib/hlsmath/include/FloatingPoint/hls_case_IEEE754.h:117->/wrk/ci/prod/2025.2/hls_product/continuous/666/2025.2/src/shared/hls/clib/hlsmath/src/lib_floatconversion.cpp:51->vivado/ip_repo/gnss_enhanced_correlator/src/enhanced_correlator.cpp:92]   --->   Operation 617 'partselect' 'tmp_23' <Predicate = (!tmp_29)> <Delay = 0.00>
ST_105 : Operation 618 [1/1] (0.69ns)   --->   "%val_1 = select i1 %tmp_29, i32 %tmp_22, i32 %tmp_23" [/wrk/ci/prod/2025.2/hls_product/continuous/666/2025.2/src/shared/hls/clib/hlsmath/include/FloatingPoint/hls_case_IEEE754.h:18->/wrk/ci/prod/2025.2/hls_product/continuous/666/2025.2/src/shared/hls/clib/hlsmath/include/FloatingPoint/hls_case_IEEE754.h:117->/wrk/ci/prod/2025.2/hls_product/continuous/666/2025.2/src/shared/hls/clib/hlsmath/src/lib_floatconversion.cpp:51->vivado/ip_repo/gnss_enhanced_correlator/src/enhanced_correlator.cpp:92]   --->   Operation 618 'select' 'val_1' <Predicate = true> <Delay = 0.69> <CoreInst = "Sel">   --->   Core 73 'Sel' <Latency = 0> <II = 1> <Delay = 0.69> <FuncUnit> <Opcode : 'select'> <InPorts = 3> <OutPorts = 1>
ST_105 : Operation 619 [1/1] (0.00ns)   --->   "%mantissa_2 = bitconcatenate i25 @_ssdm_op_BitConcatenate.i25.i1.i23.i1, i1 1, i23 %trunc_ln342_2, i1 0" [/wrk/ci/prod/2025.2/hls_product/continuous/666/2025.2/src/shared/hls/clib/hlsmath/include/FloatingPoint/hls_case_IEEE754.h:15->/wrk/ci/prod/2025.2/hls_product/continuous/666/2025.2/src/shared/hls/clib/hlsmath/include/FloatingPoint/hls_case_IEEE754.h:117->/wrk/ci/prod/2025.2/hls_product/continuous/666/2025.2/src/shared/hls/clib/hlsmath/src/lib_floatconversion.cpp:51->vivado/ip_repo/gnss_enhanced_correlator/src/enhanced_correlator.cpp:93]   --->   Operation 619 'bitconcatenate' 'mantissa_2' <Predicate = true> <Delay = 0.00>
ST_105 : Operation 620 [1/1] (0.00ns)   --->   "%zext_ln15_2 = zext i25 %mantissa_2" [/wrk/ci/prod/2025.2/hls_product/continuous/666/2025.2/src/shared/hls/clib/hlsmath/include/FloatingPoint/hls_case_IEEE754.h:15->/wrk/ci/prod/2025.2/hls_product/continuous/666/2025.2/src/shared/hls/clib/hlsmath/include/FloatingPoint/hls_case_IEEE754.h:117->/wrk/ci/prod/2025.2/hls_product/continuous/666/2025.2/src/shared/hls/clib/hlsmath/src/lib_floatconversion.cpp:51->vivado/ip_repo/gnss_enhanced_correlator/src/enhanced_correlator.cpp:93]   --->   Operation 620 'zext' 'zext_ln15_2' <Predicate = true> <Delay = 0.00>
ST_105 : Operation 621 [1/1] (0.00ns)   --->   "%sext_ln18_5 = sext i9 %select_ln18_4" [/wrk/ci/prod/2025.2/hls_product/continuous/666/2025.2/src/shared/hls/clib/hlsmath/include/FloatingPoint/hls_case_IEEE754.h:18->/wrk/ci/prod/2025.2/hls_product/continuous/666/2025.2/src/shared/hls/clib/hlsmath/include/FloatingPoint/hls_case_IEEE754.h:117->/wrk/ci/prod/2025.2/hls_product/continuous/666/2025.2/src/shared/hls/clib/hlsmath/src/lib_floatconversion.cpp:51->vivado/ip_repo/gnss_enhanced_correlator/src/enhanced_correlator.cpp:93]   --->   Operation 621 'sext' 'sext_ln18_5' <Predicate = true> <Delay = 0.00>
ST_105 : Operation 622 [1/1] (0.00ns)   --->   "%zext_ln18_2 = zext i32 %sext_ln18_5" [/wrk/ci/prod/2025.2/hls_product/continuous/666/2025.2/src/shared/hls/clib/hlsmath/include/FloatingPoint/hls_case_IEEE754.h:18->/wrk/ci/prod/2025.2/hls_product/continuous/666/2025.2/src/shared/hls/clib/hlsmath/include/FloatingPoint/hls_case_IEEE754.h:117->/wrk/ci/prod/2025.2/hls_product/continuous/666/2025.2/src/shared/hls/clib/hlsmath/src/lib_floatconversion.cpp:51->vivado/ip_repo/gnss_enhanced_correlator/src/enhanced_correlator.cpp:93]   --->   Operation 622 'zext' 'zext_ln18_2' <Predicate = true> <Delay = 0.00>
ST_105 : Operation 623 [1/1] (4.42ns)   --->   "%lshr_ln18_2 = lshr i79 %zext_ln15_2, i79 %zext_ln18_2" [/wrk/ci/prod/2025.2/hls_product/continuous/666/2025.2/src/shared/hls/clib/hlsmath/include/FloatingPoint/hls_case_IEEE754.h:18->/wrk/ci/prod/2025.2/hls_product/continuous/666/2025.2/src/shared/hls/clib/hlsmath/include/FloatingPoint/hls_case_IEEE754.h:117->/wrk/ci/prod/2025.2/hls_product/continuous/666/2025.2/src/shared/hls/clib/hlsmath/src/lib_floatconversion.cpp:51->vivado/ip_repo/gnss_enhanced_correlator/src/enhanced_correlator.cpp:93]   --->   Operation 623 'lshr' 'lshr_ln18_2' <Predicate = (tmp_31)> <Delay = 4.42> <CoreInst = "Shifter">   --->   Core 75 'Shifter' <Latency = 0> <II = 1> <Delay = 4.42> <FuncUnit> <Opcode : 'shl' 'lshr' 'ashr'> <InPorts = 2> <OutPorts = 1>
ST_105 : Operation 624 [1/1] (4.42ns)   --->   "%shl_ln18_2 = shl i79 %zext_ln15_2, i79 %zext_ln18_2" [/wrk/ci/prod/2025.2/hls_product/continuous/666/2025.2/src/shared/hls/clib/hlsmath/include/FloatingPoint/hls_case_IEEE754.h:18->/wrk/ci/prod/2025.2/hls_product/continuous/666/2025.2/src/shared/hls/clib/hlsmath/include/FloatingPoint/hls_case_IEEE754.h:117->/wrk/ci/prod/2025.2/hls_product/continuous/666/2025.2/src/shared/hls/clib/hlsmath/src/lib_floatconversion.cpp:51->vivado/ip_repo/gnss_enhanced_correlator/src/enhanced_correlator.cpp:93]   --->   Operation 624 'shl' 'shl_ln18_2' <Predicate = (!tmp_31)> <Delay = 4.42> <CoreInst = "Shifter">   --->   Core 75 'Shifter' <Latency = 0> <II = 1> <Delay = 4.42> <FuncUnit> <Opcode : 'shl' 'lshr' 'ashr'> <InPorts = 2> <OutPorts = 1>
ST_105 : Operation 625 [1/1] (0.00ns)   --->   "%tmp_24 = partselect i32 @_ssdm_op_PartSelect.i32.i79.i32.i32, i79 %lshr_ln18_2, i32 24, i32 55" [/wrk/ci/prod/2025.2/hls_product/continuous/666/2025.2/src/shared/hls/clib/hlsmath/include/FloatingPoint/hls_case_IEEE754.h:21->/wrk/ci/prod/2025.2/hls_product/continuous/666/2025.2/src/shared/hls/clib/hlsmath/include/FloatingPoint/hls_case_IEEE754.h:117->/wrk/ci/prod/2025.2/hls_product/continuous/666/2025.2/src/shared/hls/clib/hlsmath/src/lib_floatconversion.cpp:51->vivado/ip_repo/gnss_enhanced_correlator/src/enhanced_correlator.cpp:93]   --->   Operation 625 'partselect' 'tmp_24' <Predicate = (tmp_31)> <Delay = 0.00>
ST_105 : Operation 626 [1/1] (0.00ns)   --->   "%tmp_25 = partselect i32 @_ssdm_op_PartSelect.i32.i79.i32.i32, i79 %shl_ln18_2, i32 24, i32 55" [/wrk/ci/prod/2025.2/hls_product/continuous/666/2025.2/src/shared/hls/clib/hlsmath/include/FloatingPoint/hls_case_IEEE754.h:21->/wrk/ci/prod/2025.2/hls_product/continuous/666/2025.2/src/shared/hls/clib/hlsmath/include/FloatingPoint/hls_case_IEEE754.h:117->/wrk/ci/prod/2025.2/hls_product/continuous/666/2025.2/src/shared/hls/clib/hlsmath/src/lib_floatconversion.cpp:51->vivado/ip_repo/gnss_enhanced_correlator/src/enhanced_correlator.cpp:93]   --->   Operation 626 'partselect' 'tmp_25' <Predicate = (!tmp_31)> <Delay = 0.00>
ST_105 : Operation 627 [1/1] (0.69ns)   --->   "%val_2 = select i1 %tmp_31, i32 %tmp_24, i32 %tmp_25" [/wrk/ci/prod/2025.2/hls_product/continuous/666/2025.2/src/shared/hls/clib/hlsmath/include/FloatingPoint/hls_case_IEEE754.h:18->/wrk/ci/prod/2025.2/hls_product/continuous/666/2025.2/src/shared/hls/clib/hlsmath/include/FloatingPoint/hls_case_IEEE754.h:117->/wrk/ci/prod/2025.2/hls_product/continuous/666/2025.2/src/shared/hls/clib/hlsmath/src/lib_floatconversion.cpp:51->vivado/ip_repo/gnss_enhanced_correlator/src/enhanced_correlator.cpp:93]   --->   Operation 627 'select' 'val_2' <Predicate = true> <Delay = 0.69> <CoreInst = "Sel">   --->   Core 73 'Sel' <Latency = 0> <II = 1> <Delay = 0.69> <FuncUnit> <Opcode : 'select'> <InPorts = 3> <OutPorts = 1>
ST_105 : Operation 628 [4/5] (7.25ns)   --->   "%carrier_phase = fadd i32 %carrier_phase_2, i32 %carrier_phase_inc" [vivado/ip_repo/gnss_enhanced_correlator/src/enhanced_correlator.cpp:108]   --->   Operation 628 'fadd' 'carrier_phase' <Predicate = true> <Delay = 7.25> <CoreInst = "FAddSub_fulldsp">   --->   Core 18 'FAddSub_fulldsp' <Latency = 4> <II = 1> <Delay = 7.25> <FuncUnit> <Opcode : 'fadd' 'fsub'> <InPorts = 2> <OutPorts = 1>
ST_105 : Operation 629 [4/5] (7.25ns)   --->   "%code_phase = fadd i32 %code_phase_2, i32 %code_phase_inc" [vivado/ip_repo/gnss_enhanced_correlator/src/enhanced_correlator.cpp:109]   --->   Operation 629 'fadd' 'code_phase' <Predicate = true> <Delay = 7.25> <CoreInst = "FAddSub_fulldsp">   --->   Core 18 'FAddSub_fulldsp' <Latency = 4> <II = 1> <Delay = 7.25> <FuncUnit> <Opcode : 'fadd' 'fsub'> <InPorts = 2> <OutPorts = 1>

State 106 <SV = 105> <Delay = 7.25>
ST_106 : Operation 630 [1/1] (0.00ns) (grouped into LUT with out node add_ln95)   --->   "%xs_sign = bitselect i1 @_ssdm_op_BitSelect.i1.i32.i32, i32 %data, i32 31" [/wrk/ci/prod/2025.2/hls_product/continuous/666/2025.2/src/shared/hls/clib/src/hls/utils/x_hls_utils.h:294->/wrk/ci/prod/2025.2/hls_product/continuous/666/2025.2/src/shared/hls/clib/hlsmath/include/FloatingPoint/hls_case_IEEE754.h:13->/wrk/ci/prod/2025.2/hls_product/continuous/666/2025.2/src/shared/hls/clib/hlsmath/include/FloatingPoint/hls_case_IEEE754.h:117->/wrk/ci/prod/2025.2/hls_product/continuous/666/2025.2/src/shared/hls/clib/hlsmath/src/lib_floatconversion.cpp:51->vivado/ip_repo/gnss_enhanced_correlator/src/enhanced_correlator.cpp:91]   --->   Operation 630 'bitselect' 'xs_sign' <Predicate = true> <Delay = 0.00>
ST_106 : Operation 631 [1/1] (2.55ns)   --->   "%result_1 = sub i32 0, i32 %val" [/wrk/ci/prod/2025.2/hls_product/continuous/666/2025.2/src/shared/hls/clib/hlsmath/include/FloatingPoint/hls_case_IEEE754.h:59->/wrk/ci/prod/2025.2/hls_product/continuous/666/2025.2/src/shared/hls/clib/hlsmath/include/FloatingPoint/hls_case_IEEE754.h:117->/wrk/ci/prod/2025.2/hls_product/continuous/666/2025.2/src/shared/hls/clib/hlsmath/src/lib_floatconversion.cpp:51->vivado/ip_repo/gnss_enhanced_correlator/src/enhanced_correlator.cpp:91]   --->   Operation 631 'sub' 'result_1' <Predicate = true> <Delay = 2.55> <CoreInst = "Adder">   --->   Core 1 'Adder' <Latency = 0> <II = 1> <Delay = 2.55> <FuncUnit> <Opcode : 'add' 'sub'> <InPorts = 2> <OutPorts = 1>
ST_106 : Operation 632 [1/1] (0.00ns) (grouped into LUT with out node add_ln96)   --->   "%xs_sign_1 = bitselect i1 @_ssdm_op_BitSelect.i1.i32.i32, i32 %data_1, i32 31" [/wrk/ci/prod/2025.2/hls_product/continuous/666/2025.2/src/shared/hls/clib/src/hls/utils/x_hls_utils.h:294->/wrk/ci/prod/2025.2/hls_product/continuous/666/2025.2/src/shared/hls/clib/hlsmath/include/FloatingPoint/hls_case_IEEE754.h:13->/wrk/ci/prod/2025.2/hls_product/continuous/666/2025.2/src/shared/hls/clib/hlsmath/include/FloatingPoint/hls_case_IEEE754.h:117->/wrk/ci/prod/2025.2/hls_product/continuous/666/2025.2/src/shared/hls/clib/hlsmath/src/lib_floatconversion.cpp:51->vivado/ip_repo/gnss_enhanced_correlator/src/enhanced_correlator.cpp:92]   --->   Operation 632 'bitselect' 'xs_sign_1' <Predicate = true> <Delay = 0.00>
ST_106 : Operation 633 [1/1] (2.55ns)   --->   "%result_3 = sub i32 0, i32 %val_1" [/wrk/ci/prod/2025.2/hls_product/continuous/666/2025.2/src/shared/hls/clib/hlsmath/include/FloatingPoint/hls_case_IEEE754.h:59->/wrk/ci/prod/2025.2/hls_product/continuous/666/2025.2/src/shared/hls/clib/hlsmath/include/FloatingPoint/hls_case_IEEE754.h:117->/wrk/ci/prod/2025.2/hls_product/continuous/666/2025.2/src/shared/hls/clib/hlsmath/src/lib_floatconversion.cpp:51->vivado/ip_repo/gnss_enhanced_correlator/src/enhanced_correlator.cpp:92]   --->   Operation 633 'sub' 'result_3' <Predicate = true> <Delay = 2.55> <CoreInst = "Adder">   --->   Core 1 'Adder' <Latency = 0> <II = 1> <Delay = 2.55> <FuncUnit> <Opcode : 'add' 'sub'> <InPorts = 2> <OutPorts = 1>
ST_106 : Operation 634 [1/1] (0.00ns) (grouped into LUT with out node add_ln97)   --->   "%xs_sign_2 = bitselect i1 @_ssdm_op_BitSelect.i1.i32.i32, i32 %data_2, i32 31" [/wrk/ci/prod/2025.2/hls_product/continuous/666/2025.2/src/shared/hls/clib/src/hls/utils/x_hls_utils.h:294->/wrk/ci/prod/2025.2/hls_product/continuous/666/2025.2/src/shared/hls/clib/hlsmath/include/FloatingPoint/hls_case_IEEE754.h:13->/wrk/ci/prod/2025.2/hls_product/continuous/666/2025.2/src/shared/hls/clib/hlsmath/include/FloatingPoint/hls_case_IEEE754.h:117->/wrk/ci/prod/2025.2/hls_product/continuous/666/2025.2/src/shared/hls/clib/hlsmath/src/lib_floatconversion.cpp:51->vivado/ip_repo/gnss_enhanced_correlator/src/enhanced_correlator.cpp:93]   --->   Operation 634 'bitselect' 'xs_sign_2' <Predicate = true> <Delay = 0.00>
ST_106 : Operation 635 [1/1] (2.55ns)   --->   "%result_5 = sub i32 0, i32 %val_2" [/wrk/ci/prod/2025.2/hls_product/continuous/666/2025.2/src/shared/hls/clib/hlsmath/include/FloatingPoint/hls_case_IEEE754.h:59->/wrk/ci/prod/2025.2/hls_product/continuous/666/2025.2/src/shared/hls/clib/hlsmath/include/FloatingPoint/hls_case_IEEE754.h:117->/wrk/ci/prod/2025.2/hls_product/continuous/666/2025.2/src/shared/hls/clib/hlsmath/src/lib_floatconversion.cpp:51->vivado/ip_repo/gnss_enhanced_correlator/src/enhanced_correlator.cpp:93]   --->   Operation 635 'sub' 'result_5' <Predicate = true> <Delay = 2.55> <CoreInst = "Adder">   --->   Core 1 'Adder' <Latency = 0> <II = 1> <Delay = 2.55> <FuncUnit> <Opcode : 'add' 'sub'> <InPorts = 2> <OutPorts = 1>
ST_106 : Operation 636 [1/1] (0.00ns) (grouped into LUT with out node add_ln95)   --->   "%select_ln59 = select i1 %xs_sign, i32 %result_1, i32 %val" [/wrk/ci/prod/2025.2/hls_product/continuous/666/2025.2/src/shared/hls/clib/hlsmath/include/FloatingPoint/hls_case_IEEE754.h:59->/wrk/ci/prod/2025.2/hls_product/continuous/666/2025.2/src/shared/hls/clib/hlsmath/include/FloatingPoint/hls_case_IEEE754.h:117->/wrk/ci/prod/2025.2/hls_product/continuous/666/2025.2/src/shared/hls/clib/hlsmath/src/lib_floatconversion.cpp:51->vivado/ip_repo/gnss_enhanced_correlator/src/enhanced_correlator.cpp:91]   --->   Operation 636 'select' 'select_ln59' <Predicate = true> <Delay = 0.00> <CoreInst = "Sel">   --->   Core 73 'Sel' <Latency = 0> <II = 1> <Delay = 0.69> <FuncUnit> <Opcode : 'select'> <InPorts = 3> <OutPorts = 1>
ST_106 : Operation 637 [1/1] (0.00ns) (grouped into LUT with out node add_ln95)   --->   "%shl_ln1 = bitconcatenate i34 @_ssdm_op_BitConcatenate.i34.i32.i2, i32 %select_ln59, i2 0" [vivado/ip_repo/gnss_enhanced_correlator/src/enhanced_correlator.cpp:95]   --->   Operation 637 'bitconcatenate' 'shl_ln1' <Predicate = true> <Delay = 0.00>
ST_106 : Operation 638 [1/1] (0.00ns) (grouped into LUT with out node add_ln95)   --->   "%sext_ln95 = sext i34 %shl_ln1" [vivado/ip_repo/gnss_enhanced_correlator/src/enhanced_correlator.cpp:95]   --->   Operation 638 'sext' 'sext_ln95' <Predicate = true> <Delay = 0.00>
ST_106 : Operation 639 [1/1] (3.52ns) (out node of the LUT)   --->   "%add_ln95 = add i64 %sext_ln95, i64 %prn_code_read" [vivado/ip_repo/gnss_enhanced_correlator/src/enhanced_correlator.cpp:95]   --->   Operation 639 'add' 'add_ln95' <Predicate = true> <Delay = 3.52> <CoreInst = "Adder">   --->   Core 1 'Adder' <Latency = 0> <II = 1> <Delay = 3.52> <FuncUnit> <Opcode : 'add' 'sub'> <InPorts = 2> <OutPorts = 1>
ST_106 : Operation 640 [1/1] (0.00ns)   --->   "%trunc_ln1 = partselect i62 @_ssdm_op_PartSelect.i62.i64.i32.i32, i64 %add_ln95, i32 2, i32 63" [vivado/ip_repo/gnss_enhanced_correlator/src/enhanced_correlator.cpp:95]   --->   Operation 640 'partselect' 'trunc_ln1' <Predicate = true> <Delay = 0.00>
ST_106 : Operation 641 [1/1] (0.00ns)   --->   "%sext_ln95_1 = sext i62 %trunc_ln1" [vivado/ip_repo/gnss_enhanced_correlator/src/enhanced_correlator.cpp:95]   --->   Operation 641 'sext' 'sext_ln95_1' <Predicate = true> <Delay = 0.00>
ST_106 : Operation 642 [1/1] (0.00ns)   --->   "%gmem1_addr = getelementptr i32 %gmem1, i64 %sext_ln95_1" [vivado/ip_repo/gnss_enhanced_correlator/src/enhanced_correlator.cpp:95]   --->   Operation 642 'getelementptr' 'gmem1_addr' <Predicate = true> <Delay = 0.00>
ST_106 : Operation 643 [1/1] (0.00ns) (grouped into LUT with out node add_ln96)   --->   "%select_ln59_1 = select i1 %xs_sign_1, i32 %result_3, i32 %val_1" [/wrk/ci/prod/2025.2/hls_product/continuous/666/2025.2/src/shared/hls/clib/hlsmath/include/FloatingPoint/hls_case_IEEE754.h:59->/wrk/ci/prod/2025.2/hls_product/continuous/666/2025.2/src/shared/hls/clib/hlsmath/include/FloatingPoint/hls_case_IEEE754.h:117->/wrk/ci/prod/2025.2/hls_product/continuous/666/2025.2/src/shared/hls/clib/hlsmath/src/lib_floatconversion.cpp:51->vivado/ip_repo/gnss_enhanced_correlator/src/enhanced_correlator.cpp:92]   --->   Operation 643 'select' 'select_ln59_1' <Predicate = true> <Delay = 0.00> <CoreInst = "Sel">   --->   Core 73 'Sel' <Latency = 0> <II = 1> <Delay = 0.69> <FuncUnit> <Opcode : 'select'> <InPorts = 3> <OutPorts = 1>
ST_106 : Operation 644 [1/1] (0.00ns) (grouped into LUT with out node add_ln96)   --->   "%shl_ln2 = bitconcatenate i34 @_ssdm_op_BitConcatenate.i34.i32.i2, i32 %select_ln59_1, i2 0" [vivado/ip_repo/gnss_enhanced_correlator/src/enhanced_correlator.cpp:96]   --->   Operation 644 'bitconcatenate' 'shl_ln2' <Predicate = true> <Delay = 0.00>
ST_106 : Operation 645 [1/1] (0.00ns) (grouped into LUT with out node add_ln96)   --->   "%sext_ln96 = sext i34 %shl_ln2" [vivado/ip_repo/gnss_enhanced_correlator/src/enhanced_correlator.cpp:96]   --->   Operation 645 'sext' 'sext_ln96' <Predicate = true> <Delay = 0.00>
ST_106 : Operation 646 [1/1] (3.52ns) (out node of the LUT)   --->   "%add_ln96 = add i64 %sext_ln96, i64 %prn_code_read" [vivado/ip_repo/gnss_enhanced_correlator/src/enhanced_correlator.cpp:96]   --->   Operation 646 'add' 'add_ln96' <Predicate = true> <Delay = 3.52> <CoreInst = "Adder">   --->   Core 1 'Adder' <Latency = 0> <II = 1> <Delay = 3.52> <FuncUnit> <Opcode : 'add' 'sub'> <InPorts = 2> <OutPorts = 1>
ST_106 : Operation 647 [1/1] (0.00ns)   --->   "%trunc_ln2 = partselect i62 @_ssdm_op_PartSelect.i62.i64.i32.i32, i64 %add_ln96, i32 2, i32 63" [vivado/ip_repo/gnss_enhanced_correlator/src/enhanced_correlator.cpp:96]   --->   Operation 647 'partselect' 'trunc_ln2' <Predicate = true> <Delay = 0.00>
ST_106 : Operation 648 [1/1] (0.00ns)   --->   "%sext_ln96_1 = sext i62 %trunc_ln2" [vivado/ip_repo/gnss_enhanced_correlator/src/enhanced_correlator.cpp:96]   --->   Operation 648 'sext' 'sext_ln96_1' <Predicate = true> <Delay = 0.00>
ST_106 : Operation 649 [1/1] (0.00ns)   --->   "%gmem1_addr_1 = getelementptr i32 %gmem1, i64 %sext_ln96_1" [vivado/ip_repo/gnss_enhanced_correlator/src/enhanced_correlator.cpp:96]   --->   Operation 649 'getelementptr' 'gmem1_addr_1' <Predicate = true> <Delay = 0.00>
ST_106 : Operation 650 [1/1] (0.00ns) (grouped into LUT with out node add_ln97)   --->   "%select_ln59_2 = select i1 %xs_sign_2, i32 %result_5, i32 %val_2" [/wrk/ci/prod/2025.2/hls_product/continuous/666/2025.2/src/shared/hls/clib/hlsmath/include/FloatingPoint/hls_case_IEEE754.h:59->/wrk/ci/prod/2025.2/hls_product/continuous/666/2025.2/src/shared/hls/clib/hlsmath/include/FloatingPoint/hls_case_IEEE754.h:117->/wrk/ci/prod/2025.2/hls_product/continuous/666/2025.2/src/shared/hls/clib/hlsmath/src/lib_floatconversion.cpp:51->vivado/ip_repo/gnss_enhanced_correlator/src/enhanced_correlator.cpp:93]   --->   Operation 650 'select' 'select_ln59_2' <Predicate = true> <Delay = 0.00> <CoreInst = "Sel">   --->   Core 73 'Sel' <Latency = 0> <II = 1> <Delay = 0.69> <FuncUnit> <Opcode : 'select'> <InPorts = 3> <OutPorts = 1>
ST_106 : Operation 651 [1/1] (0.00ns) (grouped into LUT with out node add_ln97)   --->   "%shl_ln3 = bitconcatenate i34 @_ssdm_op_BitConcatenate.i34.i32.i2, i32 %select_ln59_2, i2 0" [vivado/ip_repo/gnss_enhanced_correlator/src/enhanced_correlator.cpp:97]   --->   Operation 651 'bitconcatenate' 'shl_ln3' <Predicate = true> <Delay = 0.00>
ST_106 : Operation 652 [1/1] (0.00ns) (grouped into LUT with out node add_ln97)   --->   "%sext_ln97 = sext i34 %shl_ln3" [vivado/ip_repo/gnss_enhanced_correlator/src/enhanced_correlator.cpp:97]   --->   Operation 652 'sext' 'sext_ln97' <Predicate = true> <Delay = 0.00>
ST_106 : Operation 653 [1/1] (3.52ns) (out node of the LUT)   --->   "%add_ln97 = add i64 %sext_ln97, i64 %prn_code_read" [vivado/ip_repo/gnss_enhanced_correlator/src/enhanced_correlator.cpp:97]   --->   Operation 653 'add' 'add_ln97' <Predicate = true> <Delay = 3.52> <CoreInst = "Adder">   --->   Core 1 'Adder' <Latency = 0> <II = 1> <Delay = 3.52> <FuncUnit> <Opcode : 'add' 'sub'> <InPorts = 2> <OutPorts = 1>
ST_106 : Operation 654 [1/1] (0.00ns)   --->   "%trunc_ln3 = partselect i62 @_ssdm_op_PartSelect.i62.i64.i32.i32, i64 %add_ln97, i32 2, i32 63" [vivado/ip_repo/gnss_enhanced_correlator/src/enhanced_correlator.cpp:97]   --->   Operation 654 'partselect' 'trunc_ln3' <Predicate = true> <Delay = 0.00>
ST_106 : Operation 655 [1/1] (0.00ns)   --->   "%sext_ln97_1 = sext i62 %trunc_ln3" [vivado/ip_repo/gnss_enhanced_correlator/src/enhanced_correlator.cpp:97]   --->   Operation 655 'sext' 'sext_ln97_1' <Predicate = true> <Delay = 0.00>
ST_106 : Operation 656 [1/1] (0.00ns)   --->   "%gmem1_addr_2 = getelementptr i32 %gmem1, i64 %sext_ln97_1" [vivado/ip_repo/gnss_enhanced_correlator/src/enhanced_correlator.cpp:97]   --->   Operation 656 'getelementptr' 'gmem1_addr_2' <Predicate = true> <Delay = 0.00>
ST_106 : Operation 657 [3/5] (7.25ns)   --->   "%carrier_phase = fadd i32 %carrier_phase_2, i32 %carrier_phase_inc" [vivado/ip_repo/gnss_enhanced_correlator/src/enhanced_correlator.cpp:108]   --->   Operation 657 'fadd' 'carrier_phase' <Predicate = true> <Delay = 7.25> <CoreInst = "FAddSub_fulldsp">   --->   Core 18 'FAddSub_fulldsp' <Latency = 4> <II = 1> <Delay = 7.25> <FuncUnit> <Opcode : 'fadd' 'fsub'> <InPorts = 2> <OutPorts = 1>
ST_106 : Operation 658 [3/5] (7.25ns)   --->   "%code_phase = fadd i32 %code_phase_2, i32 %code_phase_inc" [vivado/ip_repo/gnss_enhanced_correlator/src/enhanced_correlator.cpp:109]   --->   Operation 658 'fadd' 'code_phase' <Predicate = true> <Delay = 7.25> <CoreInst = "FAddSub_fulldsp">   --->   Core 18 'FAddSub_fulldsp' <Latency = 4> <II = 1> <Delay = 7.25> <FuncUnit> <Opcode : 'fadd' 'fsub'> <InPorts = 2> <OutPorts = 1>

State 107 <SV = 106> <Delay = 7.25>
ST_107 : Operation 659 [8/8] (7.30ns)   --->   "%gmem1_load_req = readreq i1 @_ssdm_op_ReadReq.m_axi.i32P1A, i32 %gmem1_addr, i64 1" [vivado/ip_repo/gnss_enhanced_correlator/src/enhanced_correlator.cpp:95]   --->   Operation 659 'readreq' 'gmem1_load_req' <Predicate = true> <Delay = 7.30> <CoreInst = "m_axi">   --->   Core 111 'm_axi' <Latency = 6> <II = 1> <Delay = 1.00> <Adapter> <Opcode : 'readrequnaligned' 'writerequnaligned' 'read' 'write' 'readreq' 'writereq' 'writeresp'>
ST_107 : Operation 660 [2/5] (7.25ns)   --->   "%carrier_phase = fadd i32 %carrier_phase_2, i32 %carrier_phase_inc" [vivado/ip_repo/gnss_enhanced_correlator/src/enhanced_correlator.cpp:108]   --->   Operation 660 'fadd' 'carrier_phase' <Predicate = true> <Delay = 7.25> <CoreInst = "FAddSub_fulldsp">   --->   Core 18 'FAddSub_fulldsp' <Latency = 4> <II = 1> <Delay = 7.25> <FuncUnit> <Opcode : 'fadd' 'fsub'> <InPorts = 2> <OutPorts = 1>
ST_107 : Operation 661 [2/5] (7.25ns)   --->   "%code_phase = fadd i32 %code_phase_2, i32 %code_phase_inc" [vivado/ip_repo/gnss_enhanced_correlator/src/enhanced_correlator.cpp:109]   --->   Operation 661 'fadd' 'code_phase' <Predicate = true> <Delay = 7.25> <CoreInst = "FAddSub_fulldsp">   --->   Core 18 'FAddSub_fulldsp' <Latency = 4> <II = 1> <Delay = 7.25> <FuncUnit> <Opcode : 'fadd' 'fsub'> <InPorts = 2> <OutPorts = 1>

State 108 <SV = 107> <Delay = 7.25>
ST_108 : Operation 662 [7/8] (7.30ns)   --->   "%gmem1_load_req = readreq i1 @_ssdm_op_ReadReq.m_axi.i32P1A, i32 %gmem1_addr, i64 1" [vivado/ip_repo/gnss_enhanced_correlator/src/enhanced_correlator.cpp:95]   --->   Operation 662 'readreq' 'gmem1_load_req' <Predicate = true> <Delay = 7.30> <CoreInst = "m_axi">   --->   Core 111 'm_axi' <Latency = 6> <II = 1> <Delay = 1.00> <Adapter> <Opcode : 'readrequnaligned' 'writerequnaligned' 'read' 'write' 'readreq' 'writereq' 'writeresp'>
ST_108 : Operation 663 [8/8] (7.30ns)   --->   "%gmem1_load_1_req = readreq i1 @_ssdm_op_ReadReq.m_axi.i32P1A, i32 %gmem1_addr_1, i64 1" [vivado/ip_repo/gnss_enhanced_correlator/src/enhanced_correlator.cpp:96]   --->   Operation 663 'readreq' 'gmem1_load_1_req' <Predicate = true> <Delay = 7.30> <CoreInst = "m_axi">   --->   Core 111 'm_axi' <Latency = 6> <II = 1> <Delay = 1.00> <Adapter> <Opcode : 'readrequnaligned' 'writerequnaligned' 'read' 'write' 'readreq' 'writereq' 'writeresp'>
ST_108 : Operation 664 [1/5] (7.25ns)   --->   "%carrier_phase = fadd i32 %carrier_phase_2, i32 %carrier_phase_inc" [vivado/ip_repo/gnss_enhanced_correlator/src/enhanced_correlator.cpp:108]   --->   Operation 664 'fadd' 'carrier_phase' <Predicate = true> <Delay = 7.25> <CoreInst = "FAddSub_fulldsp">   --->   Core 18 'FAddSub_fulldsp' <Latency = 4> <II = 1> <Delay = 7.25> <FuncUnit> <Opcode : 'fadd' 'fsub'> <InPorts = 2> <OutPorts = 1>
ST_108 : Operation 665 [1/5] (7.25ns)   --->   "%code_phase = fadd i32 %code_phase_2, i32 %code_phase_inc" [vivado/ip_repo/gnss_enhanced_correlator/src/enhanced_correlator.cpp:109]   --->   Operation 665 'fadd' 'code_phase' <Predicate = true> <Delay = 7.25> <CoreInst = "FAddSub_fulldsp">   --->   Core 18 'FAddSub_fulldsp' <Latency = 4> <II = 1> <Delay = 7.25> <FuncUnit> <Opcode : 'fadd' 'fsub'> <InPorts = 2> <OutPorts = 1>

State 109 <SV = 108> <Delay = 1.58>
ST_109 : Operation 666 [6/8] (7.30ns)   --->   "%gmem1_load_req = readreq i1 @_ssdm_op_ReadReq.m_axi.i32P1A, i32 %gmem1_addr, i64 1" [vivado/ip_repo/gnss_enhanced_correlator/src/enhanced_correlator.cpp:95]   --->   Operation 666 'readreq' 'gmem1_load_req' <Predicate = true> <Delay = 7.30> <CoreInst = "m_axi">   --->   Core 111 'm_axi' <Latency = 6> <II = 1> <Delay = 1.00> <Adapter> <Opcode : 'readrequnaligned' 'writerequnaligned' 'read' 'write' 'readreq' 'writereq' 'writeresp'>
ST_109 : Operation 667 [7/8] (7.30ns)   --->   "%gmem1_load_1_req = readreq i1 @_ssdm_op_ReadReq.m_axi.i32P1A, i32 %gmem1_addr_1, i64 1" [vivado/ip_repo/gnss_enhanced_correlator/src/enhanced_correlator.cpp:96]   --->   Operation 667 'readreq' 'gmem1_load_1_req' <Predicate = true> <Delay = 7.30> <CoreInst = "m_axi">   --->   Core 111 'm_axi' <Latency = 6> <II = 1> <Delay = 1.00> <Adapter> <Opcode : 'readrequnaligned' 'writerequnaligned' 'read' 'write' 'readreq' 'writereq' 'writeresp'>
ST_109 : Operation 668 [8/8] (7.30ns)   --->   "%gmem1_load_2_req = readreq i1 @_ssdm_op_ReadReq.m_axi.i32P1A, i32 %gmem1_addr_2, i64 1" [vivado/ip_repo/gnss_enhanced_correlator/src/enhanced_correlator.cpp:97]   --->   Operation 668 'readreq' 'gmem1_load_2_req' <Predicate = true> <Delay = 7.30> <CoreInst = "m_axi">   --->   Core 111 'm_axi' <Latency = 6> <II = 1> <Delay = 1.00> <Adapter> <Opcode : 'readrequnaligned' 'writerequnaligned' 'read' 'write' 'readreq' 'writereq' 'writeresp'>
ST_109 : Operation 669 [1/1] (1.58ns)   --->   "%store_ln81 = store i32 %code_phase, i32 %prompt_phase" [vivado/ip_repo/gnss_enhanced_correlator/src/enhanced_correlator.cpp:81]   --->   Operation 669 'store' 'store_ln81' <Predicate = true> <Delay = 1.58>
ST_109 : Operation 670 [1/1] (1.58ns)   --->   "%store_ln69 = store i32 %carrier_phase, i32 %phase" [vivado/ip_repo/gnss_enhanced_correlator/src/enhanced_correlator.cpp:69]   --->   Operation 670 'store' 'store_ln69' <Predicate = true> <Delay = 1.58>

State 110 <SV = 109> <Delay = 0.00>
ST_110 : Operation 671 [5/8] (7.30ns)   --->   "%gmem1_load_req = readreq i1 @_ssdm_op_ReadReq.m_axi.i32P1A, i32 %gmem1_addr, i64 1" [vivado/ip_repo/gnss_enhanced_correlator/src/enhanced_correlator.cpp:95]   --->   Operation 671 'readreq' 'gmem1_load_req' <Predicate = true> <Delay = 7.30> <CoreInst = "m_axi">   --->   Core 111 'm_axi' <Latency = 6> <II = 1> <Delay = 1.00> <Adapter> <Opcode : 'readrequnaligned' 'writerequnaligned' 'read' 'write' 'readreq' 'writereq' 'writeresp'>
ST_110 : Operation 672 [6/8] (7.30ns)   --->   "%gmem1_load_1_req = readreq i1 @_ssdm_op_ReadReq.m_axi.i32P1A, i32 %gmem1_addr_1, i64 1" [vivado/ip_repo/gnss_enhanced_correlator/src/enhanced_correlator.cpp:96]   --->   Operation 672 'readreq' 'gmem1_load_1_req' <Predicate = true> <Delay = 7.30> <CoreInst = "m_axi">   --->   Core 111 'm_axi' <Latency = 6> <II = 1> <Delay = 1.00> <Adapter> <Opcode : 'readrequnaligned' 'writerequnaligned' 'read' 'write' 'readreq' 'writereq' 'writeresp'>
ST_110 : Operation 673 [7/8] (7.30ns)   --->   "%gmem1_load_2_req = readreq i1 @_ssdm_op_ReadReq.m_axi.i32P1A, i32 %gmem1_addr_2, i64 1" [vivado/ip_repo/gnss_enhanced_correlator/src/enhanced_correlator.cpp:97]   --->   Operation 673 'readreq' 'gmem1_load_2_req' <Predicate = true> <Delay = 7.30> <CoreInst = "m_axi">   --->   Core 111 'm_axi' <Latency = 6> <II = 1> <Delay = 1.00> <Adapter> <Opcode : 'readrequnaligned' 'writerequnaligned' 'read' 'write' 'readreq' 'writereq' 'writeresp'>

State 111 <SV = 110> <Delay = 0.00>
ST_111 : Operation 674 [4/8] (7.30ns)   --->   "%gmem1_load_req = readreq i1 @_ssdm_op_ReadReq.m_axi.i32P1A, i32 %gmem1_addr, i64 1" [vivado/ip_repo/gnss_enhanced_correlator/src/enhanced_correlator.cpp:95]   --->   Operation 674 'readreq' 'gmem1_load_req' <Predicate = true> <Delay = 7.30> <CoreInst = "m_axi">   --->   Core 111 'm_axi' <Latency = 6> <II = 1> <Delay = 1.00> <Adapter> <Opcode : 'readrequnaligned' 'writerequnaligned' 'read' 'write' 'readreq' 'writereq' 'writeresp'>
ST_111 : Operation 675 [5/8] (7.30ns)   --->   "%gmem1_load_1_req = readreq i1 @_ssdm_op_ReadReq.m_axi.i32P1A, i32 %gmem1_addr_1, i64 1" [vivado/ip_repo/gnss_enhanced_correlator/src/enhanced_correlator.cpp:96]   --->   Operation 675 'readreq' 'gmem1_load_1_req' <Predicate = true> <Delay = 7.30> <CoreInst = "m_axi">   --->   Core 111 'm_axi' <Latency = 6> <II = 1> <Delay = 1.00> <Adapter> <Opcode : 'readrequnaligned' 'writerequnaligned' 'read' 'write' 'readreq' 'writereq' 'writeresp'>
ST_111 : Operation 676 [6/8] (7.30ns)   --->   "%gmem1_load_2_req = readreq i1 @_ssdm_op_ReadReq.m_axi.i32P1A, i32 %gmem1_addr_2, i64 1" [vivado/ip_repo/gnss_enhanced_correlator/src/enhanced_correlator.cpp:97]   --->   Operation 676 'readreq' 'gmem1_load_2_req' <Predicate = true> <Delay = 7.30> <CoreInst = "m_axi">   --->   Core 111 'm_axi' <Latency = 6> <II = 1> <Delay = 1.00> <Adapter> <Opcode : 'readrequnaligned' 'writerequnaligned' 'read' 'write' 'readreq' 'writereq' 'writeresp'>

State 112 <SV = 111> <Delay = 0.00>
ST_112 : Operation 677 [3/8] (7.30ns)   --->   "%gmem1_load_req = readreq i1 @_ssdm_op_ReadReq.m_axi.i32P1A, i32 %gmem1_addr, i64 1" [vivado/ip_repo/gnss_enhanced_correlator/src/enhanced_correlator.cpp:95]   --->   Operation 677 'readreq' 'gmem1_load_req' <Predicate = true> <Delay = 7.30> <CoreInst = "m_axi">   --->   Core 111 'm_axi' <Latency = 6> <II = 1> <Delay = 1.00> <Adapter> <Opcode : 'readrequnaligned' 'writerequnaligned' 'read' 'write' 'readreq' 'writereq' 'writeresp'>
ST_112 : Operation 678 [4/8] (7.30ns)   --->   "%gmem1_load_1_req = readreq i1 @_ssdm_op_ReadReq.m_axi.i32P1A, i32 %gmem1_addr_1, i64 1" [vivado/ip_repo/gnss_enhanced_correlator/src/enhanced_correlator.cpp:96]   --->   Operation 678 'readreq' 'gmem1_load_1_req' <Predicate = true> <Delay = 7.30> <CoreInst = "m_axi">   --->   Core 111 'm_axi' <Latency = 6> <II = 1> <Delay = 1.00> <Adapter> <Opcode : 'readrequnaligned' 'writerequnaligned' 'read' 'write' 'readreq' 'writereq' 'writeresp'>
ST_112 : Operation 679 [5/8] (7.30ns)   --->   "%gmem1_load_2_req = readreq i1 @_ssdm_op_ReadReq.m_axi.i32P1A, i32 %gmem1_addr_2, i64 1" [vivado/ip_repo/gnss_enhanced_correlator/src/enhanced_correlator.cpp:97]   --->   Operation 679 'readreq' 'gmem1_load_2_req' <Predicate = true> <Delay = 7.30> <CoreInst = "m_axi">   --->   Core 111 'm_axi' <Latency = 6> <II = 1> <Delay = 1.00> <Adapter> <Opcode : 'readrequnaligned' 'writerequnaligned' 'read' 'write' 'readreq' 'writereq' 'writeresp'>

State 113 <SV = 112> <Delay = 0.00>
ST_113 : Operation 680 [2/8] (7.30ns)   --->   "%gmem1_load_req = readreq i1 @_ssdm_op_ReadReq.m_axi.i32P1A, i32 %gmem1_addr, i64 1" [vivado/ip_repo/gnss_enhanced_correlator/src/enhanced_correlator.cpp:95]   --->   Operation 680 'readreq' 'gmem1_load_req' <Predicate = true> <Delay = 7.30> <CoreInst = "m_axi">   --->   Core 111 'm_axi' <Latency = 6> <II = 1> <Delay = 1.00> <Adapter> <Opcode : 'readrequnaligned' 'writerequnaligned' 'read' 'write' 'readreq' 'writereq' 'writeresp'>
ST_113 : Operation 681 [3/8] (7.30ns)   --->   "%gmem1_load_1_req = readreq i1 @_ssdm_op_ReadReq.m_axi.i32P1A, i32 %gmem1_addr_1, i64 1" [vivado/ip_repo/gnss_enhanced_correlator/src/enhanced_correlator.cpp:96]   --->   Operation 681 'readreq' 'gmem1_load_1_req' <Predicate = true> <Delay = 7.30> <CoreInst = "m_axi">   --->   Core 111 'm_axi' <Latency = 6> <II = 1> <Delay = 1.00> <Adapter> <Opcode : 'readrequnaligned' 'writerequnaligned' 'read' 'write' 'readreq' 'writereq' 'writeresp'>
ST_113 : Operation 682 [4/8] (7.30ns)   --->   "%gmem1_load_2_req = readreq i1 @_ssdm_op_ReadReq.m_axi.i32P1A, i32 %gmem1_addr_2, i64 1" [vivado/ip_repo/gnss_enhanced_correlator/src/enhanced_correlator.cpp:97]   --->   Operation 682 'readreq' 'gmem1_load_2_req' <Predicate = true> <Delay = 7.30> <CoreInst = "m_axi">   --->   Core 111 'm_axi' <Latency = 6> <II = 1> <Delay = 1.00> <Adapter> <Opcode : 'readrequnaligned' 'writerequnaligned' 'read' 'write' 'readreq' 'writereq' 'writeresp'>

State 114 <SV = 113> <Delay = 7.30>
ST_114 : Operation 683 [1/8] ( I:7.30ns O:7.30ns )   --->   "%gmem1_load_req = readreq i1 @_ssdm_op_ReadReq.m_axi.i32P1A, i32 %gmem1_addr, i64 1" [vivado/ip_repo/gnss_enhanced_correlator/src/enhanced_correlator.cpp:95]   --->   Operation 683 'readreq' 'gmem1_load_req' <Predicate = true> <Delay = 7.30> <CoreInst = "m_axi">   --->   Core 111 'm_axi' <Latency = 6> <II = 1> <Delay = 1.00> <Adapter> <Opcode : 'readrequnaligned' 'writerequnaligned' 'read' 'write' 'readreq' 'writereq' 'writeresp'>
ST_114 : Operation 684 [2/8] (7.30ns)   --->   "%gmem1_load_1_req = readreq i1 @_ssdm_op_ReadReq.m_axi.i32P1A, i32 %gmem1_addr_1, i64 1" [vivado/ip_repo/gnss_enhanced_correlator/src/enhanced_correlator.cpp:96]   --->   Operation 684 'readreq' 'gmem1_load_1_req' <Predicate = true> <Delay = 7.30> <CoreInst = "m_axi">   --->   Core 111 'm_axi' <Latency = 6> <II = 1> <Delay = 1.00> <Adapter> <Opcode : 'readrequnaligned' 'writerequnaligned' 'read' 'write' 'readreq' 'writereq' 'writeresp'>
ST_114 : Operation 685 [3/8] (7.30ns)   --->   "%gmem1_load_2_req = readreq i1 @_ssdm_op_ReadReq.m_axi.i32P1A, i32 %gmem1_addr_2, i64 1" [vivado/ip_repo/gnss_enhanced_correlator/src/enhanced_correlator.cpp:97]   --->   Operation 685 'readreq' 'gmem1_load_2_req' <Predicate = true> <Delay = 7.30> <CoreInst = "m_axi">   --->   Core 111 'm_axi' <Latency = 6> <II = 1> <Delay = 1.00> <Adapter> <Opcode : 'readrequnaligned' 'writerequnaligned' 'read' 'write' 'readreq' 'writereq' 'writeresp'>

State 115 <SV = 114> <Delay = 7.30>
ST_115 : Operation 686 [1/1] ( I:7.30ns O:7.30ns )   --->   "%gmem1_addr_read = read i32 @_ssdm_op_Read.m_axi.i32P1A, i32 %gmem1_addr" [vivado/ip_repo/gnss_enhanced_correlator/src/enhanced_correlator.cpp:95]   --->   Operation 686 'read' 'gmem1_addr_read' <Predicate = true> <Delay = 7.30> <CoreInst = "m_axi">   --->   Core 111 'm_axi' <Latency = 3> <II = 1> <Delay = 1.00> <Adapter> <Opcode : 'readrequnaligned' 'writerequnaligned' 'read' 'write' 'readreq' 'writereq' 'writeresp'>
ST_115 : Operation 687 [1/8] ( I:7.30ns O:7.30ns )   --->   "%gmem1_load_1_req = readreq i1 @_ssdm_op_ReadReq.m_axi.i32P1A, i32 %gmem1_addr_1, i64 1" [vivado/ip_repo/gnss_enhanced_correlator/src/enhanced_correlator.cpp:96]   --->   Operation 687 'readreq' 'gmem1_load_1_req' <Predicate = true> <Delay = 7.30> <CoreInst = "m_axi">   --->   Core 111 'm_axi' <Latency = 6> <II = 1> <Delay = 1.00> <Adapter> <Opcode : 'readrequnaligned' 'writerequnaligned' 'read' 'write' 'readreq' 'writereq' 'writeresp'>
ST_115 : Operation 688 [2/8] (7.30ns)   --->   "%gmem1_load_2_req = readreq i1 @_ssdm_op_ReadReq.m_axi.i32P1A, i32 %gmem1_addr_2, i64 1" [vivado/ip_repo/gnss_enhanced_correlator/src/enhanced_correlator.cpp:97]   --->   Operation 688 'readreq' 'gmem1_load_2_req' <Predicate = true> <Delay = 7.30> <CoreInst = "m_axi">   --->   Core 111 'm_axi' <Latency = 6> <II = 1> <Delay = 1.00> <Adapter> <Opcode : 'readrequnaligned' 'writerequnaligned' 'read' 'write' 'readreq' 'writereq' 'writeresp'>

State 116 <SV = 115> <Delay = 7.30>
ST_116 : Operation 689 [1/1] (0.00ns)   --->   "%prompt_code = bitcast i32 %gmem1_addr_read" [vivado/ip_repo/gnss_enhanced_correlator/src/enhanced_correlator.cpp:95]   --->   Operation 689 'bitcast' 'prompt_code' <Predicate = true> <Delay = 0.00>
ST_116 : Operation 690 [1/1] ( I:7.30ns O:7.30ns )   --->   "%gmem1_addr_1_read = read i32 @_ssdm_op_Read.m_axi.i32P1A, i32 %gmem1_addr_1" [vivado/ip_repo/gnss_enhanced_correlator/src/enhanced_correlator.cpp:96]   --->   Operation 690 'read' 'gmem1_addr_1_read' <Predicate = true> <Delay = 7.30> <CoreInst = "m_axi">   --->   Core 111 'm_axi' <Latency = 3> <II = 1> <Delay = 1.00> <Adapter> <Opcode : 'readrequnaligned' 'writerequnaligned' 'read' 'write' 'readreq' 'writereq' 'writeresp'>
ST_116 : Operation 691 [1/8] ( I:7.30ns O:7.30ns )   --->   "%gmem1_load_2_req = readreq i1 @_ssdm_op_ReadReq.m_axi.i32P1A, i32 %gmem1_addr_2, i64 1" [vivado/ip_repo/gnss_enhanced_correlator/src/enhanced_correlator.cpp:97]   --->   Operation 691 'readreq' 'gmem1_load_2_req' <Predicate = true> <Delay = 7.30> <CoreInst = "m_axi">   --->   Core 111 'm_axi' <Latency = 6> <II = 1> <Delay = 1.00> <Adapter> <Opcode : 'readrequnaligned' 'writerequnaligned' 'read' 'write' 'readreq' 'writereq' 'writeresp'>
ST_116 : Operation 692 [4/4] (5.70ns)   --->   "%mul8 = fmul i32 %mixed_I, i32 %prompt_code" [vivado/ip_repo/gnss_enhanced_correlator/src/enhanced_correlator.cpp:102]   --->   Operation 692 'fmul' 'mul8' <Predicate = true> <Delay = 5.70> <CoreInst = "FMul_maxdsp">   --->   Core 30 'FMul_maxdsp' <Latency = 3> <II = 1> <Delay = 5.70> <FuncUnit> <Opcode : 'fmul'> <InPorts = 2> <OutPorts = 1>
ST_116 : Operation 693 [4/4] (5.70ns)   --->   "%mul9 = fmul i32 %mixed_Q, i32 %prompt_code" [vivado/ip_repo/gnss_enhanced_correlator/src/enhanced_correlator.cpp:103]   --->   Operation 693 'fmul' 'mul9' <Predicate = true> <Delay = 5.70> <CoreInst = "FMul_maxdsp">   --->   Core 30 'FMul_maxdsp' <Latency = 3> <II = 1> <Delay = 5.70> <FuncUnit> <Opcode : 'fmul'> <InPorts = 2> <OutPorts = 1>

State 117 <SV = 116> <Delay = 7.30>
ST_117 : Operation 694 [1/1] (0.00ns)   --->   "%early_code = bitcast i32 %gmem1_addr_1_read" [vivado/ip_repo/gnss_enhanced_correlator/src/enhanced_correlator.cpp:96]   --->   Operation 694 'bitcast' 'early_code' <Predicate = true> <Delay = 0.00>
ST_117 : Operation 695 [1/1] ( I:7.30ns O:7.30ns )   --->   "%gmem1_addr_2_read = read i32 @_ssdm_op_Read.m_axi.i32P1A, i32 %gmem1_addr_2" [vivado/ip_repo/gnss_enhanced_correlator/src/enhanced_correlator.cpp:97]   --->   Operation 695 'read' 'gmem1_addr_2_read' <Predicate = true> <Delay = 7.30> <CoreInst = "m_axi">   --->   Core 111 'm_axi' <Latency = 3> <II = 1> <Delay = 1.00> <Adapter> <Opcode : 'readrequnaligned' 'writerequnaligned' 'read' 'write' 'readreq' 'writereq' 'writeresp'>
ST_117 : Operation 696 [4/4] (5.70ns)   --->   "%mul6 = fmul i32 %mixed_I, i32 %early_code" [vivado/ip_repo/gnss_enhanced_correlator/src/enhanced_correlator.cpp:100]   --->   Operation 696 'fmul' 'mul6' <Predicate = true> <Delay = 5.70> <CoreInst = "FMul_maxdsp">   --->   Core 30 'FMul_maxdsp' <Latency = 3> <II = 1> <Delay = 5.70> <FuncUnit> <Opcode : 'fmul'> <InPorts = 2> <OutPorts = 1>
ST_117 : Operation 697 [4/4] (5.70ns)   --->   "%mul7 = fmul i32 %mixed_Q, i32 %early_code" [vivado/ip_repo/gnss_enhanced_correlator/src/enhanced_correlator.cpp:101]   --->   Operation 697 'fmul' 'mul7' <Predicate = true> <Delay = 5.70> <CoreInst = "FMul_maxdsp">   --->   Core 30 'FMul_maxdsp' <Latency = 3> <II = 1> <Delay = 5.70> <FuncUnit> <Opcode : 'fmul'> <InPorts = 2> <OutPorts = 1>
ST_117 : Operation 698 [3/4] (5.70ns)   --->   "%mul8 = fmul i32 %mixed_I, i32 %prompt_code" [vivado/ip_repo/gnss_enhanced_correlator/src/enhanced_correlator.cpp:102]   --->   Operation 698 'fmul' 'mul8' <Predicate = true> <Delay = 5.70> <CoreInst = "FMul_maxdsp">   --->   Core 30 'FMul_maxdsp' <Latency = 3> <II = 1> <Delay = 5.70> <FuncUnit> <Opcode : 'fmul'> <InPorts = 2> <OutPorts = 1>
ST_117 : Operation 699 [3/4] (5.70ns)   --->   "%mul9 = fmul i32 %mixed_Q, i32 %prompt_code" [vivado/ip_repo/gnss_enhanced_correlator/src/enhanced_correlator.cpp:103]   --->   Operation 699 'fmul' 'mul9' <Predicate = true> <Delay = 5.70> <CoreInst = "FMul_maxdsp">   --->   Core 30 'FMul_maxdsp' <Latency = 3> <II = 1> <Delay = 5.70> <FuncUnit> <Opcode : 'fmul'> <InPorts = 2> <OutPorts = 1>

State 118 <SV = 117> <Delay = 5.70>
ST_118 : Operation 700 [1/1] (0.00ns)   --->   "%late_code = bitcast i32 %gmem1_addr_2_read" [vivado/ip_repo/gnss_enhanced_correlator/src/enhanced_correlator.cpp:97]   --->   Operation 700 'bitcast' 'late_code' <Predicate = true> <Delay = 0.00>
ST_118 : Operation 701 [3/4] (5.70ns)   --->   "%mul6 = fmul i32 %mixed_I, i32 %early_code" [vivado/ip_repo/gnss_enhanced_correlator/src/enhanced_correlator.cpp:100]   --->   Operation 701 'fmul' 'mul6' <Predicate = true> <Delay = 5.70> <CoreInst = "FMul_maxdsp">   --->   Core 30 'FMul_maxdsp' <Latency = 3> <II = 1> <Delay = 5.70> <FuncUnit> <Opcode : 'fmul'> <InPorts = 2> <OutPorts = 1>
ST_118 : Operation 702 [3/4] (5.70ns)   --->   "%mul7 = fmul i32 %mixed_Q, i32 %early_code" [vivado/ip_repo/gnss_enhanced_correlator/src/enhanced_correlator.cpp:101]   --->   Operation 702 'fmul' 'mul7' <Predicate = true> <Delay = 5.70> <CoreInst = "FMul_maxdsp">   --->   Core 30 'FMul_maxdsp' <Latency = 3> <II = 1> <Delay = 5.70> <FuncUnit> <Opcode : 'fmul'> <InPorts = 2> <OutPorts = 1>
ST_118 : Operation 703 [2/4] (5.70ns)   --->   "%mul8 = fmul i32 %mixed_I, i32 %prompt_code" [vivado/ip_repo/gnss_enhanced_correlator/src/enhanced_correlator.cpp:102]   --->   Operation 703 'fmul' 'mul8' <Predicate = true> <Delay = 5.70> <CoreInst = "FMul_maxdsp">   --->   Core 30 'FMul_maxdsp' <Latency = 3> <II = 1> <Delay = 5.70> <FuncUnit> <Opcode : 'fmul'> <InPorts = 2> <OutPorts = 1>
ST_118 : Operation 704 [2/4] (5.70ns)   --->   "%mul9 = fmul i32 %mixed_Q, i32 %prompt_code" [vivado/ip_repo/gnss_enhanced_correlator/src/enhanced_correlator.cpp:103]   --->   Operation 704 'fmul' 'mul9' <Predicate = true> <Delay = 5.70> <CoreInst = "FMul_maxdsp">   --->   Core 30 'FMul_maxdsp' <Latency = 3> <II = 1> <Delay = 5.70> <FuncUnit> <Opcode : 'fmul'> <InPorts = 2> <OutPorts = 1>
ST_118 : Operation 705 [4/4] (5.70ns)   --->   "%mul10 = fmul i32 %mixed_I, i32 %late_code" [vivado/ip_repo/gnss_enhanced_correlator/src/enhanced_correlator.cpp:104]   --->   Operation 705 'fmul' 'mul10' <Predicate = true> <Delay = 5.70> <CoreInst = "FMul_maxdsp">   --->   Core 30 'FMul_maxdsp' <Latency = 3> <II = 1> <Delay = 5.70> <FuncUnit> <Opcode : 'fmul'> <InPorts = 2> <OutPorts = 1>
ST_118 : Operation 706 [4/4] (5.70ns)   --->   "%mul11 = fmul i32 %mixed_Q, i32 %late_code" [vivado/ip_repo/gnss_enhanced_correlator/src/enhanced_correlator.cpp:105]   --->   Operation 706 'fmul' 'mul11' <Predicate = true> <Delay = 5.70> <CoreInst = "FMul_maxdsp">   --->   Core 30 'FMul_maxdsp' <Latency = 3> <II = 1> <Delay = 5.70> <FuncUnit> <Opcode : 'fmul'> <InPorts = 2> <OutPorts = 1>

State 119 <SV = 118> <Delay = 5.70>
ST_119 : Operation 707 [2/4] (5.70ns)   --->   "%mul6 = fmul i32 %mixed_I, i32 %early_code" [vivado/ip_repo/gnss_enhanced_correlator/src/enhanced_correlator.cpp:100]   --->   Operation 707 'fmul' 'mul6' <Predicate = true> <Delay = 5.70> <CoreInst = "FMul_maxdsp">   --->   Core 30 'FMul_maxdsp' <Latency = 3> <II = 1> <Delay = 5.70> <FuncUnit> <Opcode : 'fmul'> <InPorts = 2> <OutPorts = 1>
ST_119 : Operation 708 [2/4] (5.70ns)   --->   "%mul7 = fmul i32 %mixed_Q, i32 %early_code" [vivado/ip_repo/gnss_enhanced_correlator/src/enhanced_correlator.cpp:101]   --->   Operation 708 'fmul' 'mul7' <Predicate = true> <Delay = 5.70> <CoreInst = "FMul_maxdsp">   --->   Core 30 'FMul_maxdsp' <Latency = 3> <II = 1> <Delay = 5.70> <FuncUnit> <Opcode : 'fmul'> <InPorts = 2> <OutPorts = 1>
ST_119 : Operation 709 [1/4] (5.70ns)   --->   "%mul8 = fmul i32 %mixed_I, i32 %prompt_code" [vivado/ip_repo/gnss_enhanced_correlator/src/enhanced_correlator.cpp:102]   --->   Operation 709 'fmul' 'mul8' <Predicate = true> <Delay = 5.70> <CoreInst = "FMul_maxdsp">   --->   Core 30 'FMul_maxdsp' <Latency = 3> <II = 1> <Delay = 5.70> <FuncUnit> <Opcode : 'fmul'> <InPorts = 2> <OutPorts = 1>
ST_119 : Operation 710 [1/4] (5.70ns)   --->   "%mul9 = fmul i32 %mixed_Q, i32 %prompt_code" [vivado/ip_repo/gnss_enhanced_correlator/src/enhanced_correlator.cpp:103]   --->   Operation 710 'fmul' 'mul9' <Predicate = true> <Delay = 5.70> <CoreInst = "FMul_maxdsp">   --->   Core 30 'FMul_maxdsp' <Latency = 3> <II = 1> <Delay = 5.70> <FuncUnit> <Opcode : 'fmul'> <InPorts = 2> <OutPorts = 1>
ST_119 : Operation 711 [3/4] (5.70ns)   --->   "%mul10 = fmul i32 %mixed_I, i32 %late_code" [vivado/ip_repo/gnss_enhanced_correlator/src/enhanced_correlator.cpp:104]   --->   Operation 711 'fmul' 'mul10' <Predicate = true> <Delay = 5.70> <CoreInst = "FMul_maxdsp">   --->   Core 30 'FMul_maxdsp' <Latency = 3> <II = 1> <Delay = 5.70> <FuncUnit> <Opcode : 'fmul'> <InPorts = 2> <OutPorts = 1>
ST_119 : Operation 712 [3/4] (5.70ns)   --->   "%mul11 = fmul i32 %mixed_Q, i32 %late_code" [vivado/ip_repo/gnss_enhanced_correlator/src/enhanced_correlator.cpp:105]   --->   Operation 712 'fmul' 'mul11' <Predicate = true> <Delay = 5.70> <CoreInst = "FMul_maxdsp">   --->   Core 30 'FMul_maxdsp' <Latency = 3> <II = 1> <Delay = 5.70> <FuncUnit> <Opcode : 'fmul'> <InPorts = 2> <OutPorts = 1>

State 120 <SV = 119> <Delay = 7.25>
ST_120 : Operation 713 [1/1] (0.00ns)   --->   "%acc_P_I_load = load i32 %acc_P_I" [vivado/ip_repo/gnss_enhanced_correlator/src/enhanced_correlator.cpp:102]   --->   Operation 713 'load' 'acc_P_I_load' <Predicate = true> <Delay = 0.00>
ST_120 : Operation 714 [1/1] (0.00ns)   --->   "%acc_P_Q_load = load i32 %acc_P_Q" [vivado/ip_repo/gnss_enhanced_correlator/src/enhanced_correlator.cpp:103]   --->   Operation 714 'load' 'acc_P_Q_load' <Predicate = true> <Delay = 0.00>
ST_120 : Operation 715 [1/4] (5.70ns)   --->   "%mul6 = fmul i32 %mixed_I, i32 %early_code" [vivado/ip_repo/gnss_enhanced_correlator/src/enhanced_correlator.cpp:100]   --->   Operation 715 'fmul' 'mul6' <Predicate = true> <Delay = 5.70> <CoreInst = "FMul_maxdsp">   --->   Core 30 'FMul_maxdsp' <Latency = 3> <II = 1> <Delay = 5.70> <FuncUnit> <Opcode : 'fmul'> <InPorts = 2> <OutPorts = 1>
ST_120 : Operation 716 [1/4] (5.70ns)   --->   "%mul7 = fmul i32 %mixed_Q, i32 %early_code" [vivado/ip_repo/gnss_enhanced_correlator/src/enhanced_correlator.cpp:101]   --->   Operation 716 'fmul' 'mul7' <Predicate = true> <Delay = 5.70> <CoreInst = "FMul_maxdsp">   --->   Core 30 'FMul_maxdsp' <Latency = 3> <II = 1> <Delay = 5.70> <FuncUnit> <Opcode : 'fmul'> <InPorts = 2> <OutPorts = 1>
ST_120 : Operation 717 [5/5] (7.25ns)   --->   "%acc_P_I_1 = fadd i32 %acc_P_I_load, i32 %mul8" [vivado/ip_repo/gnss_enhanced_correlator/src/enhanced_correlator.cpp:102]   --->   Operation 717 'fadd' 'acc_P_I_1' <Predicate = true> <Delay = 7.25> <CoreInst = "FAddSub_fulldsp">   --->   Core 18 'FAddSub_fulldsp' <Latency = 4> <II = 1> <Delay = 7.25> <FuncUnit> <Opcode : 'fadd' 'fsub'> <InPorts = 2> <OutPorts = 1>
ST_120 : Operation 718 [5/5] (7.25ns)   --->   "%acc_P_Q_1 = fadd i32 %acc_P_Q_load, i32 %mul9" [vivado/ip_repo/gnss_enhanced_correlator/src/enhanced_correlator.cpp:103]   --->   Operation 718 'fadd' 'acc_P_Q_1' <Predicate = true> <Delay = 7.25> <CoreInst = "FAddSub_fulldsp">   --->   Core 18 'FAddSub_fulldsp' <Latency = 4> <II = 1> <Delay = 7.25> <FuncUnit> <Opcode : 'fadd' 'fsub'> <InPorts = 2> <OutPorts = 1>
ST_120 : Operation 719 [2/4] (5.70ns)   --->   "%mul10 = fmul i32 %mixed_I, i32 %late_code" [vivado/ip_repo/gnss_enhanced_correlator/src/enhanced_correlator.cpp:104]   --->   Operation 719 'fmul' 'mul10' <Predicate = true> <Delay = 5.70> <CoreInst = "FMul_maxdsp">   --->   Core 30 'FMul_maxdsp' <Latency = 3> <II = 1> <Delay = 5.70> <FuncUnit> <Opcode : 'fmul'> <InPorts = 2> <OutPorts = 1>
ST_120 : Operation 720 [2/4] (5.70ns)   --->   "%mul11 = fmul i32 %mixed_Q, i32 %late_code" [vivado/ip_repo/gnss_enhanced_correlator/src/enhanced_correlator.cpp:105]   --->   Operation 720 'fmul' 'mul11' <Predicate = true> <Delay = 5.70> <CoreInst = "FMul_maxdsp">   --->   Core 30 'FMul_maxdsp' <Latency = 3> <II = 1> <Delay = 5.70> <FuncUnit> <Opcode : 'fmul'> <InPorts = 2> <OutPorts = 1>

State 121 <SV = 120> <Delay = 7.25>
ST_121 : Operation 721 [1/1] (0.00ns)   --->   "%acc_E_I_load = load i32 %acc_E_I" [vivado/ip_repo/gnss_enhanced_correlator/src/enhanced_correlator.cpp:100]   --->   Operation 721 'load' 'acc_E_I_load' <Predicate = true> <Delay = 0.00>
ST_121 : Operation 722 [1/1] (0.00ns)   --->   "%acc_E_Q_load = load i32 %acc_E_Q" [vivado/ip_repo/gnss_enhanced_correlator/src/enhanced_correlator.cpp:101]   --->   Operation 722 'load' 'acc_E_Q_load' <Predicate = true> <Delay = 0.00>
ST_121 : Operation 723 [5/5] (7.25ns)   --->   "%acc_E_I_1 = fadd i32 %acc_E_I_load, i32 %mul6" [vivado/ip_repo/gnss_enhanced_correlator/src/enhanced_correlator.cpp:100]   --->   Operation 723 'fadd' 'acc_E_I_1' <Predicate = true> <Delay = 7.25> <CoreInst = "FAddSub_fulldsp">   --->   Core 18 'FAddSub_fulldsp' <Latency = 4> <II = 1> <Delay = 7.25> <FuncUnit> <Opcode : 'fadd' 'fsub'> <InPorts = 2> <OutPorts = 1>
ST_121 : Operation 724 [5/5] (7.25ns)   --->   "%acc_E_Q_1 = fadd i32 %acc_E_Q_load, i32 %mul7" [vivado/ip_repo/gnss_enhanced_correlator/src/enhanced_correlator.cpp:101]   --->   Operation 724 'fadd' 'acc_E_Q_1' <Predicate = true> <Delay = 7.25> <CoreInst = "FAddSub_fulldsp">   --->   Core 18 'FAddSub_fulldsp' <Latency = 4> <II = 1> <Delay = 7.25> <FuncUnit> <Opcode : 'fadd' 'fsub'> <InPorts = 2> <OutPorts = 1>
ST_121 : Operation 725 [4/5] (7.25ns)   --->   "%acc_P_I_1 = fadd i32 %acc_P_I_load, i32 %mul8" [vivado/ip_repo/gnss_enhanced_correlator/src/enhanced_correlator.cpp:102]   --->   Operation 725 'fadd' 'acc_P_I_1' <Predicate = true> <Delay = 7.25> <CoreInst = "FAddSub_fulldsp">   --->   Core 18 'FAddSub_fulldsp' <Latency = 4> <II = 1> <Delay = 7.25> <FuncUnit> <Opcode : 'fadd' 'fsub'> <InPorts = 2> <OutPorts = 1>
ST_121 : Operation 726 [4/5] (7.25ns)   --->   "%acc_P_Q_1 = fadd i32 %acc_P_Q_load, i32 %mul9" [vivado/ip_repo/gnss_enhanced_correlator/src/enhanced_correlator.cpp:103]   --->   Operation 726 'fadd' 'acc_P_Q_1' <Predicate = true> <Delay = 7.25> <CoreInst = "FAddSub_fulldsp">   --->   Core 18 'FAddSub_fulldsp' <Latency = 4> <II = 1> <Delay = 7.25> <FuncUnit> <Opcode : 'fadd' 'fsub'> <InPorts = 2> <OutPorts = 1>
ST_121 : Operation 727 [1/4] (5.70ns)   --->   "%mul10 = fmul i32 %mixed_I, i32 %late_code" [vivado/ip_repo/gnss_enhanced_correlator/src/enhanced_correlator.cpp:104]   --->   Operation 727 'fmul' 'mul10' <Predicate = true> <Delay = 5.70> <CoreInst = "FMul_maxdsp">   --->   Core 30 'FMul_maxdsp' <Latency = 3> <II = 1> <Delay = 5.70> <FuncUnit> <Opcode : 'fmul'> <InPorts = 2> <OutPorts = 1>
ST_121 : Operation 728 [1/4] (5.70ns)   --->   "%mul11 = fmul i32 %mixed_Q, i32 %late_code" [vivado/ip_repo/gnss_enhanced_correlator/src/enhanced_correlator.cpp:105]   --->   Operation 728 'fmul' 'mul11' <Predicate = true> <Delay = 5.70> <CoreInst = "FMul_maxdsp">   --->   Core 30 'FMul_maxdsp' <Latency = 3> <II = 1> <Delay = 5.70> <FuncUnit> <Opcode : 'fmul'> <InPorts = 2> <OutPorts = 1>

State 122 <SV = 121> <Delay = 7.25>
ST_122 : Operation 729 [1/1] (0.00ns)   --->   "%acc_L_I_load = load i32 %acc_L_I" [vivado/ip_repo/gnss_enhanced_correlator/src/enhanced_correlator.cpp:104]   --->   Operation 729 'load' 'acc_L_I_load' <Predicate = true> <Delay = 0.00>
ST_122 : Operation 730 [1/1] (0.00ns)   --->   "%acc_L_Q_load = load i32 %acc_L_Q" [vivado/ip_repo/gnss_enhanced_correlator/src/enhanced_correlator.cpp:105]   --->   Operation 730 'load' 'acc_L_Q_load' <Predicate = true> <Delay = 0.00>
ST_122 : Operation 731 [4/5] (7.25ns)   --->   "%acc_E_I_1 = fadd i32 %acc_E_I_load, i32 %mul6" [vivado/ip_repo/gnss_enhanced_correlator/src/enhanced_correlator.cpp:100]   --->   Operation 731 'fadd' 'acc_E_I_1' <Predicate = true> <Delay = 7.25> <CoreInst = "FAddSub_fulldsp">   --->   Core 18 'FAddSub_fulldsp' <Latency = 4> <II = 1> <Delay = 7.25> <FuncUnit> <Opcode : 'fadd' 'fsub'> <InPorts = 2> <OutPorts = 1>
ST_122 : Operation 732 [4/5] (7.25ns)   --->   "%acc_E_Q_1 = fadd i32 %acc_E_Q_load, i32 %mul7" [vivado/ip_repo/gnss_enhanced_correlator/src/enhanced_correlator.cpp:101]   --->   Operation 732 'fadd' 'acc_E_Q_1' <Predicate = true> <Delay = 7.25> <CoreInst = "FAddSub_fulldsp">   --->   Core 18 'FAddSub_fulldsp' <Latency = 4> <II = 1> <Delay = 7.25> <FuncUnit> <Opcode : 'fadd' 'fsub'> <InPorts = 2> <OutPorts = 1>
ST_122 : Operation 733 [3/5] (7.25ns)   --->   "%acc_P_I_1 = fadd i32 %acc_P_I_load, i32 %mul8" [vivado/ip_repo/gnss_enhanced_correlator/src/enhanced_correlator.cpp:102]   --->   Operation 733 'fadd' 'acc_P_I_1' <Predicate = true> <Delay = 7.25> <CoreInst = "FAddSub_fulldsp">   --->   Core 18 'FAddSub_fulldsp' <Latency = 4> <II = 1> <Delay = 7.25> <FuncUnit> <Opcode : 'fadd' 'fsub'> <InPorts = 2> <OutPorts = 1>
ST_122 : Operation 734 [3/5] (7.25ns)   --->   "%acc_P_Q_1 = fadd i32 %acc_P_Q_load, i32 %mul9" [vivado/ip_repo/gnss_enhanced_correlator/src/enhanced_correlator.cpp:103]   --->   Operation 734 'fadd' 'acc_P_Q_1' <Predicate = true> <Delay = 7.25> <CoreInst = "FAddSub_fulldsp">   --->   Core 18 'FAddSub_fulldsp' <Latency = 4> <II = 1> <Delay = 7.25> <FuncUnit> <Opcode : 'fadd' 'fsub'> <InPorts = 2> <OutPorts = 1>
ST_122 : Operation 735 [5/5] (7.25ns)   --->   "%acc_L_I_1 = fadd i32 %acc_L_I_load, i32 %mul10" [vivado/ip_repo/gnss_enhanced_correlator/src/enhanced_correlator.cpp:104]   --->   Operation 735 'fadd' 'acc_L_I_1' <Predicate = true> <Delay = 7.25> <CoreInst = "FAddSub_fulldsp">   --->   Core 18 'FAddSub_fulldsp' <Latency = 4> <II = 1> <Delay = 7.25> <FuncUnit> <Opcode : 'fadd' 'fsub'> <InPorts = 2> <OutPorts = 1>
ST_122 : Operation 736 [5/5] (7.25ns)   --->   "%acc_L_Q_1 = fadd i32 %acc_L_Q_load, i32 %mul11" [vivado/ip_repo/gnss_enhanced_correlator/src/enhanced_correlator.cpp:105]   --->   Operation 736 'fadd' 'acc_L_Q_1' <Predicate = true> <Delay = 7.25> <CoreInst = "FAddSub_fulldsp">   --->   Core 18 'FAddSub_fulldsp' <Latency = 4> <II = 1> <Delay = 7.25> <FuncUnit> <Opcode : 'fadd' 'fsub'> <InPorts = 2> <OutPorts = 1>

State 123 <SV = 122> <Delay = 7.25>
ST_123 : Operation 737 [3/5] (7.25ns)   --->   "%acc_E_I_1 = fadd i32 %acc_E_I_load, i32 %mul6" [vivado/ip_repo/gnss_enhanced_correlator/src/enhanced_correlator.cpp:100]   --->   Operation 737 'fadd' 'acc_E_I_1' <Predicate = true> <Delay = 7.25> <CoreInst = "FAddSub_fulldsp">   --->   Core 18 'FAddSub_fulldsp' <Latency = 4> <II = 1> <Delay = 7.25> <FuncUnit> <Opcode : 'fadd' 'fsub'> <InPorts = 2> <OutPorts = 1>
ST_123 : Operation 738 [3/5] (7.25ns)   --->   "%acc_E_Q_1 = fadd i32 %acc_E_Q_load, i32 %mul7" [vivado/ip_repo/gnss_enhanced_correlator/src/enhanced_correlator.cpp:101]   --->   Operation 738 'fadd' 'acc_E_Q_1' <Predicate = true> <Delay = 7.25> <CoreInst = "FAddSub_fulldsp">   --->   Core 18 'FAddSub_fulldsp' <Latency = 4> <II = 1> <Delay = 7.25> <FuncUnit> <Opcode : 'fadd' 'fsub'> <InPorts = 2> <OutPorts = 1>
ST_123 : Operation 739 [2/5] (7.25ns)   --->   "%acc_P_I_1 = fadd i32 %acc_P_I_load, i32 %mul8" [vivado/ip_repo/gnss_enhanced_correlator/src/enhanced_correlator.cpp:102]   --->   Operation 739 'fadd' 'acc_P_I_1' <Predicate = true> <Delay = 7.25> <CoreInst = "FAddSub_fulldsp">   --->   Core 18 'FAddSub_fulldsp' <Latency = 4> <II = 1> <Delay = 7.25> <FuncUnit> <Opcode : 'fadd' 'fsub'> <InPorts = 2> <OutPorts = 1>
ST_123 : Operation 740 [2/5] (7.25ns)   --->   "%acc_P_Q_1 = fadd i32 %acc_P_Q_load, i32 %mul9" [vivado/ip_repo/gnss_enhanced_correlator/src/enhanced_correlator.cpp:103]   --->   Operation 740 'fadd' 'acc_P_Q_1' <Predicate = true> <Delay = 7.25> <CoreInst = "FAddSub_fulldsp">   --->   Core 18 'FAddSub_fulldsp' <Latency = 4> <II = 1> <Delay = 7.25> <FuncUnit> <Opcode : 'fadd' 'fsub'> <InPorts = 2> <OutPorts = 1>
ST_123 : Operation 741 [4/5] (7.25ns)   --->   "%acc_L_I_1 = fadd i32 %acc_L_I_load, i32 %mul10" [vivado/ip_repo/gnss_enhanced_correlator/src/enhanced_correlator.cpp:104]   --->   Operation 741 'fadd' 'acc_L_I_1' <Predicate = true> <Delay = 7.25> <CoreInst = "FAddSub_fulldsp">   --->   Core 18 'FAddSub_fulldsp' <Latency = 4> <II = 1> <Delay = 7.25> <FuncUnit> <Opcode : 'fadd' 'fsub'> <InPorts = 2> <OutPorts = 1>
ST_123 : Operation 742 [4/5] (7.25ns)   --->   "%acc_L_Q_1 = fadd i32 %acc_L_Q_load, i32 %mul11" [vivado/ip_repo/gnss_enhanced_correlator/src/enhanced_correlator.cpp:105]   --->   Operation 742 'fadd' 'acc_L_Q_1' <Predicate = true> <Delay = 7.25> <CoreInst = "FAddSub_fulldsp">   --->   Core 18 'FAddSub_fulldsp' <Latency = 4> <II = 1> <Delay = 7.25> <FuncUnit> <Opcode : 'fadd' 'fsub'> <InPorts = 2> <OutPorts = 1>

State 124 <SV = 123> <Delay = 7.25>
ST_124 : Operation 743 [2/5] (7.25ns)   --->   "%acc_E_I_1 = fadd i32 %acc_E_I_load, i32 %mul6" [vivado/ip_repo/gnss_enhanced_correlator/src/enhanced_correlator.cpp:100]   --->   Operation 743 'fadd' 'acc_E_I_1' <Predicate = true> <Delay = 7.25> <CoreInst = "FAddSub_fulldsp">   --->   Core 18 'FAddSub_fulldsp' <Latency = 4> <II = 1> <Delay = 7.25> <FuncUnit> <Opcode : 'fadd' 'fsub'> <InPorts = 2> <OutPorts = 1>
ST_124 : Operation 744 [2/5] (7.25ns)   --->   "%acc_E_Q_1 = fadd i32 %acc_E_Q_load, i32 %mul7" [vivado/ip_repo/gnss_enhanced_correlator/src/enhanced_correlator.cpp:101]   --->   Operation 744 'fadd' 'acc_E_Q_1' <Predicate = true> <Delay = 7.25> <CoreInst = "FAddSub_fulldsp">   --->   Core 18 'FAddSub_fulldsp' <Latency = 4> <II = 1> <Delay = 7.25> <FuncUnit> <Opcode : 'fadd' 'fsub'> <InPorts = 2> <OutPorts = 1>
ST_124 : Operation 745 [1/5] (7.25ns)   --->   "%acc_P_I_1 = fadd i32 %acc_P_I_load, i32 %mul8" [vivado/ip_repo/gnss_enhanced_correlator/src/enhanced_correlator.cpp:102]   --->   Operation 745 'fadd' 'acc_P_I_1' <Predicate = true> <Delay = 7.25> <CoreInst = "FAddSub_fulldsp">   --->   Core 18 'FAddSub_fulldsp' <Latency = 4> <II = 1> <Delay = 7.25> <FuncUnit> <Opcode : 'fadd' 'fsub'> <InPorts = 2> <OutPorts = 1>
ST_124 : Operation 746 [1/5] (7.25ns)   --->   "%acc_P_Q_1 = fadd i32 %acc_P_Q_load, i32 %mul9" [vivado/ip_repo/gnss_enhanced_correlator/src/enhanced_correlator.cpp:103]   --->   Operation 746 'fadd' 'acc_P_Q_1' <Predicate = true> <Delay = 7.25> <CoreInst = "FAddSub_fulldsp">   --->   Core 18 'FAddSub_fulldsp' <Latency = 4> <II = 1> <Delay = 7.25> <FuncUnit> <Opcode : 'fadd' 'fsub'> <InPorts = 2> <OutPorts = 1>
ST_124 : Operation 747 [3/5] (7.25ns)   --->   "%acc_L_I_1 = fadd i32 %acc_L_I_load, i32 %mul10" [vivado/ip_repo/gnss_enhanced_correlator/src/enhanced_correlator.cpp:104]   --->   Operation 747 'fadd' 'acc_L_I_1' <Predicate = true> <Delay = 7.25> <CoreInst = "FAddSub_fulldsp">   --->   Core 18 'FAddSub_fulldsp' <Latency = 4> <II = 1> <Delay = 7.25> <FuncUnit> <Opcode : 'fadd' 'fsub'> <InPorts = 2> <OutPorts = 1>
ST_124 : Operation 748 [3/5] (7.25ns)   --->   "%acc_L_Q_1 = fadd i32 %acc_L_Q_load, i32 %mul11" [vivado/ip_repo/gnss_enhanced_correlator/src/enhanced_correlator.cpp:105]   --->   Operation 748 'fadd' 'acc_L_Q_1' <Predicate = true> <Delay = 7.25> <CoreInst = "FAddSub_fulldsp">   --->   Core 18 'FAddSub_fulldsp' <Latency = 4> <II = 1> <Delay = 7.25> <FuncUnit> <Opcode : 'fadd' 'fsub'> <InPorts = 2> <OutPorts = 1>

State 125 <SV = 124> <Delay = 7.25>
ST_125 : Operation 749 [1/5] (7.25ns)   --->   "%acc_E_I_1 = fadd i32 %acc_E_I_load, i32 %mul6" [vivado/ip_repo/gnss_enhanced_correlator/src/enhanced_correlator.cpp:100]   --->   Operation 749 'fadd' 'acc_E_I_1' <Predicate = true> <Delay = 7.25> <CoreInst = "FAddSub_fulldsp">   --->   Core 18 'FAddSub_fulldsp' <Latency = 4> <II = 1> <Delay = 7.25> <FuncUnit> <Opcode : 'fadd' 'fsub'> <InPorts = 2> <OutPorts = 1>
ST_125 : Operation 750 [1/5] (7.25ns)   --->   "%acc_E_Q_1 = fadd i32 %acc_E_Q_load, i32 %mul7" [vivado/ip_repo/gnss_enhanced_correlator/src/enhanced_correlator.cpp:101]   --->   Operation 750 'fadd' 'acc_E_Q_1' <Predicate = true> <Delay = 7.25> <CoreInst = "FAddSub_fulldsp">   --->   Core 18 'FAddSub_fulldsp' <Latency = 4> <II = 1> <Delay = 7.25> <FuncUnit> <Opcode : 'fadd' 'fsub'> <InPorts = 2> <OutPorts = 1>
ST_125 : Operation 751 [2/5] (7.25ns)   --->   "%acc_L_I_1 = fadd i32 %acc_L_I_load, i32 %mul10" [vivado/ip_repo/gnss_enhanced_correlator/src/enhanced_correlator.cpp:104]   --->   Operation 751 'fadd' 'acc_L_I_1' <Predicate = true> <Delay = 7.25> <CoreInst = "FAddSub_fulldsp">   --->   Core 18 'FAddSub_fulldsp' <Latency = 4> <II = 1> <Delay = 7.25> <FuncUnit> <Opcode : 'fadd' 'fsub'> <InPorts = 2> <OutPorts = 1>
ST_125 : Operation 752 [2/5] (7.25ns)   --->   "%acc_L_Q_1 = fadd i32 %acc_L_Q_load, i32 %mul11" [vivado/ip_repo/gnss_enhanced_correlator/src/enhanced_correlator.cpp:105]   --->   Operation 752 'fadd' 'acc_L_Q_1' <Predicate = true> <Delay = 7.25> <CoreInst = "FAddSub_fulldsp">   --->   Core 18 'FAddSub_fulldsp' <Latency = 4> <II = 1> <Delay = 7.25> <FuncUnit> <Opcode : 'fadd' 'fsub'> <InPorts = 2> <OutPorts = 1>
ST_125 : Operation 753 [1/1] (1.58ns)   --->   "%store_ln54 = store i32 %acc_P_Q_1, i32 %acc_P_Q" [vivado/ip_repo/gnss_enhanced_correlator/src/enhanced_correlator.cpp:54]   --->   Operation 753 'store' 'store_ln54' <Predicate = true> <Delay = 1.58>
ST_125 : Operation 754 [1/1] (1.58ns)   --->   "%store_ln54 = store i32 %acc_P_I_1, i32 %acc_P_I" [vivado/ip_repo/gnss_enhanced_correlator/src/enhanced_correlator.cpp:54]   --->   Operation 754 'store' 'store_ln54' <Predicate = true> <Delay = 1.58>

State 126 <SV = 125> <Delay = 7.25>
ST_126 : Operation 755 [1/5] (7.25ns)   --->   "%acc_L_I_1 = fadd i32 %acc_L_I_load, i32 %mul10" [vivado/ip_repo/gnss_enhanced_correlator/src/enhanced_correlator.cpp:104]   --->   Operation 755 'fadd' 'acc_L_I_1' <Predicate = true> <Delay = 7.25> <CoreInst = "FAddSub_fulldsp">   --->   Core 18 'FAddSub_fulldsp' <Latency = 4> <II = 1> <Delay = 7.25> <FuncUnit> <Opcode : 'fadd' 'fsub'> <InPorts = 2> <OutPorts = 1>
ST_126 : Operation 756 [1/5] (7.25ns)   --->   "%acc_L_Q_1 = fadd i32 %acc_L_Q_load, i32 %mul11" [vivado/ip_repo/gnss_enhanced_correlator/src/enhanced_correlator.cpp:105]   --->   Operation 756 'fadd' 'acc_L_Q_1' <Predicate = true> <Delay = 7.25> <CoreInst = "FAddSub_fulldsp">   --->   Core 18 'FAddSub_fulldsp' <Latency = 4> <II = 1> <Delay = 7.25> <FuncUnit> <Opcode : 'fadd' 'fsub'> <InPorts = 2> <OutPorts = 1>
ST_126 : Operation 757 [1/1] (1.58ns)   --->   "%store_ln53 = store i32 %acc_E_Q_1, i32 %acc_E_Q" [vivado/ip_repo/gnss_enhanced_correlator/src/enhanced_correlator.cpp:53]   --->   Operation 757 'store' 'store_ln53' <Predicate = true> <Delay = 1.58>
ST_126 : Operation 758 [1/1] (1.58ns)   --->   "%store_ln53 = store i32 %acc_E_I_1, i32 %acc_E_I" [vivado/ip_repo/gnss_enhanced_correlator/src/enhanced_correlator.cpp:53]   --->   Operation 758 'store' 'store_ln53' <Predicate = true> <Delay = 1.58>

State 127 <SV = 126> <Delay = 1.58>
ST_127 : Operation 759 [1/1] (1.58ns)   --->   "%store_ln55 = store i32 %acc_L_Q_1, i32 %acc_L_Q" [vivado/ip_repo/gnss_enhanced_correlator/src/enhanced_correlator.cpp:55]   --->   Operation 759 'store' 'store_ln55' <Predicate = true> <Delay = 1.58>
ST_127 : Operation 760 [1/1] (1.58ns)   --->   "%store_ln55 = store i32 %acc_L_I_1, i32 %acc_L_I" [vivado/ip_repo/gnss_enhanced_correlator/src/enhanced_correlator.cpp:55]   --->   Operation 760 'store' 'store_ln55' <Predicate = true> <Delay = 1.58>
ST_127 : Operation 761 [1/1] (0.00ns)   --->   "%br_ln61 = br void %VITIS_LOOP_70_2" [vivado/ip_repo/gnss_enhanced_correlator/src/enhanced_correlator.cpp:61]   --->   Operation 761 'br' 'br_ln61' <Predicate = true> <Delay = 0.00>


============================================================
+ Verbose Summary: Timing violations
============================================================
Target clock period: 10.000ns, clock uncertainty: 2.700ns.

 <State 1>: 6.702ns
The critical path consists of the following:
	s_axi read operation ('carrier_freq_read', vivado/ip_repo/gnss_enhanced_correlator/src/enhanced_correlator.cpp:10) on port 'carrier_freq' (vivado/ip_repo/gnss_enhanced_correlator/src/enhanced_correlator.cpp:10) [94]  (1.000 ns)
	'fmul' operation 32 bit ('mul', vivado/ip_repo/gnss_enhanced_correlator/src/enhanced_correlator.cpp:48) [98]  (5.702 ns)

 <State 2>: 5.702ns
The critical path consists of the following:
	'fmul' operation 32 bit ('mul', vivado/ip_repo/gnss_enhanced_correlator/src/enhanced_correlator.cpp:48) [98]  (5.702 ns)

 <State 3>: 5.702ns
The critical path consists of the following:
	'fmul' operation 32 bit ('mul', vivado/ip_repo/gnss_enhanced_correlator/src/enhanced_correlator.cpp:48) [98]  (5.702 ns)

 <State 4>: 5.702ns
The critical path consists of the following:
	'fmul' operation 32 bit ('mul', vivado/ip_repo/gnss_enhanced_correlator/src/enhanced_correlator.cpp:48) [98]  (5.702 ns)

 <State 5>: 6.075ns
The critical path consists of the following:
	'fdiv' operation 32 bit ('carrier_phase_inc', vivado/ip_repo/gnss_enhanced_correlator/src/enhanced_correlator.cpp:48) [99]  (6.075 ns)

 <State 6>: 6.075ns
The critical path consists of the following:
	'fdiv' operation 32 bit ('carrier_phase_inc', vivado/ip_repo/gnss_enhanced_correlator/src/enhanced_correlator.cpp:48) [99]  (6.075 ns)

 <State 7>: 6.075ns
The critical path consists of the following:
	'fdiv' operation 32 bit ('carrier_phase_inc', vivado/ip_repo/gnss_enhanced_correlator/src/enhanced_correlator.cpp:48) [99]  (6.075 ns)

 <State 8>: 6.075ns
The critical path consists of the following:
	'fdiv' operation 32 bit ('carrier_phase_inc', vivado/ip_repo/gnss_enhanced_correlator/src/enhanced_correlator.cpp:48) [99]  (6.075 ns)

 <State 9>: 6.075ns
The critical path consists of the following:
	'fdiv' operation 32 bit ('carrier_phase_inc', vivado/ip_repo/gnss_enhanced_correlator/src/enhanced_correlator.cpp:48) [99]  (6.075 ns)

 <State 10>: 6.075ns
The critical path consists of the following:
	'fdiv' operation 32 bit ('carrier_phase_inc', vivado/ip_repo/gnss_enhanced_correlator/src/enhanced_correlator.cpp:48) [99]  (6.075 ns)

 <State 11>: 6.075ns
The critical path consists of the following:
	'fdiv' operation 32 bit ('carrier_phase_inc', vivado/ip_repo/gnss_enhanced_correlator/src/enhanced_correlator.cpp:48) [99]  (6.075 ns)

 <State 12>: 6.075ns
The critical path consists of the following:
	'fdiv' operation 32 bit ('carrier_phase_inc', vivado/ip_repo/gnss_enhanced_correlator/src/enhanced_correlator.cpp:48) [99]  (6.075 ns)

 <State 13>: 6.075ns
The critical path consists of the following:
	'fdiv' operation 32 bit ('carrier_phase_inc', vivado/ip_repo/gnss_enhanced_correlator/src/enhanced_correlator.cpp:48) [99]  (6.075 ns)

 <State 14>: 6.075ns
The critical path consists of the following:
	'fdiv' operation 32 bit ('carrier_phase_inc', vivado/ip_repo/gnss_enhanced_correlator/src/enhanced_correlator.cpp:48) [99]  (6.075 ns)

 <State 15>: 6.413ns
The critical path consists of the following:
	'sitofp' operation 32 bit ('conv', vivado/ip_repo/gnss_enhanced_correlator/src/enhanced_correlator.cpp:86) [103]  (6.413 ns)

 <State 16>: 6.413ns
The critical path consists of the following:
	'sitofp' operation 32 bit ('conv', vivado/ip_repo/gnss_enhanced_correlator/src/enhanced_correlator.cpp:86) [103]  (6.413 ns)

 <State 17>: 6.413ns
The critical path consists of the following:
	'sitofp' operation 32 bit ('conv', vivado/ip_repo/gnss_enhanced_correlator/src/enhanced_correlator.cpp:86) [103]  (6.413 ns)

 <State 18>: 6.413ns
The critical path consists of the following:
	'sitofp' operation 32 bit ('conv', vivado/ip_repo/gnss_enhanced_correlator/src/enhanced_correlator.cpp:86) [103]  (6.413 ns)

 <State 19>: 6.413ns
The critical path consists of the following:
	'sitofp' operation 32 bit ('conv', vivado/ip_repo/gnss_enhanced_correlator/src/enhanced_correlator.cpp:86) [103]  (6.413 ns)

 <State 20>: 6.413ns
The critical path consists of the following:
	'sitofp' operation 32 bit ('conv', vivado/ip_repo/gnss_enhanced_correlator/src/enhanced_correlator.cpp:86) [103]  (6.413 ns)

 <State 21>: 4.250ns
The critical path consists of the following:
	'icmp' operation 1 bit ('icmp_ln61_1', vivado/ip_repo/gnss_enhanced_correlator/src/enhanced_correlator.cpp:61) [426]  (2.552 ns)
	'select' operation 32 bit ('select_ln113', vivado/ip_repo/gnss_enhanced_correlator/src/enhanced_correlator.cpp:113) [433]  (0.698 ns)
	s_axi write operation ('write_ln113', vivado/ip_repo/gnss_enhanced_correlator/src/enhanced_correlator.cpp:113) on port 'corr_E_I' (vivado/ip_repo/gnss_enhanced_correlator/src/enhanced_correlator.cpp:113) [439]  (1.000 ns)

 <State 22>: 0.000ns
The critical path consists of the following:

 <State 23>: 0.000ns
The critical path consists of the following:

 <State 24>: 0.000ns
The critical path consists of the following:

 <State 25>: 0.000ns
The critical path consists of the following:

 <State 26>: 0.000ns
The critical path consists of the following:

 <State 27>: 0.000ns
The critical path consists of the following:

 <State 28>: 0.000ns
The critical path consists of the following:

 <State 29>: 7.300ns
The critical path consists of the following:
	bus request operation ('gmem0_load_req', vivado/ip_repo/gnss_enhanced_correlator/src/enhanced_correlator.cpp:65) on port 'gmem0' (vivado/ip_repo/gnss_enhanced_correlator/src/enhanced_correlator.cpp:65) [133]  (7.300 ns)

 <State 30>: 7.300ns
The critical path consists of the following:
	bus read operation ('gmem0_addr_read', vivado/ip_repo/gnss_enhanced_correlator/src/enhanced_correlator.cpp:65) on port 'gmem0' (vivado/ip_repo/gnss_enhanced_correlator/src/enhanced_correlator.cpp:65) [134]  (7.300 ns)

 <State 31>: 7.300ns
The critical path consists of the following:
	bus read operation ('gmem0_addr_1_read', vivado/ip_repo/gnss_enhanced_correlator/src/enhanced_correlator.cpp:66) on port 'gmem0' (vivado/ip_repo/gnss_enhanced_correlator/src/enhanced_correlator.cpp:66) [141]  (7.300 ns)

 <State 32>: 7.256ns
The critical path consists of the following:
	'phi' operation 32 bit ('phase') with incoming values : ('carrier_phase', vivado/ip_repo/gnss_enhanced_correlator/src/enhanced_correlator.cpp:108) ('phase', vivado/ip_repo/gnss_enhanced_correlator/src/enhanced_correlator.cpp:70) [155]  (0.000 ns)
	'fadd' operation 32 bit ('phase', vivado/ip_repo/gnss_enhanced_correlator/src/enhanced_correlator.cpp:70) [157]  (7.256 ns)

 <State 33>: 7.256ns
The critical path consists of the following:
	'fadd' operation 32 bit ('phase', vivado/ip_repo/gnss_enhanced_correlator/src/enhanced_correlator.cpp:70) [157]  (7.256 ns)

 <State 34>: 7.256ns
The critical path consists of the following:
	'fadd' operation 32 bit ('phase', vivado/ip_repo/gnss_enhanced_correlator/src/enhanced_correlator.cpp:70) [157]  (7.256 ns)

 <State 35>: 7.256ns
The critical path consists of the following:
	'fadd' operation 32 bit ('phase', vivado/ip_repo/gnss_enhanced_correlator/src/enhanced_correlator.cpp:70) [157]  (7.256 ns)

 <State 36>: 7.256ns
The critical path consists of the following:
	'fadd' operation 32 bit ('phase', vivado/ip_repo/gnss_enhanced_correlator/src/enhanced_correlator.cpp:70) [157]  (7.256 ns)

 <State 37>: 5.431ns
The critical path consists of the following:
	'fcmp' operation 1 bit ('tmp_3', vivado/ip_repo/gnss_enhanced_correlator/src/enhanced_correlator.cpp:70) [164]  (5.431 ns)

 <State 38>: 6.409ns
The critical path consists of the following:
	'fcmp' operation 1 bit ('tmp_3', vivado/ip_repo/gnss_enhanced_correlator/src/enhanced_correlator.cpp:70) [164]  (5.431 ns)
	'and' operation 1 bit ('and_ln70_1', vivado/ip_repo/gnss_enhanced_correlator/src/enhanced_correlator.cpp:70) [165]  (0.978 ns)

 <State 39>: 7.019ns
The critical path consists of the following:
	multiplexor before 'phi' operation 32 bit ('carrier_phase') with incoming values : ('carrier_phase', vivado/ip_repo/gnss_enhanced_correlator/src/enhanced_correlator.cpp:108) ('phase', vivado/ip_repo/gnss_enhanced_correlator/src/enhanced_correlator.cpp:70) [170]  (1.588 ns)
	'br' operation ('br_ln0') [168]  (1.588 ns)
	'phi' operation 32 bit ('carrier_phase') with incoming values : ('carrier_phase', vivado/ip_repo/gnss_enhanced_correlator/src/enhanced_correlator.cpp:108) ('phase', vivado/ip_repo/gnss_enhanced_correlator/src/enhanced_correlator.cpp:70) [170]  (0.000 ns)
	'fcmp' operation 1 bit ('tmp_5', vivado/ip_repo/gnss_enhanced_correlator/src/enhanced_correlator.cpp:71) [177]  (5.431 ns)

 <State 40>: 5.431ns
The critical path consists of the following:
	'fcmp' operation 1 bit ('tmp_5', vivado/ip_repo/gnss_enhanced_correlator/src/enhanced_correlator.cpp:71) [177]  (5.431 ns)

 <State 41>: 4.851ns
The critical path consists of the following:
	'icmp' operation 1 bit ('icmp_ln71_1', vivado/ip_repo/gnss_enhanced_correlator/src/enhanced_correlator.cpp:71) [175]  (2.285 ns)
	'or' operation 1 bit ('or_ln71', vivado/ip_repo/gnss_enhanced_correlator/src/enhanced_correlator.cpp:71) [176]  (0.000 ns)
	'and' operation 1 bit ('and_ln71', vivado/ip_repo/gnss_enhanced_correlator/src/enhanced_correlator.cpp:71) [178]  (0.978 ns)
	multiplexor before 'phi' operation 32 bit ('phase') with incoming values : ('carrier_phase', vivado/ip_repo/gnss_enhanced_correlator/src/enhanced_correlator.cpp:108) ('phase', vivado/ip_repo/gnss_enhanced_correlator/src/enhanced_correlator.cpp:70) ('phase', vivado/ip_repo/gnss_enhanced_correlator/src/enhanced_correlator.cpp:71) [198]  (1.588 ns)
	'br' operation ('br_ln71', vivado/ip_repo/gnss_enhanced_correlator/src/enhanced_correlator.cpp:71) [179]  (1.588 ns)

 <State 42>: 7.256ns
The critical path consists of the following:
	'phi' operation 32 bit ('phase') with incoming values : ('carrier_phase', vivado/ip_repo/gnss_enhanced_correlator/src/enhanced_correlator.cpp:108) ('phase', vivado/ip_repo/gnss_enhanced_correlator/src/enhanced_correlator.cpp:70) ('phase', vivado/ip_repo/gnss_enhanced_correlator/src/enhanced_correlator.cpp:71) [183]  (0.000 ns)
	'fadd' operation 32 bit ('phase', vivado/ip_repo/gnss_enhanced_correlator/src/enhanced_correlator.cpp:71) [185]  (7.256 ns)

 <State 43>: 7.256ns
The critical path consists of the following:
	'fadd' operation 32 bit ('phase', vivado/ip_repo/gnss_enhanced_correlator/src/enhanced_correlator.cpp:71) [185]  (7.256 ns)

 <State 44>: 7.256ns
The critical path consists of the following:
	'fadd' operation 32 bit ('phase', vivado/ip_repo/gnss_enhanced_correlator/src/enhanced_correlator.cpp:71) [185]  (7.256 ns)

 <State 45>: 7.256ns
The critical path consists of the following:
	'fadd' operation 32 bit ('phase', vivado/ip_repo/gnss_enhanced_correlator/src/enhanced_correlator.cpp:71) [185]  (7.256 ns)

 <State 46>: 7.256ns
The critical path consists of the following:
	'fadd' operation 32 bit ('phase', vivado/ip_repo/gnss_enhanced_correlator/src/enhanced_correlator.cpp:71) [185]  (7.256 ns)

 <State 47>: 5.431ns
The critical path consists of the following:
	'fcmp' operation 1 bit ('tmp_7', vivado/ip_repo/gnss_enhanced_correlator/src/enhanced_correlator.cpp:71) [192]  (5.431 ns)

 <State 48>: 6.409ns
The critical path consists of the following:
	'fcmp' operation 1 bit ('tmp_7', vivado/ip_repo/gnss_enhanced_correlator/src/enhanced_correlator.cpp:71) [192]  (5.431 ns)
	'and' operation 1 bit ('and_ln71_1', vivado/ip_repo/gnss_enhanced_correlator/src/enhanced_correlator.cpp:71) [193]  (0.978 ns)

 <State 49>: 7.054ns
The critical path consists of the following:
	multiplexor before 'phi' operation 32 bit ('phase') with incoming values : ('carrier_phase', vivado/ip_repo/gnss_enhanced_correlator/src/enhanced_correlator.cpp:108) ('phase', vivado/ip_repo/gnss_enhanced_correlator/src/enhanced_correlator.cpp:70) ('phase', vivado/ip_repo/gnss_enhanced_correlator/src/enhanced_correlator.cpp:71) [198]  (1.588 ns)
	'br' operation ('br_ln0') [196]  (1.588 ns)
	'phi' operation 32 bit ('phase') with incoming values : ('carrier_phase', vivado/ip_repo/gnss_enhanced_correlator/src/enhanced_correlator.cpp:108) ('phase', vivado/ip_repo/gnss_enhanced_correlator/src/enhanced_correlator.cpp:70) ('phase', vivado/ip_repo/gnss_enhanced_correlator/src/enhanced_correlator.cpp:71) [198]  (0.000 ns)
	'call' operation 32 bit ('cos_val', /wrk/ci/prod/2025.2/hls_product/continuous/666/2025.2/src/shared/hls/clib/hlsmath/src/common/hls_hotbm_float.cpp:127->/wrk/ci/prod/2025.2/hls_product/continuous/666/2025.2/src/shared/hls/clib/hlsmath/src/c/sincosfloat.cpp:12->vivado/ip_repo/gnss_enhanced_correlator/src/enhanced_correlator.cpp:73) to 'sin_or_cos<float>' [199]  (5.466 ns)

 <State 50>: 7.139ns
The critical path consists of the following:
	'call' operation 32 bit ('cos_val', /wrk/ci/prod/2025.2/hls_product/continuous/666/2025.2/src/shared/hls/clib/hlsmath/src/common/hls_hotbm_float.cpp:127->/wrk/ci/prod/2025.2/hls_product/continuous/666/2025.2/src/shared/hls/clib/hlsmath/src/c/sincosfloat.cpp:12->vivado/ip_repo/gnss_enhanced_correlator/src/enhanced_correlator.cpp:73) to 'sin_or_cos<float>' [199]  (7.139 ns)

 <State 51>: 7.139ns
The critical path consists of the following:
	'call' operation 32 bit ('cos_val', /wrk/ci/prod/2025.2/hls_product/continuous/666/2025.2/src/shared/hls/clib/hlsmath/src/common/hls_hotbm_float.cpp:127->/wrk/ci/prod/2025.2/hls_product/continuous/666/2025.2/src/shared/hls/clib/hlsmath/src/c/sincosfloat.cpp:12->vivado/ip_repo/gnss_enhanced_correlator/src/enhanced_correlator.cpp:73) to 'sin_or_cos<float>' [199]  (7.139 ns)

 <State 52>: 7.139ns
The critical path consists of the following:
	'call' operation 32 bit ('cos_val', /wrk/ci/prod/2025.2/hls_product/continuous/666/2025.2/src/shared/hls/clib/hlsmath/src/common/hls_hotbm_float.cpp:127->/wrk/ci/prod/2025.2/hls_product/continuous/666/2025.2/src/shared/hls/clib/hlsmath/src/c/sincosfloat.cpp:12->vivado/ip_repo/gnss_enhanced_correlator/src/enhanced_correlator.cpp:73) to 'sin_or_cos<float>' [199]  (7.139 ns)

 <State 53>: 7.139ns
The critical path consists of the following:
	'call' operation 32 bit ('cos_val', /wrk/ci/prod/2025.2/hls_product/continuous/666/2025.2/src/shared/hls/clib/hlsmath/src/common/hls_hotbm_float.cpp:127->/wrk/ci/prod/2025.2/hls_product/continuous/666/2025.2/src/shared/hls/clib/hlsmath/src/c/sincosfloat.cpp:12->vivado/ip_repo/gnss_enhanced_correlator/src/enhanced_correlator.cpp:73) to 'sin_or_cos<float>' [199]  (7.139 ns)

 <State 54>: 7.139ns
The critical path consists of the following:
	'call' operation 32 bit ('cos_val', /wrk/ci/prod/2025.2/hls_product/continuous/666/2025.2/src/shared/hls/clib/hlsmath/src/common/hls_hotbm_float.cpp:127->/wrk/ci/prod/2025.2/hls_product/continuous/666/2025.2/src/shared/hls/clib/hlsmath/src/c/sincosfloat.cpp:12->vivado/ip_repo/gnss_enhanced_correlator/src/enhanced_correlator.cpp:73) to 'sin_or_cos<float>' [199]  (7.139 ns)

 <State 55>: 7.139ns
The critical path consists of the following:
	'call' operation 32 bit ('cos_val', /wrk/ci/prod/2025.2/hls_product/continuous/666/2025.2/src/shared/hls/clib/hlsmath/src/common/hls_hotbm_float.cpp:127->/wrk/ci/prod/2025.2/hls_product/continuous/666/2025.2/src/shared/hls/clib/hlsmath/src/c/sincosfloat.cpp:12->vivado/ip_repo/gnss_enhanced_correlator/src/enhanced_correlator.cpp:73) to 'sin_or_cos<float>' [199]  (7.139 ns)

 <State 56>: 7.139ns
The critical path consists of the following:
	'call' operation 32 bit ('cos_val', /wrk/ci/prod/2025.2/hls_product/continuous/666/2025.2/src/shared/hls/clib/hlsmath/src/common/hls_hotbm_float.cpp:127->/wrk/ci/prod/2025.2/hls_product/continuous/666/2025.2/src/shared/hls/clib/hlsmath/src/c/sincosfloat.cpp:12->vivado/ip_repo/gnss_enhanced_correlator/src/enhanced_correlator.cpp:73) to 'sin_or_cos<float>' [199]  (7.139 ns)

 <State 57>: 7.139ns
The critical path consists of the following:
	'call' operation 32 bit ('cos_val', /wrk/ci/prod/2025.2/hls_product/continuous/666/2025.2/src/shared/hls/clib/hlsmath/src/common/hls_hotbm_float.cpp:127->/wrk/ci/prod/2025.2/hls_product/continuous/666/2025.2/src/shared/hls/clib/hlsmath/src/c/sincosfloat.cpp:12->vivado/ip_repo/gnss_enhanced_correlator/src/enhanced_correlator.cpp:73) to 'sin_or_cos<float>' [199]  (7.139 ns)

 <State 58>: 7.139ns
The critical path consists of the following:
	'call' operation 32 bit ('cos_val', /wrk/ci/prod/2025.2/hls_product/continuous/666/2025.2/src/shared/hls/clib/hlsmath/src/common/hls_hotbm_float.cpp:127->/wrk/ci/prod/2025.2/hls_product/continuous/666/2025.2/src/shared/hls/clib/hlsmath/src/c/sincosfloat.cpp:12->vivado/ip_repo/gnss_enhanced_correlator/src/enhanced_correlator.cpp:73) to 'sin_or_cos<float>' [199]  (7.139 ns)

 <State 59>: 7.139ns
The critical path consists of the following:
	'call' operation 32 bit ('cos_val', /wrk/ci/prod/2025.2/hls_product/continuous/666/2025.2/src/shared/hls/clib/hlsmath/src/common/hls_hotbm_float.cpp:127->/wrk/ci/prod/2025.2/hls_product/continuous/666/2025.2/src/shared/hls/clib/hlsmath/src/c/sincosfloat.cpp:12->vivado/ip_repo/gnss_enhanced_correlator/src/enhanced_correlator.cpp:73) to 'sin_or_cos<float>' [199]  (7.139 ns)

 <State 60>: 7.139ns
The critical path consists of the following:
	'call' operation 32 bit ('cos_val', /wrk/ci/prod/2025.2/hls_product/continuous/666/2025.2/src/shared/hls/clib/hlsmath/src/common/hls_hotbm_float.cpp:127->/wrk/ci/prod/2025.2/hls_product/continuous/666/2025.2/src/shared/hls/clib/hlsmath/src/c/sincosfloat.cpp:12->vivado/ip_repo/gnss_enhanced_correlator/src/enhanced_correlator.cpp:73) to 'sin_or_cos<float>' [199]  (7.139 ns)

 <State 61>: 7.139ns
The critical path consists of the following:
	'call' operation 32 bit ('cos_val', /wrk/ci/prod/2025.2/hls_product/continuous/666/2025.2/src/shared/hls/clib/hlsmath/src/common/hls_hotbm_float.cpp:127->/wrk/ci/prod/2025.2/hls_product/continuous/666/2025.2/src/shared/hls/clib/hlsmath/src/c/sincosfloat.cpp:12->vivado/ip_repo/gnss_enhanced_correlator/src/enhanced_correlator.cpp:73) to 'sin_or_cos<float>' [199]  (7.139 ns)

 <State 62>: 7.139ns
The critical path consists of the following:
	'call' operation 32 bit ('cos_val', /wrk/ci/prod/2025.2/hls_product/continuous/666/2025.2/src/shared/hls/clib/hlsmath/src/common/hls_hotbm_float.cpp:127->/wrk/ci/prod/2025.2/hls_product/continuous/666/2025.2/src/shared/hls/clib/hlsmath/src/c/sincosfloat.cpp:12->vivado/ip_repo/gnss_enhanced_correlator/src/enhanced_correlator.cpp:73) to 'sin_or_cos<float>' [199]  (7.139 ns)

 <State 63>: 7.139ns
The critical path consists of the following:
	'call' operation 32 bit ('cos_val', /wrk/ci/prod/2025.2/hls_product/continuous/666/2025.2/src/shared/hls/clib/hlsmath/src/common/hls_hotbm_float.cpp:127->/wrk/ci/prod/2025.2/hls_product/continuous/666/2025.2/src/shared/hls/clib/hlsmath/src/c/sincosfloat.cpp:12->vivado/ip_repo/gnss_enhanced_correlator/src/enhanced_correlator.cpp:73) to 'sin_or_cos<float>' [199]  (7.139 ns)

 <State 64>: 7.139ns
The critical path consists of the following:
	'call' operation 32 bit ('cos_val', /wrk/ci/prod/2025.2/hls_product/continuous/666/2025.2/src/shared/hls/clib/hlsmath/src/common/hls_hotbm_float.cpp:127->/wrk/ci/prod/2025.2/hls_product/continuous/666/2025.2/src/shared/hls/clib/hlsmath/src/c/sincosfloat.cpp:12->vivado/ip_repo/gnss_enhanced_correlator/src/enhanced_correlator.cpp:73) to 'sin_or_cos<float>' [199]  (7.139 ns)

 <State 65>: 7.139ns
The critical path consists of the following:
	'call' operation 32 bit ('cos_val', /wrk/ci/prod/2025.2/hls_product/continuous/666/2025.2/src/shared/hls/clib/hlsmath/src/common/hls_hotbm_float.cpp:127->/wrk/ci/prod/2025.2/hls_product/continuous/666/2025.2/src/shared/hls/clib/hlsmath/src/c/sincosfloat.cpp:12->vivado/ip_repo/gnss_enhanced_correlator/src/enhanced_correlator.cpp:73) to 'sin_or_cos<float>' [199]  (7.139 ns)

 <State 66>: 7.139ns
The critical path consists of the following:
	'call' operation 32 bit ('cos_val', /wrk/ci/prod/2025.2/hls_product/continuous/666/2025.2/src/shared/hls/clib/hlsmath/src/common/hls_hotbm_float.cpp:127->/wrk/ci/prod/2025.2/hls_product/continuous/666/2025.2/src/shared/hls/clib/hlsmath/src/c/sincosfloat.cpp:12->vivado/ip_repo/gnss_enhanced_correlator/src/enhanced_correlator.cpp:73) to 'sin_or_cos<float>' [199]  (7.139 ns)

 <State 67>: 7.139ns
The critical path consists of the following:
	'call' operation 32 bit ('cos_val', /wrk/ci/prod/2025.2/hls_product/continuous/666/2025.2/src/shared/hls/clib/hlsmath/src/common/hls_hotbm_float.cpp:127->/wrk/ci/prod/2025.2/hls_product/continuous/666/2025.2/src/shared/hls/clib/hlsmath/src/c/sincosfloat.cpp:12->vivado/ip_repo/gnss_enhanced_correlator/src/enhanced_correlator.cpp:73) to 'sin_or_cos<float>' [199]  (7.139 ns)

 <State 68>: 5.702ns
The critical path consists of the following:
	'fmul' operation 32 bit ('mul1', vivado/ip_repo/gnss_enhanced_correlator/src/enhanced_correlator.cpp:77) [201]  (5.702 ns)

 <State 69>: 7.256ns
The critical path consists of the following:
	'fsub' operation 32 bit ('early_phase', vivado/ip_repo/gnss_enhanced_correlator/src/enhanced_correlator.cpp:82) [207]  (7.256 ns)

 <State 70>: 7.256ns
The critical path consists of the following:
	'fsub' operation 32 bit ('early_phase', vivado/ip_repo/gnss_enhanced_correlator/src/enhanced_correlator.cpp:82) [207]  (7.256 ns)

 <State 71>: 7.256ns
The critical path consists of the following:
	'fsub' operation 32 bit ('early_phase', vivado/ip_repo/gnss_enhanced_correlator/src/enhanced_correlator.cpp:82) [207]  (7.256 ns)

 <State 72>: 7.256ns
The critical path consists of the following:
	'fsub' operation 32 bit ('mixed_I', vivado/ip_repo/gnss_enhanced_correlator/src/enhanced_correlator.cpp:77) [203]  (7.256 ns)

 <State 73>: 7.256ns
The critical path consists of the following:
	'fsub' operation 32 bit ('mixed_I', vivado/ip_repo/gnss_enhanced_correlator/src/enhanced_correlator.cpp:77) [203]  (7.256 ns)

 <State 74>: 7.256ns
The critical path consists of the following:
	'fsub' operation 32 bit ('mixed_I', vivado/ip_repo/gnss_enhanced_correlator/src/enhanced_correlator.cpp:77) [203]  (7.256 ns)

 <State 75>: 7.256ns
The critical path consists of the following:
	'fsub' operation 32 bit ('mixed_I', vivado/ip_repo/gnss_enhanced_correlator/src/enhanced_correlator.cpp:77) [203]  (7.256 ns)

 <State 76>: 7.256ns
The critical path consists of the following:
	'fsub' operation 32 bit ('mixed_I', vivado/ip_repo/gnss_enhanced_correlator/src/enhanced_correlator.cpp:77) [203]  (7.256 ns)

 <State 77>: 7.256ns
The critical path consists of the following:
	'phi' operation 32 bit ('early_phase') with incoming values : ('early_phase', vivado/ip_repo/gnss_enhanced_correlator/src/enhanced_correlator.cpp:82) ('early_phase', vivado/ip_repo/gnss_enhanced_correlator/src/enhanced_correlator.cpp:86) [221]  (0.000 ns)
	'fadd' operation 32 bit ('early_phase', vivado/ip_repo/gnss_enhanced_correlator/src/enhanced_correlator.cpp:86) [223]  (7.256 ns)

 <State 78>: 7.256ns
The critical path consists of the following:
	'fadd' operation 32 bit ('early_phase', vivado/ip_repo/gnss_enhanced_correlator/src/enhanced_correlator.cpp:86) [223]  (7.256 ns)

 <State 79>: 7.256ns
The critical path consists of the following:
	'fadd' operation 32 bit ('early_phase', vivado/ip_repo/gnss_enhanced_correlator/src/enhanced_correlator.cpp:86) [223]  (7.256 ns)

 <State 80>: 7.256ns
The critical path consists of the following:
	'fadd' operation 32 bit ('early_phase', vivado/ip_repo/gnss_enhanced_correlator/src/enhanced_correlator.cpp:86) [223]  (7.256 ns)

 <State 81>: 7.256ns
The critical path consists of the following:
	'fadd' operation 32 bit ('early_phase', vivado/ip_repo/gnss_enhanced_correlator/src/enhanced_correlator.cpp:86) [223]  (7.256 ns)

 <State 82>: 5.431ns
The critical path consists of the following:
	'fcmp' operation 1 bit ('tmp_10', vivado/ip_repo/gnss_enhanced_correlator/src/enhanced_correlator.cpp:86) [230]  (5.431 ns)

 <State 83>: 6.409ns
The critical path consists of the following:
	'fcmp' operation 1 bit ('tmp_10', vivado/ip_repo/gnss_enhanced_correlator/src/enhanced_correlator.cpp:86) [230]  (5.431 ns)
	'and' operation 1 bit ('and_ln86_1', vivado/ip_repo/gnss_enhanced_correlator/src/enhanced_correlator.cpp:86) [231]  (0.978 ns)

 <State 84>: 5.431ns
The critical path consists of the following:
	'fcmp' operation 1 bit ('tmp_13', vivado/ip_repo/gnss_enhanced_correlator/src/enhanced_correlator.cpp:87) [248]  (5.431 ns)

 <State 85>: 6.409ns
The critical path consists of the following:
	'fcmp' operation 1 bit ('tmp_13', vivado/ip_repo/gnss_enhanced_correlator/src/enhanced_correlator.cpp:87) [248]  (5.431 ns)
	'and' operation 1 bit ('and_ln87_1', vivado/ip_repo/gnss_enhanced_correlator/src/enhanced_correlator.cpp:87) [249]  (0.978 ns)

 <State 86>: 1.588ns
The critical path consists of the following:
	multiplexor before 'phi' operation 32 bit ('late_phase') with incoming values : ('late_phase', vivado/ip_repo/gnss_enhanced_correlator/src/enhanced_correlator.cpp:83) ('late_phase', vivado/ip_repo/gnss_enhanced_correlator/src/enhanced_correlator.cpp:87) [254]  (1.588 ns)
	'br' operation ('br_ln87', vivado/ip_repo/gnss_enhanced_correlator/src/enhanced_correlator.cpp:87) [252]  (1.588 ns)

 <State 87>: 7.256ns
The critical path consists of the following:
	'phi' operation 32 bit ('late_phase') with incoming values : ('late_phase', vivado/ip_repo/gnss_enhanced_correlator/src/enhanced_correlator.cpp:83) ('late_phase', vivado/ip_repo/gnss_enhanced_correlator/src/enhanced_correlator.cpp:87) [254]  (0.000 ns)
	'fsub' operation 32 bit ('late_phase', vivado/ip_repo/gnss_enhanced_correlator/src/enhanced_correlator.cpp:87) [256]  (7.256 ns)

 <State 88>: 7.256ns
The critical path consists of the following:
	'fsub' operation 32 bit ('late_phase', vivado/ip_repo/gnss_enhanced_correlator/src/enhanced_correlator.cpp:87) [256]  (7.256 ns)

 <State 89>: 7.256ns
The critical path consists of the following:
	'fsub' operation 32 bit ('late_phase', vivado/ip_repo/gnss_enhanced_correlator/src/enhanced_correlator.cpp:87) [256]  (7.256 ns)

 <State 90>: 7.256ns
The critical path consists of the following:
	'fsub' operation 32 bit ('late_phase', vivado/ip_repo/gnss_enhanced_correlator/src/enhanced_correlator.cpp:87) [256]  (7.256 ns)

 <State 91>: 7.256ns
The critical path consists of the following:
	'fsub' operation 32 bit ('late_phase', vivado/ip_repo/gnss_enhanced_correlator/src/enhanced_correlator.cpp:87) [256]  (7.256 ns)

 <State 92>: 5.431ns
The critical path consists of the following:
	'fcmp' operation 1 bit ('tmp_15', vivado/ip_repo/gnss_enhanced_correlator/src/enhanced_correlator.cpp:87) [263]  (5.431 ns)

 <State 93>: 6.409ns
The critical path consists of the following:
	'fcmp' operation 1 bit ('tmp_15', vivado/ip_repo/gnss_enhanced_correlator/src/enhanced_correlator.cpp:87) [263]  (5.431 ns)
	'and' operation 1 bit ('and_ln87_2', vivado/ip_repo/gnss_enhanced_correlator/src/enhanced_correlator.cpp:87) [264]  (0.978 ns)

 <State 94>: 5.431ns
The critical path consists of the following:
	'fcmp' operation 1 bit ('tmp_17', vivado/ip_repo/gnss_enhanced_correlator/src/enhanced_correlator.cpp:88) [277]  (5.431 ns)

 <State 95>: 6.409ns
The critical path consists of the following:
	'fcmp' operation 1 bit ('tmp_17', vivado/ip_repo/gnss_enhanced_correlator/src/enhanced_correlator.cpp:88) [277]  (5.431 ns)
	'and' operation 1 bit ('and_ln88_1', vivado/ip_repo/gnss_enhanced_correlator/src/enhanced_correlator.cpp:88) [278]  (0.978 ns)

 <State 96>: 1.588ns
The critical path consists of the following:
	multiplexor before 'phi' operation 32 bit ('prompt_phase') with incoming values : ('code_phase', vivado/ip_repo/gnss_enhanced_correlator/src/enhanced_correlator.cpp:109) ('prompt_phase', vivado/ip_repo/gnss_enhanced_correlator/src/enhanced_correlator.cpp:88) [283]  (1.588 ns)
	'br' operation ('br_ln88', vivado/ip_repo/gnss_enhanced_correlator/src/enhanced_correlator.cpp:88) [281]  (1.588 ns)

 <State 97>: 7.256ns
The critical path consists of the following:
	'phi' operation 32 bit ('prompt_phase') with incoming values : ('code_phase', vivado/ip_repo/gnss_enhanced_correlator/src/enhanced_correlator.cpp:109) ('prompt_phase', vivado/ip_repo/gnss_enhanced_correlator/src/enhanced_correlator.cpp:88) [283]  (0.000 ns)
	'fsub' operation 32 bit ('prompt_phase', vivado/ip_repo/gnss_enhanced_correlator/src/enhanced_correlator.cpp:88) [285]  (7.256 ns)

 <State 98>: 7.256ns
The critical path consists of the following:
	'fsub' operation 32 bit ('prompt_phase', vivado/ip_repo/gnss_enhanced_correlator/src/enhanced_correlator.cpp:88) [285]  (7.256 ns)

 <State 99>: 7.256ns
The critical path consists of the following:
	'fsub' operation 32 bit ('prompt_phase', vivado/ip_repo/gnss_enhanced_correlator/src/enhanced_correlator.cpp:88) [285]  (7.256 ns)

 <State 100>: 7.256ns
The critical path consists of the following:
	'fsub' operation 32 bit ('prompt_phase', vivado/ip_repo/gnss_enhanced_correlator/src/enhanced_correlator.cpp:88) [285]  (7.256 ns)

 <State 101>: 7.256ns
The critical path consists of the following:
	'fsub' operation 32 bit ('prompt_phase', vivado/ip_repo/gnss_enhanced_correlator/src/enhanced_correlator.cpp:88) [285]  (7.256 ns)

 <State 102>: 5.431ns
The critical path consists of the following:
	'fcmp' operation 1 bit ('tmp_19', vivado/ip_repo/gnss_enhanced_correlator/src/enhanced_correlator.cpp:88) [292]  (5.431 ns)

 <State 103>: 6.409ns
The critical path consists of the following:
	'fcmp' operation 1 bit ('tmp_19', vivado/ip_repo/gnss_enhanced_correlator/src/enhanced_correlator.cpp:88) [292]  (5.431 ns)
	'and' operation 1 bit ('and_ln88_2', vivado/ip_repo/gnss_enhanced_correlator/src/enhanced_correlator.cpp:88) [293]  (0.978 ns)

 <State 104>: 7.256ns
The critical path consists of the following:
	'fadd' operation 32 bit ('carrier_phase', vivado/ip_repo/gnss_enhanced_correlator/src/enhanced_correlator.cpp:108) [407]  (7.256 ns)

 <State 105>: 7.256ns
The critical path consists of the following:
	'fadd' operation 32 bit ('carrier_phase', vivado/ip_repo/gnss_enhanced_correlator/src/enhanced_correlator.cpp:108) [407]  (7.256 ns)

 <State 106>: 7.256ns
The critical path consists of the following:
	'fadd' operation 32 bit ('carrier_phase', vivado/ip_repo/gnss_enhanced_correlator/src/enhanced_correlator.cpp:108) [407]  (7.256 ns)

 <State 107>: 7.256ns
The critical path consists of the following:
	'fadd' operation 32 bit ('carrier_phase', vivado/ip_repo/gnss_enhanced_correlator/src/enhanced_correlator.cpp:108) [407]  (7.256 ns)

 <State 108>: 7.256ns
The critical path consists of the following:
	'fadd' operation 32 bit ('carrier_phase', vivado/ip_repo/gnss_enhanced_correlator/src/enhanced_correlator.cpp:108) [407]  (7.256 ns)

 <State 109>: 1.588ns
The critical path consists of the following:
	'store' operation ('store_ln81', vivado/ip_repo/gnss_enhanced_correlator/src/enhanced_correlator.cpp:81) of variable 'code_phase', vivado/ip_repo/gnss_enhanced_correlator/src/enhanced_correlator.cpp:109 32 bit on local variable 'prompt_phase', vivado/ip_repo/gnss_enhanced_correlator/src/enhanced_correlator.cpp:81 [409]  (1.588 ns)

 <State 110>: 0.000ns
The critical path consists of the following:

 <State 111>: 0.000ns
The critical path consists of the following:

 <State 112>: 0.000ns
The critical path consists of the following:

 <State 113>: 0.000ns
The critical path consists of the following:

 <State 114>: 7.300ns
The critical path consists of the following:
	bus request operation ('gmem1_load_req', vivado/ip_repo/gnss_enhanced_correlator/src/enhanced_correlator.cpp:95) on port 'gmem1' (vivado/ip_repo/gnss_enhanced_correlator/src/enhanced_correlator.cpp:95) [372]  (7.300 ns)

 <State 115>: 7.300ns
The critical path consists of the following:
	bus read operation ('gmem1_addr_read', vivado/ip_repo/gnss_enhanced_correlator/src/enhanced_correlator.cpp:95) on port 'gmem1' (vivado/ip_repo/gnss_enhanced_correlator/src/enhanced_correlator.cpp:95) [373]  (7.300 ns)

 <State 116>: 7.300ns
The critical path consists of the following:
	bus read operation ('gmem1_addr_1_read', vivado/ip_repo/gnss_enhanced_correlator/src/enhanced_correlator.cpp:96) on port 'gmem1' (vivado/ip_repo/gnss_enhanced_correlator/src/enhanced_correlator.cpp:96) [383]  (7.300 ns)

 <State 117>: 7.300ns
The critical path consists of the following:
	bus read operation ('gmem1_addr_2_read', vivado/ip_repo/gnss_enhanced_correlator/src/enhanced_correlator.cpp:97) on port 'gmem1' (vivado/ip_repo/gnss_enhanced_correlator/src/enhanced_correlator.cpp:97) [393]  (7.300 ns)

 <State 118>: 5.702ns
The critical path consists of the following:
	'fmul' operation 32 bit ('mul6', vivado/ip_repo/gnss_enhanced_correlator/src/enhanced_correlator.cpp:100) [395]  (5.702 ns)

 <State 119>: 5.702ns
The critical path consists of the following:
	'fmul' operation 32 bit ('mul6', vivado/ip_repo/gnss_enhanced_correlator/src/enhanced_correlator.cpp:100) [395]  (5.702 ns)

 <State 120>: 7.256ns
The critical path consists of the following:
	'load' operation 32 bit ('acc_P_I_load', vivado/ip_repo/gnss_enhanced_correlator/src/enhanced_correlator.cpp:102) on local variable 'acc_P_I', vivado/ip_repo/gnss_enhanced_correlator/src/enhanced_correlator.cpp:54 [301]  (0.000 ns)
	'fadd' operation 32 bit ('acc_P_I', vivado/ip_repo/gnss_enhanced_correlator/src/enhanced_correlator.cpp:102) [400]  (7.256 ns)

 <State 121>: 7.256ns
The critical path consists of the following:
	'load' operation 32 bit ('acc_E_I_load', vivado/ip_repo/gnss_enhanced_correlator/src/enhanced_correlator.cpp:100) on local variable 'acc_E_I', vivado/ip_repo/gnss_enhanced_correlator/src/enhanced_correlator.cpp:53 [299]  (0.000 ns)
	'fadd' operation 32 bit ('acc_E_I', vivado/ip_repo/gnss_enhanced_correlator/src/enhanced_correlator.cpp:100) [396]  (7.256 ns)

 <State 122>: 7.256ns
The critical path consists of the following:
	'fadd' operation 32 bit ('acc_E_I', vivado/ip_repo/gnss_enhanced_correlator/src/enhanced_correlator.cpp:100) [396]  (7.256 ns)

 <State 123>: 7.256ns
The critical path consists of the following:
	'fadd' operation 32 bit ('acc_E_I', vivado/ip_repo/gnss_enhanced_correlator/src/enhanced_correlator.cpp:100) [396]  (7.256 ns)

 <State 124>: 7.256ns
The critical path consists of the following:
	'fadd' operation 32 bit ('acc_E_I', vivado/ip_repo/gnss_enhanced_correlator/src/enhanced_correlator.cpp:100) [396]  (7.256 ns)

 <State 125>: 7.256ns
The critical path consists of the following:
	'fadd' operation 32 bit ('acc_E_I', vivado/ip_repo/gnss_enhanced_correlator/src/enhanced_correlator.cpp:100) [396]  (7.256 ns)

 <State 126>: 7.256ns
The critical path consists of the following:
	'fadd' operation 32 bit ('acc_L_I', vivado/ip_repo/gnss_enhanced_correlator/src/enhanced_correlator.cpp:104) [404]  (7.256 ns)

 <State 127>: 1.588ns
The critical path consists of the following:
	'store' operation ('store_ln55', vivado/ip_repo/gnss_enhanced_correlator/src/enhanced_correlator.cpp:55) of variable 'acc_L_Q', vivado/ip_repo/gnss_enhanced_correlator/src/enhanced_correlator.cpp:105 32 bit on local variable 'acc_L_Q', vivado/ip_repo/gnss_enhanced_correlator/src/enhanced_correlator.cpp:55 [412]  (1.588 ns)


============================================================
+ Verbose Summary: Binding
============================================================
N/A
* FSMD analyzer results:
  - Output states:
 - Input state : 
  - Chain level:
	State 1
	State 2
	State 3
	State 4
	State 5
	State 6
	State 7
	State 8
	State 9
	State 10
	State 11
	State 12
	State 13
	State 14
	State 15
	State 16
	State 17
	State 18
	State 19
	State 20
	State 21
	State 22
	State 23
	State 24
	State 25
	State 26
	State 27
	State 28
	State 29
	State 30
	State 31
	State 32
	State 33
	State 34
	State 35
	State 36
	State 37
	State 38
	State 39
	State 40
	State 41
	State 42
	State 43
	State 44
	State 45
	State 46
	State 47
	State 48
	State 49
	State 50
	State 51
	State 52
	State 53
	State 54
	State 55
	State 56
	State 57
	State 58
	State 59
	State 60
	State 61
	State 62
	State 63
	State 64
	State 65
	State 66
	State 67
	State 68
	State 69
	State 70
	State 71
	State 72
	State 73
	State 74
	State 75
	State 76
	State 77
	State 78
	State 79
	State 80
	State 81
	State 82
	State 83
	State 84
	State 85
	State 86
	State 87
	State 88
	State 89
	State 90
	State 91
	State 92
	State 93
	State 94
	State 95
	State 96
	State 97
	State 98
	State 99
	State 100
	State 101
	State 102
	State 103
	State 104
	State 105
	State 106
	State 107
	State 108
	State 109
	State 110
	State 111
	State 112
	State 113
	State 114
	State 115
	State 116
	State 117
	State 118
	State 119
	State 120
	State 121
	State 122
	State 123
	State 124
	State 125
	State 126
	State 127


============================================================
+ Verbose Summary: Datapath Resource usage 
============================================================
N/A
