

================================================================
== Vitis HLS Report for 'sin_or_cos_float_s'
================================================================
* Date:           Sun Sep 20 21:47:29 2026

* Version:        2025.2 (Build 6295257 on Nov 14 2025)
* Project:        enhanced_correlator
* Solution:       hls (Vivado IP Flow Target)
* Product family: zynq
* Target device:  xc7z020-clg484-1


================================================================
== Performance Estimates
================================================================
+ Timing: 
    * Summary: 
    +--------+----------+----------+------------+
    |  Clock |  Target  | Estimated| Uncertainty|
    +--------+----------+----------+------------+
    |ap_clk  |  10.00 ns|  7.139 ns|     2.70 ns|
    +--------+----------+----------+------------+

+ Latency: 
    * Summary: 
    +---------+---------+----------+----------+-----+-----+---------+
    |  Latency (cycles) |  Latency (absolute) |  Interval | Pipeline|
    |   min   |   max   |    min   |    max   | min | max |   Type  |
    +---------+---------+----------+----------+-----+-----+---------+
    |       17|       17|  0.170 us|  0.170 us|    1|    1|      yes|
    +---------+---------+----------+----------+-----+-----+---------+

    + Detail: 
        * Instance: 
        N/A

        * Loop: 
        N/A

============================================================
+ Verbose Summary: Synthesis Manager
============================================================
InlineROM: 1
ExposeGlobal: 0
============================================================
+ Verbose Summary: CDFG Model
============================================================
IsTopModel: 0
ResetActiveHigh: 1
IsCombinational: 0
IsDatapathOnly: 0
HasWiredReturn: 1
HasMFsm: 2
HasVarLatency: 0
IsPipeline: 1
IsRtlPipelined: 1
IsInstanceOverlapped: 0
IsDontTouch: 0
HasImplIP: 0
IsGatedGlobalClock: 0

+ Individual pipeline summary: 
  * Pipeline-0: initiation interval (II) = 1, depth = 18


============================================================
+ Verbose Summary: Schedule
============================================================
* Number of FSM states : 18
* Pipeline : 1
  Pipeline-0 : II = 1, D = 18, States = { 1 2 3 4 5 6 7 8 9 10 11 12 13 14 15 16 17 18 }
* Dataflow Pipeline: 0

* FSM state transitions: 
1 --> 2 
2 --> 3 
3 --> 4 
4 --> 5 
5 --> 6 
6 --> 7 
7 --> 8 
8 --> 9 
9 --> 10 
10 --> 11 
11 --> 12 
12 --> 13 
13 --> 14 
14 --> 15 
15 --> 16 
16 --> 17 
17 --> 18 
18 --> 

* FSM state operations: 

State 1 <SV = 0> <Delay = 5.46>
ST_1 : Operation 19 [1/1] (0.00ns)   --->   "%do_cos_read = read i1 @_ssdm_op_Read.ap_auto.i1, i1 %do_cos" [/wrk/ci/prod/2025.2/hls_product/continuous/666/2025.2/src/shared/hls/clib/hlsmath/include/FloatingPoint/hls_hotbm.h:209]   --->   Operation 19 'read' 'do_cos_read' <Predicate = true> <Delay = 0.00>
ST_1 : Operation 20 [1/1] (0.00ns)   --->   "%t_in_read = read i32 @_ssdm_op_Read.ap_auto.float, i32 %t_in" [/wrk/ci/prod/2025.2/hls_product/continuous/666/2025.2/src/shared/hls/clib/hlsmath/include/FloatingPoint/hls_hotbm.h:209]   --->   Operation 20 'read' 't_in_read' <Predicate = true> <Delay = 0.00>
ST_1 : Operation 21 [1/1] (0.00ns)   --->   "%data = bitcast i32 %t_in_read" [/wrk/ci/prod/2025.2/hls_product/continuous/666/2025.2/src/shared/hls/clib/src/hls/utils/x_hls_utils.h:288->/wrk/ci/prod/2025.2/hls_product/continuous/666/2025.2/src/shared/hls/clib/hlsmath/include/FloatingPoint/hls_hotbm.h:223]   --->   Operation 21 'bitcast' 'data' <Predicate = true> <Delay = 0.00>
ST_1 : Operation 22 [1/1] (0.00ns)   --->   "%din_sign = bitselect i1 @_ssdm_op_BitSelect.i1.i32.i32, i32 %data, i32 31" [/wrk/ci/prod/2025.2/hls_product/continuous/666/2025.2/src/shared/hls/clib/src/hls/utils/x_hls_utils.h:294->/wrk/ci/prod/2025.2/hls_product/continuous/666/2025.2/src/shared/hls/clib/hlsmath/include/FloatingPoint/hls_hotbm.h:223]   --->   Operation 22 'bitselect' 'din_sign' <Predicate = true> <Delay = 0.00>
ST_1 : Operation 23 [1/1] (0.00ns)   --->   "%din_exp = partselect i8 @_ssdm_op_PartSelect.i8.i32.i32, i32 %data, i32 23" [/wrk/ci/prod/2025.2/hls_product/continuous/666/2025.2/src/shared/hls/clib/src/hls/utils/x_hls_utils.h:295->/wrk/ci/prod/2025.2/hls_product/continuous/666/2025.2/src/shared/hls/clib/hlsmath/include/FloatingPoint/hls_hotbm.h:223]   --->   Operation 23 'partselect' 'din_exp' <Predicate = true> <Delay = 0.00>
ST_1 : Operation 24 [1/1] (0.00ns)   --->   "%din_sig = trunc i32 %data" [/wrk/ci/prod/2025.2/hls_product/continuous/666/2025.2/src/shared/hls/clib/src/hls/utils/x_hls_utils.h:296->/wrk/ci/prod/2025.2/hls_product/continuous/666/2025.2/src/shared/hls/clib/hlsmath/include/FloatingPoint/hls_hotbm.h:223]   --->   Operation 24 'trunc' 'din_sig' <Predicate = true> <Delay = 0.00>
ST_1 : Operation 25 [1/1] (1.91ns)   --->   "%closepath = icmp_ult  i8 %din_exp, i8 126" [/wrk/ci/prod/2025.2/hls_product/continuous/666/2025.2/src/shared/hls/clib/hlsmath/include/FloatingPoint/hls_range_redux.h:451->/wrk/ci/prod/2025.2/hls_product/continuous/666/2025.2/src/shared/hls/clib/hlsmath/include/FloatingPoint/hls_hotbm.h:239]   --->   Operation 25 'icmp' 'closepath' <Predicate = true> <Delay = 1.91> <CoreInst = "Cmp">   --->   Core 9 'Cmp' <Latency = 0> <II = 1> <Delay = 1.91> <FuncUnit> <Opcode : 'seteq' 'setne' 'setle' 'setge' 'setlt' 'setgt'> <InPorts = 2> <OutPorts = 1>
ST_1 : Operation 26 [1/1] (1.91ns)   --->   "%add_ln376 = add i8 %din_exp, i8 194" [/wrk/ci/prod/2025.2/hls_product/continuous/666/2025.2/src/shared/hls/clib/hlsmath/include/FloatingPoint/hls_range_redux.h:376->/wrk/ci/prod/2025.2/hls_product/continuous/666/2025.2/src/shared/hls/clib/hlsmath/include/FloatingPoint/hls_range_redux.h:467->/wrk/ci/prod/2025.2/hls_product/continuous/666/2025.2/src/shared/hls/clib/hlsmath/include/FloatingPoint/hls_hotbm.h:239]   --->   Operation 26 'add' 'add_ln376' <Predicate = true> <Delay = 1.91> <CoreInst = "Adder">   --->   Core 1 'Adder' <Latency = 0> <II = 1> <Delay = 1.91> <FuncUnit> <Opcode : 'add' 'sub'> <InPorts = 2> <OutPorts = 1>
ST_1 : Operation 27 [1/1] (1.24ns)   --->   "%addr = select i1 %closepath, i8 63, i8 %add_ln376" [/wrk/ci/prod/2025.2/hls_product/continuous/666/2025.2/src/shared/hls/clib/hlsmath/include/FloatingPoint/hls_range_redux.h:376->/wrk/ci/prod/2025.2/hls_product/continuous/666/2025.2/src/shared/hls/clib/hlsmath/include/FloatingPoint/hls_range_redux.h:467->/wrk/ci/prod/2025.2/hls_product/continuous/666/2025.2/src/shared/hls/clib/hlsmath/include/FloatingPoint/hls_hotbm.h:239]   --->   Operation 27 'select' 'addr' <Predicate = true> <Delay = 1.24> <CoreInst = "Sel">   --->   Core 73 'Sel' <Latency = 0> <II = 1> <Delay = 1.24> <FuncUnit> <Opcode : 'select'> <InPorts = 3> <OutPorts = 1>
ST_1 : Operation 28 [1/1] (0.00ns)   --->   "%lshr_ln = partselect i4 @_ssdm_op_PartSelect.i4.i8.i32.i32, i8 %addr, i32 4, i32 7" [/wrk/ci/prod/2025.2/hls_product/continuous/666/2025.2/src/shared/hls/clib/hlsmath/include/FloatingPoint/hls_range_redux.h:378->/wrk/ci/prod/2025.2/hls_product/continuous/666/2025.2/src/shared/hls/clib/hlsmath/include/FloatingPoint/hls_range_redux.h:467->/wrk/ci/prod/2025.2/hls_product/continuous/666/2025.2/src/shared/hls/clib/hlsmath/include/FloatingPoint/hls_hotbm.h:239]   --->   Operation 28 'partselect' 'lshr_ln' <Predicate = true> <Delay = 0.00>
ST_1 : Operation 29 [1/1] (0.00ns)   --->   "%zext_ln378 = zext i4 %lshr_ln" [/wrk/ci/prod/2025.2/hls_product/continuous/666/2025.2/src/shared/hls/clib/hlsmath/include/FloatingPoint/hls_range_redux.h:378->/wrk/ci/prod/2025.2/hls_product/continuous/666/2025.2/src/shared/hls/clib/hlsmath/include/FloatingPoint/hls_range_redux.h:467->/wrk/ci/prod/2025.2/hls_product/continuous/666/2025.2/src/shared/hls/clib/hlsmath/include/FloatingPoint/hls_hotbm.h:239]   --->   Operation 29 'zext' 'zext_ln378' <Predicate = true> <Delay = 0.00>
ST_1 : Operation 30 [1/1] (0.00ns)   --->   "%ref_4oPi_table_100_addr = getelementptr i100 %ref_4oPi_table_100, i64 0, i64 %zext_ln378" [/wrk/ci/prod/2025.2/hls_product/continuous/666/2025.2/src/shared/hls/clib/hlsmath/include/FloatingPoint/hls_range_redux.h:378->/wrk/ci/prod/2025.2/hls_product/continuous/666/2025.2/src/shared/hls/clib/hlsmath/include/FloatingPoint/hls_range_redux.h:467->/wrk/ci/prod/2025.2/hls_product/continuous/666/2025.2/src/shared/hls/clib/hlsmath/include/FloatingPoint/hls_hotbm.h:239]   --->   Operation 30 'getelementptr' 'ref_4oPi_table_100_addr' <Predicate = true> <Delay = 0.00>
ST_1 : Operation 31 [2/2] (2.30ns)   --->   "%table_100 = load i4 %ref_4oPi_table_100_addr" [/wrk/ci/prod/2025.2/hls_product/continuous/666/2025.2/src/shared/hls/clib/hlsmath/include/FloatingPoint/hls_range_redux.h:378->/wrk/ci/prod/2025.2/hls_product/continuous/666/2025.2/src/shared/hls/clib/hlsmath/include/FloatingPoint/hls_range_redux.h:467->/wrk/ci/prod/2025.2/hls_product/continuous/666/2025.2/src/shared/hls/clib/hlsmath/include/FloatingPoint/hls_hotbm.h:239]   --->   Operation 31 'load' 'table_100' <Predicate = true> <Delay = 2.30> <CoreInst = "ROM_1P_LUTRAM">   --->   Core 96 'ROM_1P_LUTRAM' <Latency = 1> <II = 1> <Delay = 2.30> <Storage> <Opcode : 'load'> <Ports = 1> <Width = 100> <Depth = 13> <ROM>
ST_1 : Operation 32 [1/1] (0.00ns)   --->   "%trunc_ln379 = trunc i8 %addr" [/wrk/ci/prod/2025.2/hls_product/continuous/666/2025.2/src/shared/hls/clib/hlsmath/include/FloatingPoint/hls_range_redux.h:379->/wrk/ci/prod/2025.2/hls_product/continuous/666/2025.2/src/shared/hls/clib/hlsmath/include/FloatingPoint/hls_range_redux.h:467->/wrk/ci/prod/2025.2/hls_product/continuous/666/2025.2/src/shared/hls/clib/hlsmath/include/FloatingPoint/hls_hotbm.h:239]   --->   Operation 32 'trunc' 'trunc_ln379' <Predicate = true> <Delay = 0.00>

State 2 <SV = 1> <Delay = 7.07>
ST_2 : Operation 33 [1/2] ( I:2.30ns O:2.30ns )   --->   "%table_100 = load i4 %ref_4oPi_table_100_addr" [/wrk/ci/prod/2025.2/hls_product/continuous/666/2025.2/src/shared/hls/clib/hlsmath/include/FloatingPoint/hls_range_redux.h:378->/wrk/ci/prod/2025.2/hls_product/continuous/666/2025.2/src/shared/hls/clib/hlsmath/include/FloatingPoint/hls_range_redux.h:467->/wrk/ci/prod/2025.2/hls_product/continuous/666/2025.2/src/shared/hls/clib/hlsmath/include/FloatingPoint/hls_hotbm.h:239]   --->   Operation 33 'load' 'table_100' <Predicate = true> <Delay = 2.30> <CoreInst = "ROM_1P_LUTRAM">   --->   Core 96 'ROM_1P_LUTRAM' <Latency = 1> <II = 1> <Delay = 2.30> <Storage> <Opcode : 'load'> <Ports = 1> <Width = 100> <Depth = 13> <ROM>
ST_2 : Operation 34 [1/1] (0.00ns)   --->   "%zext_ln379 = zext i4 %trunc_ln379" [/wrk/ci/prod/2025.2/hls_product/continuous/666/2025.2/src/shared/hls/clib/hlsmath/include/FloatingPoint/hls_range_redux.h:379->/wrk/ci/prod/2025.2/hls_product/continuous/666/2025.2/src/shared/hls/clib/hlsmath/include/FloatingPoint/hls_range_redux.h:467->/wrk/ci/prod/2025.2/hls_product/continuous/666/2025.2/src/shared/hls/clib/hlsmath/include/FloatingPoint/hls_hotbm.h:239]   --->   Operation 34 'zext' 'zext_ln379' <Predicate = true> <Delay = 0.00>
ST_2 : Operation 35 [1/1] (4.77ns)   --->   "%shl_ln379 = shl i100 %table_100, i100 %zext_ln379" [/wrk/ci/prod/2025.2/hls_product/continuous/666/2025.2/src/shared/hls/clib/hlsmath/include/FloatingPoint/hls_range_redux.h:379->/wrk/ci/prod/2025.2/hls_product/continuous/666/2025.2/src/shared/hls/clib/hlsmath/include/FloatingPoint/hls_range_redux.h:467->/wrk/ci/prod/2025.2/hls_product/continuous/666/2025.2/src/shared/hls/clib/hlsmath/include/FloatingPoint/hls_hotbm.h:239]   --->   Operation 35 'shl' 'shl_ln379' <Predicate = true> <Delay = 4.77> <CoreInst = "Shifter">   --->   Core 75 'Shifter' <Latency = 0> <II = 1> <Delay = 4.77> <FuncUnit> <Opcode : 'shl' 'lshr' 'ashr'> <InPorts = 2> <OutPorts = 1>
ST_2 : Operation 36 [1/1] (0.00ns)   --->   "%Med = partselect i80 @_ssdm_op_PartSelect.i80.i100.i32, i100 %shl_ln379, i32 20" [/wrk/ci/prod/2025.2/hls_product/continuous/666/2025.2/src/shared/hls/clib/hlsmath/include/FloatingPoint/hls_range_redux.h:379->/wrk/ci/prod/2025.2/hls_product/continuous/666/2025.2/src/shared/hls/clib/hlsmath/include/FloatingPoint/hls_range_redux.h:467->/wrk/ci/prod/2025.2/hls_product/continuous/666/2025.2/src/shared/hls/clib/hlsmath/include/FloatingPoint/hls_hotbm.h:239]   --->   Operation 36 'partselect' 'Med' <Predicate = true> <Delay = 0.00>

State 3 <SV = 2> <Delay = 6.97>
ST_3 : Operation 37 [1/1] (0.00ns)   --->   "%X = bitconcatenate i24 @_ssdm_op_BitConcatenate.i24.i1.i23, i1 1, i23 %din_sig" [/wrk/ci/prod/2025.2/hls_product/continuous/666/2025.2/src/shared/hls/clib/hlsmath/include/FloatingPoint/hls_range_redux.h:468->/wrk/ci/prod/2025.2/hls_product/continuous/666/2025.2/src/shared/hls/clib/hlsmath/include/FloatingPoint/hls_hotbm.h:239]   --->   Operation 37 'bitconcatenate' 'X' <Predicate = true> <Delay = 0.00>
ST_3 : Operation 38 [1/1] (0.00ns)   --->   "%zext_ln468 = zext i24 %X" [/wrk/ci/prod/2025.2/hls_product/continuous/666/2025.2/src/shared/hls/clib/hlsmath/include/FloatingPoint/hls_range_redux.h:468->/wrk/ci/prod/2025.2/hls_product/continuous/666/2025.2/src/shared/hls/clib/hlsmath/include/FloatingPoint/hls_hotbm.h:239]   --->   Operation 38 'zext' 'zext_ln468' <Predicate = true> <Delay = 0.00>
ST_3 : Operation 39 [5/5] (6.97ns)   --->   "%h = mul i80 %Med, i80 %zext_ln468" [/wrk/ci/prod/2025.2/hls_product/continuous/666/2025.2/src/shared/hls/clib/hlsmath/include/FloatingPoint/hls_range_redux.h:468->/wrk/ci/prod/2025.2/hls_product/continuous/666/2025.2/src/shared/hls/clib/hlsmath/include/FloatingPoint/hls_hotbm.h:239]   --->   Operation 39 'mul' 'h' <Predicate = true> <Delay = 6.97> <CoreInst = "Multiplier">   --->   Core 3 'Multiplier' <Latency = 4> <II = 1> <Delay = 6.97> <FuncUnit> <Opcode : 'mul'> <InPorts = 2> <OutPorts = 1>
ST_3 : Operation 40 [1/1] (2.28ns)   --->   "%icmp_ln271_1 = icmp_eq  i23 %din_sig, i23 0" [/wrk/ci/prod/2025.2/hls_product/continuous/666/2025.2/src/shared/hls/clib/hlsmath/include/FloatingPoint/hls_hotbm.h:271]   --->   Operation 40 'icmp' 'icmp_ln271_1' <Predicate = true> <Delay = 2.28> <CoreInst = "Cmp">   --->   Core 9 'Cmp' <Latency = 0> <II = 1> <Delay = 2.28> <FuncUnit> <Opcode : 'seteq' 'setne' 'setle' 'setge' 'setlt' 'setgt'> <InPorts = 2> <OutPorts = 1>

State 4 <SV = 3> <Delay = 6.97>
ST_4 : Operation 41 [4/5] (6.97ns)   --->   "%h = mul i80 %Med, i80 %zext_ln468" [/wrk/ci/prod/2025.2/hls_product/continuous/666/2025.2/src/shared/hls/clib/hlsmath/include/FloatingPoint/hls_range_redux.h:468->/wrk/ci/prod/2025.2/hls_product/continuous/666/2025.2/src/shared/hls/clib/hlsmath/include/FloatingPoint/hls_hotbm.h:239]   --->   Operation 41 'mul' 'h' <Predicate = true> <Delay = 6.97> <CoreInst = "Multiplier">   --->   Core 3 'Multiplier' <Latency = 4> <II = 1> <Delay = 6.97> <FuncUnit> <Opcode : 'mul'> <InPorts = 2> <OutPorts = 1>

State 5 <SV = 4> <Delay = 6.97>
ST_5 : Operation 42 [3/5] (6.97ns)   --->   "%h = mul i80 %Med, i80 %zext_ln468" [/wrk/ci/prod/2025.2/hls_product/continuous/666/2025.2/src/shared/hls/clib/hlsmath/include/FloatingPoint/hls_range_redux.h:468->/wrk/ci/prod/2025.2/hls_product/continuous/666/2025.2/src/shared/hls/clib/hlsmath/include/FloatingPoint/hls_hotbm.h:239]   --->   Operation 42 'mul' 'h' <Predicate = true> <Delay = 6.97> <CoreInst = "Multiplier">   --->   Core 3 'Multiplier' <Latency = 4> <II = 1> <Delay = 6.97> <FuncUnit> <Opcode : 'mul'> <InPorts = 2> <OutPorts = 1>

State 6 <SV = 5> <Delay = 6.97>
ST_6 : Operation 43 [2/5] (6.97ns)   --->   "%h = mul i80 %Med, i80 %zext_ln468" [/wrk/ci/prod/2025.2/hls_product/continuous/666/2025.2/src/shared/hls/clib/hlsmath/include/FloatingPoint/hls_range_redux.h:468->/wrk/ci/prod/2025.2/hls_product/continuous/666/2025.2/src/shared/hls/clib/hlsmath/include/FloatingPoint/hls_hotbm.h:239]   --->   Operation 43 'mul' 'h' <Predicate = true> <Delay = 6.97> <CoreInst = "Multiplier">   --->   Core 3 'Multiplier' <Latency = 4> <II = 1> <Delay = 6.97> <FuncUnit> <Opcode : 'mul'> <InPorts = 2> <OutPorts = 1>

State 7 <SV = 6> <Delay = 6.97>
ST_7 : Operation 44 [1/5] (6.97ns)   --->   "%h = mul i80 %Med, i80 %zext_ln468" [/wrk/ci/prod/2025.2/hls_product/continuous/666/2025.2/src/shared/hls/clib/hlsmath/include/FloatingPoint/hls_range_redux.h:468->/wrk/ci/prod/2025.2/hls_product/continuous/666/2025.2/src/shared/hls/clib/hlsmath/include/FloatingPoint/hls_hotbm.h:239]   --->   Operation 44 'mul' 'h' <Predicate = true> <Delay = 6.97> <CoreInst = "Multiplier">   --->   Core 3 'Multiplier' <Latency = 4> <II = 1> <Delay = 6.97> <FuncUnit> <Opcode : 'mul'> <InPorts = 2> <OutPorts = 1>
ST_7 : Operation 45 [1/1] (0.00ns)   --->   "%Mx_bits = partselect i58 @_ssdm_op_PartSelect.i58.i80.i32.i32, i80 %h, i32 19, i32 76" [/wrk/ci/prod/2025.2/hls_product/continuous/666/2025.2/src/shared/hls/clib/hlsmath/include/FloatingPoint/hls_range_redux.h:483->/wrk/ci/prod/2025.2/hls_product/continuous/666/2025.2/src/shared/hls/clib/hlsmath/include/FloatingPoint/hls_hotbm.h:239]   --->   Operation 45 'partselect' 'Mx_bits' <Predicate = true> <Delay = 0.00>
ST_7 : Operation 46 [1/1] (0.00ns)   --->   "%trunc_ln = partselect i3 @_ssdm_op_PartSelect.i3.i80.i32.i32, i80 %h, i32 77, i32 79" [/wrk/ci/prod/2025.2/hls_product/continuous/666/2025.2/src/shared/hls/clib/hlsmath/include/FloatingPoint/hls_range_redux.h:487->/wrk/ci/prod/2025.2/hls_product/continuous/666/2025.2/src/shared/hls/clib/hlsmath/include/FloatingPoint/hls_hotbm.h:239]   --->   Operation 46 'partselect' 'trunc_ln' <Predicate = (!closepath)> <Delay = 0.00>

State 8 <SV = 7> <Delay = 4.44>
ST_8 : Operation 47 [1/1] (0.98ns)   --->   "%k = select i1 %closepath, i3 0, i3 %trunc_ln" [/wrk/ci/prod/2025.2/hls_product/continuous/666/2025.2/src/shared/hls/clib/hlsmath/include/FloatingPoint/hls_range_redux.h:451->/wrk/ci/prod/2025.2/hls_product/continuous/666/2025.2/src/shared/hls/clib/hlsmath/include/FloatingPoint/hls_hotbm.h:239]   --->   Operation 47 'select' 'k' <Predicate = true> <Delay = 0.98> <CoreInst = "Sel">   --->   Core 73 'Sel' <Latency = 0> <II = 1> <Delay = 0.98> <FuncUnit> <Opcode : 'select'> <InPorts = 3> <OutPorts = 1>
ST_8 : Operation 48 [1/1] (0.00ns)   --->   "%trunc_ln491 = trunc i3 %k" [/wrk/ci/prod/2025.2/hls_product/continuous/666/2025.2/src/shared/hls/clib/hlsmath/include/FloatingPoint/hls_range_redux.h:491->/wrk/ci/prod/2025.2/hls_product/continuous/666/2025.2/src/shared/hls/clib/hlsmath/include/FloatingPoint/hls_hotbm.h:239]   --->   Operation 48 'trunc' 'trunc_ln491' <Predicate = true> <Delay = 0.00>
ST_8 : Operation 49 [1/1] (3.36ns)   --->   "%Mx_bits_1 = sub i58 0, i58 %Mx_bits" [/wrk/ci/prod/2025.2/hls_product/continuous/666/2025.2/src/shared/hls/clib/hlsmath/include/FloatingPoint/hls_range_redux.h:492->/wrk/ci/prod/2025.2/hls_product/continuous/666/2025.2/src/shared/hls/clib/hlsmath/include/FloatingPoint/hls_hotbm.h:239]   --->   Operation 49 'sub' 'Mx_bits_1' <Predicate = true> <Delay = 3.36> <CoreInst = "Adder">   --->   Core 1 'Adder' <Latency = 0> <II = 1> <Delay = 3.36> <FuncUnit> <Opcode : 'add' 'sub'> <InPorts = 2> <OutPorts = 1>
ST_8 : Operation 50 [1/1] (1.07ns)   --->   "%Mx_bits_3 = select i1 %trunc_ln491, i58 %Mx_bits_1, i58 %Mx_bits" [/wrk/ci/prod/2025.2/hls_product/continuous/666/2025.2/src/shared/hls/clib/hlsmath/include/FloatingPoint/hls_range_redux.h:491->/wrk/ci/prod/2025.2/hls_product/continuous/666/2025.2/src/shared/hls/clib/hlsmath/include/FloatingPoint/hls_hotbm.h:239]   --->   Operation 50 'select' 'Mx_bits_3' <Predicate = true> <Delay = 1.07> <CoreInst = "Sel">   --->   Core 73 'Sel' <Latency = 0> <II = 1> <Delay = 1.07> <FuncUnit> <Opcode : 'select'> <InPorts = 3> <OutPorts = 1>
ST_8 : Operation 51 [1/1] (0.00ns)   --->   "%tmp_7 = partselect i29 @_ssdm_op_PartSelect.i29.i58.i32, i58 %Mx_bits_3, i32 29" [/wrk/ci/prod/2025.2/hls_product/continuous/666/2025.2/src/shared/hls/clib/hlsmath/include/FloatingPoint/hls_normalize.h:72->/wrk/ci/prod/2025.2/hls_product/continuous/666/2025.2/src/shared/hls/clib/hlsmath/include/FloatingPoint/hls_range_redux.h:495->/wrk/ci/prod/2025.2/hls_product/continuous/666/2025.2/src/shared/hls/clib/hlsmath/include/FloatingPoint/hls_hotbm.h:239]   --->   Operation 51 'partselect' 'tmp_7' <Predicate = true> <Delay = 0.00>
ST_8 : Operation 52 [1/1] (2.30ns)   --->   "%tmp_s = sparsemux i1 @_ssdm_op_SparseMux.ap_auto.8i1.i1.i3, i3 0, i1 0, i3 1, i1 1, i3 2, i1 1, i3 3, i1 0, i3 4, i1 0, i3 5, i1 1, i3 6, i1 1, i3 7, i1 0, i1 0, i3 %k" [/wrk/ci/prod/2025.2/hls_product/continuous/666/2025.2/src/shared/hls/clib/hlsmath/include/FloatingPoint/hls_hotbm.h:242]   --->   Operation 52 'sparsemux' 'tmp_s' <Predicate = true> <Delay = 2.30> <CoreInst = "BinarySparseMux_DontCare">   --->   Core 137 'BinarySparseMux_DontCare' <Latency = 0> <II = 1> <Delay = 2.30> <FuncUnit> <Opcode : 'sparsemux'> <InPorts = 2> <OutPorts = 1>

State 9 <SV = 8> <Delay = 6.66>
ST_9 : Operation 53 [1/1] (1.91ns)   --->   "%Ex = add i8 %din_exp, i8 131" [/wrk/ci/prod/2025.2/hls_product/continuous/666/2025.2/src/shared/hls/clib/hlsmath/include/FloatingPoint/hls_range_redux.h:454->/wrk/ci/prod/2025.2/hls_product/continuous/666/2025.2/src/shared/hls/clib/hlsmath/include/FloatingPoint/hls_hotbm.h:239]   --->   Operation 53 'add' 'Ex' <Predicate = (closepath)> <Delay = 1.91> <CoreInst = "Adder">   --->   Core 1 'Adder' <Latency = 0> <II = 1> <Delay = 1.91> <FuncUnit> <Opcode : 'add' 'sub'> <InPorts = 2> <OutPorts = 1>
ST_9 : Operation 54 [1/1] (0.00ns) (grouped into LUT with out node Ex_1)   --->   "%select_ln453 = select i1 %closepath, i8 %Ex, i8 0" [/wrk/ci/prod/2025.2/hls_product/continuous/666/2025.2/src/shared/hls/clib/hlsmath/include/FloatingPoint/hls_range_redux.h:453->/wrk/ci/prod/2025.2/hls_product/continuous/666/2025.2/src/shared/hls/clib/hlsmath/include/FloatingPoint/hls_hotbm.h:239]   --->   Operation 54 'select' 'select_ln453' <Predicate = true> <Delay = 0.00> <CoreInst = "Sel">   --->   Core 73 'Sel' <Latency = 0> <II = 1> <Delay = 1.24> <FuncUnit> <Opcode : 'select'> <InPorts = 3> <OutPorts = 1>
ST_9 : Operation 55 [1/1] (0.00ns)   --->   "%t = bitconcatenate i30 @_ssdm_op_BitConcatenate.i30.i29.i1, i29 %tmp_7, i1 1" [/wrk/ci/prod/2025.2/hls_product/continuous/666/2025.2/src/shared/hls/clib/hlsmath/include/FloatingPoint/hls_normalize.h:73->/wrk/ci/prod/2025.2/hls_product/continuous/666/2025.2/src/shared/hls/clib/hlsmath/include/FloatingPoint/hls_range_redux.h:495->/wrk/ci/prod/2025.2/hls_product/continuous/666/2025.2/src/shared/hls/clib/hlsmath/include/FloatingPoint/hls_hotbm.h:239]   --->   Operation 55 'bitconcatenate' 't' <Predicate = true> <Delay = 0.00>
ST_9 : Operation 56 [1/1] (2.06ns)   --->   "%Mx_zeros = ctlz i30 @llvm.ctlz.i30, i30 %t, i1 0" [/wrk/ci/prod/2025.2/hls_product/continuous/666/2025.2/src/shared/hls/clib/hlsmath/include/FloatingPoint/hls_normalize.h:75->/wrk/ci/prod/2025.2/hls_product/continuous/666/2025.2/src/shared/hls/clib/hlsmath/include/FloatingPoint/hls_range_redux.h:495->/wrk/ci/prod/2025.2/hls_product/continuous/666/2025.2/src/shared/hls/clib/hlsmath/include/FloatingPoint/hls_hotbm.h:239]   --->   Operation 56 'ctlz' 'Mx_zeros' <Predicate = true> <Delay = 2.06> <CoreInst = "ctlz">   --->   Core 133 'ctlz' <Latency = 0> <II = 1> <Delay = 2.06> <FuncUnit> <Opcode : 'ctlz'> <InPorts = 1> <OutPorts = 1>
ST_9 : Operation 57 [1/1] (0.00ns)   --->   "%zext_ln504 = zext i30 %Mx_zeros" [/wrk/ci/prod/2025.2/hls_product/continuous/666/2025.2/src/shared/hls/clib/hlsmath/include/FloatingPoint/hls_range_redux.h:504->/wrk/ci/prod/2025.2/hls_product/continuous/666/2025.2/src/shared/hls/clib/hlsmath/include/FloatingPoint/hls_hotbm.h:239]   --->   Operation 57 'zext' 'zext_ln504' <Predicate = true> <Delay = 0.00>
ST_9 : Operation 58 [1/1] (4.60ns)   --->   "%shl_ln504 = shl i58 %Mx_bits_3, i58 %zext_ln504" [/wrk/ci/prod/2025.2/hls_product/continuous/666/2025.2/src/shared/hls/clib/hlsmath/include/FloatingPoint/hls_range_redux.h:504->/wrk/ci/prod/2025.2/hls_product/continuous/666/2025.2/src/shared/hls/clib/hlsmath/include/FloatingPoint/hls_hotbm.h:239]   --->   Operation 58 'shl' 'shl_ln504' <Predicate = true> <Delay = 4.60> <CoreInst = "Shifter">   --->   Core 75 'Shifter' <Latency = 0> <II = 1> <Delay = 4.60> <FuncUnit> <Opcode : 'shl' 'lshr' 'ashr'> <InPorts = 2> <OutPorts = 1>
ST_9 : Operation 59 [1/1] (0.00ns)   --->   "%Mx = partselect i29 @_ssdm_op_PartSelect.i29.i58.i32.i32, i58 %shl_ln504, i32 29, i32 57" [/wrk/ci/prod/2025.2/hls_product/continuous/666/2025.2/src/shared/hls/clib/hlsmath/include/FloatingPoint/hls_range_redux.h:504->/wrk/ci/prod/2025.2/hls_product/continuous/666/2025.2/src/shared/hls/clib/hlsmath/include/FloatingPoint/hls_hotbm.h:239]   --->   Operation 59 'partselect' 'Mx' <Predicate = true> <Delay = 0.00>
ST_9 : Operation 60 [1/1] (0.00ns) (grouped into LUT with out node Ex_1)   --->   "%trunc_ln505 = trunc i30 %Mx_zeros" [/wrk/ci/prod/2025.2/hls_product/continuous/666/2025.2/src/shared/hls/clib/hlsmath/include/FloatingPoint/hls_range_redux.h:505->/wrk/ci/prod/2025.2/hls_product/continuous/666/2025.2/src/shared/hls/clib/hlsmath/include/FloatingPoint/hls_hotbm.h:239]   --->   Operation 60 'trunc' 'trunc_ln505' <Predicate = true> <Delay = 0.00>
ST_9 : Operation 61 [1/1] (1.91ns) (out node of the LUT)   --->   "%Ex_1 = sub i8 %select_ln453, i8 %trunc_ln505" [/wrk/ci/prod/2025.2/hls_product/continuous/666/2025.2/src/shared/hls/clib/hlsmath/include/FloatingPoint/hls_range_redux.h:505->/wrk/ci/prod/2025.2/hls_product/continuous/666/2025.2/src/shared/hls/clib/hlsmath/include/FloatingPoint/hls_hotbm.h:239]   --->   Operation 61 'sub' 'Ex_1' <Predicate = true> <Delay = 1.91> <CoreInst = "Adder">   --->   Core 1 'Adder' <Latency = 0> <II = 1> <Delay = 1.91> <FuncUnit> <Opcode : 'add' 'sub'> <InPorts = 2> <OutPorts = 1>
ST_9 : Operation 62 [1/1] (0.00ns)   --->   "%tmp = bitselect i1 @_ssdm_op_BitSelect.i1.i8.i32, i8 %Ex_1, i32 7" [/wrk/ci/prod/2025.2/hls_product/continuous/666/2025.2/src/shared/hls/clib/hlsmath/include/FloatingPoint/hls_range_redux.h:506->/wrk/ci/prod/2025.2/hls_product/continuous/666/2025.2/src/shared/hls/clib/hlsmath/include/FloatingPoint/hls_hotbm.h:239]   --->   Operation 62 'bitselect' 'tmp' <Predicate = true> <Delay = 0.00>
ST_9 : Operation 63 [1/1] (1.91ns)   --->   "%sub_ln506 = sub i8 0, i8 %Ex_1" [/wrk/ci/prod/2025.2/hls_product/continuous/666/2025.2/src/shared/hls/clib/hlsmath/include/FloatingPoint/hls_range_redux.h:506->/wrk/ci/prod/2025.2/hls_product/continuous/666/2025.2/src/shared/hls/clib/hlsmath/include/FloatingPoint/hls_hotbm.h:239]   --->   Operation 63 'sub' 'sub_ln506' <Predicate = true> <Delay = 1.91> <CoreInst = "Adder">   --->   Core 1 'Adder' <Latency = 0> <II = 1> <Delay = 1.91> <FuncUnit> <Opcode : 'add' 'sub'> <InPorts = 2> <OutPorts = 1>
ST_9 : Operation 64 [1/1] (0.97ns)   --->   "%xor_ln242 = xor i1 %tmp_s, i1 1" [/wrk/ci/prod/2025.2/hls_product/continuous/666/2025.2/src/shared/hls/clib/hlsmath/include/FloatingPoint/hls_hotbm.h:242]   --->   Operation 64 'xor' 'xor_ln242' <Predicate = true> <Delay = 0.97> <CoreInst = "LogicGate">   --->   Core 74 'LogicGate' <Latency = 0> <II = 1> <Delay = 0.97> <FuncUnit> <Opcode : 'and' 'or' 'xor'> <InPorts = 2> <OutPorts = 1>
ST_9 : Operation 65 [1/1] (0.99ns)   --->   "%cos_basis = select i1 %do_cos_read, i1 %xor_ln242, i1 %tmp_s" [/wrk/ci/prod/2025.2/hls_product/continuous/666/2025.2/src/shared/hls/clib/hlsmath/include/FloatingPoint/hls_hotbm.h:242]   --->   Operation 65 'select' 'cos_basis' <Predicate = true> <Delay = 0.99> <CoreInst = "Sel">   --->   Core 73 'Sel' <Latency = 0> <II = 1> <Delay = 0.99> <FuncUnit> <Opcode : 'select'> <InPorts = 3> <OutPorts = 1>
ST_9 : Operation 66 [1/1] (0.99ns)   --->   "%sin_basis = select i1 %do_cos_read, i1 %tmp_s, i1 %xor_ln242" [/wrk/ci/prod/2025.2/hls_product/continuous/666/2025.2/src/shared/hls/clib/hlsmath/src/common/hls_hotbm_float.cpp:25->/wrk/ci/prod/2025.2/hls_product/continuous/666/2025.2/src/shared/hls/clib/hlsmath/include/FloatingPoint/hls_hotbm.h:250]   --->   Operation 66 'select' 'sin_basis' <Predicate = true> <Delay = 0.99> <CoreInst = "Sel">   --->   Core 73 'Sel' <Latency = 0> <II = 1> <Delay = 0.99> <FuncUnit> <Opcode : 'select'> <InPorts = 3> <OutPorts = 1>
ST_9 : Operation 67 [1/1] (0.00ns)   --->   "%index = bitconcatenate i4 @_ssdm_op_BitConcatenate.i4.i1.i3, i1 %din_sign, i3 %k" [/wrk/ci/prod/2025.2/hls_product/continuous/666/2025.2/src/shared/hls/clib/hlsmath/include/FloatingPoint/hls_hotbm.h:266]   --->   Operation 67 'bitconcatenate' 'index' <Predicate = true> <Delay = 0.00>
ST_9 : Operation 68 [1/1] (0.00ns) (grouped into LUT with out node results_sign_4)   --->   "%tmp_8 = sparsemux i1 @_ssdm_op_SparseMux.ap_auto.16i1.i1.i4, i4 0, i1 0, i4 1, i1 0, i4 2, i1 0, i4 3, i1 1, i4 4, i1 1, i4 5, i1 1, i4 6, i1 1, i4 7, i1 0, i4 8, i1 0, i4 9, i1 1, i4 10, i1 1, i4 11, i1 1, i4 12, i1 1, i4 13, i1 0, i4 14, i1 0, i4 15, i1 0, i1 0, i4 %index" [/wrk/ci/prod/2025.2/hls_product/continuous/666/2025.2/src/shared/hls/clib/hlsmath/include/FloatingPoint/hls_hotbm.h:267]   --->   Operation 68 'sparsemux' 'tmp_8' <Predicate = true> <Delay = 0.00> <CoreInst = "BinarySparseMux_DontCare">   --->   Core 137 'BinarySparseMux_DontCare' <Latency = 0> <II = 1> <Delay = 2.06> <FuncUnit> <Opcode : 'sparsemux'> <InPorts = 2> <OutPorts = 1>
ST_9 : Operation 69 [1/1] (0.00ns) (grouped into LUT with out node results_sign_4)   --->   "%tmp_5 = sparsemux i1 @_ssdm_op_SparseMux.ap_auto.16i1.i1.i4, i4 0, i1 0, i4 1, i1 0, i4 2, i1 1, i4 3, i1 0, i4 4, i1 1, i4 5, i1 1, i4 6, i1 0, i4 7, i1 1, i4 8, i1 1, i4 9, i1 0, i4 10, i1 1, i4 11, i1 1, i4 12, i1 0, i4 13, i1 1, i4 14, i1 0, i4 15, i1 0, i1 0, i4 %index" [/wrk/ci/prod/2025.2/hls_product/continuous/666/2025.2/src/shared/hls/clib/hlsmath/include/FloatingPoint/hls_hotbm.h:267]   --->   Operation 69 'sparsemux' 'tmp_5' <Predicate = true> <Delay = 0.00> <CoreInst = "BinarySparseMux_DontCare">   --->   Core 137 'BinarySparseMux_DontCare' <Latency = 0> <II = 1> <Delay = 2.06> <FuncUnit> <Opcode : 'sparsemux'> <InPorts = 2> <OutPorts = 1>
ST_9 : Operation 70 [1/1] (0.00ns) (grouped into LUT with out node results_sign_4)   --->   "%results_sign = select i1 %cos_basis, i1 %tmp_8, i1 %tmp_5" [/wrk/ci/prod/2025.2/hls_product/continuous/666/2025.2/src/shared/hls/clib/hlsmath/include/FloatingPoint/hls_hotbm.h:242]   --->   Operation 70 'select' 'results_sign' <Predicate = true> <Delay = 0.00> <CoreInst = "Sel">   --->   Core 73 'Sel' <Latency = 0> <II = 1> <Delay = 0.99> <FuncUnit> <Opcode : 'select'> <InPorts = 3> <OutPorts = 1>
ST_9 : Operation 71 [1/1] (1.91ns)   --->   "%icmp_ln271 = icmp_eq  i8 %din_exp, i8 0" [/wrk/ci/prod/2025.2/hls_product/continuous/666/2025.2/src/shared/hls/clib/hlsmath/include/FloatingPoint/hls_hotbm.h:271]   --->   Operation 71 'icmp' 'icmp_ln271' <Predicate = true> <Delay = 1.91> <CoreInst = "Cmp">   --->   Core 9 'Cmp' <Latency = 0> <II = 1> <Delay = 1.91> <FuncUnit> <Opcode : 'seteq' 'setne' 'setle' 'setge' 'setlt' 'setgt'> <InPorts = 2> <OutPorts = 1>
ST_9 : Operation 72 [1/1] (0.97ns)   --->   "%and_ln271 = and i1 %icmp_ln271, i1 %icmp_ln271_1" [/wrk/ci/prod/2025.2/hls_product/continuous/666/2025.2/src/shared/hls/clib/hlsmath/include/FloatingPoint/hls_hotbm.h:271]   --->   Operation 72 'and' 'and_ln271' <Predicate = true> <Delay = 0.97> <CoreInst = "LogicGate">   --->   Core 74 'LogicGate' <Latency = 0> <II = 1> <Delay = 0.97> <FuncUnit> <Opcode : 'and' 'or' 'xor'> <InPorts = 2> <OutPorts = 1>
ST_9 : Operation 73 [1/1] (0.00ns) (grouped into LUT with out node results_sign_3)   --->   "%xor_ln278 = xor i1 %do_cos_read, i1 1" [/wrk/ci/prod/2025.2/hls_product/continuous/666/2025.2/src/shared/hls/clib/hlsmath/include/FloatingPoint/hls_hotbm.h:278]   --->   Operation 73 'xor' 'xor_ln278' <Predicate = true> <Delay = 0.00> <CoreInst = "LogicGate">   --->   Core 74 'LogicGate' <Latency = 0> <II = 1> <Delay = 0.97> <FuncUnit> <Opcode : 'and' 'or' 'xor'> <InPorts = 2> <OutPorts = 1>
ST_9 : Operation 74 [1/1] (0.00ns) (grouped into LUT with out node results_sign_3)   --->   "%results_sign_2 = and i1 %din_sign, i1 %xor_ln278" [/wrk/ci/prod/2025.2/hls_product/continuous/666/2025.2/src/shared/hls/clib/hlsmath/include/FloatingPoint/hls_hotbm.h:278]   --->   Operation 74 'and' 'results_sign_2' <Predicate = true> <Delay = 0.00> <CoreInst = "LogicGate">   --->   Core 74 'LogicGate' <Latency = 0> <II = 1> <Delay = 0.97> <FuncUnit> <Opcode : 'and' 'or' 'xor'> <InPorts = 2> <OutPorts = 1>
ST_9 : Operation 75 [1/1] (1.91ns)   --->   "%icmp_ln282 = icmp_eq  i8 %din_exp, i8 255" [/wrk/ci/prod/2025.2/hls_product/continuous/666/2025.2/src/shared/hls/clib/hlsmath/include/FloatingPoint/hls_hotbm.h:282]   --->   Operation 75 'icmp' 'icmp_ln282' <Predicate = true> <Delay = 1.91> <CoreInst = "Cmp">   --->   Core 9 'Cmp' <Latency = 0> <II = 1> <Delay = 1.91> <FuncUnit> <Opcode : 'seteq' 'setne' 'setle' 'setge' 'setlt' 'setgt'> <InPorts = 2> <OutPorts = 1>
ST_9 : Operation 76 [1/1] (0.00ns) (grouped into LUT with out node results_sign_4)   --->   "%xor_ln282 = xor i1 %icmp_ln282, i1 1" [/wrk/ci/prod/2025.2/hls_product/continuous/666/2025.2/src/shared/hls/clib/hlsmath/include/FloatingPoint/hls_hotbm.h:282]   --->   Operation 76 'xor' 'xor_ln282' <Predicate = true> <Delay = 0.00> <CoreInst = "LogicGate">   --->   Core 74 'LogicGate' <Latency = 0> <II = 1> <Delay = 0.97> <FuncUnit> <Opcode : 'and' 'or' 'xor'> <InPorts = 2> <OutPorts = 1>
ST_9 : Operation 77 [1/1] (2.06ns) (out node of the LUT)   --->   "%results_sign_4 = and i1 %results_sign, i1 %xor_ln282" [/wrk/ci/prod/2025.2/hls_product/continuous/666/2025.2/src/shared/hls/clib/hlsmath/include/FloatingPoint/hls_hotbm.h:282]   --->   Operation 77 'and' 'results_sign_4' <Predicate = true> <Delay = 2.06> <CoreInst = "LogicGate">   --->   Core 74 'LogicGate' <Latency = 0> <II = 1> <Delay = 0.97> <FuncUnit> <Opcode : 'and' 'or' 'xor'> <InPorts = 2> <OutPorts = 1>
ST_9 : Operation 78 [1/1] (0.99ns) (out node of the LUT)   --->   "%results_sign_3 = select i1 %and_ln271, i1 %results_sign_2, i1 %results_sign_4" [/wrk/ci/prod/2025.2/hls_product/continuous/666/2025.2/src/shared/hls/clib/hlsmath/include/FloatingPoint/hls_hotbm.h:271]   --->   Operation 78 'select' 'results_sign_3' <Predicate = true> <Delay = 0.99> <CoreInst = "Sel">   --->   Core 73 'Sel' <Latency = 0> <II = 1> <Delay = 0.99> <FuncUnit> <Opcode : 'select'> <InPorts = 3> <OutPorts = 1>

State 10 <SV = 9> <Delay = 6.28>
ST_10 : Operation 79 [1/1] (1.24ns)   --->   "%select_ln506 = select i1 %tmp, i8 %sub_ln506, i8 %Ex_1" [/wrk/ci/prod/2025.2/hls_product/continuous/666/2025.2/src/shared/hls/clib/hlsmath/include/FloatingPoint/hls_range_redux.h:506->/wrk/ci/prod/2025.2/hls_product/continuous/666/2025.2/src/shared/hls/clib/hlsmath/include/FloatingPoint/hls_hotbm.h:239]   --->   Operation 79 'select' 'select_ln506' <Predicate = true> <Delay = 1.24> <CoreInst = "Sel">   --->   Core 73 'Sel' <Latency = 0> <II = 1> <Delay = 1.24> <FuncUnit> <Opcode : 'select'> <InPorts = 3> <OutPorts = 1>
ST_10 : Operation 80 [1/1] (0.00ns)   --->   "%zext_ln506_1 = zext i8 %select_ln506" [/wrk/ci/prod/2025.2/hls_product/continuous/666/2025.2/src/shared/hls/clib/hlsmath/include/FloatingPoint/hls_range_redux.h:506->/wrk/ci/prod/2025.2/hls_product/continuous/666/2025.2/src/shared/hls/clib/hlsmath/include/FloatingPoint/hls_hotbm.h:239]   --->   Operation 80 'zext' 'zext_ln506_1' <Predicate = true> <Delay = 0.00>
ST_10 : Operation 81 [1/1] (0.00ns)   --->   "%zext_ln506 = zext i29 %Mx" [/wrk/ci/prod/2025.2/hls_product/continuous/666/2025.2/src/shared/hls/clib/hlsmath/include/FloatingPoint/hls_range_redux.h:506->/wrk/ci/prod/2025.2/hls_product/continuous/666/2025.2/src/shared/hls/clib/hlsmath/include/FloatingPoint/hls_hotbm.h:239]   --->   Operation 81 'zext' 'zext_ln506' <Predicate = true> <Delay = 0.00>
ST_10 : Operation 82 [1/1] (4.33ns)   --->   "%lshr_ln506 = lshr i32 %zext_ln506, i32 %zext_ln506_1" [/wrk/ci/prod/2025.2/hls_product/continuous/666/2025.2/src/shared/hls/clib/hlsmath/include/FloatingPoint/hls_range_redux.h:506->/wrk/ci/prod/2025.2/hls_product/continuous/666/2025.2/src/shared/hls/clib/hlsmath/include/FloatingPoint/hls_hotbm.h:239]   --->   Operation 82 'lshr' 'lshr_ln506' <Predicate = (tmp)> <Delay = 4.33> <CoreInst = "Shifter">   --->   Core 75 'Shifter' <Latency = 0> <II = 1> <Delay = 4.33> <FuncUnit> <Opcode : 'shl' 'lshr' 'ashr'> <InPorts = 2> <OutPorts = 1>
ST_10 : Operation 83 [1/1] (4.33ns)   --->   "%shl_ln506 = shl i32 %zext_ln506, i32 %zext_ln506_1" [/wrk/ci/prod/2025.2/hls_product/continuous/666/2025.2/src/shared/hls/clib/hlsmath/include/FloatingPoint/hls_range_redux.h:506->/wrk/ci/prod/2025.2/hls_product/continuous/666/2025.2/src/shared/hls/clib/hlsmath/include/FloatingPoint/hls_hotbm.h:239]   --->   Operation 83 'shl' 'shl_ln506' <Predicate = (!tmp)> <Delay = 4.33> <CoreInst = "Shifter">   --->   Core 75 'Shifter' <Latency = 0> <II = 1> <Delay = 4.33> <FuncUnit> <Opcode : 'shl' 'lshr' 'ashr'> <InPorts = 2> <OutPorts = 1>
ST_10 : Operation 84 [1/1] (0.69ns)   --->   "%select_ln506_1 = select i1 %tmp, i32 %lshr_ln506, i32 %shl_ln506" [/wrk/ci/prod/2025.2/hls_product/continuous/666/2025.2/src/shared/hls/clib/hlsmath/include/FloatingPoint/hls_range_redux.h:506->/wrk/ci/prod/2025.2/hls_product/continuous/666/2025.2/src/shared/hls/clib/hlsmath/include/FloatingPoint/hls_hotbm.h:239]   --->   Operation 84 'select' 'select_ln506_1' <Predicate = true> <Delay = 0.69> <CoreInst = "Sel">   --->   Core 73 'Sel' <Latency = 0> <II = 1> <Delay = 0.69> <FuncUnit> <Opcode : 'select'> <InPorts = 3> <OutPorts = 1>
ST_10 : Operation 85 [1/1] (0.00ns)   --->   "%B = trunc i32 %select_ln506_1" [/wrk/ci/prod/2025.2/hls_product/continuous/666/2025.2/src/shared/hls/clib/hlsmath/src/common/hls_hotbm_float.cpp:21->/wrk/ci/prod/2025.2/hls_product/continuous/666/2025.2/src/shared/hls/clib/hlsmath/include/FloatingPoint/hls_hotbm.h:250]   --->   Operation 85 'trunc' 'B' <Predicate = true> <Delay = 0.00>
ST_10 : Operation 86 [1/1] (0.80ns)   --->   "%Mx_1 = select i1 %cos_basis, i29 536870911, i29 %Mx" [/wrk/ci/prod/2025.2/hls_product/continuous/666/2025.2/src/shared/hls/clib/hlsmath/include/FloatingPoint/hls_hotbm.h:243]   --->   Operation 86 'select' 'Mx_1' <Predicate = true> <Delay = 0.80> <CoreInst = "Sel">   --->   Core 73 'Sel' <Latency = 0> <II = 1> <Delay = 0.80> <FuncUnit> <Opcode : 'select'> <InPorts = 3> <OutPorts = 1>
ST_10 : Operation 87 [1/1] (1.24ns)   --->   "%Ex_2 = select i1 %cos_basis, i8 0, i8 %Ex_1" [/wrk/ci/prod/2025.2/hls_product/continuous/666/2025.2/src/shared/hls/clib/hlsmath/include/FloatingPoint/hls_hotbm.h:243]   --->   Operation 87 'select' 'Ex_2' <Predicate = true> <Delay = 1.24> <CoreInst = "Sel">   --->   Core 73 'Sel' <Latency = 0> <II = 1> <Delay = 1.24> <FuncUnit> <Opcode : 'select'> <InPorts = 3> <OutPorts = 1>
ST_10 : Operation 88 [1/1] (0.00ns)   --->   "%tmp_1 = partselect i7 @_ssdm_op_PartSelect.i7.i32.i32.i32, i32 %select_ln506_1, i32 22, i32 28" [/wrk/ci/prod/2025.2/hls_product/continuous/666/2025.2/src/shared/hls/clib/hlsmath/src/common/hls_hotbm_float.cpp:20->/wrk/ci/prod/2025.2/hls_product/continuous/666/2025.2/src/shared/hls/clib/hlsmath/include/FloatingPoint/hls_hotbm.h:250]   --->   Operation 88 'partselect' 'tmp_1' <Predicate = true> <Delay = 0.00>
ST_10 : Operation 89 [1/1] (0.00ns)   --->   "%B_trunc = partselect i15 @_ssdm_op_PartSelect.i15.i32.i32.i32, i32 %select_ln506_1, i32 7, i32 21" [/wrk/ci/prod/2025.2/hls_product/continuous/666/2025.2/src/shared/hls/clib/hlsmath/src/common/hls_hotbm_float.cpp:22->/wrk/ci/prod/2025.2/hls_product/continuous/666/2025.2/src/shared/hls/clib/hlsmath/include/FloatingPoint/hls_hotbm.h:250]   --->   Operation 89 'partselect' 'B_trunc' <Predicate = true> <Delay = 0.00>

State 11 <SV = 10> <Delay = 2.32>
ST_11 : Operation 90 [1/1] (0.00ns)   --->   "%A = bitconcatenate i8 @_ssdm_op_BitConcatenate.i8.i1.i7, i1 %sin_basis, i7 %tmp_1" [/wrk/ci/prod/2025.2/hls_product/continuous/666/2025.2/src/shared/hls/clib/hlsmath/src/common/hls_hotbm_float.cpp:26->/wrk/ci/prod/2025.2/hls_product/continuous/666/2025.2/src/shared/hls/clib/hlsmath/include/FloatingPoint/hls_hotbm.h:250]   --->   Operation 90 'bitconcatenate' 'A' <Predicate = true> <Delay = 0.00>
ST_11 : Operation 91 [1/1] (0.00ns)   --->   "%zext_ln28 = zext i8 %A" [/wrk/ci/prod/2025.2/hls_product/continuous/666/2025.2/src/shared/hls/clib/hlsmath/src/common/hls_hotbm_float.cpp:28->/wrk/ci/prod/2025.2/hls_product/continuous/666/2025.2/src/shared/hls/clib/hlsmath/include/FloatingPoint/hls_hotbm.h:250]   --->   Operation 91 'zext' 'zext_ln28' <Predicate = true> <Delay = 0.00>
ST_11 : Operation 92 [1/1] (0.00ns)   --->   "%second_order_float_sin_cos_K0_addr = getelementptr i30 %second_order_float_sin_cos_K0, i64 0, i64 %zext_ln28" [/wrk/ci/prod/2025.2/hls_product/continuous/666/2025.2/src/shared/hls/clib/hlsmath/src/common/hls_hotbm_float.cpp:28->/wrk/ci/prod/2025.2/hls_product/continuous/666/2025.2/src/shared/hls/clib/hlsmath/include/FloatingPoint/hls_hotbm.h:250]   --->   Operation 92 'getelementptr' 'second_order_float_sin_cos_K0_addr' <Predicate = true> <Delay = 0.00>
ST_11 : Operation 93 [2/2] (2.32ns)   --->   "%second_order_float_sin_cos_K0_load = load i8 %second_order_float_sin_cos_K0_addr" [/wrk/ci/prod/2025.2/hls_product/continuous/666/2025.2/src/shared/hls/clib/hlsmath/src/common/hls_hotbm_float.cpp:28->/wrk/ci/prod/2025.2/hls_product/continuous/666/2025.2/src/shared/hls/clib/hlsmath/include/FloatingPoint/hls_hotbm.h:250]   --->   Operation 93 'load' 'second_order_float_sin_cos_K0_load' <Predicate = true> <Delay = 2.32> <CoreInst = "ROM_1P_LUTRAM">   --->   Core 96 'ROM_1P_LUTRAM' <Latency = 1> <II = 1> <Delay = 2.32> <Storage> <Opcode : 'load'> <Ports = 1> <Width = 30> <Depth = 256> <ROM>
ST_11 : Operation 94 [1/1] (0.00ns)   --->   "%second_order_float_sin_cos_K1_addr = getelementptr i23 %second_order_float_sin_cos_K1, i64 0, i64 %zext_ln28" [/wrk/ci/prod/2025.2/hls_product/continuous/666/2025.2/src/shared/hls/clib/hlsmath/src/common/hls_hotbm_float.cpp:29->/wrk/ci/prod/2025.2/hls_product/continuous/666/2025.2/src/shared/hls/clib/hlsmath/include/FloatingPoint/hls_hotbm.h:250]   --->   Operation 94 'getelementptr' 'second_order_float_sin_cos_K1_addr' <Predicate = true> <Delay = 0.00>
ST_11 : Operation 95 [2/2] (2.32ns)   --->   "%second_order_float_sin_cos_K1_load = load i8 %second_order_float_sin_cos_K1_addr" [/wrk/ci/prod/2025.2/hls_product/continuous/666/2025.2/src/shared/hls/clib/hlsmath/src/common/hls_hotbm_float.cpp:29->/wrk/ci/prod/2025.2/hls_product/continuous/666/2025.2/src/shared/hls/clib/hlsmath/include/FloatingPoint/hls_hotbm.h:250]   --->   Operation 95 'load' 'second_order_float_sin_cos_K1_load' <Predicate = true> <Delay = 2.32> <CoreInst = "ROM_1P_LUTRAM">   --->   Core 96 'ROM_1P_LUTRAM' <Latency = 1> <II = 1> <Delay = 2.32> <Storage> <Opcode : 'load'> <Ports = 1> <Width = 23> <Depth = 256> <ROM>
ST_11 : Operation 96 [1/1] (0.00ns)   --->   "%second_order_float_sin_cos_K2_addr = getelementptr i15 %second_order_float_sin_cos_K2, i64 0, i64 %zext_ln28" [/wrk/ci/prod/2025.2/hls_product/continuous/666/2025.2/src/shared/hls/clib/hlsmath/src/common/hls_hotbm_float.cpp:30->/wrk/ci/prod/2025.2/hls_product/continuous/666/2025.2/src/shared/hls/clib/hlsmath/include/FloatingPoint/hls_hotbm.h:250]   --->   Operation 96 'getelementptr' 'second_order_float_sin_cos_K2_addr' <Predicate = true> <Delay = 0.00>
ST_11 : Operation 97 [2/2] (2.32ns)   --->   "%second_order_float_sin_cos_K2_load = load i8 %second_order_float_sin_cos_K2_addr" [/wrk/ci/prod/2025.2/hls_product/continuous/666/2025.2/src/shared/hls/clib/hlsmath/src/common/hls_hotbm_float.cpp:30->/wrk/ci/prod/2025.2/hls_product/continuous/666/2025.2/src/shared/hls/clib/hlsmath/include/FloatingPoint/hls_hotbm.h:250]   --->   Operation 97 'load' 'second_order_float_sin_cos_K2_load' <Predicate = true> <Delay = 2.32> <CoreInst = "ROM_1P_LUTRAM">   --->   Core 96 'ROM_1P_LUTRAM' <Latency = 1> <II = 1> <Delay = 2.32> <Storage> <Opcode : 'load'> <Ports = 1> <Width = 15> <Depth = 256> <ROM>

State 12 <SV = 11> <Delay = 5.59>
ST_12 : Operation 98 [1/1] (0.00ns)   --->   "%zext_ln23 = zext i15 %B_trunc" [/wrk/ci/prod/2025.2/hls_product/continuous/666/2025.2/src/shared/hls/clib/hlsmath/src/common/hls_hotbm_float.cpp:23->/wrk/ci/prod/2025.2/hls_product/continuous/666/2025.2/src/shared/hls/clib/hlsmath/include/FloatingPoint/hls_hotbm.h:250]   --->   Operation 98 'zext' 'zext_ln23' <Predicate = true> <Delay = 0.00>
ST_12 : Operation 99 [1/1] (5.59ns)   --->   "%mul_ln23 = mul i30 %zext_ln23, i30 %zext_ln23" [/wrk/ci/prod/2025.2/hls_product/continuous/666/2025.2/src/shared/hls/clib/hlsmath/src/common/hls_hotbm_float.cpp:23->/wrk/ci/prod/2025.2/hls_product/continuous/666/2025.2/src/shared/hls/clib/hlsmath/include/FloatingPoint/hls_hotbm.h:250]   --->   Operation 99 'mul' 'mul_ln23' <Predicate = true> <Delay = 5.59> <CoreInst = "Multiplier">   --->   Core 3 'Multiplier' <Latency = 0> <II = 1> <Delay = 5.59> <FuncUnit> <Opcode : 'mul'> <InPorts = 2> <OutPorts = 1>
ST_12 : Operation 100 [1/1] (0.00ns)   --->   "%B_squared = partselect i15 @_ssdm_op_PartSelect.i15.i30.i32.i32, i30 %mul_ln23, i32 15, i32 29" [/wrk/ci/prod/2025.2/hls_product/continuous/666/2025.2/src/shared/hls/clib/hlsmath/src/common/hls_hotbm_float.cpp:23->/wrk/ci/prod/2025.2/hls_product/continuous/666/2025.2/src/shared/hls/clib/hlsmath/include/FloatingPoint/hls_hotbm.h:250]   --->   Operation 100 'partselect' 'B_squared' <Predicate = true> <Delay = 0.00>
ST_12 : Operation 101 [1/2] ( I:2.32ns O:2.32ns )   --->   "%second_order_float_sin_cos_K0_load = load i8 %second_order_float_sin_cos_K0_addr" [/wrk/ci/prod/2025.2/hls_product/continuous/666/2025.2/src/shared/hls/clib/hlsmath/src/common/hls_hotbm_float.cpp:28->/wrk/ci/prod/2025.2/hls_product/continuous/666/2025.2/src/shared/hls/clib/hlsmath/include/FloatingPoint/hls_hotbm.h:250]   --->   Operation 101 'load' 'second_order_float_sin_cos_K0_load' <Predicate = true> <Delay = 2.32> <CoreInst = "ROM_1P_LUTRAM">   --->   Core 96 'ROM_1P_LUTRAM' <Latency = 1> <II = 1> <Delay = 2.32> <Storage> <Opcode : 'load'> <Ports = 1> <Width = 30> <Depth = 256> <ROM>
ST_12 : Operation 102 [1/1] (0.00ns)   --->   "%t1 = partselect i29 @_ssdm_op_PartSelect.i29.i30.i32.i32, i30 %second_order_float_sin_cos_K0_load, i32 1, i32 29" [/wrk/ci/prod/2025.2/hls_product/continuous/666/2025.2/src/shared/hls/clib/hlsmath/src/common/hls_hotbm_float.cpp:28->/wrk/ci/prod/2025.2/hls_product/continuous/666/2025.2/src/shared/hls/clib/hlsmath/include/FloatingPoint/hls_hotbm.h:250]   --->   Operation 102 'partselect' 't1' <Predicate = true> <Delay = 0.00>
ST_12 : Operation 103 [1/2] ( I:2.32ns O:2.32ns )   --->   "%second_order_float_sin_cos_K1_load = load i8 %second_order_float_sin_cos_K1_addr" [/wrk/ci/prod/2025.2/hls_product/continuous/666/2025.2/src/shared/hls/clib/hlsmath/src/common/hls_hotbm_float.cpp:29->/wrk/ci/prod/2025.2/hls_product/continuous/666/2025.2/src/shared/hls/clib/hlsmath/include/FloatingPoint/hls_hotbm.h:250]   --->   Operation 103 'load' 'second_order_float_sin_cos_K1_load' <Predicate = true> <Delay = 2.32> <CoreInst = "ROM_1P_LUTRAM">   --->   Core 96 'ROM_1P_LUTRAM' <Latency = 1> <II = 1> <Delay = 2.32> <Storage> <Opcode : 'load'> <Ports = 1> <Width = 23> <Depth = 256> <ROM>
ST_12 : Operation 104 [1/2] ( I:2.32ns O:2.32ns )   --->   "%second_order_float_sin_cos_K2_load = load i8 %second_order_float_sin_cos_K2_addr" [/wrk/ci/prod/2025.2/hls_product/continuous/666/2025.2/src/shared/hls/clib/hlsmath/src/common/hls_hotbm_float.cpp:30->/wrk/ci/prod/2025.2/hls_product/continuous/666/2025.2/src/shared/hls/clib/hlsmath/include/FloatingPoint/hls_hotbm.h:250]   --->   Operation 104 'load' 'second_order_float_sin_cos_K2_load' <Predicate = true> <Delay = 2.32> <CoreInst = "ROM_1P_LUTRAM">   --->   Core 96 'ROM_1P_LUTRAM' <Latency = 1> <II = 1> <Delay = 2.32> <Storage> <Opcode : 'load'> <Ports = 1> <Width = 15> <Depth = 256> <ROM>

State 13 <SV = 12> <Delay = 6.43>
ST_13 : Operation 105 [1/1] (0.00ns)   --->   "%zext_ln23_1 = zext i15 %B_squared" [/wrk/ci/prod/2025.2/hls_product/continuous/666/2025.2/src/shared/hls/clib/hlsmath/src/common/hls_hotbm_float.cpp:23->/wrk/ci/prod/2025.2/hls_product/continuous/666/2025.2/src/shared/hls/clib/hlsmath/include/FloatingPoint/hls_hotbm.h:250]   --->   Operation 105 'zext' 'zext_ln23_1' <Predicate = true> <Delay = 0.00>
ST_13 : Operation 106 [1/1] (0.00ns)   --->   "%zext_ln29 = zext i22 %B" [/wrk/ci/prod/2025.2/hls_product/continuous/666/2025.2/src/shared/hls/clib/hlsmath/src/common/hls_hotbm_float.cpp:29->/wrk/ci/prod/2025.2/hls_product/continuous/666/2025.2/src/shared/hls/clib/hlsmath/include/FloatingPoint/hls_hotbm.h:250]   --->   Operation 106 'zext' 'zext_ln29' <Predicate = true> <Delay = 0.00>
ST_13 : Operation 107 [1/1] (0.00ns)   --->   "%sext_ln29 = sext i23 %second_order_float_sin_cos_K1_load" [/wrk/ci/prod/2025.2/hls_product/continuous/666/2025.2/src/shared/hls/clib/hlsmath/src/common/hls_hotbm_float.cpp:29->/wrk/ci/prod/2025.2/hls_product/continuous/666/2025.2/src/shared/hls/clib/hlsmath/include/FloatingPoint/hls_hotbm.h:250]   --->   Operation 107 'sext' 'sext_ln29' <Predicate = true> <Delay = 0.00>
ST_13 : Operation 108 [1/1] (6.43ns)   --->   "%mul_ln29 = mul i45 %sext_ln29, i45 %zext_ln29" [/wrk/ci/prod/2025.2/hls_product/continuous/666/2025.2/src/shared/hls/clib/hlsmath/src/common/hls_hotbm_float.cpp:29->/wrk/ci/prod/2025.2/hls_product/continuous/666/2025.2/src/shared/hls/clib/hlsmath/include/FloatingPoint/hls_hotbm.h:250]   --->   Operation 108 'mul' 'mul_ln29' <Predicate = true> <Delay = 6.43> <CoreInst = "Multiplier">   --->   Core 3 'Multiplier' <Latency = 0> <II = 1> <Delay = 6.43> <FuncUnit> <Opcode : 'mul'> <InPorts = 2> <OutPorts = 1>
ST_13 : Operation 109 [1/1] (0.00ns)   --->   "%trunc_ln2 = partselect i22 @_ssdm_op_PartSelect.i22.i45.i32.i32, i45 %mul_ln29, i32 23, i32 44" [/wrk/ci/prod/2025.2/hls_product/continuous/666/2025.2/src/shared/hls/clib/hlsmath/src/common/hls_hotbm_float.cpp:29->/wrk/ci/prod/2025.2/hls_product/continuous/666/2025.2/src/shared/hls/clib/hlsmath/include/FloatingPoint/hls_hotbm.h:250]   --->   Operation 109 'partselect' 'trunc_ln2' <Predicate = true> <Delay = 0.00>
ST_13 : Operation 110 [1/1] (0.00ns)   --->   "%sext_ln30 = sext i15 %second_order_float_sin_cos_K2_load" [/wrk/ci/prod/2025.2/hls_product/continuous/666/2025.2/src/shared/hls/clib/hlsmath/src/common/hls_hotbm_float.cpp:30->/wrk/ci/prod/2025.2/hls_product/continuous/666/2025.2/src/shared/hls/clib/hlsmath/include/FloatingPoint/hls_hotbm.h:250]   --->   Operation 110 'sext' 'sext_ln30' <Predicate = true> <Delay = 0.00>
ST_13 : Operation 111 [1/1] (5.59ns)   --->   "%mul_ln30 = mul i30 %zext_ln23_1, i30 %sext_ln30" [/wrk/ci/prod/2025.2/hls_product/continuous/666/2025.2/src/shared/hls/clib/hlsmath/src/common/hls_hotbm_float.cpp:30->/wrk/ci/prod/2025.2/hls_product/continuous/666/2025.2/src/shared/hls/clib/hlsmath/include/FloatingPoint/hls_hotbm.h:250]   --->   Operation 111 'mul' 'mul_ln30' <Predicate = true> <Delay = 5.59> <CoreInst = "Multiplier">   --->   Core 3 'Multiplier' <Latency = 0> <II = 1> <Delay = 5.59> <FuncUnit> <Opcode : 'mul'> <InPorts = 2> <OutPorts = 1>
ST_13 : Operation 112 [1/1] (0.00ns)   --->   "%trunc_ln3 = partselect i14 @_ssdm_op_PartSelect.i14.i30.i32.i32, i30 %mul_ln30, i32 16, i32 29" [/wrk/ci/prod/2025.2/hls_product/continuous/666/2025.2/src/shared/hls/clib/hlsmath/src/common/hls_hotbm_float.cpp:30->/wrk/ci/prod/2025.2/hls_product/continuous/666/2025.2/src/shared/hls/clib/hlsmath/include/FloatingPoint/hls_hotbm.h:250]   --->   Operation 112 'partselect' 'trunc_ln3' <Predicate = true> <Delay = 0.00>

State 14 <SV = 13> <Delay = 4.31>
ST_14 : Operation 113 [1/1] (0.00ns)   --->   "%sext_ln32 = sext i29 %t1" [/wrk/ci/prod/2025.2/hls_product/continuous/666/2025.2/src/shared/hls/clib/hlsmath/src/common/hls_hotbm_float.cpp:32->/wrk/ci/prod/2025.2/hls_product/continuous/666/2025.2/src/shared/hls/clib/hlsmath/include/FloatingPoint/hls_hotbm.h:250]   --->   Operation 113 'sext' 'sext_ln32' <Predicate = true> <Delay = 0.00>
ST_14 : Operation 114 [1/1] (0.00ns)   --->   "%sext_ln32_1 = sext i22 %trunc_ln2" [/wrk/ci/prod/2025.2/hls_product/continuous/666/2025.2/src/shared/hls/clib/hlsmath/src/common/hls_hotbm_float.cpp:32->/wrk/ci/prod/2025.2/hls_product/continuous/666/2025.2/src/shared/hls/clib/hlsmath/include/FloatingPoint/hls_hotbm.h:250]   --->   Operation 114 'sext' 'sext_ln32_1' <Predicate = true> <Delay = 0.00>
ST_14 : Operation 115 [1/1] (0.00ns) (grouped into TernaryAdder)   --->   "%add_ln32 = add i30 %sext_ln32, i30 %sext_ln32_1" [/wrk/ci/prod/2025.2/hls_product/continuous/666/2025.2/src/shared/hls/clib/hlsmath/src/common/hls_hotbm_float.cpp:32->/wrk/ci/prod/2025.2/hls_product/continuous/666/2025.2/src/shared/hls/clib/hlsmath/include/FloatingPoint/hls_hotbm.h:250]   --->   Operation 115 'add' 'add_ln32' <Predicate = true> <Delay = 0.00> <CoreInst = "TAddSub">   --->   Core 10 'TAddSub' <Latency = 0> <II = 1> <Delay = 1.84> <IPBlock> <Opcode : 'add' 'sub'> <InPorts = 3> <OutPorts = 1> <Sync> <CReg>
ST_14 : Operation 116 [1/1] (0.00ns)   --->   "%sext_ln32_2 = sext i14 %trunc_ln3" [/wrk/ci/prod/2025.2/hls_product/continuous/666/2025.2/src/shared/hls/clib/hlsmath/src/common/hls_hotbm_float.cpp:32->/wrk/ci/prod/2025.2/hls_product/continuous/666/2025.2/src/shared/hls/clib/hlsmath/include/FloatingPoint/hls_hotbm.h:250]   --->   Operation 116 'sext' 'sext_ln32_2' <Predicate = true> <Delay = 0.00>
ST_14 : Operation 117 [1/1] (4.31ns) (root node of TernaryAdder)   --->   "%add_ln32_1 = add i30 %add_ln32, i30 %sext_ln32_2" [/wrk/ci/prod/2025.2/hls_product/continuous/666/2025.2/src/shared/hls/clib/hlsmath/src/common/hls_hotbm_float.cpp:32->/wrk/ci/prod/2025.2/hls_product/continuous/666/2025.2/src/shared/hls/clib/hlsmath/include/FloatingPoint/hls_hotbm.h:250]   --->   Operation 117 'add' 'add_ln32_1' <Predicate = true> <Delay = 4.31> <CoreInst = "TAddSub">   --->   Core 10 'TAddSub' <Latency = 0> <II = 1> <Delay = 1.84> <IPBlock> <Opcode : 'add' 'sub'> <InPorts = 3> <OutPorts = 1> <Sync> <CReg>

State 15 <SV = 14> <Delay = 6.91>
ST_15 : Operation 118 [1/1] (0.00ns)   --->   "%sext_ln32_3 = sext i30 %add_ln32_1" [/wrk/ci/prod/2025.2/hls_product/continuous/666/2025.2/src/shared/hls/clib/hlsmath/src/common/hls_hotbm_float.cpp:32->/wrk/ci/prod/2025.2/hls_product/continuous/666/2025.2/src/shared/hls/clib/hlsmath/include/FloatingPoint/hls_hotbm.h:250]   --->   Operation 118 'sext' 'sext_ln32_3' <Predicate = true> <Delay = 0.00>
ST_15 : Operation 119 [1/1] (0.00ns)   --->   "%zext_ln32 = zext i29 %Mx_1" [/wrk/ci/prod/2025.2/hls_product/continuous/666/2025.2/src/shared/hls/clib/hlsmath/src/common/hls_hotbm_float.cpp:32->/wrk/ci/prod/2025.2/hls_product/continuous/666/2025.2/src/shared/hls/clib/hlsmath/include/FloatingPoint/hls_hotbm.h:250]   --->   Operation 119 'zext' 'zext_ln32' <Predicate = true> <Delay = 0.00>
ST_15 : Operation 120 [2/2] (6.91ns)   --->   "%mul_ln32 = mul i58 %sext_ln32_3, i58 %zext_ln32" [/wrk/ci/prod/2025.2/hls_product/continuous/666/2025.2/src/shared/hls/clib/hlsmath/src/common/hls_hotbm_float.cpp:32->/wrk/ci/prod/2025.2/hls_product/continuous/666/2025.2/src/shared/hls/clib/hlsmath/include/FloatingPoint/hls_hotbm.h:250]   --->   Operation 120 'mul' 'mul_ln32' <Predicate = true> <Delay = 6.91> <CoreInst = "Multiplier">   --->   Core 3 'Multiplier' <Latency = 1> <II = 1> <Delay = 6.91> <FuncUnit> <Opcode : 'mul'> <InPorts = 2> <OutPorts = 1>

State 16 <SV = 15> <Delay = 6.91>
ST_16 : Operation 121 [1/2] (6.91ns)   --->   "%mul_ln32 = mul i58 %sext_ln32_3, i58 %zext_ln32" [/wrk/ci/prod/2025.2/hls_product/continuous/666/2025.2/src/shared/hls/clib/hlsmath/src/common/hls_hotbm_float.cpp:32->/wrk/ci/prod/2025.2/hls_product/continuous/666/2025.2/src/shared/hls/clib/hlsmath/include/FloatingPoint/hls_hotbm.h:250]   --->   Operation 121 'mul' 'mul_ln32' <Predicate = true> <Delay = 6.91> <CoreInst = "Multiplier">   --->   Core 3 'Multiplier' <Latency = 1> <II = 1> <Delay = 6.91> <FuncUnit> <Opcode : 'mul'> <InPorts = 2> <OutPorts = 1>
ST_16 : Operation 122 [1/1] (0.00ns)   --->   "%result = partselect i29 @_ssdm_op_PartSelect.i29.i58.i32.i32, i58 %mul_ln32, i32 29, i32 57" [/wrk/ci/prod/2025.2/hls_product/continuous/666/2025.2/src/shared/hls/clib/hlsmath/src/common/hls_hotbm_float.cpp:32->/wrk/ci/prod/2025.2/hls_product/continuous/666/2025.2/src/shared/hls/clib/hlsmath/include/FloatingPoint/hls_hotbm.h:250]   --->   Operation 122 'partselect' 'result' <Predicate = true> <Delay = 0.00>
ST_16 : Operation 123 [1/1] (0.00ns)   --->   "%tmp_3 = partselect i16 @_ssdm_op_PartSelect.i16.i58.i32.i32, i58 %mul_ln32, i32 42, i32 57" [/wrk/ci/prod/2025.2/hls_product/continuous/666/2025.2/src/shared/hls/clib/src/hls/utils/x_hls_float_utils.h:271->/wrk/ci/prod/2025.2/hls_product/continuous/666/2025.2/src/shared/hls/clib/hlsmath/include/FloatingPoint/hls_hotbm.h:252]   --->   Operation 123 'partselect' 'tmp_3' <Predicate = true> <Delay = 0.00>
ST_16 : Operation 124 [1/1] (0.00ns)   --->   "%tmp_4 = partselect i13 @_ssdm_op_PartSelect.i13.i58.i32.i32, i58 %mul_ln32, i32 29, i32 41" [/wrk/ci/prod/2025.2/hls_product/continuous/666/2025.2/src/shared/hls/clib/src/hls/utils/x_hls_float_utils.h:276->/wrk/ci/prod/2025.2/hls_product/continuous/666/2025.2/src/shared/hls/clib/hlsmath/include/FloatingPoint/hls_hotbm.h:252]   --->   Operation 124 'partselect' 'tmp_4' <Predicate = true> <Delay = 0.00>
ST_16 : Operation 125 [1/1] (0.00ns)   --->   "%trunc_ln5 = partselect i28 @_ssdm_op_PartSelect.i28.i58.i32.i32, i58 %mul_ln32, i32 29, i32 56" [/wrk/ci/prod/2025.2/hls_product/continuous/666/2025.2/src/shared/hls/clib/src/hls/utils/x_hls_float_utils.h:291->/wrk/ci/prod/2025.2/hls_product/continuous/666/2025.2/src/shared/hls/clib/hlsmath/include/FloatingPoint/hls_hotbm.h:252]   --->   Operation 125 'partselect' 'trunc_ln5' <Predicate = (!and_ln271)> <Delay = 0.00>

State 17 <SV = 16> <Delay = 6.44>
ST_17 : Operation 126 [1/1] (0.00ns)   --->   "%out_bits = bitconcatenate i32 @_ssdm_op_BitConcatenate.i32.i16.i16, i16 %tmp_3, i16 32768" [/wrk/ci/prod/2025.2/hls_product/continuous/666/2025.2/src/shared/hls/clib/src/hls/utils/x_hls_float_utils.h:273->/wrk/ci/prod/2025.2/hls_product/continuous/666/2025.2/src/shared/hls/clib/hlsmath/include/FloatingPoint/hls_hotbm.h:252]   --->   Operation 126 'bitconcatenate' 'out_bits' <Predicate = true> <Delay = 0.00>
ST_17 : Operation 127 [1/1] (0.00ns)   --->   "%out_bits_2 = bitconcatenate i32 @_ssdm_op_BitConcatenate.i32.i13.i19, i13 %tmp_4, i19 262144" [/wrk/ci/prod/2025.2/hls_product/continuous/666/2025.2/src/shared/hls/clib/src/hls/utils/x_hls_float_utils.h:278->/wrk/ci/prod/2025.2/hls_product/continuous/666/2025.2/src/shared/hls/clib/hlsmath/include/FloatingPoint/hls_hotbm.h:252]   --->   Operation 127 'bitconcatenate' 'out_bits_2' <Predicate = true> <Delay = 0.00>
ST_17 : Operation 128 [1/1] (2.12ns)   --->   "%c = ctlz i32 @llvm.ctlz.i32, i32 %out_bits, i1 0" [/wrk/ci/prod/2025.2/hls_product/continuous/666/2025.2/src/shared/hls/clib/hlsmath/include/FloatingPoint/hls_normalize.h:81->/wrk/ci/prod/2025.2/hls_product/continuous/666/2025.2/src/shared/hls/clib/src/hls/utils/x_hls_float_utils.h:283->/wrk/ci/prod/2025.2/hls_product/continuous/666/2025.2/src/shared/hls/clib/hlsmath/include/FloatingPoint/hls_hotbm.h:252]   --->   Operation 128 'ctlz' 'c' <Predicate = true> <Delay = 2.12> <CoreInst = "ctlz">   --->   Core 133 'ctlz' <Latency = 0> <II = 1> <Delay = 2.12> <FuncUnit> <Opcode : 'ctlz'> <InPorts = 1> <OutPorts = 1>
ST_17 : Operation 129 [1/1] (0.00ns)   --->   "%trunc_ln281 = trunc i32 %c" [/wrk/ci/prod/2025.2/hls_product/continuous/666/2025.2/src/shared/hls/clib/src/hls/utils/x_hls_float_utils.h:281->/wrk/ci/prod/2025.2/hls_product/continuous/666/2025.2/src/shared/hls/clib/hlsmath/include/FloatingPoint/hls_hotbm.h:252]   --->   Operation 129 'trunc' 'trunc_ln281' <Predicate = true> <Delay = 0.00>
ST_17 : Operation 130 [1/1] (0.00ns)   --->   "%zext_ln281 = zext i5 %trunc_ln281" [/wrk/ci/prod/2025.2/hls_product/continuous/666/2025.2/src/shared/hls/clib/src/hls/utils/x_hls_float_utils.h:281->/wrk/ci/prod/2025.2/hls_product/continuous/666/2025.2/src/shared/hls/clib/hlsmath/include/FloatingPoint/hls_hotbm.h:252]   --->   Operation 130 'zext' 'zext_ln281' <Predicate = (!and_ln271)> <Delay = 0.00>
ST_17 : Operation 131 [1/1] (2.12ns)   --->   "%c_1 = ctlz i32 @llvm.ctlz.i32, i32 %out_bits_2, i1 0" [/wrk/ci/prod/2025.2/hls_product/continuous/666/2025.2/src/shared/hls/clib/hlsmath/include/FloatingPoint/hls_normalize.h:81->/wrk/ci/prod/2025.2/hls_product/continuous/666/2025.2/src/shared/hls/clib/src/hls/utils/x_hls_float_utils.h:283->/wrk/ci/prod/2025.2/hls_product/continuous/666/2025.2/src/shared/hls/clib/hlsmath/include/FloatingPoint/hls_hotbm.h:252]   --->   Operation 131 'ctlz' 'c_1' <Predicate = true> <Delay = 2.12> <CoreInst = "ctlz">   --->   Core 133 'ctlz' <Latency = 0> <II = 1> <Delay = 2.12> <FuncUnit> <Opcode : 'ctlz'> <InPorts = 1> <OutPorts = 1>
ST_17 : Operation 132 [1/1] (0.00ns)   --->   "%trunc_ln281_1 = trunc i32 %c_1" [/wrk/ci/prod/2025.2/hls_product/continuous/666/2025.2/src/shared/hls/clib/src/hls/utils/x_hls_float_utils.h:281->/wrk/ci/prod/2025.2/hls_product/continuous/666/2025.2/src/shared/hls/clib/hlsmath/include/FloatingPoint/hls_hotbm.h:252]   --->   Operation 132 'trunc' 'trunc_ln281_1' <Predicate = true> <Delay = 0.00>
ST_17 : Operation 133 [1/1] (4.31ns)   --->   "%in_shift_1 = shl i28 %trunc_ln5, i28 %zext_ln281" [/wrk/ci/prod/2025.2/hls_product/continuous/666/2025.2/src/shared/hls/clib/src/hls/utils/x_hls_float_utils.h:291->/wrk/ci/prod/2025.2/hls_product/continuous/666/2025.2/src/shared/hls/clib/hlsmath/include/FloatingPoint/hls_hotbm.h:252]   --->   Operation 133 'shl' 'in_shift_1' <Predicate = (!and_ln271)> <Delay = 4.31> <CoreInst = "Shifter">   --->   Core 75 'Shifter' <Latency = 0> <II = 1> <Delay = 4.31> <FuncUnit> <Opcode : 'shl' 'lshr' 'ashr'> <InPorts = 2> <OutPorts = 1>
ST_17 : Operation 134 [1/1] (1.78ns)   --->   "%icmp_ln292 = icmp_eq  i5 %trunc_ln281, i5 16" [/wrk/ci/prod/2025.2/hls_product/continuous/666/2025.2/src/shared/hls/clib/src/hls/utils/x_hls_float_utils.h:292->/wrk/ci/prod/2025.2/hls_product/continuous/666/2025.2/src/shared/hls/clib/hlsmath/include/FloatingPoint/hls_hotbm.h:252]   --->   Operation 134 'icmp' 'icmp_ln292' <Predicate = true> <Delay = 1.78> <CoreInst = "Cmp">   --->   Core 9 'Cmp' <Latency = 0> <II = 1> <Delay = 1.78> <FuncUnit> <Opcode : 'seteq' 'setne' 'setle' 'setge' 'setlt' 'setgt'> <InPorts = 2> <OutPorts = 1>
ST_17 : Operation 135 [1/1] (2.46ns)   --->   "%icmp_ln306 = icmp_eq  i29 %result, i29 0" [/wrk/ci/prod/2025.2/hls_product/continuous/666/2025.2/src/shared/hls/clib/src/hls/utils/x_hls_float_utils.h:306->/wrk/ci/prod/2025.2/hls_product/continuous/666/2025.2/src/shared/hls/clib/hlsmath/include/FloatingPoint/hls_hotbm.h:252]   --->   Operation 135 'icmp' 'icmp_ln306' <Predicate = true> <Delay = 2.46> <CoreInst = "Cmp">   --->   Core 9 'Cmp' <Latency = 0> <II = 1> <Delay = 2.46> <FuncUnit> <Opcode : 'seteq' 'setne' 'setle' 'setge' 'setlt' 'setgt'> <InPorts = 2> <OutPorts = 1>

State 18 <SV = 17> <Delay = 7.13>
ST_18 : Operation 136 [1/1] (0.00ns)   --->   "%specmemcore_ln375 = specmemcore void @_ssdm_op_SpecMemCore, i100 %ref_4oPi_table_100, i64 666, i64 34, i64 18446744073709551615, i1 0" [/wrk/ci/prod/2025.2/hls_product/continuous/666/2025.2/src/shared/hls/clib/hlsmath/include/FloatingPoint/hls_range_redux.h:375->/wrk/ci/prod/2025.2/hls_product/continuous/666/2025.2/src/shared/hls/clib/hlsmath/include/FloatingPoint/hls_range_redux.h:467->/wrk/ci/prod/2025.2/hls_product/continuous/666/2025.2/src/shared/hls/clib/hlsmath/include/FloatingPoint/hls_hotbm.h:239]   --->   Operation 136 'specmemcore' 'specmemcore_ln375' <Predicate = true> <Delay = 0.00>
ST_18 : Operation 137 [1/1] (0.00ns)   --->   "%specmemcore_ln16 = specmemcore void @_ssdm_op_SpecMemCore, i30 %second_order_float_sin_cos_K0, i64 666, i64 34, i64 18446744073709551615, i1 0" [/wrk/ci/prod/2025.2/hls_product/continuous/666/2025.2/src/shared/hls/clib/hlsmath/src/common/hls_hotbm_float.cpp:16->/wrk/ci/prod/2025.2/hls_product/continuous/666/2025.2/src/shared/hls/clib/hlsmath/include/FloatingPoint/hls_hotbm.h:250]   --->   Operation 137 'specmemcore' 'specmemcore_ln16' <Predicate = true> <Delay = 0.00>
ST_18 : Operation 138 [1/1] (0.00ns)   --->   "%specmemcore_ln17 = specmemcore void @_ssdm_op_SpecMemCore, i23 %second_order_float_sin_cos_K1, i64 666, i64 34, i64 18446744073709551615, i1 0" [/wrk/ci/prod/2025.2/hls_product/continuous/666/2025.2/src/shared/hls/clib/hlsmath/src/common/hls_hotbm_float.cpp:17->/wrk/ci/prod/2025.2/hls_product/continuous/666/2025.2/src/shared/hls/clib/hlsmath/include/FloatingPoint/hls_hotbm.h:250]   --->   Operation 138 'specmemcore' 'specmemcore_ln17' <Predicate = true> <Delay = 0.00>
ST_18 : Operation 139 [1/1] (0.00ns)   --->   "%specmemcore_ln18 = specmemcore void @_ssdm_op_SpecMemCore, i15 %second_order_float_sin_cos_K2, i64 666, i64 34, i64 18446744073709551615, i1 0" [/wrk/ci/prod/2025.2/hls_product/continuous/666/2025.2/src/shared/hls/clib/hlsmath/src/common/hls_hotbm_float.cpp:18->/wrk/ci/prod/2025.2/hls_product/continuous/666/2025.2/src/shared/hls/clib/hlsmath/include/FloatingPoint/hls_hotbm.h:250]   --->   Operation 139 'specmemcore' 'specmemcore_ln18' <Predicate = true> <Delay = 0.00>
ST_18 : Operation 140 [1/1] (0.00ns)   --->   "%sext_ln252 = sext i8 %Ex_2" [/wrk/ci/prod/2025.2/hls_product/continuous/666/2025.2/src/shared/hls/clib/hlsmath/include/FloatingPoint/hls_hotbm.h:252]   --->   Operation 140 'sext' 'sext_ln252' <Predicate = true> <Delay = 0.00>
ST_18 : Operation 141 [1/1] (0.00ns)   --->   "%zext_ln281_1 = zext i4 %trunc_ln281_1" [/wrk/ci/prod/2025.2/hls_product/continuous/666/2025.2/src/shared/hls/clib/src/hls/utils/x_hls_float_utils.h:281->/wrk/ci/prod/2025.2/hls_product/continuous/666/2025.2/src/shared/hls/clib/hlsmath/include/FloatingPoint/hls_hotbm.h:252]   --->   Operation 141 'zext' 'zext_ln281_1' <Predicate = (!and_ln271 & icmp_ln292)> <Delay = 0.00>
ST_18 : Operation 142 [1/1] (0.00ns)   --->   "%shift_1 = bitconcatenate i5 @_ssdm_op_BitConcatenate.i5.i1.i4, i1 1, i4 %trunc_ln281_1" [/wrk/ci/prod/2025.2/hls_product/continuous/666/2025.2/src/shared/hls/clib/src/hls/utils/x_hls_float_utils.h:290->/wrk/ci/prod/2025.2/hls_product/continuous/666/2025.2/src/shared/hls/clib/hlsmath/include/FloatingPoint/hls_hotbm.h:252]   --->   Operation 142 'bitconcatenate' 'shift_1' <Predicate = (icmp_ln292)> <Delay = 0.00>
ST_18 : Operation 143 [1/1] (4.31ns)   --->   "%in_shift_2 = shl i28 %in_shift_1, i28 %zext_ln281_1" [/wrk/ci/prod/2025.2/hls_product/continuous/666/2025.2/src/shared/hls/clib/src/hls/utils/x_hls_float_utils.h:291->/wrk/ci/prod/2025.2/hls_product/continuous/666/2025.2/src/shared/hls/clib/hlsmath/include/FloatingPoint/hls_hotbm.h:252]   --->   Operation 143 'shl' 'in_shift_2' <Predicate = (!and_ln271 & icmp_ln292)> <Delay = 4.31> <CoreInst = "Shifter">   --->   Core 75 'Shifter' <Latency = 0> <II = 1> <Delay = 4.31> <FuncUnit> <Opcode : 'shl' 'lshr' 'ashr'> <InPorts = 2> <OutPorts = 1>
ST_18 : Operation 144 [1/1] (1.21ns)   --->   "%shift_2 = select i1 %icmp_ln292, i5 %shift_1, i5 %trunc_ln281" [/wrk/ci/prod/2025.2/hls_product/continuous/666/2025.2/src/shared/hls/clib/src/hls/utils/x_hls_float_utils.h:292->/wrk/ci/prod/2025.2/hls_product/continuous/666/2025.2/src/shared/hls/clib/hlsmath/include/FloatingPoint/hls_hotbm.h:252]   --->   Operation 144 'select' 'shift_2' <Predicate = true> <Delay = 1.21> <CoreInst = "Sel">   --->   Core 73 'Sel' <Latency = 0> <II = 1> <Delay = 1.21> <FuncUnit> <Opcode : 'select'> <InPorts = 3> <OutPorts = 1>
ST_18 : Operation 145 [1/1] (0.00ns)   --->   "%zext_ln286 = zext i5 %shift_2" [/wrk/ci/prod/2025.2/hls_product/continuous/666/2025.2/src/shared/hls/clib/src/hls/utils/x_hls_float_utils.h:286->/wrk/ci/prod/2025.2/hls_product/continuous/666/2025.2/src/shared/hls/clib/hlsmath/include/FloatingPoint/hls_hotbm.h:252]   --->   Operation 145 'zext' 'zext_ln286' <Predicate = true> <Delay = 0.00>
ST_18 : Operation 146 [1/1] (0.00ns) (grouped into TernaryAdder)   --->   "%add_ln300 = add i9 %sext_ln252, i9 127" [/wrk/ci/prod/2025.2/hls_product/continuous/666/2025.2/src/shared/hls/clib/src/hls/utils/x_hls_float_utils.h:300->/wrk/ci/prod/2025.2/hls_product/continuous/666/2025.2/src/shared/hls/clib/hlsmath/include/FloatingPoint/hls_hotbm.h:252]   --->   Operation 146 'add' 'add_ln300' <Predicate = true> <Delay = 0.00> <CoreInst = "TAddSub">   --->   Core 10 'TAddSub' <Latency = 0> <II = 1> <Delay = 1.84> <IPBlock> <Opcode : 'add' 'sub'> <InPorts = 3> <OutPorts = 1> <Sync> <CReg>
ST_18 : Operation 147 [1/1] (3.69ns) (root node of TernaryAdder)   --->   "%newexp = sub i9 %add_ln300, i9 %zext_ln286" [/wrk/ci/prod/2025.2/hls_product/continuous/666/2025.2/src/shared/hls/clib/src/hls/utils/x_hls_float_utils.h:300->/wrk/ci/prod/2025.2/hls_product/continuous/666/2025.2/src/shared/hls/clib/hlsmath/include/FloatingPoint/hls_hotbm.h:252]   --->   Operation 147 'sub' 'newexp' <Predicate = true> <Delay = 3.69> <CoreInst = "TAddSub">   --->   Core 10 'TAddSub' <Latency = 0> <II = 1> <Delay = 1.84> <IPBlock> <Opcode : 'add' 'sub'> <InPorts = 3> <OutPorts = 1> <Sync> <CReg>
ST_18 : Operation 148 [1/1] (0.00ns) (grouped into LUT with out node or_ln282)   --->   "%tmp_2 = bitselect i1 @_ssdm_op_BitSelect.i1.i9.i32, i9 %newexp, i32 8" [/wrk/ci/prod/2025.2/hls_product/continuous/666/2025.2/src/shared/hls/clib/src/hls/utils/x_hls_float_utils.h:306->/wrk/ci/prod/2025.2/hls_product/continuous/666/2025.2/src/shared/hls/clib/hlsmath/include/FloatingPoint/hls_hotbm.h:252]   --->   Operation 148 'bitselect' 'tmp_2' <Predicate = true> <Delay = 0.00>
ST_18 : Operation 149 [1/1] (0.00ns) (grouped into LUT with out node or_ln282)   --->   "%or_ln306 = or i1 %tmp_2, i1 %icmp_ln306" [/wrk/ci/prod/2025.2/hls_product/continuous/666/2025.2/src/shared/hls/clib/src/hls/utils/x_hls_float_utils.h:306->/wrk/ci/prod/2025.2/hls_product/continuous/666/2025.2/src/shared/hls/clib/hlsmath/include/FloatingPoint/hls_hotbm.h:252]   --->   Operation 149 'or' 'or_ln306' <Predicate = true> <Delay = 0.00> <CoreInst = "LogicGate">   --->   Core 74 'LogicGate' <Latency = 0> <II = 1> <Delay = 0.97> <FuncUnit> <Opcode : 'and' 'or' 'xor'> <InPorts = 2> <OutPorts = 1>
ST_18 : Operation 150 [1/1] (0.00ns) (grouped into LUT with out node results_exp_1)   --->   "%empty = trunc i9 %newexp" [/wrk/ci/prod/2025.2/hls_product/continuous/666/2025.2/src/shared/hls/clib/src/hls/utils/x_hls_float_utils.h:300->/wrk/ci/prod/2025.2/hls_product/continuous/666/2025.2/src/shared/hls/clib/hlsmath/include/FloatingPoint/hls_hotbm.h:252]   --->   Operation 150 'trunc' 'empty' <Predicate = (!and_ln271)> <Delay = 0.00>
ST_18 : Operation 151 [1/1] (0.00ns) (grouped into LUT with out node results_sig_1)   --->   "%tmp_6 = partselect i23 @_ssdm_op_PartSelect.i23.i28.i32.i32, i28 %in_shift_2, i32 5, i32 27" [/wrk/ci/prod/2025.2/hls_product/continuous/666/2025.2/src/shared/hls/clib/src/hls/utils/x_hls_float_utils.h:291->/wrk/ci/prod/2025.2/hls_product/continuous/666/2025.2/src/shared/hls/clib/hlsmath/include/FloatingPoint/hls_hotbm.h:252]   --->   Operation 151 'partselect' 'tmp_6' <Predicate = (!and_ln271 & icmp_ln292)> <Delay = 0.00>
ST_18 : Operation 152 [1/1] (0.00ns) (grouped into LUT with out node results_sig_1)   --->   "%tmp_9 = partselect i23 @_ssdm_op_PartSelect.i23.i28.i32.i32, i28 %in_shift_1, i32 5, i32 27" [/wrk/ci/prod/2025.2/hls_product/continuous/666/2025.2/src/shared/hls/clib/src/hls/utils/x_hls_float_utils.h:291->/wrk/ci/prod/2025.2/hls_product/continuous/666/2025.2/src/shared/hls/clib/hlsmath/include/FloatingPoint/hls_hotbm.h:252]   --->   Operation 152 'partselect' 'tmp_9' <Predicate = (!and_ln271 & !icmp_ln292)> <Delay = 0.00>
ST_18 : Operation 153 [1/1] (0.00ns) (grouped into LUT with out node results_sig_1)   --->   "%empty_59 = select i1 %icmp_ln292, i23 %tmp_6, i23 %tmp_9" [/wrk/ci/prod/2025.2/hls_product/continuous/666/2025.2/src/shared/hls/clib/src/hls/utils/x_hls_float_utils.h:292->/wrk/ci/prod/2025.2/hls_product/continuous/666/2025.2/src/shared/hls/clib/hlsmath/include/FloatingPoint/hls_hotbm.h:252]   --->   Operation 153 'select' 'empty_59' <Predicate = (!and_ln271)> <Delay = 0.00> <CoreInst = "Sel">   --->   Core 73 'Sel' <Latency = 0> <II = 1> <Delay = 0.69> <FuncUnit> <Opcode : 'select'> <InPorts = 3> <OutPorts = 1>
ST_18 : Operation 154 [1/1] (0.00ns) (grouped into LUT with out node results_exp_1)   --->   "%select_ln259 = select i1 %do_cos_read, i8 127, i8 0" [/wrk/ci/prod/2025.2/hls_product/continuous/666/2025.2/src/shared/hls/clib/hlsmath/include/FloatingPoint/hls_hotbm.h:259]   --->   Operation 154 'select' 'select_ln259' <Predicate = (and_ln271)> <Delay = 0.00> <CoreInst = "Sel">   --->   Core 73 'Sel' <Latency = 0> <II = 1> <Delay = 1.24> <FuncUnit> <Opcode : 'select'> <InPorts = 3> <OutPorts = 1>
ST_18 : Operation 155 [1/1] (0.00ns) (grouped into LUT with out node results_exp_1)   --->   "%select_ln282 = select i1 %icmp_ln282, i8 255, i8 0" [/wrk/ci/prod/2025.2/hls_product/continuous/666/2025.2/src/shared/hls/clib/hlsmath/include/FloatingPoint/hls_hotbm.h:282]   --->   Operation 155 'select' 'select_ln282' <Predicate = (!and_ln271)> <Delay = 0.00> <CoreInst = "Sel">   --->   Core 73 'Sel' <Latency = 0> <II = 1> <Delay = 0.99> <FuncUnit> <Opcode : 'select'> <InPorts = 3> <OutPorts = 1>
ST_18 : Operation 156 [1/1] (0.97ns) (out node of the LUT)   --->   "%or_ln282 = or i1 %icmp_ln282, i1 %or_ln306" [/wrk/ci/prod/2025.2/hls_product/continuous/666/2025.2/src/shared/hls/clib/hlsmath/include/FloatingPoint/hls_hotbm.h:282]   --->   Operation 156 'or' 'or_ln282' <Predicate = true> <Delay = 0.97> <CoreInst = "LogicGate">   --->   Core 74 'LogicGate' <Latency = 0> <II = 1> <Delay = 0.97> <FuncUnit> <Opcode : 'and' 'or' 'xor'> <InPorts = 2> <OutPorts = 1>
ST_18 : Operation 157 [1/1] (0.00ns) (grouped into LUT with out node results_exp_1)   --->   "%results_exp = select i1 %or_ln282, i8 %select_ln282, i8 %empty" [/wrk/ci/prod/2025.2/hls_product/continuous/666/2025.2/src/shared/hls/clib/hlsmath/include/FloatingPoint/hls_hotbm.h:282]   --->   Operation 157 'select' 'results_exp' <Predicate = (!and_ln271)> <Delay = 0.00> <CoreInst = "Sel">   --->   Core 73 'Sel' <Latency = 0> <II = 1> <Delay = 1.24> <FuncUnit> <Opcode : 'select'> <InPorts = 3> <OutPorts = 1>
ST_18 : Operation 158 [1/1] (0.00ns) (grouped into LUT with out node results_sig_1)   --->   "%select_ln282_2 = select i1 %icmp_ln282, i23 8388607, i23 0" [/wrk/ci/prod/2025.2/hls_product/continuous/666/2025.2/src/shared/hls/clib/hlsmath/include/FloatingPoint/hls_hotbm.h:282]   --->   Operation 158 'select' 'select_ln282_2' <Predicate = (!and_ln271)> <Delay = 0.00> <CoreInst = "Sel">   --->   Core 73 'Sel' <Latency = 0> <II = 1> <Delay = 0.99> <FuncUnit> <Opcode : 'select'> <InPorts = 3> <OutPorts = 1>
ST_18 : Operation 159 [1/1] (0.00ns) (grouped into LUT with out node results_sig_1)   --->   "%results_sig = select i1 %or_ln282, i23 %select_ln282_2, i23 %empty_59" [/wrk/ci/prod/2025.2/hls_product/continuous/666/2025.2/src/shared/hls/clib/hlsmath/include/FloatingPoint/hls_hotbm.h:282]   --->   Operation 159 'select' 'results_sig' <Predicate = (!and_ln271)> <Delay = 0.00> <CoreInst = "Sel">   --->   Core 73 'Sel' <Latency = 0> <II = 1> <Delay = 0.69> <FuncUnit> <Opcode : 'select'> <InPorts = 3> <OutPorts = 1>
ST_18 : Operation 160 [1/1] (1.24ns) (out node of the LUT)   --->   "%results_exp_1 = select i1 %and_ln271, i8 %select_ln259, i8 %results_exp" [/wrk/ci/prod/2025.2/hls_product/continuous/666/2025.2/src/shared/hls/clib/hlsmath/include/FloatingPoint/hls_hotbm.h:271]   --->   Operation 160 'select' 'results_exp_1' <Predicate = true> <Delay = 1.24> <CoreInst = "Sel">   --->   Core 73 'Sel' <Latency = 0> <II = 1> <Delay = 1.24> <FuncUnit> <Opcode : 'select'> <InPorts = 3> <OutPorts = 1>
ST_18 : Operation 161 [1/1] (0.99ns) (out node of the LUT)   --->   "%results_sig_1 = select i1 %and_ln271, i23 0, i23 %results_sig" [/wrk/ci/prod/2025.2/hls_product/continuous/666/2025.2/src/shared/hls/clib/hlsmath/include/FloatingPoint/hls_hotbm.h:271]   --->   Operation 161 'select' 'results_sig_1' <Predicate = true> <Delay = 0.99> <CoreInst = "Sel">   --->   Core 73 'Sel' <Latency = 0> <II = 1> <Delay = 0.69> <FuncUnit> <Opcode : 'select'> <InPorts = 3> <OutPorts = 1>
ST_18 : Operation 162 [1/1] (0.00ns)   --->   "%t_2 = bitconcatenate i32 @_ssdm_op_BitConcatenate.i32.i1.i8.i23, i1 %results_sign_3, i8 %results_exp_1, i23 %results_sig_1" [/wrk/ci/prod/2025.2/hls_product/continuous/666/2025.2/src/shared/hls/clib/src/hls/utils/x_hls_utils.h:313->/wrk/ci/prod/2025.2/hls_product/continuous/666/2025.2/src/shared/hls/clib/src/hls/utils/x_hls_utils.h:326->/wrk/ci/prod/2025.2/hls_product/continuous/666/2025.2/src/shared/hls/clib/src/hls/utils/x_hls_utils.h:347->/wrk/ci/prod/2025.2/hls_product/continuous/666/2025.2/src/shared/hls/clib/hlsmath/include/FloatingPoint/hls_hotbm.h:287]   --->   Operation 162 'bitconcatenate' 't_2' <Predicate = true> <Delay = 0.00>
ST_18 : Operation 163 [1/1] (0.00ns)   --->   "%bitcast_ln327 = bitcast i32 %t_2" [/wrk/ci/prod/2025.2/hls_product/continuous/666/2025.2/src/shared/hls/clib/src/hls/utils/x_hls_utils.h:327->/wrk/ci/prod/2025.2/hls_product/continuous/666/2025.2/src/shared/hls/clib/src/hls/utils/x_hls_utils.h:347->/wrk/ci/prod/2025.2/hls_product/continuous/666/2025.2/src/shared/hls/clib/hlsmath/include/FloatingPoint/hls_hotbm.h:287]   --->   Operation 163 'bitcast' 'bitcast_ln327' <Predicate = true> <Delay = 0.00>
ST_18 : Operation 164 [1/1] (0.00ns)   --->   "%ret_ln287 = ret i32 %bitcast_ln327" [/wrk/ci/prod/2025.2/hls_product/continuous/666/2025.2/src/shared/hls/clib/hlsmath/include/FloatingPoint/hls_hotbm.h:287]   --->   Operation 164 'ret' 'ret_ln287' <Predicate = true> <Delay = 0.00>


============================================================
+ Verbose Summary: Binding
============================================================
STG Binding: 
---------------- STG Properties BEGIN ----------------
- Is combinational: 0
- Is one-state seq: 0
- Is datapath-only: 1
- Is pipelined: 1
- Is top level: 0
Port [ Return ] is wired: 1; IO mode=ap_ctrl_hs:ce=0
Port [ t_in]:  wired=1; compound=0; hidden=0; nouse=0; global=0; static=0; extern=0; dir=0; type=0; pingpong=0; private_global=0; IO mode=ap_none:ce=0
Port [ do_cos]:  wired=1; compound=0; hidden=0; nouse=0; global=0; static=0; extern=0; dir=0; type=0; pingpong=0; private_global=0; IO mode=ap_none:ce=0
Port [ ref_4oPi_table_100]:  wired=0; compound=1; hidden=1; nouse=0; global=1; static=1; extern=0; dir=0; type=1; pingpong=0; private_global=1; MemPort=[1]; IO mode=ap_memory:ce=0
Port [ second_order_float_sin_cos_K0]:  wired=0; compound=1; hidden=1; nouse=0; global=1; static=1; extern=0; dir=0; type=1; pingpong=0; private_global=1; MemPort=[1]; IO mode=ap_memory:ce=0
Port [ second_order_float_sin_cos_K1]:  wired=0; compound=1; hidden=1; nouse=0; global=1; static=1; extern=0; dir=0; type=1; pingpong=0; private_global=1; MemPort=[1]; IO mode=ap_memory:ce=0
Port [ second_order_float_sin_cos_K2]:  wired=0; compound=1; hidden=1; nouse=0; global=1; static=1; extern=0; dir=0; type=1; pingpong=0; private_global=1; MemPort=[1]; IO mode=ap_memory:ce=0
---------------- STG Properties END ------------------

---------------- Datapath Model BEGIN ----------------

<LifeTime>
<method=bitvector/>
do_cos_read                        (read          ) [ 0111111111111111111]
t_in_read                          (read          ) [ 0000000000000000000]
data                               (bitcast       ) [ 0000000000000000000]
din_sign                           (bitselect     ) [ 0111111111000000000]
din_exp                            (partselect    ) [ 0111111111000000000]
din_sig                            (trunc         ) [ 0111000000000000000]
closepath                          (icmp          ) [ 0111111111000000000]
add_ln376                          (add           ) [ 0000000000000000000]
addr                               (select        ) [ 0000000000000000000]
lshr_ln                            (partselect    ) [ 0000000000000000000]
zext_ln378                         (zext          ) [ 0000000000000000000]
ref_4oPi_table_100_addr            (getelementptr ) [ 0110000000000000000]
trunc_ln379                        (trunc         ) [ 0110000000000000000]
table_100                          (load          ) [ 0000000000000000000]
zext_ln379                         (zext          ) [ 0000000000000000000]
shl_ln379                          (shl           ) [ 0000000000000000000]
Med                                (partselect    ) [ 0101111100000000000]
X                                  (bitconcatenate) [ 0000000000000000000]
zext_ln468                         (zext          ) [ 0100111100000000000]
icmp_ln271_1                       (icmp          ) [ 0100111111000000000]
h                                  (mul           ) [ 0000000000000000000]
Mx_bits                            (partselect    ) [ 0100000010000000000]
trunc_ln                           (partselect    ) [ 0100000010000000000]
k                                  (select        ) [ 0100000001000000000]
trunc_ln491                        (trunc         ) [ 0000000000000000000]
Mx_bits_1                          (sub           ) [ 0000000000000000000]
Mx_bits_3                          (select        ) [ 0100000001000000000]
tmp_7                              (partselect    ) [ 0100000001000000000]
tmp_s                              (sparsemux     ) [ 0100000001000000000]
Ex                                 (add           ) [ 0000000000000000000]
select_ln453                       (select        ) [ 0000000000000000000]
t                                  (bitconcatenate) [ 0000000000000000000]
Mx_zeros                           (ctlz          ) [ 0000000000000000000]
zext_ln504                         (zext          ) [ 0000000000000000000]
shl_ln504                          (shl           ) [ 0000000000000000000]
Mx                                 (partselect    ) [ 0100000000100000000]
trunc_ln505                        (trunc         ) [ 0000000000000000000]
Ex_1                               (sub           ) [ 0100000000100000000]
tmp                                (bitselect     ) [ 0100000000100000000]
sub_ln506                          (sub           ) [ 0100000000100000000]
xor_ln242                          (xor           ) [ 0000000000000000000]
cos_basis                          (select        ) [ 0100000000100000000]
sin_basis                          (select        ) [ 0100000000110000000]
index                              (bitconcatenate) [ 0000000000000000000]
tmp_8                              (sparsemux     ) [ 0000000000000000000]
tmp_5                              (sparsemux     ) [ 0000000000000000000]
results_sign                       (select        ) [ 0000000000000000000]
icmp_ln271                         (icmp          ) [ 0000000000000000000]
and_ln271                          (and           ) [ 0100000000111111111]
xor_ln278                          (xor           ) [ 0000000000000000000]
results_sign_2                     (and           ) [ 0000000000000000000]
icmp_ln282                         (icmp          ) [ 0100000000111111111]
xor_ln282                          (xor           ) [ 0000000000000000000]
results_sign_4                     (and           ) [ 0000000000000000000]
results_sign_3                     (select        ) [ 0100000000111111111]
select_ln506                       (select        ) [ 0000000000000000000]
zext_ln506_1                       (zext          ) [ 0000000000000000000]
zext_ln506                         (zext          ) [ 0000000000000000000]
lshr_ln506                         (lshr          ) [ 0000000000000000000]
shl_ln506                          (shl           ) [ 0000000000000000000]
select_ln506_1                     (select        ) [ 0000000000000000000]
B                                  (trunc         ) [ 0100000000011100000]
Mx_1                               (select        ) [ 0100000000011111000]
Ex_2                               (select        ) [ 0100000000011111111]
tmp_1                              (partselect    ) [ 0100000000010000000]
B_trunc                            (partselect    ) [ 0100000000011000000]
A                                  (bitconcatenate) [ 0000000000000000000]
zext_ln28                          (zext          ) [ 0000000000000000000]
second_order_float_sin_cos_K0_addr (getelementptr ) [ 0100000000001000000]
second_order_float_sin_cos_K1_addr (getelementptr ) [ 0100000000001000000]
second_order_float_sin_cos_K2_addr (getelementptr ) [ 0100000000001000000]
zext_ln23                          (zext          ) [ 0000000000000000000]
mul_ln23                           (mul           ) [ 0000000000000000000]
B_squared                          (partselect    ) [ 0100000000000100000]
second_order_float_sin_cos_K0_load (load          ) [ 0000000000000000000]
t1                                 (partselect    ) [ 0100000000000110000]
second_order_float_sin_cos_K1_load (load          ) [ 0100000000000100000]
second_order_float_sin_cos_K2_load (load          ) [ 0100000000000100000]
zext_ln23_1                        (zext          ) [ 0000000000000000000]
zext_ln29                          (zext          ) [ 0000000000000000000]
sext_ln29                          (sext          ) [ 0000000000000000000]
mul_ln29                           (mul           ) [ 0000000000000000000]
trunc_ln2                          (partselect    ) [ 0100000000000010000]
sext_ln30                          (sext          ) [ 0000000000000000000]
mul_ln30                           (mul           ) [ 0000000000000000000]
trunc_ln3                          (partselect    ) [ 0100000000000010000]
sext_ln32                          (sext          ) [ 0000000000000000000]
sext_ln32_1                        (sext          ) [ 0000000000000000000]
add_ln32                           (add           ) [ 0000000000000000000]
sext_ln32_2                        (sext          ) [ 0000000000000000000]
add_ln32_1                         (add           ) [ 0100000000000001000]
sext_ln32_3                        (sext          ) [ 0100000000000000100]
zext_ln32                          (zext          ) [ 0100000000000000100]
mul_ln32                           (mul           ) [ 0000000000000000000]
result                             (partselect    ) [ 0100000000000000010]
tmp_3                              (partselect    ) [ 0100000000000000010]
tmp_4                              (partselect    ) [ 0100000000000000010]
trunc_ln5                          (partselect    ) [ 0100000000000000010]
out_bits                           (bitconcatenate) [ 0000000000000000000]
out_bits_2                         (bitconcatenate) [ 0000000000000000000]
c                                  (ctlz          ) [ 0000000000000000000]
trunc_ln281                        (trunc         ) [ 0100000000000000001]
zext_ln281                         (zext          ) [ 0000000000000000000]
c_1                                (ctlz          ) [ 0000000000000000000]
trunc_ln281_1                      (trunc         ) [ 0100000000000000001]
in_shift_1                         (shl           ) [ 0100000000000000001]
icmp_ln292                         (icmp          ) [ 0100000000000000001]
icmp_ln306                         (icmp          ) [ 0100000000000000001]
specmemcore_ln375                  (specmemcore   ) [ 0000000000000000000]
specmemcore_ln16                   (specmemcore   ) [ 0000000000000000000]
specmemcore_ln17                   (specmemcore   ) [ 0000000000000000000]
specmemcore_ln18                   (specmemcore   ) [ 0000000000000000000]
sext_ln252                         (sext          ) [ 0000000000000000000]
zext_ln281_1                       (zext          ) [ 0000000000000000000]
shift_1                            (bitconcatenate) [ 0000000000000000000]
in_shift_2                         (shl           ) [ 0000000000000000000]
shift_2                            (select        ) [ 0000000000000000000]
zext_ln286                         (zext          ) [ 0000000000000000000]
add_ln300                          (add           ) [ 0000000000000000000]
newexp                             (sub           ) [ 0000000000000000000]
tmp_2                              (bitselect     ) [ 0000000000000000000]
or_ln306                           (or            ) [ 0000000000000000000]
empty                              (trunc         ) [ 0000000000000000000]
tmp_6                              (partselect    ) [ 0000000000000000000]
tmp_9                              (partselect    ) [ 0000000000000000000]
empty_59                           (select        ) [ 0000000000000000000]
select_ln259                       (select        ) [ 0000000000000000000]
select_ln282                       (select        ) [ 0000000000000000000]
or_ln282                           (or            ) [ 0000000000000000000]
results_exp                        (select        ) [ 0000000000000000000]
select_ln282_2                     (select        ) [ 0000000000000000000]
results_sig                        (select        ) [ 0000000000000000000]
results_exp_1                      (select        ) [ 0000000000000000000]
results_sig_1                      (select        ) [ 0000000000000000000]
t_2                                (bitconcatenate) [ 0000000000000000000]
bitcast_ln327                      (bitcast       ) [ 0000000000000000000]
ret_ln287                          (ret           ) [ 0000000000000000000]
</LifeTime>

<model>

<comp_list>
<comp id="0" class="1000" name="t_in">
<pin_list>
<pin id="1" dir="1" index="0" bw="1" slack="0"/>
</pin_list>
<bind>
<StgValue><ssdm name="t_in"/></StgValue>
</bind>
</comp>

<comp id="2" class="1000" name="do_cos">
<pin_list>
<pin id="3" dir="1" index="0" bw="1" slack="0"/>
</pin_list>
<bind>
<StgValue><ssdm name="do_cos"/></StgValue>
</bind>
</comp>

<comp id="4" class="1000" name="ref_4oPi_table_100">
<pin_list>
<pin id="5" dir="1" index="0" bw="1" slack="0"/>
</pin_list>
<bind>
<StgValue><ssdm name="ref_4oPi_table_100"/><MemPortTyVec>1 </MemPortTyVec>
</StgValue>
</bind>
</comp>

<comp id="6" class="1000" name="second_order_float_sin_cos_K0">
<pin_list>
<pin id="7" dir="1" index="0" bw="1" slack="0"/>
</pin_list>
<bind>
<StgValue><ssdm name="second_order_float_sin_cos_K0"/><MemPortTyVec>1 </MemPortTyVec>
</StgValue>
</bind>
</comp>

<comp id="8" class="1000" name="second_order_float_sin_cos_K1">
<pin_list>
<pin id="9" dir="1" index="0" bw="1" slack="0"/>
</pin_list>
<bind>
<StgValue><ssdm name="second_order_float_sin_cos_K1"/><MemPortTyVec>1 </MemPortTyVec>
</StgValue>
</bind>
</comp>

<comp id="10" class="1000" name="second_order_float_sin_cos_K2">
<pin_list>
<pin id="11" dir="1" index="0" bw="1" slack="0"/>
</pin_list>
<bind>
<StgValue><ssdm name="second_order_float_sin_cos_K2"/><MemPortTyVec>1 </MemPortTyVec>
</StgValue>
</bind>
</comp>

<comp id="12" class="1001" name="const_12">
<pin_list>
<pin id="13" dir="1" index="0" bw="1" slack="0"/>
</pin_list>
<bind>
<StgValue><ssdm name="_ssdm_op_Read.ap_auto.i1"/></StgValue>
</bind>
</comp>

<comp id="14" class="1001" name="const_14">
<pin_list>
<pin id="15" dir="1" index="0" bw="1" slack="0"/>
</pin_list>
<bind>
<StgValue><ssdm name="_ssdm_op_Read.ap_auto.float"/></StgValue>
</bind>
</comp>

<comp id="16" class="1001" name="const_16">
<pin_list>
<pin id="17" dir="1" index="0" bw="1" slack="0"/>
</pin_list>
<bind>
<StgValue><ssdm name="_ssdm_op_BitSelect.i1.i32.i32"/></StgValue>
</bind>
</comp>

<comp id="18" class="1001" name="const_18">
<pin_list>
<pin id="19" dir="1" index="0" bw="1" slack="0"/>
</pin_list>
<bind>
<StgValue><ssdm name=""/></StgValue>
</bind>
</comp>

<comp id="20" class="1001" name="const_20">
<pin_list>
<pin id="21" dir="1" index="0" bw="1" slack="0"/>
</pin_list>
<bind>
<StgValue><ssdm name="_ssdm_op_PartSelect.i8.i32.i32"/></StgValue>
</bind>
</comp>

<comp id="22" class="1001" name="const_22">
<pin_list>
<pin id="23" dir="1" index="0" bw="1" slack="0"/>
</pin_list>
<bind>
<StgValue><ssdm name=""/></StgValue>
</bind>
</comp>

<comp id="24" class="1001" name="const_24">
<pin_list>
<pin id="25" dir="1" index="0" bw="1" slack="0"/>
</pin_list>
<bind>
<StgValue><ssdm name=""/></StgValue>
</bind>
</comp>

<comp id="26" class="1001" name="const_26">
<pin_list>
<pin id="27" dir="1" index="0" bw="1" slack="0"/>
</pin_list>
<bind>
<StgValue><ssdm name=""/></StgValue>
</bind>
</comp>

<comp id="28" class="1001" name="const_28">
<pin_list>
<pin id="29" dir="1" index="0" bw="1" slack="0"/>
</pin_list>
<bind>
<StgValue><ssdm name=""/></StgValue>
</bind>
</comp>

<comp id="30" class="1001" name="const_30">
<pin_list>
<pin id="31" dir="1" index="0" bw="1" slack="0"/>
</pin_list>
<bind>
<StgValue><ssdm name="_ssdm_op_PartSelect.i4.i8.i32.i32"/></StgValue>
</bind>
</comp>

<comp id="32" class="1001" name="const_32">
<pin_list>
<pin id="33" dir="1" index="0" bw="1" slack="0"/>
</pin_list>
<bind>
<StgValue><ssdm name=""/></StgValue>
</bind>
</comp>

<comp id="34" class="1001" name="const_34">
<pin_list>
<pin id="35" dir="1" index="0" bw="1" slack="0"/>
</pin_list>
<bind>
<StgValue><ssdm name=""/></StgValue>
</bind>
</comp>

<comp id="36" class="1001" name="const_36">
<pin_list>
<pin id="37" dir="1" index="0" bw="1" slack="0"/>
</pin_list>
<bind>
<StgValue><ssdm name=""/></StgValue>
</bind>
</comp>

<comp id="38" class="1001" name="const_38">
<pin_list>
<pin id="39" dir="1" index="0" bw="1" slack="0"/>
</pin_list>
<bind>
<StgValue><ssdm name="_ssdm_op_PartSelect.i80.i100.i32"/></StgValue>
</bind>
</comp>

<comp id="40" class="1001" name="const_40">
<pin_list>
<pin id="41" dir="1" index="0" bw="1" slack="0"/>
</pin_list>
<bind>
<StgValue><ssdm name=""/></StgValue>
</bind>
</comp>

<comp id="42" class="1001" name="const_42">
<pin_list>
<pin id="43" dir="1" index="0" bw="1" slack="0"/>
</pin_list>
<bind>
<StgValue><ssdm name="_ssdm_op_BitConcatenate.i24.i1.i23"/></StgValue>
</bind>
</comp>

<comp id="44" class="1001" name="const_44">
<pin_list>
<pin id="45" dir="1" index="0" bw="1" slack="0"/>
</pin_list>
<bind>
<StgValue><ssdm name=""/></StgValue>
</bind>
</comp>

<comp id="46" class="1001" name="const_46">
<pin_list>
<pin id="47" dir="1" index="0" bw="1" slack="0"/>
</pin_list>
<bind>
<StgValue><ssdm name=""/></StgValue>
</bind>
</comp>

<comp id="48" class="1001" name="const_48">
<pin_list>
<pin id="49" dir="1" index="0" bw="1" slack="0"/>
</pin_list>
<bind>
<StgValue><ssdm name="_ssdm_op_PartSelect.i58.i80.i32.i32"/></StgValue>
</bind>
</comp>

<comp id="50" class="1001" name="const_50">
<pin_list>
<pin id="51" dir="1" index="0" bw="1" slack="0"/>
</pin_list>
<bind>
<StgValue><ssdm name=""/></StgValue>
</bind>
</comp>

<comp id="52" class="1001" name="const_52">
<pin_list>
<pin id="53" dir="1" index="0" bw="1" slack="0"/>
</pin_list>
<bind>
<StgValue><ssdm name=""/></StgValue>
</bind>
</comp>

<comp id="54" class="1001" name="const_54">
<pin_list>
<pin id="55" dir="1" index="0" bw="1" slack="0"/>
</pin_list>
<bind>
<StgValue><ssdm name="_ssdm_op_PartSelect.i3.i80.i32.i32"/></StgValue>
</bind>
</comp>

<comp id="56" class="1001" name="const_56">
<pin_list>
<pin id="57" dir="1" index="0" bw="1" slack="0"/>
</pin_list>
<bind>
<StgValue><ssdm name=""/></StgValue>
</bind>
</comp>

<comp id="58" class="1001" name="const_58">
<pin_list>
<pin id="59" dir="1" index="0" bw="1" slack="0"/>
</pin_list>
<bind>
<StgValue><ssdm name=""/></StgValue>
</bind>
</comp>

<comp id="60" class="1001" name="const_60">
<pin_list>
<pin id="61" dir="1" index="0" bw="1" slack="0"/>
</pin_list>
<bind>
<StgValue><ssdm name=""/></StgValue>
</bind>
</comp>

<comp id="62" class="1001" name="const_62">
<pin_list>
<pin id="63" dir="1" index="0" bw="1" slack="0"/>
</pin_list>
<bind>
<StgValue><ssdm name=""/></StgValue>
</bind>
</comp>

<comp id="64" class="1001" name="const_64">
<pin_list>
<pin id="65" dir="1" index="0" bw="1" slack="0"/>
</pin_list>
<bind>
<StgValue><ssdm name="_ssdm_op_PartSelect.i29.i58.i32"/></StgValue>
</bind>
</comp>

<comp id="66" class="1001" name="const_66">
<pin_list>
<pin id="67" dir="1" index="0" bw="1" slack="0"/>
</pin_list>
<bind>
<StgValue><ssdm name=""/></StgValue>
</bind>
</comp>

<comp id="68" class="1001" name="const_68">
<pin_list>
<pin id="69" dir="1" index="0" bw="1" slack="0"/>
</pin_list>
<bind>
<StgValue><ssdm name="_ssdm_op_SparseMux.ap_auto.8i1.i1.i3"/></StgValue>
</bind>
</comp>

<comp id="70" class="1001" name="const_70">
<pin_list>
<pin id="71" dir="1" index="0" bw="1" slack="0"/>
</pin_list>
<bind>
<StgValue><ssdm name=""/></StgValue>
</bind>
</comp>

<comp id="72" class="1001" name="const_72">
<pin_list>
<pin id="73" dir="1" index="0" bw="1" slack="0"/>
</pin_list>
<bind>
<StgValue><ssdm name=""/></StgValue>
</bind>
</comp>

<comp id="74" class="1001" name="const_74">
<pin_list>
<pin id="75" dir="1" index="0" bw="1" slack="0"/>
</pin_list>
<bind>
<StgValue><ssdm name=""/></StgValue>
</bind>
</comp>

<comp id="76" class="1001" name="const_76">
<pin_list>
<pin id="77" dir="1" index="0" bw="1" slack="0"/>
</pin_list>
<bind>
<StgValue><ssdm name=""/></StgValue>
</bind>
</comp>

<comp id="78" class="1001" name="const_78">
<pin_list>
<pin id="79" dir="1" index="0" bw="1" slack="0"/>
</pin_list>
<bind>
<StgValue><ssdm name=""/></StgValue>
</bind>
</comp>

<comp id="80" class="1001" name="const_80">
<pin_list>
<pin id="81" dir="1" index="0" bw="1" slack="0"/>
</pin_list>
<bind>
<StgValue><ssdm name=""/></StgValue>
</bind>
</comp>

<comp id="82" class="1001" name="const_82">
<pin_list>
<pin id="83" dir="1" index="0" bw="1" slack="0"/>
</pin_list>
<bind>
<StgValue><ssdm name=""/></StgValue>
</bind>
</comp>

<comp id="84" class="1001" name="const_84">
<pin_list>
<pin id="85" dir="1" index="0" bw="1" slack="0"/>
</pin_list>
<bind>
<StgValue><ssdm name=""/></StgValue>
</bind>
</comp>

<comp id="86" class="1001" name="const_86">
<pin_list>
<pin id="87" dir="1" index="0" bw="1" slack="0"/>
</pin_list>
<bind>
<StgValue><ssdm name=""/></StgValue>
</bind>
</comp>

<comp id="88" class="1001" name="const_88">
<pin_list>
<pin id="89" dir="1" index="0" bw="1" slack="0"/>
</pin_list>
<bind>
<StgValue><ssdm name=""/></StgValue>
</bind>
</comp>

<comp id="90" class="1001" name="const_90">
<pin_list>
<pin id="91" dir="1" index="0" bw="1" slack="0"/>
</pin_list>
<bind>
<StgValue><ssdm name=""/></StgValue>
</bind>
</comp>

<comp id="92" class="1001" name="const_92">
<pin_list>
<pin id="93" dir="1" index="0" bw="1" slack="0"/>
</pin_list>
<bind>
<StgValue><ssdm name="_ssdm_op_BitConcatenate.i30.i29.i1"/></StgValue>
</bind>
</comp>

<comp id="94" class="1001" name="const_94">
<pin_list>
<pin id="95" dir="1" index="0" bw="1" slack="0"/>
</pin_list>
<bind>
<StgValue><ssdm name="llvm.ctlz.i30"/></StgValue>
</bind>
</comp>

<comp id="96" class="1001" name="const_96">
<pin_list>
<pin id="97" dir="1" index="0" bw="1" slack="0"/>
</pin_list>
<bind>
<StgValue><ssdm name="_ssdm_op_PartSelect.i29.i58.i32.i32"/></StgValue>
</bind>
</comp>

<comp id="98" class="1001" name="const_98">
<pin_list>
<pin id="99" dir="1" index="0" bw="1" slack="0"/>
</pin_list>
<bind>
<StgValue><ssdm name=""/></StgValue>
</bind>
</comp>

<comp id="100" class="1001" name="const_100">
<pin_list>
<pin id="101" dir="1" index="0" bw="1" slack="0"/>
</pin_list>
<bind>
<StgValue><ssdm name="_ssdm_op_BitSelect.i1.i8.i32"/></StgValue>
</bind>
</comp>

<comp id="102" class="1001" name="const_102">
<pin_list>
<pin id="103" dir="1" index="0" bw="1" slack="0"/>
</pin_list>
<bind>
<StgValue><ssdm name="_ssdm_op_BitConcatenate.i4.i1.i3"/></StgValue>
</bind>
</comp>

<comp id="104" class="1001" name="const_104">
<pin_list>
<pin id="105" dir="1" index="0" bw="1" slack="0"/>
</pin_list>
<bind>
<StgValue><ssdm name="_ssdm_op_SparseMux.ap_auto.16i1.i1.i4"/></StgValue>
</bind>
</comp>

<comp id="106" class="1001" name="const_106">
<pin_list>
<pin id="107" dir="1" index="0" bw="1" slack="0"/>
</pin_list>
<bind>
<StgValue><ssdm name=""/></StgValue>
</bind>
</comp>

<comp id="108" class="1001" name="const_108">
<pin_list>
<pin id="109" dir="1" index="0" bw="1" slack="0"/>
</pin_list>
<bind>
<StgValue><ssdm name=""/></StgValue>
</bind>
</comp>

<comp id="110" class="1001" name="const_110">
<pin_list>
<pin id="111" dir="1" index="0" bw="1" slack="0"/>
</pin_list>
<bind>
<StgValue><ssdm name=""/></StgValue>
</bind>
</comp>

<comp id="112" class="1001" name="const_112">
<pin_list>
<pin id="113" dir="1" index="0" bw="1" slack="0"/>
</pin_list>
<bind>
<StgValue><ssdm name=""/></StgValue>
</bind>
</comp>

<comp id="114" class="1001" name="const_114">
<pin_list>
<pin id="115" dir="1" index="0" bw="1" slack="0"/>
</pin_list>
<bind>
<StgValue><ssdm name=""/></StgValue>
</bind>
</comp>

<comp id="116" class="1001" name="const_116">
<pin_list>
<pin id="117" dir="1" index="0" bw="1" slack="0"/>
</pin_list>
<bind>
<StgValue><ssdm name=""/></StgValue>
</bind>
</comp>

<comp id="118" class="1001" name="const_118">
<pin_list>
<pin id="119" dir="1" index="0" bw="1" slack="0"/>
</pin_list>
<bind>
<StgValue><ssdm name=""/></StgValue>
</bind>
</comp>

<comp id="120" class="1001" name="const_120">
<pin_list>
<pin id="121" dir="1" index="0" bw="1" slack="0"/>
</pin_list>
<bind>
<StgValue><ssdm name=""/></StgValue>
</bind>
</comp>

<comp id="122" class="1001" name="const_122">
<pin_list>
<pin id="123" dir="1" index="0" bw="1" slack="0"/>
</pin_list>
<bind>
<StgValue><ssdm name=""/></StgValue>
</bind>
</comp>

<comp id="124" class="1001" name="const_124">
<pin_list>
<pin id="125" dir="1" index="0" bw="1" slack="0"/>
</pin_list>
<bind>
<StgValue><ssdm name=""/></StgValue>
</bind>
</comp>

<comp id="126" class="1001" name="const_126">
<pin_list>
<pin id="127" dir="1" index="0" bw="1" slack="0"/>
</pin_list>
<bind>
<StgValue><ssdm name=""/></StgValue>
</bind>
</comp>

<comp id="128" class="1001" name="const_128">
<pin_list>
<pin id="129" dir="1" index="0" bw="1" slack="0"/>
</pin_list>
<bind>
<StgValue><ssdm name=""/></StgValue>
</bind>
</comp>

<comp id="130" class="1001" name="const_130">
<pin_list>
<pin id="131" dir="1" index="0" bw="1" slack="0"/>
</pin_list>
<bind>
<StgValue><ssdm name=""/></StgValue>
</bind>
</comp>

<comp id="132" class="1001" name="const_132">
<pin_list>
<pin id="133" dir="1" index="0" bw="1" slack="0"/>
</pin_list>
<bind>
<StgValue><ssdm name=""/></StgValue>
</bind>
</comp>

<comp id="134" class="1001" name="const_134">
<pin_list>
<pin id="135" dir="1" index="0" bw="1" slack="0"/>
</pin_list>
<bind>
<StgValue><ssdm name=""/></StgValue>
</bind>
</comp>

<comp id="136" class="1001" name="const_136">
<pin_list>
<pin id="137" dir="1" index="0" bw="1" slack="0"/>
</pin_list>
<bind>
<StgValue><ssdm name=""/></StgValue>
</bind>
</comp>

<comp id="138" class="1001" name="const_138">
<pin_list>
<pin id="139" dir="1" index="0" bw="1" slack="0"/>
</pin_list>
<bind>
<StgValue><ssdm name=""/></StgValue>
</bind>
</comp>

<comp id="140" class="1001" name="const_140">
<pin_list>
<pin id="141" dir="1" index="0" bw="1" slack="0"/>
</pin_list>
<bind>
<StgValue><ssdm name=""/></StgValue>
</bind>
</comp>

<comp id="142" class="1001" name="const_142">
<pin_list>
<pin id="143" dir="1" index="0" bw="1" slack="0"/>
</pin_list>
<bind>
<StgValue><ssdm name="_ssdm_op_PartSelect.i7.i32.i32.i32"/></StgValue>
</bind>
</comp>

<comp id="144" class="1001" name="const_144">
<pin_list>
<pin id="145" dir="1" index="0" bw="1" slack="0"/>
</pin_list>
<bind>
<StgValue><ssdm name=""/></StgValue>
</bind>
</comp>

<comp id="146" class="1001" name="const_146">
<pin_list>
<pin id="147" dir="1" index="0" bw="1" slack="0"/>
</pin_list>
<bind>
<StgValue><ssdm name=""/></StgValue>
</bind>
</comp>

<comp id="148" class="1001" name="const_148">
<pin_list>
<pin id="149" dir="1" index="0" bw="1" slack="0"/>
</pin_list>
<bind>
<StgValue><ssdm name="_ssdm_op_PartSelect.i15.i32.i32.i32"/></StgValue>
</bind>
</comp>

<comp id="150" class="1001" name="const_150">
<pin_list>
<pin id="151" dir="1" index="0" bw="1" slack="0"/>
</pin_list>
<bind>
<StgValue><ssdm name=""/></StgValue>
</bind>
</comp>

<comp id="152" class="1001" name="const_152">
<pin_list>
<pin id="153" dir="1" index="0" bw="1" slack="0"/>
</pin_list>
<bind>
<StgValue><ssdm name="_ssdm_op_BitConcatenate.i8.i1.i7"/></StgValue>
</bind>
</comp>

<comp id="154" class="1001" name="const_154">
<pin_list>
<pin id="155" dir="1" index="0" bw="1" slack="0"/>
</pin_list>
<bind>
<StgValue><ssdm name="_ssdm_op_PartSelect.i15.i30.i32.i32"/></StgValue>
</bind>
</comp>

<comp id="156" class="1001" name="const_156">
<pin_list>
<pin id="157" dir="1" index="0" bw="1" slack="0"/>
</pin_list>
<bind>
<StgValue><ssdm name=""/></StgValue>
</bind>
</comp>

<comp id="158" class="1001" name="const_158">
<pin_list>
<pin id="159" dir="1" index="0" bw="1" slack="0"/>
</pin_list>
<bind>
<StgValue><ssdm name="_ssdm_op_PartSelect.i29.i30.i32.i32"/></StgValue>
</bind>
</comp>

<comp id="160" class="1001" name="const_160">
<pin_list>
<pin id="161" dir="1" index="0" bw="1" slack="0"/>
</pin_list>
<bind>
<StgValue><ssdm name=""/></StgValue>
</bind>
</comp>

<comp id="162" class="1001" name="const_162">
<pin_list>
<pin id="163" dir="1" index="0" bw="1" slack="0"/>
</pin_list>
<bind>
<StgValue><ssdm name="_ssdm_op_PartSelect.i22.i45.i32.i32"/></StgValue>
</bind>
</comp>

<comp id="164" class="1001" name="const_164">
<pin_list>
<pin id="165" dir="1" index="0" bw="1" slack="0"/>
</pin_list>
<bind>
<StgValue><ssdm name=""/></StgValue>
</bind>
</comp>

<comp id="166" class="1001" name="const_166">
<pin_list>
<pin id="167" dir="1" index="0" bw="1" slack="0"/>
</pin_list>
<bind>
<StgValue><ssdm name="_ssdm_op_PartSelect.i14.i30.i32.i32"/></StgValue>
</bind>
</comp>

<comp id="168" class="1001" name="const_168">
<pin_list>
<pin id="169" dir="1" index="0" bw="1" slack="0"/>
</pin_list>
<bind>
<StgValue><ssdm name=""/></StgValue>
</bind>
</comp>

<comp id="170" class="1001" name="const_170">
<pin_list>
<pin id="171" dir="1" index="0" bw="1" slack="0"/>
</pin_list>
<bind>
<StgValue><ssdm name="_ssdm_op_PartSelect.i16.i58.i32.i32"/></StgValue>
</bind>
</comp>

<comp id="172" class="1001" name="const_172">
<pin_list>
<pin id="173" dir="1" index="0" bw="1" slack="0"/>
</pin_list>
<bind>
<StgValue><ssdm name=""/></StgValue>
</bind>
</comp>

<comp id="174" class="1001" name="const_174">
<pin_list>
<pin id="175" dir="1" index="0" bw="1" slack="0"/>
</pin_list>
<bind>
<StgValue><ssdm name="_ssdm_op_PartSelect.i13.i58.i32.i32"/></StgValue>
</bind>
</comp>

<comp id="176" class="1001" name="const_176">
<pin_list>
<pin id="177" dir="1" index="0" bw="1" slack="0"/>
</pin_list>
<bind>
<StgValue><ssdm name=""/></StgValue>
</bind>
</comp>

<comp id="178" class="1001" name="const_178">
<pin_list>
<pin id="179" dir="1" index="0" bw="1" slack="0"/>
</pin_list>
<bind>
<StgValue><ssdm name="_ssdm_op_PartSelect.i28.i58.i32.i32"/></StgValue>
</bind>
</comp>

<comp id="180" class="1001" name="const_180">
<pin_list>
<pin id="181" dir="1" index="0" bw="1" slack="0"/>
</pin_list>
<bind>
<StgValue><ssdm name=""/></StgValue>
</bind>
</comp>

<comp id="182" class="1001" name="const_182">
<pin_list>
<pin id="183" dir="1" index="0" bw="1" slack="0"/>
</pin_list>
<bind>
<StgValue><ssdm name="_ssdm_op_BitConcatenate.i32.i16.i16"/></StgValue>
</bind>
</comp>

<comp id="184" class="1001" name="const_184">
<pin_list>
<pin id="185" dir="1" index="0" bw="1" slack="0"/>
</pin_list>
<bind>
<StgValue><ssdm name=""/></StgValue>
</bind>
</comp>

<comp id="186" class="1001" name="const_186">
<pin_list>
<pin id="187" dir="1" index="0" bw="1" slack="0"/>
</pin_list>
<bind>
<StgValue><ssdm name="_ssdm_op_BitConcatenate.i32.i13.i19"/></StgValue>
</bind>
</comp>

<comp id="188" class="1001" name="const_188">
<pin_list>
<pin id="189" dir="1" index="0" bw="1" slack="0"/>
</pin_list>
<bind>
<StgValue><ssdm name=""/></StgValue>
</bind>
</comp>

<comp id="190" class="1001" name="const_190">
<pin_list>
<pin id="191" dir="1" index="0" bw="1" slack="0"/>
</pin_list>
<bind>
<StgValue><ssdm name="llvm.ctlz.i32"/></StgValue>
</bind>
</comp>

<comp id="192" class="1001" name="const_192">
<pin_list>
<pin id="193" dir="1" index="0" bw="1" slack="0"/>
</pin_list>
<bind>
<StgValue><ssdm name=""/></StgValue>
</bind>
</comp>

<comp id="194" class="1001" name="const_194">
<pin_list>
<pin id="195" dir="1" index="0" bw="1" slack="0"/>
</pin_list>
<bind>
<StgValue><ssdm name=""/></StgValue>
</bind>
</comp>

<comp id="196" class="1001" name="const_196">
<pin_list>
<pin id="197" dir="1" index="0" bw="1" slack="2147483647"/>
</pin_list>
<bind>
<StgValue><ssdm name="_ssdm_op_SpecMemCore"/></StgValue>
</bind>
</comp>

<comp id="198" class="1001" name="const_198">
<pin_list>
<pin id="199" dir="1" index="0" bw="1" slack="2147483647"/>
</pin_list>
<bind>
<StgValue><ssdm name=""/></StgValue>
</bind>
</comp>

<comp id="200" class="1001" name="const_200">
<pin_list>
<pin id="201" dir="1" index="0" bw="1" slack="2147483647"/>
</pin_list>
<bind>
<StgValue><ssdm name=""/></StgValue>
</bind>
</comp>

<comp id="202" class="1001" name="const_202">
<pin_list>
<pin id="203" dir="1" index="0" bw="1" slack="2147483647"/>
</pin_list>
<bind>
<StgValue><ssdm name=""/></StgValue>
</bind>
</comp>

<comp id="204" class="1001" name="const_204">
<pin_list>
<pin id="205" dir="1" index="0" bw="1" slack="0"/>
</pin_list>
<bind>
<StgValue><ssdm name="_ssdm_op_BitConcatenate.i5.i1.i4"/></StgValue>
</bind>
</comp>

<comp id="206" class="1001" name="const_206">
<pin_list>
<pin id="207" dir="1" index="0" bw="1" slack="0"/>
</pin_list>
<bind>
<StgValue><ssdm name=""/></StgValue>
</bind>
</comp>

<comp id="208" class="1001" name="const_208">
<pin_list>
<pin id="209" dir="1" index="0" bw="1" slack="0"/>
</pin_list>
<bind>
<StgValue><ssdm name="_ssdm_op_BitSelect.i1.i9.i32"/></StgValue>
</bind>
</comp>

<comp id="210" class="1001" name="const_210">
<pin_list>
<pin id="211" dir="1" index="0" bw="1" slack="0"/>
</pin_list>
<bind>
<StgValue><ssdm name=""/></StgValue>
</bind>
</comp>

<comp id="212" class="1001" name="const_212">
<pin_list>
<pin id="213" dir="1" index="0" bw="1" slack="0"/>
</pin_list>
<bind>
<StgValue><ssdm name="_ssdm_op_PartSelect.i23.i28.i32.i32"/></StgValue>
</bind>
</comp>

<comp id="214" class="1001" name="const_214">
<pin_list>
<pin id="215" dir="1" index="0" bw="1" slack="0"/>
</pin_list>
<bind>
<StgValue><ssdm name=""/></StgValue>
</bind>
</comp>

<comp id="216" class="1001" name="const_216">
<pin_list>
<pin id="217" dir="1" index="0" bw="1" slack="0"/>
</pin_list>
<bind>
<StgValue><ssdm name=""/></StgValue>
</bind>
</comp>

<comp id="218" class="1001" name="const_218">
<pin_list>
<pin id="219" dir="1" index="0" bw="1" slack="0"/>
</pin_list>
<bind>
<StgValue><ssdm name=""/></StgValue>
</bind>
</comp>

<comp id="220" class="1001" name="const_220">
<pin_list>
<pin id="221" dir="1" index="0" bw="1" slack="0"/>
</pin_list>
<bind>
<StgValue><ssdm name=""/></StgValue>
</bind>
</comp>

<comp id="222" class="1001" name="const_222">
<pin_list>
<pin id="223" dir="1" index="0" bw="1" slack="0"/>
</pin_list>
<bind>
<StgValue><ssdm name="_ssdm_op_BitConcatenate.i32.i1.i8.i23"/></StgValue>
</bind>
</comp>

<comp id="224" class="1004" name="do_cos_read_read_fu_224">
<pin_list>
<pin id="225" dir="0" index="0" bw="1" slack="0"/>
<pin id="226" dir="0" index="1" bw="1" slack="0"/>
<pin id="227" dir="1" index="2" bw="1" slack="8"/>
</pin_list>
<bind>
<opcode="read(1150) " fcode="read"/>
<opset="do_cos_read/1 "/>
</bind>
</comp>

<comp id="230" class="1004" name="t_in_read_read_fu_230">
<pin_list>
<pin id="231" dir="0" index="0" bw="32" slack="0"/>
<pin id="232" dir="0" index="1" bw="32" slack="0"/>
<pin id="233" dir="1" index="2" bw="32" slack="0"/>
</pin_list>
<bind>
<opcode="read(1150) " fcode="read"/>
<opset="t_in_read/1 "/>
</bind>
</comp>

<comp id="236" class="1004" name="ref_4oPi_table_100_addr_gep_fu_236">
<pin_list>
<pin id="237" dir="0" index="0" bw="100" slack="0"/>
<pin id="238" dir="0" index="1" bw="1" slack="0"/>
<pin id="239" dir="0" index="2" bw="4" slack="0"/>
<pin id="240" dir="1" index="3" bw="4" slack="0"/>
</pin_list>
<bind>
<opcode="getelementptr(29) " fcode="getelementptr"/>
<opset="ref_4oPi_table_100_addr/1 "/>
</bind>
</comp>

<comp id="243" class="1004" name="grp_access_fu_243">
<pin_list>
<pin id="244" dir="0" index="0" bw="4" slack="0"/>
<pin id="245" dir="0" index="1" bw="100" slack="2147483647"/>
<pin id="246" dir="0" index="2" bw="0" slack="2147483647"/>
<pin id="247" dir="1" index="3" bw="100" slack="0"/>
</pin_list>
<bind>
<opcode="load(27) " fcode="load"/>
<opset="table_100/1 "/>
</bind>
</comp>

<comp id="249" class="1004" name="second_order_float_sin_cos_K0_addr_gep_fu_249">
<pin_list>
<pin id="250" dir="0" index="0" bw="30" slack="0"/>
<pin id="251" dir="0" index="1" bw="1" slack="0"/>
<pin id="252" dir="0" index="2" bw="8" slack="0"/>
<pin id="253" dir="1" index="3" bw="8" slack="0"/>
</pin_list>
<bind>
<opcode="getelementptr(29) " fcode="getelementptr"/>
<opset="second_order_float_sin_cos_K0_addr/11 "/>
</bind>
</comp>

<comp id="256" class="1004" name="grp_access_fu_256">
<pin_list>
<pin id="257" dir="0" index="0" bw="8" slack="0"/>
<pin id="258" dir="0" index="1" bw="30" slack="2147483647"/>
<pin id="259" dir="0" index="2" bw="0" slack="2147483647"/>
<pin id="260" dir="1" index="3" bw="30" slack="0"/>
</pin_list>
<bind>
<opcode="load(27) " fcode="load"/>
<opset="second_order_float_sin_cos_K0_load/11 "/>
</bind>
</comp>

<comp id="262" class="1004" name="second_order_float_sin_cos_K1_addr_gep_fu_262">
<pin_list>
<pin id="263" dir="0" index="0" bw="23" slack="0"/>
<pin id="264" dir="0" index="1" bw="1" slack="0"/>
<pin id="265" dir="0" index="2" bw="8" slack="0"/>
<pin id="266" dir="1" index="3" bw="8" slack="0"/>
</pin_list>
<bind>
<opcode="getelementptr(29) " fcode="getelementptr"/>
<opset="second_order_float_sin_cos_K1_addr/11 "/>
</bind>
</comp>

<comp id="269" class="1004" name="grp_access_fu_269">
<pin_list>
<pin id="270" dir="0" index="0" bw="8" slack="0"/>
<pin id="271" dir="0" index="1" bw="23" slack="2147483647"/>
<pin id="272" dir="0" index="2" bw="0" slack="2147483647"/>
<pin id="273" dir="1" index="3" bw="23" slack="1"/>
</pin_list>
<bind>
<opcode="load(27) " fcode="load"/>
<opset="second_order_float_sin_cos_K1_load/11 "/>
</bind>
</comp>

<comp id="275" class="1004" name="second_order_float_sin_cos_K2_addr_gep_fu_275">
<pin_list>
<pin id="276" dir="0" index="0" bw="15" slack="0"/>
<pin id="277" dir="0" index="1" bw="1" slack="0"/>
<pin id="278" dir="0" index="2" bw="8" slack="0"/>
<pin id="279" dir="1" index="3" bw="8" slack="0"/>
</pin_list>
<bind>
<opcode="getelementptr(29) " fcode="getelementptr"/>
<opset="second_order_float_sin_cos_K2_addr/11 "/>
</bind>
</comp>

<comp id="282" class="1004" name="grp_access_fu_282">
<pin_list>
<pin id="283" dir="0" index="0" bw="8" slack="0"/>
<pin id="284" dir="0" index="1" bw="15" slack="2147483647"/>
<pin id="285" dir="0" index="2" bw="0" slack="2147483647"/>
<pin id="286" dir="1" index="3" bw="15" slack="1"/>
</pin_list>
<bind>
<opcode="load(27) " fcode="load"/>
<opset="second_order_float_sin_cos_K2_load/11 "/>
</bind>
</comp>

<comp id="288" class="1004" name="mul_ln29_fu_288">
<pin_list>
<pin id="289" dir="0" index="0" bw="23" slack="0"/>
<pin id="290" dir="0" index="1" bw="22" slack="0"/>
<pin id="291" dir="1" index="2" bw="45" slack="0"/>
</pin_list>
<bind>
<opcode="mul(12) " fcode="mul"/>
<opset="mul_ln29/13 "/>
</bind>
</comp>

<comp id="292" class="1004" name="grp_fu_292">
<pin_list>
<pin id="293" dir="0" index="0" bw="30" slack="0"/>
<pin id="294" dir="0" index="1" bw="29" slack="0"/>
<pin id="295" dir="1" index="2" bw="58" slack="0"/>
</pin_list>
<bind>
<opcode="mul(12) " fcode="mul"/>
<opset="mul_ln32/15 "/>
</bind>
</comp>

<comp id="296" class="1004" name="grp_fu_296">
<pin_list>
<pin id="297" dir="0" index="0" bw="80" slack="1"/>
<pin id="298" dir="0" index="1" bw="24" slack="0"/>
<pin id="299" dir="1" index="2" bw="80" slack="0"/>
</pin_list>
<bind>
<opcode="mul(12) " fcode="mul"/>
<opset="h/3 "/>
</bind>
</comp>

<comp id="300" class="1004" name="data_fu_300">
<pin_list>
<pin id="301" dir="0" index="0" bw="32" slack="0"/>
<pin id="302" dir="1" index="1" bw="32" slack="0"/>
</pin_list>
<bind>
<opcode="bitcast(44) " fcode="bitcast"/>
<opset="data/1 "/>
</bind>
</comp>

<comp id="304" class="1004" name="din_sign_fu_304">
<pin_list>
<pin id="305" dir="0" index="0" bw="1" slack="0"/>
<pin id="306" dir="0" index="1" bw="32" slack="0"/>
<pin id="307" dir="0" index="2" bw="6" slack="0"/>
<pin id="308" dir="1" index="3" bw="1" slack="8"/>
</pin_list>
<bind>
<opcode="bitselect(1000) " fcode="bitselect"/>
<opset="din_sign/1 "/>
</bind>
</comp>

<comp id="312" class="1004" name="din_exp_fu_312">
<pin_list>
<pin id="313" dir="0" index="0" bw="8" slack="0"/>
<pin id="314" dir="0" index="1" bw="32" slack="0"/>
<pin id="315" dir="0" index="2" bw="6" slack="0"/>
<pin id="316" dir="1" index="3" bw="8" slack="0"/>
</pin_list>
<bind>
<opcode="partselect(1002) " fcode="partselect"/>
<opset="din_exp/1 "/>
</bind>
</comp>

<comp id="320" class="1004" name="din_sig_fu_320">
<pin_list>
<pin id="321" dir="0" index="0" bw="32" slack="0"/>
<pin id="322" dir="1" index="1" bw="23" slack="2"/>
</pin_list>
<bind>
<opcode="trunc(33) " fcode="trunc"/>
<opset="din_sig/1 "/>
</bind>
</comp>

<comp id="324" class="1004" name="closepath_fu_324">
<pin_list>
<pin id="325" dir="0" index="0" bw="8" slack="0"/>
<pin id="326" dir="0" index="1" bw="8" slack="0"/>
<pin id="327" dir="1" index="2" bw="1" slack="0"/>
</pin_list>
<bind>
<opcode="icmp(45) " fcode="icmp"/>
<opset="closepath/1 "/>
</bind>
</comp>

<comp id="330" class="1004" name="add_ln376_fu_330">
<pin_list>
<pin id="331" dir="0" index="0" bw="8" slack="0"/>
<pin id="332" dir="0" index="1" bw="7" slack="0"/>
<pin id="333" dir="1" index="2" bw="8" slack="0"/>
</pin_list>
<bind>
<opcode="add(8) " fcode="add"/>
<opset="add_ln376/1 "/>
</bind>
</comp>

<comp id="336" class="1004" name="addr_fu_336">
<pin_list>
<pin id="337" dir="0" index="0" bw="1" slack="0"/>
<pin id="338" dir="0" index="1" bw="7" slack="0"/>
<pin id="339" dir="0" index="2" bw="8" slack="0"/>
<pin id="340" dir="1" index="3" bw="8" slack="0"/>
</pin_list>
<bind>
<opcode="select(49) " fcode="select"/>
<opset="addr/1 "/>
</bind>
</comp>

<comp id="344" class="1004" name="lshr_ln_fu_344">
<pin_list>
<pin id="345" dir="0" index="0" bw="4" slack="0"/>
<pin id="346" dir="0" index="1" bw="8" slack="0"/>
<pin id="347" dir="0" index="2" bw="4" slack="0"/>
<pin id="348" dir="0" index="3" bw="4" slack="0"/>
<pin id="349" dir="1" index="4" bw="4" slack="0"/>
</pin_list>
<bind>
<opcode="partselect(1002) " fcode="partselect"/>
<opset="lshr_ln/1 "/>
</bind>
</comp>

<comp id="354" class="1004" name="zext_ln378_fu_354">
<pin_list>
<pin id="355" dir="0" index="0" bw="4" slack="0"/>
<pin id="356" dir="1" index="1" bw="64" slack="0"/>
</pin_list>
<bind>
<opcode="zext(34) " fcode="zext"/>
<opset="zext_ln378/1 "/>
</bind>
</comp>

<comp id="359" class="1004" name="trunc_ln379_fu_359">
<pin_list>
<pin id="360" dir="0" index="0" bw="8" slack="0"/>
<pin id="361" dir="1" index="1" bw="4" slack="1"/>
</pin_list>
<bind>
<opcode="trunc(33) " fcode="trunc"/>
<opset="trunc_ln379/1 "/>
</bind>
</comp>

<comp id="363" class="1004" name="zext_ln379_fu_363">
<pin_list>
<pin id="364" dir="0" index="0" bw="4" slack="1"/>
<pin id="365" dir="1" index="1" bw="100" slack="0"/>
</pin_list>
<bind>
<opcode="zext(34) " fcode="zext"/>
<opset="zext_ln379/2 "/>
</bind>
</comp>

<comp id="366" class="1004" name="shl_ln379_fu_366">
<pin_list>
<pin id="367" dir="0" index="0" bw="100" slack="0"/>
<pin id="368" dir="0" index="1" bw="4" slack="0"/>
<pin id="369" dir="1" index="2" bw="100" slack="0"/>
</pin_list>
<bind>
<opcode="shl(20) " fcode="shl"/>
<opset="shl_ln379/2 "/>
</bind>
</comp>

<comp id="372" class="1004" name="Med_fu_372">
<pin_list>
<pin id="373" dir="0" index="0" bw="80" slack="0"/>
<pin id="374" dir="0" index="1" bw="100" slack="0"/>
<pin id="375" dir="0" index="2" bw="6" slack="0"/>
<pin id="376" dir="1" index="3" bw="80" slack="1"/>
</pin_list>
<bind>
<opcode="partselect(1002) " fcode="partselect"/>
<opset="Med/2 "/>
</bind>
</comp>

<comp id="380" class="1004" name="X_fu_380">
<pin_list>
<pin id="381" dir="0" index="0" bw="24" slack="0"/>
<pin id="382" dir="0" index="1" bw="1" slack="0"/>
<pin id="383" dir="0" index="2" bw="23" slack="2"/>
<pin id="384" dir="1" index="3" bw="24" slack="0"/>
</pin_list>
<bind>
<opcode="bitconcatenate(1004) " fcode="bitconcatenate"/>
<opset="X/3 "/>
</bind>
</comp>

<comp id="387" class="1004" name="zext_ln468_fu_387">
<pin_list>
<pin id="388" dir="0" index="0" bw="24" slack="0"/>
<pin id="389" dir="1" index="1" bw="80" slack="0"/>
</pin_list>
<bind>
<opcode="zext(34) " fcode="zext"/>
<opset="zext_ln468/3 "/>
</bind>
</comp>

<comp id="392" class="1004" name="icmp_ln271_1_fu_392">
<pin_list>
<pin id="393" dir="0" index="0" bw="23" slack="2"/>
<pin id="394" dir="0" index="1" bw="1" slack="0"/>
<pin id="395" dir="1" index="2" bw="1" slack="6"/>
</pin_list>
<bind>
<opcode="icmp(45) " fcode="icmp"/>
<opset="icmp_ln271_1/3 "/>
</bind>
</comp>

<comp id="397" class="1004" name="Mx_bits_fu_397">
<pin_list>
<pin id="398" dir="0" index="0" bw="58" slack="0"/>
<pin id="399" dir="0" index="1" bw="80" slack="0"/>
<pin id="400" dir="0" index="2" bw="6" slack="0"/>
<pin id="401" dir="0" index="3" bw="8" slack="0"/>
<pin id="402" dir="1" index="4" bw="58" slack="1"/>
</pin_list>
<bind>
<opcode="partselect(1002) " fcode="partselect"/>
<opset="Mx_bits/7 "/>
</bind>
</comp>

<comp id="407" class="1004" name="trunc_ln_fu_407">
<pin_list>
<pin id="408" dir="0" index="0" bw="3" slack="0"/>
<pin id="409" dir="0" index="1" bw="80" slack="0"/>
<pin id="410" dir="0" index="2" bw="8" slack="0"/>
<pin id="411" dir="0" index="3" bw="8" slack="0"/>
<pin id="412" dir="1" index="4" bw="3" slack="1"/>
</pin_list>
<bind>
<opcode="partselect(1002) " fcode="partselect"/>
<opset="trunc_ln/7 "/>
</bind>
</comp>

<comp id="417" class="1004" name="k_fu_417">
<pin_list>
<pin id="418" dir="0" index="0" bw="1" slack="7"/>
<pin id="419" dir="0" index="1" bw="1" slack="0"/>
<pin id="420" dir="0" index="2" bw="3" slack="1"/>
<pin id="421" dir="1" index="3" bw="3" slack="0"/>
</pin_list>
<bind>
<opcode="select(49) " fcode="select"/>
<opset="k/8 "/>
</bind>
</comp>

<comp id="423" class="1004" name="trunc_ln491_fu_423">
<pin_list>
<pin id="424" dir="0" index="0" bw="3" slack="0"/>
<pin id="425" dir="1" index="1" bw="1" slack="0"/>
</pin_list>
<bind>
<opcode="trunc(33) " fcode="trunc"/>
<opset="trunc_ln491/8 "/>
</bind>
</comp>

<comp id="427" class="1004" name="Mx_bits_1_fu_427">
<pin_list>
<pin id="428" dir="0" index="0" bw="1" slack="0"/>
<pin id="429" dir="0" index="1" bw="58" slack="1"/>
<pin id="430" dir="1" index="2" bw="58" slack="0"/>
</pin_list>
<bind>
<opcode="sub(10) " fcode="sub"/>
<opset="Mx_bits_1/8 "/>
</bind>
</comp>

<comp id="432" class="1004" name="Mx_bits_3_fu_432">
<pin_list>
<pin id="433" dir="0" index="0" bw="1" slack="0"/>
<pin id="434" dir="0" index="1" bw="58" slack="0"/>
<pin id="435" dir="0" index="2" bw="58" slack="1"/>
<pin id="436" dir="1" index="3" bw="58" slack="0"/>
</pin_list>
<bind>
<opcode="select(49) " fcode="select"/>
<opset="Mx_bits_3/8 "/>
</bind>
</comp>

<comp id="439" class="1004" name="tmp_7_fu_439">
<pin_list>
<pin id="440" dir="0" index="0" bw="29" slack="0"/>
<pin id="441" dir="0" index="1" bw="58" slack="0"/>
<pin id="442" dir="0" index="2" bw="6" slack="0"/>
<pin id="443" dir="1" index="3" bw="29" slack="1"/>
</pin_list>
<bind>
<opcode="partselect(1002) " fcode="partselect"/>
<opset="tmp_7/8 "/>
</bind>
</comp>

<comp id="447" class="1004" name="tmp_s_fu_447">
<pin_list>
<pin id="448" dir="0" index="0" bw="1" slack="0"/>
<pin id="449" dir="0" index="1" bw="3" slack="0"/>
<pin id="450" dir="0" index="2" bw="1" slack="0"/>
<pin id="451" dir="0" index="3" bw="3" slack="0"/>
<pin id="452" dir="0" index="4" bw="1" slack="0"/>
<pin id="453" dir="0" index="5" bw="3" slack="0"/>
<pin id="454" dir="0" index="6" bw="1" slack="0"/>
<pin id="455" dir="0" index="7" bw="3" slack="0"/>
<pin id="456" dir="0" index="8" bw="1" slack="0"/>
<pin id="457" dir="0" index="9" bw="3" slack="0"/>
<pin id="458" dir="0" index="10" bw="1" slack="0"/>
<pin id="459" dir="0" index="11" bw="3" slack="0"/>
<pin id="460" dir="0" index="12" bw="1" slack="0"/>
<pin id="461" dir="0" index="13" bw="3" slack="0"/>
<pin id="462" dir="0" index="14" bw="1" slack="0"/>
<pin id="463" dir="0" index="15" bw="3" slack="0"/>
<pin id="464" dir="0" index="16" bw="1" slack="0"/>
<pin id="465" dir="0" index="17" bw="1" slack="0"/>
<pin id="466" dir="0" index="18" bw="3" slack="0"/>
<pin id="467" dir="1" index="19" bw="1" slack="1"/>
</pin_list>
<bind>
<opcode="sparsemux(1197) " fcode="sparsemux"/>
<opset="tmp_s/8 "/>
</bind>
</comp>

<comp id="487" class="1004" name="Ex_fu_487">
<pin_list>
<pin id="488" dir="0" index="0" bw="8" slack="8"/>
<pin id="489" dir="0" index="1" bw="8" slack="0"/>
<pin id="490" dir="1" index="2" bw="8" slack="0"/>
</pin_list>
<bind>
<opcode="add(8) " fcode="add"/>
<opset="Ex/9 "/>
</bind>
</comp>

<comp id="492" class="1004" name="select_ln453_fu_492">
<pin_list>
<pin id="493" dir="0" index="0" bw="1" slack="8"/>
<pin id="494" dir="0" index="1" bw="8" slack="0"/>
<pin id="495" dir="0" index="2" bw="1" slack="0"/>
<pin id="496" dir="1" index="3" bw="8" slack="0"/>
</pin_list>
<bind>
<opcode="select(49) " fcode="select"/>
<opset="select_ln453/9 "/>
</bind>
</comp>

<comp id="499" class="1004" name="t_fu_499">
<pin_list>
<pin id="500" dir="0" index="0" bw="30" slack="0"/>
<pin id="501" dir="0" index="1" bw="29" slack="1"/>
<pin id="502" dir="0" index="2" bw="1" slack="0"/>
<pin id="503" dir="1" index="3" bw="30" slack="0"/>
</pin_list>
<bind>
<opcode="bitconcatenate(1004) " fcode="bitconcatenate"/>
<opset="t/9 "/>
</bind>
</comp>

<comp id="506" class="1004" name="Mx_zeros_fu_506">
<pin_list>
<pin id="507" dir="0" index="0" bw="30" slack="0"/>
<pin id="508" dir="0" index="1" bw="30" slack="0"/>
<pin id="509" dir="0" index="2" bw="1" slack="0"/>
<pin id="510" dir="1" index="3" bw="30" slack="0"/>
</pin_list>
<bind>
<opcode="ctlz(523) " fcode="ctlz"/>
<opset="Mx_zeros/9 "/>
</bind>
</comp>

<comp id="514" class="1004" name="zext_ln504_fu_514">
<pin_list>
<pin id="515" dir="0" index="0" bw="30" slack="0"/>
<pin id="516" dir="1" index="1" bw="58" slack="0"/>
</pin_list>
<bind>
<opcode="zext(34) " fcode="zext"/>
<opset="zext_ln504/9 "/>
</bind>
</comp>

<comp id="518" class="1004" name="shl_ln504_fu_518">
<pin_list>
<pin id="519" dir="0" index="0" bw="58" slack="1"/>
<pin id="520" dir="0" index="1" bw="30" slack="0"/>
<pin id="521" dir="1" index="2" bw="58" slack="0"/>
</pin_list>
<bind>
<opcode="shl(20) " fcode="shl"/>
<opset="shl_ln504/9 "/>
</bind>
</comp>

<comp id="523" class="1004" name="Mx_fu_523">
<pin_list>
<pin id="524" dir="0" index="0" bw="29" slack="0"/>
<pin id="525" dir="0" index="1" bw="58" slack="0"/>
<pin id="526" dir="0" index="2" bw="6" slack="0"/>
<pin id="527" dir="0" index="3" bw="7" slack="0"/>
<pin id="528" dir="1" index="4" bw="29" slack="1"/>
</pin_list>
<bind>
<opcode="partselect(1002) " fcode="partselect"/>
<opset="Mx/9 "/>
</bind>
</comp>

<comp id="533" class="1004" name="trunc_ln505_fu_533">
<pin_list>
<pin id="534" dir="0" index="0" bw="30" slack="0"/>
<pin id="535" dir="1" index="1" bw="8" slack="0"/>
</pin_list>
<bind>
<opcode="trunc(33) " fcode="trunc"/>
<opset="trunc_ln505/9 "/>
</bind>
</comp>

<comp id="537" class="1004" name="Ex_1_fu_537">
<pin_list>
<pin id="538" dir="0" index="0" bw="8" slack="0"/>
<pin id="539" dir="0" index="1" bw="8" slack="0"/>
<pin id="540" dir="1" index="2" bw="8" slack="0"/>
</pin_list>
<bind>
<opcode="sub(10) " fcode="sub"/>
<opset="Ex_1/9 "/>
</bind>
</comp>

<comp id="543" class="1004" name="tmp_fu_543">
<pin_list>
<pin id="544" dir="0" index="0" bw="1" slack="0"/>
<pin id="545" dir="0" index="1" bw="8" slack="0"/>
<pin id="546" dir="0" index="2" bw="4" slack="0"/>
<pin id="547" dir="1" index="3" bw="1" slack="1"/>
</pin_list>
<bind>
<opcode="bitselect(1000) " fcode="bitselect"/>
<opset="tmp/9 "/>
</bind>
</comp>

<comp id="551" class="1004" name="sub_ln506_fu_551">
<pin_list>
<pin id="552" dir="0" index="0" bw="1" slack="0"/>
<pin id="553" dir="0" index="1" bw="8" slack="0"/>
<pin id="554" dir="1" index="2" bw="8" slack="1"/>
</pin_list>
<bind>
<opcode="sub(10) " fcode="sub"/>
<opset="sub_ln506/9 "/>
</bind>
</comp>

<comp id="557" class="1004" name="xor_ln242_fu_557">
<pin_list>
<pin id="558" dir="0" index="0" bw="1" slack="1"/>
<pin id="559" dir="0" index="1" bw="1" slack="0"/>
<pin id="560" dir="1" index="2" bw="1" slack="0"/>
</pin_list>
<bind>
<opcode="xor(25) " fcode="xor"/>
<opset="xor_ln242/9 "/>
</bind>
</comp>

<comp id="562" class="1004" name="cos_basis_fu_562">
<pin_list>
<pin id="563" dir="0" index="0" bw="1" slack="8"/>
<pin id="564" dir="0" index="1" bw="1" slack="0"/>
<pin id="565" dir="0" index="2" bw="1" slack="1"/>
<pin id="566" dir="1" index="3" bw="1" slack="0"/>
</pin_list>
<bind>
<opcode="select(49) " fcode="select"/>
<opset="cos_basis/9 "/>
</bind>
</comp>

<comp id="568" class="1004" name="sin_basis_fu_568">
<pin_list>
<pin id="569" dir="0" index="0" bw="1" slack="8"/>
<pin id="570" dir="0" index="1" bw="1" slack="1"/>
<pin id="571" dir="0" index="2" bw="1" slack="0"/>
<pin id="572" dir="1" index="3" bw="1" slack="2"/>
</pin_list>
<bind>
<opcode="select(49) " fcode="select"/>
<opset="sin_basis/9 "/>
</bind>
</comp>

<comp id="574" class="1004" name="index_fu_574">
<pin_list>
<pin id="575" dir="0" index="0" bw="4" slack="0"/>
<pin id="576" dir="0" index="1" bw="1" slack="8"/>
<pin id="577" dir="0" index="2" bw="3" slack="1"/>
<pin id="578" dir="1" index="3" bw="4" slack="0"/>
</pin_list>
<bind>
<opcode="bitconcatenate(1004) " fcode="bitconcatenate"/>
<opset="index/9 "/>
</bind>
</comp>

<comp id="580" class="1004" name="tmp_8_fu_580">
<pin_list>
<pin id="581" dir="0" index="0" bw="1" slack="0"/>
<pin id="582" dir="0" index="1" bw="4" slack="0"/>
<pin id="583" dir="0" index="2" bw="1" slack="0"/>
<pin id="584" dir="0" index="3" bw="4" slack="0"/>
<pin id="585" dir="0" index="4" bw="1" slack="0"/>
<pin id="586" dir="0" index="5" bw="4" slack="0"/>
<pin id="587" dir="0" index="6" bw="1" slack="0"/>
<pin id="588" dir="0" index="7" bw="4" slack="0"/>
<pin id="589" dir="0" index="8" bw="1" slack="0"/>
<pin id="590" dir="0" index="9" bw="4" slack="0"/>
<pin id="591" dir="0" index="10" bw="1" slack="0"/>
<pin id="592" dir="0" index="11" bw="4" slack="0"/>
<pin id="593" dir="0" index="12" bw="1" slack="0"/>
<pin id="594" dir="0" index="13" bw="4" slack="0"/>
<pin id="595" dir="0" index="14" bw="1" slack="0"/>
<pin id="596" dir="0" index="15" bw="4" slack="0"/>
<pin id="597" dir="0" index="16" bw="1" slack="0"/>
<pin id="598" dir="0" index="17" bw="4" slack="0"/>
<pin id="599" dir="0" index="18" bw="1" slack="0"/>
<pin id="600" dir="0" index="19" bw="4" slack="0"/>
<pin id="601" dir="0" index="20" bw="1" slack="0"/>
<pin id="602" dir="0" index="21" bw="4" slack="0"/>
<pin id="603" dir="0" index="22" bw="1" slack="0"/>
<pin id="604" dir="0" index="23" bw="4" slack="0"/>
<pin id="605" dir="0" index="24" bw="1" slack="0"/>
<pin id="606" dir="0" index="25" bw="4" slack="0"/>
<pin id="607" dir="0" index="26" bw="1" slack="0"/>
<pin id="608" dir="0" index="27" bw="4" slack="0"/>
<pin id="609" dir="0" index="28" bw="1" slack="0"/>
<pin id="610" dir="0" index="29" bw="4" slack="0"/>
<pin id="611" dir="0" index="30" bw="1" slack="0"/>
<pin id="612" dir="0" index="31" bw="4" slack="0"/>
<pin id="613" dir="0" index="32" bw="1" slack="0"/>
<pin id="614" dir="0" index="33" bw="1" slack="0"/>
<pin id="615" dir="0" index="34" bw="4" slack="0"/>
<pin id="616" dir="1" index="35" bw="1" slack="0"/>
</pin_list>
<bind>
<opcode="sparsemux(1197) " fcode="sparsemux"/>
<opset="tmp_8/9 "/>
</bind>
</comp>

<comp id="652" class="1004" name="tmp_5_fu_652">
<pin_list>
<pin id="653" dir="0" index="0" bw="1" slack="0"/>
<pin id="654" dir="0" index="1" bw="4" slack="0"/>
<pin id="655" dir="0" index="2" bw="1" slack="0"/>
<pin id="656" dir="0" index="3" bw="4" slack="0"/>
<pin id="657" dir="0" index="4" bw="1" slack="0"/>
<pin id="658" dir="0" index="5" bw="4" slack="0"/>
<pin id="659" dir="0" index="6" bw="1" slack="0"/>
<pin id="660" dir="0" index="7" bw="4" slack="0"/>
<pin id="661" dir="0" index="8" bw="1" slack="0"/>
<pin id="662" dir="0" index="9" bw="4" slack="0"/>
<pin id="663" dir="0" index="10" bw="1" slack="0"/>
<pin id="664" dir="0" index="11" bw="4" slack="0"/>
<pin id="665" dir="0" index="12" bw="1" slack="0"/>
<pin id="666" dir="0" index="13" bw="4" slack="0"/>
<pin id="667" dir="0" index="14" bw="1" slack="0"/>
<pin id="668" dir="0" index="15" bw="4" slack="0"/>
<pin id="669" dir="0" index="16" bw="1" slack="0"/>
<pin id="670" dir="0" index="17" bw="4" slack="0"/>
<pin id="671" dir="0" index="18" bw="1" slack="0"/>
<pin id="672" dir="0" index="19" bw="4" slack="0"/>
<pin id="673" dir="0" index="20" bw="1" slack="0"/>
<pin id="674" dir="0" index="21" bw="4" slack="0"/>
<pin id="675" dir="0" index="22" bw="1" slack="0"/>
<pin id="676" dir="0" index="23" bw="4" slack="0"/>
<pin id="677" dir="0" index="24" bw="1" slack="0"/>
<pin id="678" dir="0" index="25" bw="4" slack="0"/>
<pin id="679" dir="0" index="26" bw="1" slack="0"/>
<pin id="680" dir="0" index="27" bw="4" slack="0"/>
<pin id="681" dir="0" index="28" bw="1" slack="0"/>
<pin id="682" dir="0" index="29" bw="4" slack="0"/>
<pin id="683" dir="0" index="30" bw="1" slack="0"/>
<pin id="684" dir="0" index="31" bw="4" slack="0"/>
<pin id="685" dir="0" index="32" bw="1" slack="0"/>
<pin id="686" dir="0" index="33" bw="1" slack="0"/>
<pin id="687" dir="0" index="34" bw="4" slack="0"/>
<pin id="688" dir="1" index="35" bw="1" slack="0"/>
</pin_list>
<bind>
<opcode="sparsemux(1197) " fcode="sparsemux"/>
<opset="tmp_5/9 "/>
</bind>
</comp>

<comp id="724" class="1004" name="results_sign_fu_724">
<pin_list>
<pin id="725" dir="0" index="0" bw="1" slack="0"/>
<pin id="726" dir="0" index="1" bw="1" slack="0"/>
<pin id="727" dir="0" index="2" bw="1" slack="0"/>
<pin id="728" dir="1" index="3" bw="1" slack="0"/>
</pin_list>
<bind>
<opcode="select(49) " fcode="select"/>
<opset="results_sign/9 "/>
</bind>
</comp>

<comp id="732" class="1004" name="icmp_ln271_fu_732">
<pin_list>
<pin id="733" dir="0" index="0" bw="8" slack="8"/>
<pin id="734" dir="0" index="1" bw="1" slack="0"/>
<pin id="735" dir="1" index="2" bw="1" slack="0"/>
</pin_list>
<bind>
<opcode="icmp(45) " fcode="icmp"/>
<opset="icmp_ln271/9 "/>
</bind>
</comp>

<comp id="737" class="1004" name="and_ln271_fu_737">
<pin_list>
<pin id="738" dir="0" index="0" bw="1" slack="0"/>
<pin id="739" dir="0" index="1" bw="1" slack="6"/>
<pin id="740" dir="1" index="2" bw="1" slack="0"/>
</pin_list>
<bind>
<opcode="and(23) " fcode="and"/>
<opset="and_ln271/9 "/>
</bind>
</comp>

<comp id="742" class="1004" name="xor_ln278_fu_742">
<pin_list>
<pin id="743" dir="0" index="0" bw="1" slack="8"/>
<pin id="744" dir="0" index="1" bw="1" slack="0"/>
<pin id="745" dir="1" index="2" bw="1" slack="0"/>
</pin_list>
<bind>
<opcode="xor(25) " fcode="xor"/>
<opset="xor_ln278/9 "/>
</bind>
</comp>

<comp id="747" class="1004" name="results_sign_2_fu_747">
<pin_list>
<pin id="748" dir="0" index="0" bw="1" slack="8"/>
<pin id="749" dir="0" index="1" bw="1" slack="0"/>
<pin id="750" dir="1" index="2" bw="1" slack="0"/>
</pin_list>
<bind>
<opcode="and(23) " fcode="and"/>
<opset="results_sign_2/9 "/>
</bind>
</comp>

<comp id="752" class="1004" name="icmp_ln282_fu_752">
<pin_list>
<pin id="753" dir="0" index="0" bw="8" slack="8"/>
<pin id="754" dir="0" index="1" bw="1" slack="0"/>
<pin id="755" dir="1" index="2" bw="1" slack="0"/>
</pin_list>
<bind>
<opcode="icmp(45) " fcode="icmp"/>
<opset="icmp_ln282/9 "/>
</bind>
</comp>

<comp id="757" class="1004" name="xor_ln282_fu_757">
<pin_list>
<pin id="758" dir="0" index="0" bw="1" slack="0"/>
<pin id="759" dir="0" index="1" bw="1" slack="0"/>
<pin id="760" dir="1" index="2" bw="1" slack="0"/>
</pin_list>
<bind>
<opcode="xor(25) " fcode="xor"/>
<opset="xor_ln282/9 "/>
</bind>
</comp>

<comp id="763" class="1004" name="results_sign_4_fu_763">
<pin_list>
<pin id="764" dir="0" index="0" bw="1" slack="0"/>
<pin id="765" dir="0" index="1" bw="1" slack="0"/>
<pin id="766" dir="1" index="2" bw="1" slack="0"/>
</pin_list>
<bind>
<opcode="and(23) " fcode="and"/>
<opset="results_sign_4/9 "/>
</bind>
</comp>

<comp id="769" class="1004" name="results_sign_3_fu_769">
<pin_list>
<pin id="770" dir="0" index="0" bw="1" slack="0"/>
<pin id="771" dir="0" index="1" bw="1" slack="0"/>
<pin id="772" dir="0" index="2" bw="1" slack="0"/>
<pin id="773" dir="1" index="3" bw="1" slack="9"/>
</pin_list>
<bind>
<opcode="select(49) " fcode="select"/>
<opset="results_sign_3/9 "/>
</bind>
</comp>

<comp id="777" class="1004" name="select_ln506_fu_777">
<pin_list>
<pin id="778" dir="0" index="0" bw="1" slack="1"/>
<pin id="779" dir="0" index="1" bw="8" slack="1"/>
<pin id="780" dir="0" index="2" bw="8" slack="1"/>
<pin id="781" dir="1" index="3" bw="8" slack="0"/>
</pin_list>
<bind>
<opcode="select(49) " fcode="select"/>
<opset="select_ln506/10 "/>
</bind>
</comp>

<comp id="782" class="1004" name="zext_ln506_1_fu_782">
<pin_list>
<pin id="783" dir="0" index="0" bw="8" slack="0"/>
<pin id="784" dir="1" index="1" bw="32" slack="0"/>
</pin_list>
<bind>
<opcode="zext(34) " fcode="zext"/>
<opset="zext_ln506_1/10 "/>
</bind>
</comp>

<comp id="786" class="1004" name="zext_ln506_fu_786">
<pin_list>
<pin id="787" dir="0" index="0" bw="29" slack="1"/>
<pin id="788" dir="1" index="1" bw="32" slack="0"/>
</pin_list>
<bind>
<opcode="zext(34) " fcode="zext"/>
<opset="zext_ln506/10 "/>
</bind>
</comp>

<comp id="789" class="1004" name="lshr_ln506_fu_789">
<pin_list>
<pin id="790" dir="0" index="0" bw="29" slack="0"/>
<pin id="791" dir="0" index="1" bw="8" slack="0"/>
<pin id="792" dir="1" index="2" bw="32" slack="0"/>
</pin_list>
<bind>
<opcode="lshr(21) " fcode="lshr"/>
<opset="lshr_ln506/10 "/>
</bind>
</comp>

<comp id="795" class="1004" name="shl_ln506_fu_795">
<pin_list>
<pin id="796" dir="0" index="0" bw="29" slack="0"/>
<pin id="797" dir="0" index="1" bw="8" slack="0"/>
<pin id="798" dir="1" index="2" bw="32" slack="0"/>
</pin_list>
<bind>
<opcode="shl(20) " fcode="shl"/>
<opset="shl_ln506/10 "/>
</bind>
</comp>

<comp id="801" class="1004" name="select_ln506_1_fu_801">
<pin_list>
<pin id="802" dir="0" index="0" bw="1" slack="1"/>
<pin id="803" dir="0" index="1" bw="32" slack="0"/>
<pin id="804" dir="0" index="2" bw="32" slack="0"/>
<pin id="805" dir="1" index="3" bw="32" slack="0"/>
</pin_list>
<bind>
<opcode="select(49) " fcode="select"/>
<opset="select_ln506_1/10 "/>
</bind>
</comp>

<comp id="808" class="1004" name="B_fu_808">
<pin_list>
<pin id="809" dir="0" index="0" bw="32" slack="0"/>
<pin id="810" dir="1" index="1" bw="22" slack="3"/>
</pin_list>
<bind>
<opcode="trunc(33) " fcode="trunc"/>
<opset="B/10 "/>
</bind>
</comp>

<comp id="812" class="1004" name="Mx_1_fu_812">
<pin_list>
<pin id="813" dir="0" index="0" bw="1" slack="1"/>
<pin id="814" dir="0" index="1" bw="1" slack="0"/>
<pin id="815" dir="0" index="2" bw="29" slack="1"/>
<pin id="816" dir="1" index="3" bw="29" slack="5"/>
</pin_list>
<bind>
<opcode="select(49) " fcode="select"/>
<opset="Mx_1/10 "/>
</bind>
</comp>

<comp id="818" class="1004" name="Ex_2_fu_818">
<pin_list>
<pin id="819" dir="0" index="0" bw="1" slack="1"/>
<pin id="820" dir="0" index="1" bw="1" slack="0"/>
<pin id="821" dir="0" index="2" bw="8" slack="1"/>
<pin id="822" dir="1" index="3" bw="8" slack="8"/>
</pin_list>
<bind>
<opcode="select(49) " fcode="select"/>
<opset="Ex_2/10 "/>
</bind>
</comp>

<comp id="824" class="1004" name="tmp_1_fu_824">
<pin_list>
<pin id="825" dir="0" index="0" bw="7" slack="0"/>
<pin id="826" dir="0" index="1" bw="32" slack="0"/>
<pin id="827" dir="0" index="2" bw="6" slack="0"/>
<pin id="828" dir="0" index="3" bw="6" slack="0"/>
<pin id="829" dir="1" index="4" bw="7" slack="1"/>
</pin_list>
<bind>
<opcode="partselect(1002) " fcode="partselect"/>
<opset="tmp_1/10 "/>
</bind>
</comp>

<comp id="834" class="1004" name="B_trunc_fu_834">
<pin_list>
<pin id="835" dir="0" index="0" bw="15" slack="0"/>
<pin id="836" dir="0" index="1" bw="32" slack="0"/>
<pin id="837" dir="0" index="2" bw="4" slack="0"/>
<pin id="838" dir="0" index="3" bw="6" slack="0"/>
<pin id="839" dir="1" index="4" bw="15" slack="2"/>
</pin_list>
<bind>
<opcode="partselect(1002) " fcode="partselect"/>
<opset="B_trunc/10 "/>
</bind>
</comp>

<comp id="844" class="1004" name="A_fu_844">
<pin_list>
<pin id="845" dir="0" index="0" bw="8" slack="0"/>
<pin id="846" dir="0" index="1" bw="1" slack="2"/>
<pin id="847" dir="0" index="2" bw="7" slack="1"/>
<pin id="848" dir="1" index="3" bw="8" slack="0"/>
</pin_list>
<bind>
<opcode="bitconcatenate(1004) " fcode="bitconcatenate"/>
<opset="A/11 "/>
</bind>
</comp>

<comp id="850" class="1004" name="zext_ln28_fu_850">
<pin_list>
<pin id="851" dir="0" index="0" bw="8" slack="0"/>
<pin id="852" dir="1" index="1" bw="64" slack="0"/>
</pin_list>
<bind>
<opcode="zext(34) " fcode="zext"/>
<opset="zext_ln28/11 "/>
</bind>
</comp>

<comp id="857" class="1004" name="zext_ln23_fu_857">
<pin_list>
<pin id="858" dir="0" index="0" bw="15" slack="2"/>
<pin id="859" dir="1" index="1" bw="30" slack="0"/>
</pin_list>
<bind>
<opcode="zext(34) " fcode="zext"/>
<opset="zext_ln23/12 "/>
</bind>
</comp>

<comp id="860" class="1004" name="mul_ln23_fu_860">
<pin_list>
<pin id="861" dir="0" index="0" bw="15" slack="0"/>
<pin id="862" dir="0" index="1" bw="15" slack="0"/>
<pin id="863" dir="1" index="2" bw="30" slack="0"/>
</pin_list>
<bind>
<opcode="mul(12) " fcode="mul"/>
<opset="mul_ln23/12 "/>
</bind>
</comp>

<comp id="866" class="1004" name="B_squared_fu_866">
<pin_list>
<pin id="867" dir="0" index="0" bw="15" slack="0"/>
<pin id="868" dir="0" index="1" bw="30" slack="0"/>
<pin id="869" dir="0" index="2" bw="5" slack="0"/>
<pin id="870" dir="0" index="3" bw="6" slack="0"/>
<pin id="871" dir="1" index="4" bw="15" slack="1"/>
</pin_list>
<bind>
<opcode="partselect(1002) " fcode="partselect"/>
<opset="B_squared/12 "/>
</bind>
</comp>

<comp id="876" class="1004" name="t1_fu_876">
<pin_list>
<pin id="877" dir="0" index="0" bw="29" slack="0"/>
<pin id="878" dir="0" index="1" bw="30" slack="0"/>
<pin id="879" dir="0" index="2" bw="1" slack="0"/>
<pin id="880" dir="0" index="3" bw="6" slack="0"/>
<pin id="881" dir="1" index="4" bw="29" slack="2"/>
</pin_list>
<bind>
<opcode="partselect(1002) " fcode="partselect"/>
<opset="t1/12 "/>
</bind>
</comp>

<comp id="886" class="1004" name="zext_ln23_1_fu_886">
<pin_list>
<pin id="887" dir="0" index="0" bw="15" slack="1"/>
<pin id="888" dir="1" index="1" bw="30" slack="0"/>
</pin_list>
<bind>
<opcode="zext(34) " fcode="zext"/>
<opset="zext_ln23_1/13 "/>
</bind>
</comp>

<comp id="889" class="1004" name="zext_ln29_fu_889">
<pin_list>
<pin id="890" dir="0" index="0" bw="22" slack="3"/>
<pin id="891" dir="1" index="1" bw="45" slack="0"/>
</pin_list>
<bind>
<opcode="zext(34) " fcode="zext"/>
<opset="zext_ln29/13 "/>
</bind>
</comp>

<comp id="893" class="1004" name="sext_ln29_fu_893">
<pin_list>
<pin id="894" dir="0" index="0" bw="23" slack="1"/>
<pin id="895" dir="1" index="1" bw="45" slack="0"/>
</pin_list>
<bind>
<opcode="sext(35) " fcode="sext"/>
<opset="sext_ln29/13 "/>
</bind>
</comp>

<comp id="897" class="1004" name="trunc_ln2_fu_897">
<pin_list>
<pin id="898" dir="0" index="0" bw="22" slack="0"/>
<pin id="899" dir="0" index="1" bw="45" slack="0"/>
<pin id="900" dir="0" index="2" bw="6" slack="0"/>
<pin id="901" dir="0" index="3" bw="7" slack="0"/>
<pin id="902" dir="1" index="4" bw="22" slack="1"/>
</pin_list>
<bind>
<opcode="partselect(1002) " fcode="partselect"/>
<opset="trunc_ln2/13 "/>
</bind>
</comp>

<comp id="907" class="1004" name="sext_ln30_fu_907">
<pin_list>
<pin id="908" dir="0" index="0" bw="15" slack="1"/>
<pin id="909" dir="1" index="1" bw="30" slack="0"/>
</pin_list>
<bind>
<opcode="sext(35) " fcode="sext"/>
<opset="sext_ln30/13 "/>
</bind>
</comp>

<comp id="910" class="1004" name="mul_ln30_fu_910">
<pin_list>
<pin id="911" dir="0" index="0" bw="15" slack="0"/>
<pin id="912" dir="0" index="1" bw="15" slack="0"/>
<pin id="913" dir="1" index="2" bw="30" slack="0"/>
</pin_list>
<bind>
<opcode="mul(12) " fcode="mul"/>
<opset="mul_ln30/13 "/>
</bind>
</comp>

<comp id="916" class="1004" name="trunc_ln3_fu_916">
<pin_list>
<pin id="917" dir="0" index="0" bw="14" slack="0"/>
<pin id="918" dir="0" index="1" bw="30" slack="0"/>
<pin id="919" dir="0" index="2" bw="6" slack="0"/>
<pin id="920" dir="0" index="3" bw="6" slack="0"/>
<pin id="921" dir="1" index="4" bw="14" slack="1"/>
</pin_list>
<bind>
<opcode="partselect(1002) " fcode="partselect"/>
<opset="trunc_ln3/13 "/>
</bind>
</comp>

<comp id="926" class="1004" name="sext_ln32_fu_926">
<pin_list>
<pin id="927" dir="0" index="0" bw="29" slack="2"/>
<pin id="928" dir="1" index="1" bw="30" slack="0"/>
</pin_list>
<bind>
<opcode="sext(35) " fcode="sext"/>
<opset="sext_ln32/14 "/>
</bind>
</comp>

<comp id="929" class="1004" name="sext_ln32_1_fu_929">
<pin_list>
<pin id="930" dir="0" index="0" bw="22" slack="1"/>
<pin id="931" dir="1" index="1" bw="30" slack="0"/>
</pin_list>
<bind>
<opcode="sext(35) " fcode="sext"/>
<opset="sext_ln32_1/14 "/>
</bind>
</comp>

<comp id="932" class="1004" name="add_ln32_fu_932">
<pin_list>
<pin id="933" dir="0" index="0" bw="29" slack="0"/>
<pin id="934" dir="0" index="1" bw="22" slack="0"/>
<pin id="935" dir="1" index="2" bw="30" slack="0"/>
</pin_list>
<bind>
<opcode="add(8) " fcode="add"/>
<opset="add_ln32/14 "/>
</bind>
</comp>

<comp id="938" class="1004" name="sext_ln32_2_fu_938">
<pin_list>
<pin id="939" dir="0" index="0" bw="14" slack="1"/>
<pin id="940" dir="1" index="1" bw="30" slack="0"/>
</pin_list>
<bind>
<opcode="sext(35) " fcode="sext"/>
<opset="sext_ln32_2/14 "/>
</bind>
</comp>

<comp id="941" class="1004" name="add_ln32_1_fu_941">
<pin_list>
<pin id="942" dir="0" index="0" bw="30" slack="0"/>
<pin id="943" dir="0" index="1" bw="14" slack="0"/>
<pin id="944" dir="1" index="2" bw="30" slack="1"/>
</pin_list>
<bind>
<opcode="add(8) " fcode="add"/>
<opset="add_ln32_1/14 "/>
</bind>
</comp>

<comp id="947" class="1004" name="sext_ln32_3_fu_947">
<pin_list>
<pin id="948" dir="0" index="0" bw="30" slack="1"/>
<pin id="949" dir="1" index="1" bw="58" slack="0"/>
</pin_list>
<bind>
<opcode="sext(35) " fcode="sext"/>
<opset="sext_ln32_3/15 "/>
</bind>
</comp>

<comp id="951" class="1004" name="zext_ln32_fu_951">
<pin_list>
<pin id="952" dir="0" index="0" bw="29" slack="5"/>
<pin id="953" dir="1" index="1" bw="58" slack="0"/>
</pin_list>
<bind>
<opcode="zext(34) " fcode="zext"/>
<opset="zext_ln32/15 "/>
</bind>
</comp>

<comp id="955" class="1004" name="result_fu_955">
<pin_list>
<pin id="956" dir="0" index="0" bw="29" slack="0"/>
<pin id="957" dir="0" index="1" bw="58" slack="0"/>
<pin id="958" dir="0" index="2" bw="6" slack="0"/>
<pin id="959" dir="0" index="3" bw="7" slack="0"/>
<pin id="960" dir="1" index="4" bw="29" slack="1"/>
</pin_list>
<bind>
<opcode="partselect(1002) " fcode="partselect"/>
<opset="result/16 "/>
</bind>
</comp>

<comp id="965" class="1004" name="tmp_3_fu_965">
<pin_list>
<pin id="966" dir="0" index="0" bw="16" slack="0"/>
<pin id="967" dir="0" index="1" bw="58" slack="0"/>
<pin id="968" dir="0" index="2" bw="7" slack="0"/>
<pin id="969" dir="0" index="3" bw="7" slack="0"/>
<pin id="970" dir="1" index="4" bw="16" slack="1"/>
</pin_list>
<bind>
<opcode="partselect(1002) " fcode="partselect"/>
<opset="tmp_3/16 "/>
</bind>
</comp>

<comp id="975" class="1004" name="tmp_4_fu_975">
<pin_list>
<pin id="976" dir="0" index="0" bw="13" slack="0"/>
<pin id="977" dir="0" index="1" bw="58" slack="0"/>
<pin id="978" dir="0" index="2" bw="6" slack="0"/>
<pin id="979" dir="0" index="3" bw="7" slack="0"/>
<pin id="980" dir="1" index="4" bw="13" slack="1"/>
</pin_list>
<bind>
<opcode="partselect(1002) " fcode="partselect"/>
<opset="tmp_4/16 "/>
</bind>
</comp>

<comp id="985" class="1004" name="trunc_ln5_fu_985">
<pin_list>
<pin id="986" dir="0" index="0" bw="28" slack="0"/>
<pin id="987" dir="0" index="1" bw="58" slack="0"/>
<pin id="988" dir="0" index="2" bw="6" slack="0"/>
<pin id="989" dir="0" index="3" bw="7" slack="0"/>
<pin id="990" dir="1" index="4" bw="28" slack="1"/>
</pin_list>
<bind>
<opcode="partselect(1002) " fcode="partselect"/>
<opset="trunc_ln5/16 "/>
</bind>
</comp>

<comp id="995" class="1004" name="out_bits_fu_995">
<pin_list>
<pin id="996" dir="0" index="0" bw="32" slack="0"/>
<pin id="997" dir="0" index="1" bw="16" slack="1"/>
<pin id="998" dir="0" index="2" bw="16" slack="0"/>
<pin id="999" dir="1" index="3" bw="32" slack="0"/>
</pin_list>
<bind>
<opcode="bitconcatenate(1004) " fcode="bitconcatenate"/>
<opset="out_bits/17 "/>
</bind>
</comp>

<comp id="1002" class="1004" name="out_bits_2_fu_1002">
<pin_list>
<pin id="1003" dir="0" index="0" bw="32" slack="0"/>
<pin id="1004" dir="0" index="1" bw="13" slack="1"/>
<pin id="1005" dir="0" index="2" bw="19" slack="0"/>
<pin id="1006" dir="1" index="3" bw="32" slack="0"/>
</pin_list>
<bind>
<opcode="bitconcatenate(1004) " fcode="bitconcatenate"/>
<opset="out_bits_2/17 "/>
</bind>
</comp>

<comp id="1009" class="1004" name="c_fu_1009">
<pin_list>
<pin id="1010" dir="0" index="0" bw="32" slack="0"/>
<pin id="1011" dir="0" index="1" bw="32" slack="0"/>
<pin id="1012" dir="0" index="2" bw="1" slack="0"/>
<pin id="1013" dir="1" index="3" bw="32" slack="0"/>
</pin_list>
<bind>
<opcode="ctlz(523) " fcode="ctlz"/>
<opset="c/17 "/>
</bind>
</comp>

<comp id="1017" class="1004" name="trunc_ln281_fu_1017">
<pin_list>
<pin id="1018" dir="0" index="0" bw="32" slack="0"/>
<pin id="1019" dir="1" index="1" bw="5" slack="0"/>
</pin_list>
<bind>
<opcode="trunc(33) " fcode="trunc"/>
<opset="trunc_ln281/17 "/>
</bind>
</comp>

<comp id="1021" class="1004" name="zext_ln281_fu_1021">
<pin_list>
<pin id="1022" dir="0" index="0" bw="5" slack="0"/>
<pin id="1023" dir="1" index="1" bw="28" slack="0"/>
</pin_list>
<bind>
<opcode="zext(34) " fcode="zext"/>
<opset="zext_ln281/17 "/>
</bind>
</comp>

<comp id="1025" class="1004" name="c_1_fu_1025">
<pin_list>
<pin id="1026" dir="0" index="0" bw="32" slack="0"/>
<pin id="1027" dir="0" index="1" bw="32" slack="0"/>
<pin id="1028" dir="0" index="2" bw="1" slack="0"/>
<pin id="1029" dir="1" index="3" bw="32" slack="0"/>
</pin_list>
<bind>
<opcode="ctlz(523) " fcode="ctlz"/>
<opset="c_1/17 "/>
</bind>
</comp>

<comp id="1033" class="1004" name="trunc_ln281_1_fu_1033">
<pin_list>
<pin id="1034" dir="0" index="0" bw="32" slack="0"/>
<pin id="1035" dir="1" index="1" bw="4" slack="1"/>
</pin_list>
<bind>
<opcode="trunc(33) " fcode="trunc"/>
<opset="trunc_ln281_1/17 "/>
</bind>
</comp>

<comp id="1037" class="1004" name="in_shift_1_fu_1037">
<pin_list>
<pin id="1038" dir="0" index="0" bw="28" slack="1"/>
<pin id="1039" dir="0" index="1" bw="5" slack="0"/>
<pin id="1040" dir="1" index="2" bw="28" slack="1"/>
</pin_list>
<bind>
<opcode="shl(20) " fcode="shl"/>
<opset="in_shift_1/17 "/>
</bind>
</comp>

<comp id="1042" class="1004" name="icmp_ln292_fu_1042">
<pin_list>
<pin id="1043" dir="0" index="0" bw="5" slack="0"/>
<pin id="1044" dir="0" index="1" bw="5" slack="0"/>
<pin id="1045" dir="1" index="2" bw="1" slack="1"/>
</pin_list>
<bind>
<opcode="icmp(45) " fcode="icmp"/>
<opset="icmp_ln292/17 "/>
</bind>
</comp>

<comp id="1048" class="1004" name="icmp_ln306_fu_1048">
<pin_list>
<pin id="1049" dir="0" index="0" bw="29" slack="1"/>
<pin id="1050" dir="0" index="1" bw="1" slack="0"/>
<pin id="1051" dir="1" index="2" bw="1" slack="1"/>
</pin_list>
<bind>
<opcode="icmp(45) " fcode="icmp"/>
<opset="icmp_ln306/17 "/>
</bind>
</comp>

<comp id="1053" class="1004" name="sext_ln252_fu_1053">
<pin_list>
<pin id="1054" dir="0" index="0" bw="8" slack="8"/>
<pin id="1055" dir="1" index="1" bw="9" slack="0"/>
</pin_list>
<bind>
<opcode="sext(35) " fcode="sext"/>
<opset="sext_ln252/18 "/>
</bind>
</comp>

<comp id="1056" class="1004" name="zext_ln281_1_fu_1056">
<pin_list>
<pin id="1057" dir="0" index="0" bw="4" slack="1"/>
<pin id="1058" dir="1" index="1" bw="28" slack="0"/>
</pin_list>
<bind>
<opcode="zext(34) " fcode="zext"/>
<opset="zext_ln281_1/18 "/>
</bind>
</comp>

<comp id="1059" class="1004" name="shift_1_fu_1059">
<pin_list>
<pin id="1060" dir="0" index="0" bw="5" slack="0"/>
<pin id="1061" dir="0" index="1" bw="1" slack="0"/>
<pin id="1062" dir="0" index="2" bw="4" slack="1"/>
<pin id="1063" dir="1" index="3" bw="5" slack="0"/>
</pin_list>
<bind>
<opcode="bitconcatenate(1004) " fcode="bitconcatenate"/>
<opset="shift_1/18 "/>
</bind>
</comp>

<comp id="1066" class="1004" name="in_shift_2_fu_1066">
<pin_list>
<pin id="1067" dir="0" index="0" bw="28" slack="1"/>
<pin id="1068" dir="0" index="1" bw="4" slack="0"/>
<pin id="1069" dir="1" index="2" bw="28" slack="0"/>
</pin_list>
<bind>
<opcode="shl(20) " fcode="shl"/>
<opset="in_shift_2/18 "/>
</bind>
</comp>

<comp id="1071" class="1004" name="shift_2_fu_1071">
<pin_list>
<pin id="1072" dir="0" index="0" bw="1" slack="1"/>
<pin id="1073" dir="0" index="1" bw="5" slack="0"/>
<pin id="1074" dir="0" index="2" bw="5" slack="1"/>
<pin id="1075" dir="1" index="3" bw="5" slack="0"/>
</pin_list>
<bind>
<opcode="select(49) " fcode="select"/>
<opset="shift_2/18 "/>
</bind>
</comp>

<comp id="1077" class="1004" name="zext_ln286_fu_1077">
<pin_list>
<pin id="1078" dir="0" index="0" bw="5" slack="0"/>
<pin id="1079" dir="1" index="1" bw="9" slack="0"/>
</pin_list>
<bind>
<opcode="zext(34) " fcode="zext"/>
<opset="zext_ln286/18 "/>
</bind>
</comp>

<comp id="1081" class="1004" name="add_ln300_fu_1081">
<pin_list>
<pin id="1082" dir="0" index="0" bw="8" slack="0"/>
<pin id="1083" dir="0" index="1" bw="8" slack="0"/>
<pin id="1084" dir="1" index="2" bw="9" slack="0"/>
</pin_list>
<bind>
<opcode="add(8) " fcode="add"/>
<opset="add_ln300/18 "/>
</bind>
</comp>

<comp id="1087" class="1004" name="newexp_fu_1087">
<pin_list>
<pin id="1088" dir="0" index="0" bw="9" slack="0"/>
<pin id="1089" dir="0" index="1" bw="5" slack="0"/>
<pin id="1090" dir="1" index="2" bw="9" slack="0"/>
</pin_list>
<bind>
<opcode="sub(10) " fcode="sub"/>
<opset="newexp/18 "/>
</bind>
</comp>

<comp id="1093" class="1004" name="tmp_2_fu_1093">
<pin_list>
<pin id="1094" dir="0" index="0" bw="1" slack="0"/>
<pin id="1095" dir="0" index="1" bw="9" slack="0"/>
<pin id="1096" dir="0" index="2" bw="5" slack="0"/>
<pin id="1097" dir="1" index="3" bw="1" slack="0"/>
</pin_list>
<bind>
<opcode="bitselect(1000) " fcode="bitselect"/>
<opset="tmp_2/18 "/>
</bind>
</comp>

<comp id="1101" class="1004" name="or_ln306_fu_1101">
<pin_list>
<pin id="1102" dir="0" index="0" bw="1" slack="0"/>
<pin id="1103" dir="0" index="1" bw="1" slack="1"/>
<pin id="1104" dir="1" index="2" bw="1" slack="0"/>
</pin_list>
<bind>
<opcode="or(24) " fcode="or"/>
<opset="or_ln306/18 "/>
</bind>
</comp>

<comp id="1106" class="1004" name="empty_fu_1106">
<pin_list>
<pin id="1107" dir="0" index="0" bw="9" slack="0"/>
<pin id="1108" dir="1" index="1" bw="8" slack="0"/>
</pin_list>
<bind>
<opcode="trunc(33) " fcode="trunc"/>
<opset="empty/18 "/>
</bind>
</comp>

<comp id="1110" class="1004" name="tmp_6_fu_1110">
<pin_list>
<pin id="1111" dir="0" index="0" bw="23" slack="0"/>
<pin id="1112" dir="0" index="1" bw="28" slack="0"/>
<pin id="1113" dir="0" index="2" bw="4" slack="0"/>
<pin id="1114" dir="0" index="3" bw="6" slack="0"/>
<pin id="1115" dir="1" index="4" bw="23" slack="0"/>
</pin_list>
<bind>
<opcode="partselect(1002) " fcode="partselect"/>
<opset="tmp_6/18 "/>
</bind>
</comp>

<comp id="1120" class="1004" name="tmp_9_fu_1120">
<pin_list>
<pin id="1121" dir="0" index="0" bw="23" slack="0"/>
<pin id="1122" dir="0" index="1" bw="28" slack="1"/>
<pin id="1123" dir="0" index="2" bw="4" slack="0"/>
<pin id="1124" dir="0" index="3" bw="6" slack="0"/>
<pin id="1125" dir="1" index="4" bw="23" slack="0"/>
</pin_list>
<bind>
<opcode="partselect(1002) " fcode="partselect"/>
<opset="tmp_9/18 "/>
</bind>
</comp>

<comp id="1129" class="1004" name="empty_59_fu_1129">
<pin_list>
<pin id="1130" dir="0" index="0" bw="1" slack="1"/>
<pin id="1131" dir="0" index="1" bw="23" slack="0"/>
<pin id="1132" dir="0" index="2" bw="23" slack="0"/>
<pin id="1133" dir="1" index="3" bw="23" slack="0"/>
</pin_list>
<bind>
<opcode="select(49) " fcode="select"/>
<opset="empty_59/18 "/>
</bind>
</comp>

<comp id="1136" class="1004" name="select_ln259_fu_1136">
<pin_list>
<pin id="1137" dir="0" index="0" bw="1" slack="17"/>
<pin id="1138" dir="0" index="1" bw="8" slack="0"/>
<pin id="1139" dir="0" index="2" bw="1" slack="0"/>
<pin id="1140" dir="1" index="3" bw="8" slack="0"/>
</pin_list>
<bind>
<opcode="select(49) " fcode="select"/>
<opset="select_ln259/18 "/>
</bind>
</comp>

<comp id="1143" class="1004" name="select_ln282_fu_1143">
<pin_list>
<pin id="1144" dir="0" index="0" bw="1" slack="9"/>
<pin id="1145" dir="0" index="1" bw="1" slack="0"/>
<pin id="1146" dir="0" index="2" bw="1" slack="0"/>
<pin id="1147" dir="1" index="3" bw="8" slack="0"/>
</pin_list>
<bind>
<opcode="select(49) " fcode="select"/>
<opset="select_ln282/18 "/>
</bind>
</comp>

<comp id="1150" class="1004" name="or_ln282_fu_1150">
<pin_list>
<pin id="1151" dir="0" index="0" bw="1" slack="9"/>
<pin id="1152" dir="0" index="1" bw="1" slack="0"/>
<pin id="1153" dir="1" index="2" bw="1" slack="0"/>
</pin_list>
<bind>
<opcode="or(24) " fcode="or"/>
<opset="or_ln282/18 "/>
</bind>
</comp>

<comp id="1155" class="1004" name="results_exp_fu_1155">
<pin_list>
<pin id="1156" dir="0" index="0" bw="1" slack="0"/>
<pin id="1157" dir="0" index="1" bw="8" slack="0"/>
<pin id="1158" dir="0" index="2" bw="8" slack="0"/>
<pin id="1159" dir="1" index="3" bw="8" slack="0"/>
</pin_list>
<bind>
<opcode="select(49) " fcode="select"/>
<opset="results_exp/18 "/>
</bind>
</comp>

<comp id="1163" class="1004" name="select_ln282_2_fu_1163">
<pin_list>
<pin id="1164" dir="0" index="0" bw="1" slack="9"/>
<pin id="1165" dir="0" index="1" bw="1" slack="0"/>
<pin id="1166" dir="0" index="2" bw="1" slack="0"/>
<pin id="1167" dir="1" index="3" bw="23" slack="0"/>
</pin_list>
<bind>
<opcode="select(49) " fcode="select"/>
<opset="select_ln282_2/18 "/>
</bind>
</comp>

<comp id="1170" class="1004" name="results_sig_fu_1170">
<pin_list>
<pin id="1171" dir="0" index="0" bw="1" slack="0"/>
<pin id="1172" dir="0" index="1" bw="23" slack="0"/>
<pin id="1173" dir="0" index="2" bw="23" slack="0"/>
<pin id="1174" dir="1" index="3" bw="23" slack="0"/>
</pin_list>
<bind>
<opcode="select(49) " fcode="select"/>
<opset="results_sig/18 "/>
</bind>
</comp>

<comp id="1178" class="1004" name="results_exp_1_fu_1178">
<pin_list>
<pin id="1179" dir="0" index="0" bw="1" slack="9"/>
<pin id="1180" dir="0" index="1" bw="8" slack="0"/>
<pin id="1181" dir="0" index="2" bw="8" slack="0"/>
<pin id="1182" dir="1" index="3" bw="8" slack="0"/>
</pin_list>
<bind>
<opcode="select(49) " fcode="select"/>
<opset="results_exp_1/18 "/>
</bind>
</comp>

<comp id="1185" class="1004" name="results_sig_1_fu_1185">
<pin_list>
<pin id="1186" dir="0" index="0" bw="1" slack="9"/>
<pin id="1187" dir="0" index="1" bw="1" slack="0"/>
<pin id="1188" dir="0" index="2" bw="23" slack="0"/>
<pin id="1189" dir="1" index="3" bw="23" slack="0"/>
</pin_list>
<bind>
<opcode="select(49) " fcode="select"/>
<opset="results_sig_1/18 "/>
</bind>
</comp>

<comp id="1192" class="1004" name="t_2_fu_1192">
<pin_list>
<pin id="1193" dir="0" index="0" bw="32" slack="0"/>
<pin id="1194" dir="0" index="1" bw="1" slack="9"/>
<pin id="1195" dir="0" index="2" bw="8" slack="0"/>
<pin id="1196" dir="0" index="3" bw="23" slack="0"/>
<pin id="1197" dir="1" index="4" bw="32" slack="0"/>
</pin_list>
<bind>
<opcode="bitconcatenate(1004) " fcode="bitconcatenate"/>
<opset="t_2/18 "/>
</bind>
</comp>

<comp id="1201" class="1004" name="bitcast_ln327_fu_1201">
<pin_list>
<pin id="1202" dir="0" index="0" bw="32" slack="0"/>
<pin id="1203" dir="1" index="1" bw="32" slack="2147483647"/>
</pin_list>
<bind>
<opcode="bitcast(44) " fcode="bitcast"/>
<opset="bitcast_ln327/18 "/>
</bind>
</comp>

<comp id="1205" class="1005" name="do_cos_read_reg_1205">
<pin_list>
<pin id="1206" dir="0" index="0" bw="1" slack="8"/>
<pin id="1207" dir="1" index="1" bw="1" slack="8"/>
</pin_list>
<bind>
<opset="do_cos_read "/>
</bind>
</comp>

<comp id="1213" class="1005" name="din_sign_reg_1213">
<pin_list>
<pin id="1214" dir="0" index="0" bw="1" slack="8"/>
<pin id="1215" dir="1" index="1" bw="1" slack="8"/>
</pin_list>
<bind>
<opset="din_sign "/>
</bind>
</comp>

<comp id="1219" class="1005" name="din_exp_reg_1219">
<pin_list>
<pin id="1220" dir="0" index="0" bw="8" slack="8"/>
<pin id="1221" dir="1" index="1" bw="8" slack="8"/>
</pin_list>
<bind>
<opset="din_exp "/>
</bind>
</comp>

<comp id="1226" class="1005" name="din_sig_reg_1226">
<pin_list>
<pin id="1227" dir="0" index="0" bw="23" slack="2"/>
<pin id="1228" dir="1" index="1" bw="23" slack="2"/>
</pin_list>
<bind>
<opset="din_sig "/>
</bind>
</comp>

<comp id="1232" class="1005" name="closepath_reg_1232">
<pin_list>
<pin id="1233" dir="0" index="0" bw="1" slack="6"/>
<pin id="1234" dir="1" index="1" bw="1" slack="7"/>
</pin_list>
<bind>
<opset="closepath "/>
</bind>
</comp>

<comp id="1238" class="1005" name="ref_4oPi_table_100_addr_reg_1238">
<pin_list>
<pin id="1239" dir="0" index="0" bw="4" slack="1"/>
<pin id="1240" dir="1" index="1" bw="4" slack="1"/>
</pin_list>
<bind>
<opset="ref_4oPi_table_100_addr "/>
</bind>
</comp>

<comp id="1243" class="1005" name="trunc_ln379_reg_1243">
<pin_list>
<pin id="1244" dir="0" index="0" bw="4" slack="1"/>
<pin id="1245" dir="1" index="1" bw="4" slack="1"/>
</pin_list>
<bind>
<opset="trunc_ln379 "/>
</bind>
</comp>

<comp id="1248" class="1005" name="Med_reg_1248">
<pin_list>
<pin id="1249" dir="0" index="0" bw="80" slack="1"/>
<pin id="1250" dir="1" index="1" bw="80" slack="1"/>
</pin_list>
<bind>
<opset="Med "/>
</bind>
</comp>

<comp id="1253" class="1005" name="zext_ln468_reg_1253">
<pin_list>
<pin id="1254" dir="0" index="0" bw="80" slack="1"/>
<pin id="1255" dir="1" index="1" bw="80" slack="1"/>
</pin_list>
<bind>
<opset="zext_ln468 "/>
</bind>
</comp>

<comp id="1258" class="1005" name="icmp_ln271_1_reg_1258">
<pin_list>
<pin id="1259" dir="0" index="0" bw="1" slack="6"/>
<pin id="1260" dir="1" index="1" bw="1" slack="6"/>
</pin_list>
<bind>
<opset="icmp_ln271_1 "/>
</bind>
</comp>

<comp id="1263" class="1005" name="Mx_bits_reg_1263">
<pin_list>
<pin id="1264" dir="0" index="0" bw="58" slack="1"/>
<pin id="1265" dir="1" index="1" bw="58" slack="1"/>
</pin_list>
<bind>
<opset="Mx_bits "/>
</bind>
</comp>

<comp id="1269" class="1005" name="trunc_ln_reg_1269">
<pin_list>
<pin id="1270" dir="0" index="0" bw="3" slack="1"/>
<pin id="1271" dir="1" index="1" bw="3" slack="1"/>
</pin_list>
<bind>
<opset="trunc_ln "/>
</bind>
</comp>

<comp id="1274" class="1005" name="k_reg_1274">
<pin_list>
<pin id="1275" dir="0" index="0" bw="3" slack="1"/>
<pin id="1276" dir="1" index="1" bw="3" slack="1"/>
</pin_list>
<bind>
<opset="k "/>
</bind>
</comp>

<comp id="1279" class="1005" name="Mx_bits_3_reg_1279">
<pin_list>
<pin id="1280" dir="0" index="0" bw="58" slack="1"/>
<pin id="1281" dir="1" index="1" bw="58" slack="1"/>
</pin_list>
<bind>
<opset="Mx_bits_3 "/>
</bind>
</comp>

<comp id="1284" class="1005" name="tmp_7_reg_1284">
<pin_list>
<pin id="1285" dir="0" index="0" bw="29" slack="1"/>
<pin id="1286" dir="1" index="1" bw="29" slack="1"/>
</pin_list>
<bind>
<opset="tmp_7 "/>
</bind>
</comp>

<comp id="1289" class="1005" name="tmp_s_reg_1289">
<pin_list>
<pin id="1290" dir="0" index="0" bw="1" slack="1"/>
<pin id="1291" dir="1" index="1" bw="1" slack="1"/>
</pin_list>
<bind>
<opset="tmp_s "/>
</bind>
</comp>

<comp id="1296" class="1005" name="Mx_reg_1296">
<pin_list>
<pin id="1297" dir="0" index="0" bw="29" slack="1"/>
<pin id="1298" dir="1" index="1" bw="29" slack="1"/>
</pin_list>
<bind>
<opset="Mx "/>
</bind>
</comp>

<comp id="1302" class="1005" name="Ex_1_reg_1302">
<pin_list>
<pin id="1303" dir="0" index="0" bw="8" slack="1"/>
<pin id="1304" dir="1" index="1" bw="8" slack="1"/>
</pin_list>
<bind>
<opset="Ex_1 "/>
</bind>
</comp>

<comp id="1308" class="1005" name="tmp_reg_1308">
<pin_list>
<pin id="1309" dir="0" index="0" bw="1" slack="1"/>
<pin id="1310" dir="1" index="1" bw="1" slack="1"/>
</pin_list>
<bind>
<opset="tmp "/>
</bind>
</comp>

<comp id="1314" class="1005" name="sub_ln506_reg_1314">
<pin_list>
<pin id="1315" dir="0" index="0" bw="8" slack="1"/>
<pin id="1316" dir="1" index="1" bw="8" slack="1"/>
</pin_list>
<bind>
<opset="sub_ln506 "/>
</bind>
</comp>

<comp id="1319" class="1005" name="cos_basis_reg_1319">
<pin_list>
<pin id="1320" dir="0" index="0" bw="1" slack="1"/>
<pin id="1321" dir="1" index="1" bw="1" slack="1"/>
</pin_list>
<bind>
<opset="cos_basis "/>
</bind>
</comp>

<comp id="1325" class="1005" name="sin_basis_reg_1325">
<pin_list>
<pin id="1326" dir="0" index="0" bw="1" slack="2"/>
<pin id="1327" dir="1" index="1" bw="1" slack="2"/>
</pin_list>
<bind>
<opset="sin_basis "/>
</bind>
</comp>

<comp id="1330" class="1005" name="and_ln271_reg_1330">
<pin_list>
<pin id="1331" dir="0" index="0" bw="1" slack="7"/>
<pin id="1332" dir="1" index="1" bw="1" slack="9"/>
</pin_list>
<bind>
<opset="and_ln271 "/>
</bind>
</comp>

<comp id="1336" class="1005" name="icmp_ln282_reg_1336">
<pin_list>
<pin id="1337" dir="0" index="0" bw="1" slack="9"/>
<pin id="1338" dir="1" index="1" bw="1" slack="9"/>
</pin_list>
<bind>
<opset="icmp_ln282 "/>
</bind>
</comp>

<comp id="1343" class="1005" name="results_sign_3_reg_1343">
<pin_list>
<pin id="1344" dir="0" index="0" bw="1" slack="9"/>
<pin id="1345" dir="1" index="1" bw="1" slack="9"/>
</pin_list>
<bind>
<opset="results_sign_3 "/>
</bind>
</comp>

<comp id="1348" class="1005" name="B_reg_1348">
<pin_list>
<pin id="1349" dir="0" index="0" bw="22" slack="3"/>
<pin id="1350" dir="1" index="1" bw="22" slack="3"/>
</pin_list>
<bind>
<opset="B "/>
</bind>
</comp>

<comp id="1353" class="1005" name="Mx_1_reg_1353">
<pin_list>
<pin id="1354" dir="0" index="0" bw="29" slack="5"/>
<pin id="1355" dir="1" index="1" bw="29" slack="5"/>
</pin_list>
<bind>
<opset="Mx_1 "/>
</bind>
</comp>

<comp id="1358" class="1005" name="Ex_2_reg_1358">
<pin_list>
<pin id="1359" dir="0" index="0" bw="8" slack="8"/>
<pin id="1360" dir="1" index="1" bw="8" slack="8"/>
</pin_list>
<bind>
<opset="Ex_2 "/>
</bind>
</comp>

<comp id="1363" class="1005" name="tmp_1_reg_1363">
<pin_list>
<pin id="1364" dir="0" index="0" bw="7" slack="1"/>
<pin id="1365" dir="1" index="1" bw="7" slack="1"/>
</pin_list>
<bind>
<opset="tmp_1 "/>
</bind>
</comp>

<comp id="1368" class="1005" name="B_trunc_reg_1368">
<pin_list>
<pin id="1369" dir="0" index="0" bw="15" slack="2"/>
<pin id="1370" dir="1" index="1" bw="15" slack="2"/>
</pin_list>
<bind>
<opset="B_trunc "/>
</bind>
</comp>

<comp id="1373" class="1005" name="second_order_float_sin_cos_K0_addr_reg_1373">
<pin_list>
<pin id="1374" dir="0" index="0" bw="8" slack="1"/>
<pin id="1375" dir="1" index="1" bw="8" slack="1"/>
</pin_list>
<bind>
<opset="second_order_float_sin_cos_K0_addr "/>
</bind>
</comp>

<comp id="1378" class="1005" name="second_order_float_sin_cos_K1_addr_reg_1378">
<pin_list>
<pin id="1379" dir="0" index="0" bw="8" slack="1"/>
<pin id="1380" dir="1" index="1" bw="8" slack="1"/>
</pin_list>
<bind>
<opset="second_order_float_sin_cos_K1_addr "/>
</bind>
</comp>

<comp id="1383" class="1005" name="second_order_float_sin_cos_K2_addr_reg_1383">
<pin_list>
<pin id="1384" dir="0" index="0" bw="8" slack="1"/>
<pin id="1385" dir="1" index="1" bw="8" slack="1"/>
</pin_list>
<bind>
<opset="second_order_float_sin_cos_K2_addr "/>
</bind>
</comp>

<comp id="1388" class="1005" name="B_squared_reg_1388">
<pin_list>
<pin id="1389" dir="0" index="0" bw="15" slack="1"/>
<pin id="1390" dir="1" index="1" bw="15" slack="1"/>
</pin_list>
<bind>
<opset="B_squared "/>
</bind>
</comp>

<comp id="1393" class="1005" name="t1_reg_1393">
<pin_list>
<pin id="1394" dir="0" index="0" bw="29" slack="2"/>
<pin id="1395" dir="1" index="1" bw="29" slack="2"/>
</pin_list>
<bind>
<opset="t1 "/>
</bind>
</comp>

<comp id="1398" class="1005" name="second_order_float_sin_cos_K1_load_reg_1398">
<pin_list>
<pin id="1399" dir="0" index="0" bw="23" slack="1"/>
<pin id="1400" dir="1" index="1" bw="23" slack="1"/>
</pin_list>
<bind>
<opset="second_order_float_sin_cos_K1_load "/>
</bind>
</comp>

<comp id="1403" class="1005" name="second_order_float_sin_cos_K2_load_reg_1403">
<pin_list>
<pin id="1404" dir="0" index="0" bw="15" slack="1"/>
<pin id="1405" dir="1" index="1" bw="15" slack="1"/>
</pin_list>
<bind>
<opset="second_order_float_sin_cos_K2_load "/>
</bind>
</comp>

<comp id="1408" class="1005" name="trunc_ln2_reg_1408">
<pin_list>
<pin id="1409" dir="0" index="0" bw="22" slack="1"/>
<pin id="1410" dir="1" index="1" bw="22" slack="1"/>
</pin_list>
<bind>
<opset="trunc_ln2 "/>
</bind>
</comp>

<comp id="1413" class="1005" name="trunc_ln3_reg_1413">
<pin_list>
<pin id="1414" dir="0" index="0" bw="14" slack="1"/>
<pin id="1415" dir="1" index="1" bw="14" slack="1"/>
</pin_list>
<bind>
<opset="trunc_ln3 "/>
</bind>
</comp>

<comp id="1418" class="1005" name="add_ln32_1_reg_1418">
<pin_list>
<pin id="1419" dir="0" index="0" bw="30" slack="1"/>
<pin id="1420" dir="1" index="1" bw="30" slack="1"/>
</pin_list>
<bind>
<opset="add_ln32_1 "/>
</bind>
</comp>

<comp id="1423" class="1005" name="sext_ln32_3_reg_1423">
<pin_list>
<pin id="1424" dir="0" index="0" bw="58" slack="1"/>
<pin id="1425" dir="1" index="1" bw="58" slack="1"/>
</pin_list>
<bind>
<opset="sext_ln32_3 "/>
</bind>
</comp>

<comp id="1428" class="1005" name="zext_ln32_reg_1428">
<pin_list>
<pin id="1429" dir="0" index="0" bw="58" slack="1"/>
<pin id="1430" dir="1" index="1" bw="58" slack="1"/>
</pin_list>
<bind>
<opset="zext_ln32 "/>
</bind>
</comp>

<comp id="1433" class="1005" name="result_reg_1433">
<pin_list>
<pin id="1434" dir="0" index="0" bw="29" slack="1"/>
<pin id="1435" dir="1" index="1" bw="29" slack="1"/>
</pin_list>
<bind>
<opset="result "/>
</bind>
</comp>

<comp id="1438" class="1005" name="tmp_3_reg_1438">
<pin_list>
<pin id="1439" dir="0" index="0" bw="16" slack="1"/>
<pin id="1440" dir="1" index="1" bw="16" slack="1"/>
</pin_list>
<bind>
<opset="tmp_3 "/>
</bind>
</comp>

<comp id="1443" class="1005" name="tmp_4_reg_1443">
<pin_list>
<pin id="1444" dir="0" index="0" bw="13" slack="1"/>
<pin id="1445" dir="1" index="1" bw="13" slack="1"/>
</pin_list>
<bind>
<opset="tmp_4 "/>
</bind>
</comp>

<comp id="1448" class="1005" name="trunc_ln5_reg_1448">
<pin_list>
<pin id="1449" dir="0" index="0" bw="28" slack="1"/>
<pin id="1450" dir="1" index="1" bw="28" slack="1"/>
</pin_list>
<bind>
<opset="trunc_ln5 "/>
</bind>
</comp>

<comp id="1453" class="1005" name="trunc_ln281_reg_1453">
<pin_list>
<pin id="1454" dir="0" index="0" bw="5" slack="1"/>
<pin id="1455" dir="1" index="1" bw="5" slack="1"/>
</pin_list>
<bind>
<opset="trunc_ln281 "/>
</bind>
</comp>

<comp id="1458" class="1005" name="trunc_ln281_1_reg_1458">
<pin_list>
<pin id="1459" dir="0" index="0" bw="4" slack="1"/>
<pin id="1460" dir="1" index="1" bw="4" slack="1"/>
</pin_list>
<bind>
<opset="trunc_ln281_1 "/>
</bind>
</comp>

<comp id="1464" class="1005" name="in_shift_1_reg_1464">
<pin_list>
<pin id="1465" dir="0" index="0" bw="28" slack="1"/>
<pin id="1466" dir="1" index="1" bw="28" slack="1"/>
</pin_list>
<bind>
<opset="in_shift_1 "/>
</bind>
</comp>

<comp id="1470" class="1005" name="icmp_ln292_reg_1470">
<pin_list>
<pin id="1471" dir="0" index="0" bw="1" slack="1"/>
<pin id="1472" dir="1" index="1" bw="1" slack="1"/>
</pin_list>
<bind>
<opset="icmp_ln292 "/>
</bind>
</comp>

<comp id="1476" class="1005" name="icmp_ln306_reg_1476">
<pin_list>
<pin id="1477" dir="0" index="0" bw="1" slack="1"/>
<pin id="1478" dir="1" index="1" bw="1" slack="1"/>
</pin_list>
<bind>
<opset="icmp_ln306 "/>
</bind>
</comp>

</comp_list>

<net_list>
<net id="228"><net_src comp="12" pin="0"/><net_sink comp="224" pin=0"/></net>

<net id="229"><net_src comp="2" pin="0"/><net_sink comp="224" pin=1"/></net>

<net id="234"><net_src comp="14" pin="0"/><net_sink comp="230" pin=0"/></net>

<net id="235"><net_src comp="0" pin="0"/><net_sink comp="230" pin=1"/></net>

<net id="241"><net_src comp="4" pin="0"/><net_sink comp="236" pin=0"/></net>

<net id="242"><net_src comp="36" pin="0"/><net_sink comp="236" pin=1"/></net>

<net id="248"><net_src comp="236" pin="3"/><net_sink comp="243" pin=0"/></net>

<net id="254"><net_src comp="6" pin="0"/><net_sink comp="249" pin=0"/></net>

<net id="255"><net_src comp="36" pin="0"/><net_sink comp="249" pin=1"/></net>

<net id="261"><net_src comp="249" pin="3"/><net_sink comp="256" pin=0"/></net>

<net id="267"><net_src comp="8" pin="0"/><net_sink comp="262" pin=0"/></net>

<net id="268"><net_src comp="36" pin="0"/><net_sink comp="262" pin=1"/></net>

<net id="274"><net_src comp="262" pin="3"/><net_sink comp="269" pin=0"/></net>

<net id="280"><net_src comp="10" pin="0"/><net_sink comp="275" pin=0"/></net>

<net id="281"><net_src comp="36" pin="0"/><net_sink comp="275" pin=1"/></net>

<net id="287"><net_src comp="275" pin="3"/><net_sink comp="282" pin=0"/></net>

<net id="303"><net_src comp="230" pin="2"/><net_sink comp="300" pin=0"/></net>

<net id="309"><net_src comp="16" pin="0"/><net_sink comp="304" pin=0"/></net>

<net id="310"><net_src comp="300" pin="1"/><net_sink comp="304" pin=1"/></net>

<net id="311"><net_src comp="18" pin="0"/><net_sink comp="304" pin=2"/></net>

<net id="317"><net_src comp="20" pin="0"/><net_sink comp="312" pin=0"/></net>

<net id="318"><net_src comp="300" pin="1"/><net_sink comp="312" pin=1"/></net>

<net id="319"><net_src comp="22" pin="0"/><net_sink comp="312" pin=2"/></net>

<net id="323"><net_src comp="300" pin="1"/><net_sink comp="320" pin=0"/></net>

<net id="328"><net_src comp="312" pin="3"/><net_sink comp="324" pin=0"/></net>

<net id="329"><net_src comp="24" pin="0"/><net_sink comp="324" pin=1"/></net>

<net id="334"><net_src comp="312" pin="3"/><net_sink comp="330" pin=0"/></net>

<net id="335"><net_src comp="26" pin="0"/><net_sink comp="330" pin=1"/></net>

<net id="341"><net_src comp="324" pin="2"/><net_sink comp="336" pin=0"/></net>

<net id="342"><net_src comp="28" pin="0"/><net_sink comp="336" pin=1"/></net>

<net id="343"><net_src comp="330" pin="2"/><net_sink comp="336" pin=2"/></net>

<net id="350"><net_src comp="30" pin="0"/><net_sink comp="344" pin=0"/></net>

<net id="351"><net_src comp="336" pin="3"/><net_sink comp="344" pin=1"/></net>

<net id="352"><net_src comp="32" pin="0"/><net_sink comp="344" pin=2"/></net>

<net id="353"><net_src comp="34" pin="0"/><net_sink comp="344" pin=3"/></net>

<net id="357"><net_src comp="344" pin="4"/><net_sink comp="354" pin=0"/></net>

<net id="358"><net_src comp="354" pin="1"/><net_sink comp="236" pin=2"/></net>

<net id="362"><net_src comp="336" pin="3"/><net_sink comp="359" pin=0"/></net>

<net id="370"><net_src comp="243" pin="3"/><net_sink comp="366" pin=0"/></net>

<net id="371"><net_src comp="363" pin="1"/><net_sink comp="366" pin=1"/></net>

<net id="377"><net_src comp="38" pin="0"/><net_sink comp="372" pin=0"/></net>

<net id="378"><net_src comp="366" pin="2"/><net_sink comp="372" pin=1"/></net>

<net id="379"><net_src comp="40" pin="0"/><net_sink comp="372" pin=2"/></net>

<net id="385"><net_src comp="42" pin="0"/><net_sink comp="380" pin=0"/></net>

<net id="386"><net_src comp="44" pin="0"/><net_sink comp="380" pin=1"/></net>

<net id="390"><net_src comp="380" pin="3"/><net_sink comp="387" pin=0"/></net>

<net id="391"><net_src comp="387" pin="1"/><net_sink comp="296" pin=1"/></net>

<net id="396"><net_src comp="46" pin="0"/><net_sink comp="392" pin=1"/></net>

<net id="403"><net_src comp="48" pin="0"/><net_sink comp="397" pin=0"/></net>

<net id="404"><net_src comp="296" pin="2"/><net_sink comp="397" pin=1"/></net>

<net id="405"><net_src comp="50" pin="0"/><net_sink comp="397" pin=2"/></net>

<net id="406"><net_src comp="52" pin="0"/><net_sink comp="397" pin=3"/></net>

<net id="413"><net_src comp="54" pin="0"/><net_sink comp="407" pin=0"/></net>

<net id="414"><net_src comp="296" pin="2"/><net_sink comp="407" pin=1"/></net>

<net id="415"><net_src comp="56" pin="0"/><net_sink comp="407" pin=2"/></net>

<net id="416"><net_src comp="58" pin="0"/><net_sink comp="407" pin=3"/></net>

<net id="422"><net_src comp="60" pin="0"/><net_sink comp="417" pin=1"/></net>

<net id="426"><net_src comp="417" pin="3"/><net_sink comp="423" pin=0"/></net>

<net id="431"><net_src comp="62" pin="0"/><net_sink comp="427" pin=0"/></net>

<net id="437"><net_src comp="423" pin="1"/><net_sink comp="432" pin=0"/></net>

<net id="438"><net_src comp="427" pin="2"/><net_sink comp="432" pin=1"/></net>

<net id="444"><net_src comp="64" pin="0"/><net_sink comp="439" pin=0"/></net>

<net id="445"><net_src comp="432" pin="3"/><net_sink comp="439" pin=1"/></net>

<net id="446"><net_src comp="66" pin="0"/><net_sink comp="439" pin=2"/></net>

<net id="468"><net_src comp="68" pin="0"/><net_sink comp="447" pin=0"/></net>

<net id="469"><net_src comp="60" pin="0"/><net_sink comp="447" pin=1"/></net>

<net id="470"><net_src comp="70" pin="0"/><net_sink comp="447" pin=2"/></net>

<net id="471"><net_src comp="72" pin="0"/><net_sink comp="447" pin=3"/></net>

<net id="472"><net_src comp="44" pin="0"/><net_sink comp="447" pin=4"/></net>

<net id="473"><net_src comp="74" pin="0"/><net_sink comp="447" pin=5"/></net>

<net id="474"><net_src comp="44" pin="0"/><net_sink comp="447" pin=6"/></net>

<net id="475"><net_src comp="76" pin="0"/><net_sink comp="447" pin=7"/></net>

<net id="476"><net_src comp="70" pin="0"/><net_sink comp="447" pin=8"/></net>

<net id="477"><net_src comp="78" pin="0"/><net_sink comp="447" pin=9"/></net>

<net id="478"><net_src comp="70" pin="0"/><net_sink comp="447" pin=10"/></net>

<net id="479"><net_src comp="80" pin="0"/><net_sink comp="447" pin=11"/></net>

<net id="480"><net_src comp="44" pin="0"/><net_sink comp="447" pin=12"/></net>

<net id="481"><net_src comp="82" pin="0"/><net_sink comp="447" pin=13"/></net>

<net id="482"><net_src comp="44" pin="0"/><net_sink comp="447" pin=14"/></net>

<net id="483"><net_src comp="84" pin="0"/><net_sink comp="447" pin=15"/></net>

<net id="484"><net_src comp="70" pin="0"/><net_sink comp="447" pin=16"/></net>

<net id="485"><net_src comp="86" pin="0"/><net_sink comp="447" pin=17"/></net>

<net id="486"><net_src comp="417" pin="3"/><net_sink comp="447" pin=18"/></net>

<net id="491"><net_src comp="88" pin="0"/><net_sink comp="487" pin=1"/></net>

<net id="497"><net_src comp="487" pin="2"/><net_sink comp="492" pin=1"/></net>

<net id="498"><net_src comp="90" pin="0"/><net_sink comp="492" pin=2"/></net>

<net id="504"><net_src comp="92" pin="0"/><net_sink comp="499" pin=0"/></net>

<net id="505"><net_src comp="44" pin="0"/><net_sink comp="499" pin=2"/></net>

<net id="511"><net_src comp="94" pin="0"/><net_sink comp="506" pin=0"/></net>

<net id="512"><net_src comp="499" pin="3"/><net_sink comp="506" pin=1"/></net>

<net id="513"><net_src comp="70" pin="0"/><net_sink comp="506" pin=2"/></net>

<net id="517"><net_src comp="506" pin="3"/><net_sink comp="514" pin=0"/></net>

<net id="522"><net_src comp="514" pin="1"/><net_sink comp="518" pin=1"/></net>

<net id="529"><net_src comp="96" pin="0"/><net_sink comp="523" pin=0"/></net>

<net id="530"><net_src comp="518" pin="2"/><net_sink comp="523" pin=1"/></net>

<net id="531"><net_src comp="66" pin="0"/><net_sink comp="523" pin=2"/></net>

<net id="532"><net_src comp="98" pin="0"/><net_sink comp="523" pin=3"/></net>

<net id="536"><net_src comp="506" pin="3"/><net_sink comp="533" pin=0"/></net>

<net id="541"><net_src comp="492" pin="3"/><net_sink comp="537" pin=0"/></net>

<net id="542"><net_src comp="533" pin="1"/><net_sink comp="537" pin=1"/></net>

<net id="548"><net_src comp="100" pin="0"/><net_sink comp="543" pin=0"/></net>

<net id="549"><net_src comp="537" pin="2"/><net_sink comp="543" pin=1"/></net>

<net id="550"><net_src comp="34" pin="0"/><net_sink comp="543" pin=2"/></net>

<net id="555"><net_src comp="90" pin="0"/><net_sink comp="551" pin=0"/></net>

<net id="556"><net_src comp="537" pin="2"/><net_sink comp="551" pin=1"/></net>

<net id="561"><net_src comp="44" pin="0"/><net_sink comp="557" pin=1"/></net>

<net id="567"><net_src comp="557" pin="2"/><net_sink comp="562" pin=1"/></net>

<net id="573"><net_src comp="557" pin="2"/><net_sink comp="568" pin=2"/></net>

<net id="579"><net_src comp="102" pin="0"/><net_sink comp="574" pin=0"/></net>

<net id="617"><net_src comp="104" pin="0"/><net_sink comp="580" pin=0"/></net>

<net id="618"><net_src comp="106" pin="0"/><net_sink comp="580" pin=1"/></net>

<net id="619"><net_src comp="70" pin="0"/><net_sink comp="580" pin=2"/></net>

<net id="620"><net_src comp="108" pin="0"/><net_sink comp="580" pin=3"/></net>

<net id="621"><net_src comp="70" pin="0"/><net_sink comp="580" pin=4"/></net>

<net id="622"><net_src comp="110" pin="0"/><net_sink comp="580" pin=5"/></net>

<net id="623"><net_src comp="70" pin="0"/><net_sink comp="580" pin=6"/></net>

<net id="624"><net_src comp="112" pin="0"/><net_sink comp="580" pin=7"/></net>

<net id="625"><net_src comp="44" pin="0"/><net_sink comp="580" pin=8"/></net>

<net id="626"><net_src comp="114" pin="0"/><net_sink comp="580" pin=9"/></net>

<net id="627"><net_src comp="44" pin="0"/><net_sink comp="580" pin=10"/></net>

<net id="628"><net_src comp="116" pin="0"/><net_sink comp="580" pin=11"/></net>

<net id="629"><net_src comp="44" pin="0"/><net_sink comp="580" pin=12"/></net>

<net id="630"><net_src comp="118" pin="0"/><net_sink comp="580" pin=13"/></net>

<net id="631"><net_src comp="44" pin="0"/><net_sink comp="580" pin=14"/></net>

<net id="632"><net_src comp="120" pin="0"/><net_sink comp="580" pin=15"/></net>

<net id="633"><net_src comp="70" pin="0"/><net_sink comp="580" pin=16"/></net>

<net id="634"><net_src comp="122" pin="0"/><net_sink comp="580" pin=17"/></net>

<net id="635"><net_src comp="70" pin="0"/><net_sink comp="580" pin=18"/></net>

<net id="636"><net_src comp="124" pin="0"/><net_sink comp="580" pin=19"/></net>

<net id="637"><net_src comp="44" pin="0"/><net_sink comp="580" pin=20"/></net>

<net id="638"><net_src comp="126" pin="0"/><net_sink comp="580" pin=21"/></net>

<net id="639"><net_src comp="44" pin="0"/><net_sink comp="580" pin=22"/></net>

<net id="640"><net_src comp="128" pin="0"/><net_sink comp="580" pin=23"/></net>

<net id="641"><net_src comp="44" pin="0"/><net_sink comp="580" pin=24"/></net>

<net id="642"><net_src comp="130" pin="0"/><net_sink comp="580" pin=25"/></net>

<net id="643"><net_src comp="44" pin="0"/><net_sink comp="580" pin=26"/></net>

<net id="644"><net_src comp="132" pin="0"/><net_sink comp="580" pin=27"/></net>

<net id="645"><net_src comp="70" pin="0"/><net_sink comp="580" pin=28"/></net>

<net id="646"><net_src comp="134" pin="0"/><net_sink comp="580" pin=29"/></net>

<net id="647"><net_src comp="70" pin="0"/><net_sink comp="580" pin=30"/></net>

<net id="648"><net_src comp="136" pin="0"/><net_sink comp="580" pin=31"/></net>

<net id="649"><net_src comp="70" pin="0"/><net_sink comp="580" pin=32"/></net>

<net id="650"><net_src comp="86" pin="0"/><net_sink comp="580" pin=33"/></net>

<net id="651"><net_src comp="574" pin="3"/><net_sink comp="580" pin=34"/></net>

<net id="689"><net_src comp="104" pin="0"/><net_sink comp="652" pin=0"/></net>

<net id="690"><net_src comp="106" pin="0"/><net_sink comp="652" pin=1"/></net>

<net id="691"><net_src comp="70" pin="0"/><net_sink comp="652" pin=2"/></net>

<net id="692"><net_src comp="108" pin="0"/><net_sink comp="652" pin=3"/></net>

<net id="693"><net_src comp="70" pin="0"/><net_sink comp="652" pin=4"/></net>

<net id="694"><net_src comp="110" pin="0"/><net_sink comp="652" pin=5"/></net>

<net id="695"><net_src comp="44" pin="0"/><net_sink comp="652" pin=6"/></net>

<net id="696"><net_src comp="112" pin="0"/><net_sink comp="652" pin=7"/></net>

<net id="697"><net_src comp="70" pin="0"/><net_sink comp="652" pin=8"/></net>

<net id="698"><net_src comp="114" pin="0"/><net_sink comp="652" pin=9"/></net>

<net id="699"><net_src comp="44" pin="0"/><net_sink comp="652" pin=10"/></net>

<net id="700"><net_src comp="116" pin="0"/><net_sink comp="652" pin=11"/></net>

<net id="701"><net_src comp="44" pin="0"/><net_sink comp="652" pin=12"/></net>

<net id="702"><net_src comp="118" pin="0"/><net_sink comp="652" pin=13"/></net>

<net id="703"><net_src comp="70" pin="0"/><net_sink comp="652" pin=14"/></net>

<net id="704"><net_src comp="120" pin="0"/><net_sink comp="652" pin=15"/></net>

<net id="705"><net_src comp="44" pin="0"/><net_sink comp="652" pin=16"/></net>

<net id="706"><net_src comp="122" pin="0"/><net_sink comp="652" pin=17"/></net>

<net id="707"><net_src comp="44" pin="0"/><net_sink comp="652" pin=18"/></net>

<net id="708"><net_src comp="124" pin="0"/><net_sink comp="652" pin=19"/></net>

<net id="709"><net_src comp="70" pin="0"/><net_sink comp="652" pin=20"/></net>

<net id="710"><net_src comp="126" pin="0"/><net_sink comp="652" pin=21"/></net>

<net id="711"><net_src comp="44" pin="0"/><net_sink comp="652" pin=22"/></net>

<net id="712"><net_src comp="128" pin="0"/><net_sink comp="652" pin=23"/></net>

<net id="713"><net_src comp="44" pin="0"/><net_sink comp="652" pin=24"/></net>

<net id="714"><net_src comp="130" pin="0"/><net_sink comp="652" pin=25"/></net>

<net id="715"><net_src comp="70" pin="0"/><net_sink comp="652" pin=26"/></net>

<net id="716"><net_src comp="132" pin="0"/><net_sink comp="652" pin=27"/></net>

<net id="717"><net_src comp="44" pin="0"/><net_sink comp="652" pin=28"/></net>

<net id="718"><net_src comp="134" pin="0"/><net_sink comp="652" pin=29"/></net>

<net id="719"><net_src comp="70" pin="0"/><net_sink comp="652" pin=30"/></net>

<net id="720"><net_src comp="136" pin="0"/><net_sink comp="652" pin=31"/></net>

<net id="721"><net_src comp="70" pin="0"/><net_sink comp="652" pin=32"/></net>

<net id="722"><net_src comp="86" pin="0"/><net_sink comp="652" pin=33"/></net>

<net id="723"><net_src comp="574" pin="3"/><net_sink comp="652" pin=34"/></net>

<net id="729"><net_src comp="562" pin="3"/><net_sink comp="724" pin=0"/></net>

<net id="730"><net_src comp="580" pin="35"/><net_sink comp="724" pin=1"/></net>

<net id="731"><net_src comp="652" pin="35"/><net_sink comp="724" pin=2"/></net>

<net id="736"><net_src comp="90" pin="0"/><net_sink comp="732" pin=1"/></net>

<net id="741"><net_src comp="732" pin="2"/><net_sink comp="737" pin=0"/></net>

<net id="746"><net_src comp="44" pin="0"/><net_sink comp="742" pin=1"/></net>

<net id="751"><net_src comp="742" pin="2"/><net_sink comp="747" pin=1"/></net>

<net id="756"><net_src comp="138" pin="0"/><net_sink comp="752" pin=1"/></net>

<net id="761"><net_src comp="752" pin="2"/><net_sink comp="757" pin=0"/></net>

<net id="762"><net_src comp="44" pin="0"/><net_sink comp="757" pin=1"/></net>

<net id="767"><net_src comp="724" pin="3"/><net_sink comp="763" pin=0"/></net>

<net id="768"><net_src comp="757" pin="2"/><net_sink comp="763" pin=1"/></net>

<net id="774"><net_src comp="737" pin="2"/><net_sink comp="769" pin=0"/></net>

<net id="775"><net_src comp="747" pin="2"/><net_sink comp="769" pin=1"/></net>

<net id="776"><net_src comp="763" pin="2"/><net_sink comp="769" pin=2"/></net>

<net id="785"><net_src comp="777" pin="3"/><net_sink comp="782" pin=0"/></net>

<net id="793"><net_src comp="786" pin="1"/><net_sink comp="789" pin=0"/></net>

<net id="794"><net_src comp="782" pin="1"/><net_sink comp="789" pin=1"/></net>

<net id="799"><net_src comp="786" pin="1"/><net_sink comp="795" pin=0"/></net>

<net id="800"><net_src comp="782" pin="1"/><net_sink comp="795" pin=1"/></net>

<net id="806"><net_src comp="789" pin="2"/><net_sink comp="801" pin=1"/></net>

<net id="807"><net_src comp="795" pin="2"/><net_sink comp="801" pin=2"/></net>

<net id="811"><net_src comp="801" pin="3"/><net_sink comp="808" pin=0"/></net>

<net id="817"><net_src comp="140" pin="0"/><net_sink comp="812" pin=1"/></net>

<net id="823"><net_src comp="90" pin="0"/><net_sink comp="818" pin=1"/></net>

<net id="830"><net_src comp="142" pin="0"/><net_sink comp="824" pin=0"/></net>

<net id="831"><net_src comp="801" pin="3"/><net_sink comp="824" pin=1"/></net>

<net id="832"><net_src comp="144" pin="0"/><net_sink comp="824" pin=2"/></net>

<net id="833"><net_src comp="146" pin="0"/><net_sink comp="824" pin=3"/></net>

<net id="840"><net_src comp="148" pin="0"/><net_sink comp="834" pin=0"/></net>

<net id="841"><net_src comp="801" pin="3"/><net_sink comp="834" pin=1"/></net>

<net id="842"><net_src comp="34" pin="0"/><net_sink comp="834" pin=2"/></net>

<net id="843"><net_src comp="150" pin="0"/><net_sink comp="834" pin=3"/></net>

<net id="849"><net_src comp="152" pin="0"/><net_sink comp="844" pin=0"/></net>

<net id="853"><net_src comp="844" pin="3"/><net_sink comp="850" pin=0"/></net>

<net id="854"><net_src comp="850" pin="1"/><net_sink comp="249" pin=2"/></net>

<net id="855"><net_src comp="850" pin="1"/><net_sink comp="262" pin=2"/></net>

<net id="856"><net_src comp="850" pin="1"/><net_sink comp="275" pin=2"/></net>

<net id="864"><net_src comp="857" pin="1"/><net_sink comp="860" pin=0"/></net>

<net id="865"><net_src comp="857" pin="1"/><net_sink comp="860" pin=1"/></net>

<net id="872"><net_src comp="154" pin="0"/><net_sink comp="866" pin=0"/></net>

<net id="873"><net_src comp="860" pin="2"/><net_sink comp="866" pin=1"/></net>

<net id="874"><net_src comp="156" pin="0"/><net_sink comp="866" pin=2"/></net>

<net id="875"><net_src comp="66" pin="0"/><net_sink comp="866" pin=3"/></net>

<net id="882"><net_src comp="158" pin="0"/><net_sink comp="876" pin=0"/></net>

<net id="883"><net_src comp="256" pin="3"/><net_sink comp="876" pin=1"/></net>

<net id="884"><net_src comp="160" pin="0"/><net_sink comp="876" pin=2"/></net>

<net id="885"><net_src comp="66" pin="0"/><net_sink comp="876" pin=3"/></net>

<net id="892"><net_src comp="889" pin="1"/><net_sink comp="288" pin=1"/></net>

<net id="896"><net_src comp="893" pin="1"/><net_sink comp="288" pin=0"/></net>

<net id="903"><net_src comp="162" pin="0"/><net_sink comp="897" pin=0"/></net>

<net id="904"><net_src comp="288" pin="2"/><net_sink comp="897" pin=1"/></net>

<net id="905"><net_src comp="22" pin="0"/><net_sink comp="897" pin=2"/></net>

<net id="906"><net_src comp="164" pin="0"/><net_sink comp="897" pin=3"/></net>

<net id="914"><net_src comp="886" pin="1"/><net_sink comp="910" pin=0"/></net>

<net id="915"><net_src comp="907" pin="1"/><net_sink comp="910" pin=1"/></net>

<net id="922"><net_src comp="166" pin="0"/><net_sink comp="916" pin=0"/></net>

<net id="923"><net_src comp="910" pin="2"/><net_sink comp="916" pin=1"/></net>

<net id="924"><net_src comp="168" pin="0"/><net_sink comp="916" pin=2"/></net>

<net id="925"><net_src comp="66" pin="0"/><net_sink comp="916" pin=3"/></net>

<net id="936"><net_src comp="926" pin="1"/><net_sink comp="932" pin=0"/></net>

<net id="937"><net_src comp="929" pin="1"/><net_sink comp="932" pin=1"/></net>

<net id="945"><net_src comp="932" pin="2"/><net_sink comp="941" pin=0"/></net>

<net id="946"><net_src comp="938" pin="1"/><net_sink comp="941" pin=1"/></net>

<net id="950"><net_src comp="947" pin="1"/><net_sink comp="292" pin=0"/></net>

<net id="954"><net_src comp="951" pin="1"/><net_sink comp="292" pin=1"/></net>

<net id="961"><net_src comp="96" pin="0"/><net_sink comp="955" pin=0"/></net>

<net id="962"><net_src comp="292" pin="2"/><net_sink comp="955" pin=1"/></net>

<net id="963"><net_src comp="66" pin="0"/><net_sink comp="955" pin=2"/></net>

<net id="964"><net_src comp="98" pin="0"/><net_sink comp="955" pin=3"/></net>

<net id="971"><net_src comp="170" pin="0"/><net_sink comp="965" pin=0"/></net>

<net id="972"><net_src comp="292" pin="2"/><net_sink comp="965" pin=1"/></net>

<net id="973"><net_src comp="172" pin="0"/><net_sink comp="965" pin=2"/></net>

<net id="974"><net_src comp="98" pin="0"/><net_sink comp="965" pin=3"/></net>

<net id="981"><net_src comp="174" pin="0"/><net_sink comp="975" pin=0"/></net>

<net id="982"><net_src comp="292" pin="2"/><net_sink comp="975" pin=1"/></net>

<net id="983"><net_src comp="66" pin="0"/><net_sink comp="975" pin=2"/></net>

<net id="984"><net_src comp="176" pin="0"/><net_sink comp="975" pin=3"/></net>

<net id="991"><net_src comp="178" pin="0"/><net_sink comp="985" pin=0"/></net>

<net id="992"><net_src comp="292" pin="2"/><net_sink comp="985" pin=1"/></net>

<net id="993"><net_src comp="66" pin="0"/><net_sink comp="985" pin=2"/></net>

<net id="994"><net_src comp="180" pin="0"/><net_sink comp="985" pin=3"/></net>

<net id="1000"><net_src comp="182" pin="0"/><net_sink comp="995" pin=0"/></net>

<net id="1001"><net_src comp="184" pin="0"/><net_sink comp="995" pin=2"/></net>

<net id="1007"><net_src comp="186" pin="0"/><net_sink comp="1002" pin=0"/></net>

<net id="1008"><net_src comp="188" pin="0"/><net_sink comp="1002" pin=2"/></net>

<net id="1014"><net_src comp="190" pin="0"/><net_sink comp="1009" pin=0"/></net>

<net id="1015"><net_src comp="995" pin="3"/><net_sink comp="1009" pin=1"/></net>

<net id="1016"><net_src comp="70" pin="0"/><net_sink comp="1009" pin=2"/></net>

<net id="1020"><net_src comp="1009" pin="3"/><net_sink comp="1017" pin=0"/></net>

<net id="1024"><net_src comp="1017" pin="1"/><net_sink comp="1021" pin=0"/></net>

<net id="1030"><net_src comp="190" pin="0"/><net_sink comp="1025" pin=0"/></net>

<net id="1031"><net_src comp="1002" pin="3"/><net_sink comp="1025" pin=1"/></net>

<net id="1032"><net_src comp="70" pin="0"/><net_sink comp="1025" pin=2"/></net>

<net id="1036"><net_src comp="1025" pin="3"/><net_sink comp="1033" pin=0"/></net>

<net id="1041"><net_src comp="1021" pin="1"/><net_sink comp="1037" pin=1"/></net>

<net id="1046"><net_src comp="1017" pin="1"/><net_sink comp="1042" pin=0"/></net>

<net id="1047"><net_src comp="192" pin="0"/><net_sink comp="1042" pin=1"/></net>

<net id="1052"><net_src comp="194" pin="0"/><net_sink comp="1048" pin=1"/></net>

<net id="1064"><net_src comp="204" pin="0"/><net_sink comp="1059" pin=0"/></net>

<net id="1065"><net_src comp="44" pin="0"/><net_sink comp="1059" pin=1"/></net>

<net id="1070"><net_src comp="1056" pin="1"/><net_sink comp="1066" pin=1"/></net>

<net id="1076"><net_src comp="1059" pin="3"/><net_sink comp="1071" pin=1"/></net>

<net id="1080"><net_src comp="1071" pin="3"/><net_sink comp="1077" pin=0"/></net>

<net id="1085"><net_src comp="1053" pin="1"/><net_sink comp="1081" pin=0"/></net>

<net id="1086"><net_src comp="206" pin="0"/><net_sink comp="1081" pin=1"/></net>

<net id="1091"><net_src comp="1081" pin="2"/><net_sink comp="1087" pin=0"/></net>

<net id="1092"><net_src comp="1077" pin="1"/><net_sink comp="1087" pin=1"/></net>

<net id="1098"><net_src comp="208" pin="0"/><net_sink comp="1093" pin=0"/></net>

<net id="1099"><net_src comp="1087" pin="2"/><net_sink comp="1093" pin=1"/></net>

<net id="1100"><net_src comp="210" pin="0"/><net_sink comp="1093" pin=2"/></net>

<net id="1105"><net_src comp="1093" pin="3"/><net_sink comp="1101" pin=0"/></net>

<net id="1109"><net_src comp="1087" pin="2"/><net_sink comp="1106" pin=0"/></net>

<net id="1116"><net_src comp="212" pin="0"/><net_sink comp="1110" pin=0"/></net>

<net id="1117"><net_src comp="1066" pin="2"/><net_sink comp="1110" pin=1"/></net>

<net id="1118"><net_src comp="214" pin="0"/><net_sink comp="1110" pin=2"/></net>

<net id="1119"><net_src comp="216" pin="0"/><net_sink comp="1110" pin=3"/></net>

<net id="1126"><net_src comp="212" pin="0"/><net_sink comp="1120" pin=0"/></net>

<net id="1127"><net_src comp="214" pin="0"/><net_sink comp="1120" pin=2"/></net>

<net id="1128"><net_src comp="216" pin="0"/><net_sink comp="1120" pin=3"/></net>

<net id="1134"><net_src comp="1110" pin="4"/><net_sink comp="1129" pin=1"/></net>

<net id="1135"><net_src comp="1120" pin="4"/><net_sink comp="1129" pin=2"/></net>

<net id="1141"><net_src comp="218" pin="0"/><net_sink comp="1136" pin=1"/></net>

<net id="1142"><net_src comp="90" pin="0"/><net_sink comp="1136" pin=2"/></net>

<net id="1148"><net_src comp="138" pin="0"/><net_sink comp="1143" pin=1"/></net>

<net id="1149"><net_src comp="90" pin="0"/><net_sink comp="1143" pin=2"/></net>

<net id="1154"><net_src comp="1101" pin="2"/><net_sink comp="1150" pin=1"/></net>

<net id="1160"><net_src comp="1150" pin="2"/><net_sink comp="1155" pin=0"/></net>

<net id="1161"><net_src comp="1143" pin="3"/><net_sink comp="1155" pin=1"/></net>

<net id="1162"><net_src comp="1106" pin="1"/><net_sink comp="1155" pin=2"/></net>

<net id="1168"><net_src comp="220" pin="0"/><net_sink comp="1163" pin=1"/></net>

<net id="1169"><net_src comp="46" pin="0"/><net_sink comp="1163" pin=2"/></net>

<net id="1175"><net_src comp="1150" pin="2"/><net_sink comp="1170" pin=0"/></net>

<net id="1176"><net_src comp="1163" pin="3"/><net_sink comp="1170" pin=1"/></net>

<net id="1177"><net_src comp="1129" pin="3"/><net_sink comp="1170" pin=2"/></net>

<net id="1183"><net_src comp="1136" pin="3"/><net_sink comp="1178" pin=1"/></net>

<net id="1184"><net_src comp="1155" pin="3"/><net_sink comp="1178" pin=2"/></net>

<net id="1190"><net_src comp="46" pin="0"/><net_sink comp="1185" pin=1"/></net>

<net id="1191"><net_src comp="1170" pin="3"/><net_sink comp="1185" pin=2"/></net>

<net id="1198"><net_src comp="222" pin="0"/><net_sink comp="1192" pin=0"/></net>

<net id="1199"><net_src comp="1178" pin="3"/><net_sink comp="1192" pin=2"/></net>

<net id="1200"><net_src comp="1185" pin="3"/><net_sink comp="1192" pin=3"/></net>

<net id="1204"><net_src comp="1192" pin="4"/><net_sink comp="1201" pin=0"/></net>

<net id="1208"><net_src comp="224" pin="2"/><net_sink comp="1205" pin=0"/></net>

<net id="1209"><net_src comp="1205" pin="1"/><net_sink comp="562" pin=0"/></net>

<net id="1210"><net_src comp="1205" pin="1"/><net_sink comp="568" pin=0"/></net>

<net id="1211"><net_src comp="1205" pin="1"/><net_sink comp="742" pin=0"/></net>

<net id="1212"><net_src comp="1205" pin="1"/><net_sink comp="1136" pin=0"/></net>

<net id="1216"><net_src comp="304" pin="3"/><net_sink comp="1213" pin=0"/></net>

<net id="1217"><net_src comp="1213" pin="1"/><net_sink comp="574" pin=1"/></net>

<net id="1218"><net_src comp="1213" pin="1"/><net_sink comp="747" pin=0"/></net>

<net id="1222"><net_src comp="312" pin="3"/><net_sink comp="1219" pin=0"/></net>

<net id="1223"><net_src comp="1219" pin="1"/><net_sink comp="487" pin=0"/></net>

<net id="1224"><net_src comp="1219" pin="1"/><net_sink comp="732" pin=0"/></net>

<net id="1225"><net_src comp="1219" pin="1"/><net_sink comp="752" pin=0"/></net>

<net id="1229"><net_src comp="320" pin="1"/><net_sink comp="1226" pin=0"/></net>

<net id="1230"><net_src comp="1226" pin="1"/><net_sink comp="380" pin=2"/></net>

<net id="1231"><net_src comp="1226" pin="1"/><net_sink comp="392" pin=0"/></net>

<net id="1235"><net_src comp="324" pin="2"/><net_sink comp="1232" pin=0"/></net>

<net id="1236"><net_src comp="1232" pin="1"/><net_sink comp="417" pin=0"/></net>

<net id="1237"><net_src comp="1232" pin="1"/><net_sink comp="492" pin=0"/></net>

<net id="1241"><net_src comp="236" pin="3"/><net_sink comp="1238" pin=0"/></net>

<net id="1242"><net_src comp="1238" pin="1"/><net_sink comp="243" pin=0"/></net>

<net id="1246"><net_src comp="359" pin="1"/><net_sink comp="1243" pin=0"/></net>

<net id="1247"><net_src comp="1243" pin="1"/><net_sink comp="363" pin=0"/></net>

<net id="1251"><net_src comp="372" pin="3"/><net_sink comp="1248" pin=0"/></net>

<net id="1252"><net_src comp="1248" pin="1"/><net_sink comp="296" pin=0"/></net>

<net id="1256"><net_src comp="387" pin="1"/><net_sink comp="1253" pin=0"/></net>

<net id="1257"><net_src comp="1253" pin="1"/><net_sink comp="296" pin=1"/></net>

<net id="1261"><net_src comp="392" pin="2"/><net_sink comp="1258" pin=0"/></net>

<net id="1262"><net_src comp="1258" pin="1"/><net_sink comp="737" pin=1"/></net>

<net id="1266"><net_src comp="397" pin="4"/><net_sink comp="1263" pin=0"/></net>

<net id="1267"><net_src comp="1263" pin="1"/><net_sink comp="427" pin=1"/></net>

<net id="1268"><net_src comp="1263" pin="1"/><net_sink comp="432" pin=2"/></net>

<net id="1272"><net_src comp="407" pin="4"/><net_sink comp="1269" pin=0"/></net>

<net id="1273"><net_src comp="1269" pin="1"/><net_sink comp="417" pin=2"/></net>

<net id="1277"><net_src comp="417" pin="3"/><net_sink comp="1274" pin=0"/></net>

<net id="1278"><net_src comp="1274" pin="1"/><net_sink comp="574" pin=2"/></net>

<net id="1282"><net_src comp="432" pin="3"/><net_sink comp="1279" pin=0"/></net>

<net id="1283"><net_src comp="1279" pin="1"/><net_sink comp="518" pin=0"/></net>

<net id="1287"><net_src comp="439" pin="3"/><net_sink comp="1284" pin=0"/></net>

<net id="1288"><net_src comp="1284" pin="1"/><net_sink comp="499" pin=1"/></net>

<net id="1292"><net_src comp="447" pin="19"/><net_sink comp="1289" pin=0"/></net>

<net id="1293"><net_src comp="1289" pin="1"/><net_sink comp="557" pin=0"/></net>

<net id="1294"><net_src comp="1289" pin="1"/><net_sink comp="562" pin=2"/></net>

<net id="1295"><net_src comp="1289" pin="1"/><net_sink comp="568" pin=1"/></net>

<net id="1299"><net_src comp="523" pin="4"/><net_sink comp="1296" pin=0"/></net>

<net id="1300"><net_src comp="1296" pin="1"/><net_sink comp="786" pin=0"/></net>

<net id="1301"><net_src comp="1296" pin="1"/><net_sink comp="812" pin=2"/></net>

<net id="1305"><net_src comp="537" pin="2"/><net_sink comp="1302" pin=0"/></net>

<net id="1306"><net_src comp="1302" pin="1"/><net_sink comp="777" pin=2"/></net>

<net id="1307"><net_src comp="1302" pin="1"/><net_sink comp="818" pin=2"/></net>

<net id="1311"><net_src comp="543" pin="3"/><net_sink comp="1308" pin=0"/></net>

<net id="1312"><net_src comp="1308" pin="1"/><net_sink comp="777" pin=0"/></net>

<net id="1313"><net_src comp="1308" pin="1"/><net_sink comp="801" pin=0"/></net>

<net id="1317"><net_src comp="551" pin="2"/><net_sink comp="1314" pin=0"/></net>

<net id="1318"><net_src comp="1314" pin="1"/><net_sink comp="777" pin=1"/></net>

<net id="1322"><net_src comp="562" pin="3"/><net_sink comp="1319" pin=0"/></net>

<net id="1323"><net_src comp="1319" pin="1"/><net_sink comp="812" pin=0"/></net>

<net id="1324"><net_src comp="1319" pin="1"/><net_sink comp="818" pin=0"/></net>

<net id="1328"><net_src comp="568" pin="3"/><net_sink comp="1325" pin=0"/></net>

<net id="1329"><net_src comp="1325" pin="1"/><net_sink comp="844" pin=1"/></net>

<net id="1333"><net_src comp="737" pin="2"/><net_sink comp="1330" pin=0"/></net>

<net id="1334"><net_src comp="1330" pin="1"/><net_sink comp="1178" pin=0"/></net>

<net id="1335"><net_src comp="1330" pin="1"/><net_sink comp="1185" pin=0"/></net>

<net id="1339"><net_src comp="752" pin="2"/><net_sink comp="1336" pin=0"/></net>

<net id="1340"><net_src comp="1336" pin="1"/><net_sink comp="1143" pin=0"/></net>

<net id="1341"><net_src comp="1336" pin="1"/><net_sink comp="1150" pin=0"/></net>

<net id="1342"><net_src comp="1336" pin="1"/><net_sink comp="1163" pin=0"/></net>

<net id="1346"><net_src comp="769" pin="3"/><net_sink comp="1343" pin=0"/></net>

<net id="1347"><net_src comp="1343" pin="1"/><net_sink comp="1192" pin=1"/></net>

<net id="1351"><net_src comp="808" pin="1"/><net_sink comp="1348" pin=0"/></net>

<net id="1352"><net_src comp="1348" pin="1"/><net_sink comp="889" pin=0"/></net>

<net id="1356"><net_src comp="812" pin="3"/><net_sink comp="1353" pin=0"/></net>

<net id="1357"><net_src comp="1353" pin="1"/><net_sink comp="951" pin=0"/></net>

<net id="1361"><net_src comp="818" pin="3"/><net_sink comp="1358" pin=0"/></net>

<net id="1362"><net_src comp="1358" pin="1"/><net_sink comp="1053" pin=0"/></net>

<net id="1366"><net_src comp="824" pin="4"/><net_sink comp="1363" pin=0"/></net>

<net id="1367"><net_src comp="1363" pin="1"/><net_sink comp="844" pin=2"/></net>

<net id="1371"><net_src comp="834" pin="4"/><net_sink comp="1368" pin=0"/></net>

<net id="1372"><net_src comp="1368" pin="1"/><net_sink comp="857" pin=0"/></net>

<net id="1376"><net_src comp="249" pin="3"/><net_sink comp="1373" pin=0"/></net>

<net id="1377"><net_src comp="1373" pin="1"/><net_sink comp="256" pin=0"/></net>

<net id="1381"><net_src comp="262" pin="3"/><net_sink comp="1378" pin=0"/></net>

<net id="1382"><net_src comp="1378" pin="1"/><net_sink comp="269" pin=0"/></net>

<net id="1386"><net_src comp="275" pin="3"/><net_sink comp="1383" pin=0"/></net>

<net id="1387"><net_src comp="1383" pin="1"/><net_sink comp="282" pin=0"/></net>

<net id="1391"><net_src comp="866" pin="4"/><net_sink comp="1388" pin=0"/></net>

<net id="1392"><net_src comp="1388" pin="1"/><net_sink comp="886" pin=0"/></net>

<net id="1396"><net_src comp="876" pin="4"/><net_sink comp="1393" pin=0"/></net>

<net id="1397"><net_src comp="1393" pin="1"/><net_sink comp="926" pin=0"/></net>

<net id="1401"><net_src comp="269" pin="3"/><net_sink comp="1398" pin=0"/></net>

<net id="1402"><net_src comp="1398" pin="1"/><net_sink comp="893" pin=0"/></net>

<net id="1406"><net_src comp="282" pin="3"/><net_sink comp="1403" pin=0"/></net>

<net id="1407"><net_src comp="1403" pin="1"/><net_sink comp="907" pin=0"/></net>

<net id="1411"><net_src comp="897" pin="4"/><net_sink comp="1408" pin=0"/></net>

<net id="1412"><net_src comp="1408" pin="1"/><net_sink comp="929" pin=0"/></net>

<net id="1416"><net_src comp="916" pin="4"/><net_sink comp="1413" pin=0"/></net>

<net id="1417"><net_src comp="1413" pin="1"/><net_sink comp="938" pin=0"/></net>

<net id="1421"><net_src comp="941" pin="2"/><net_sink comp="1418" pin=0"/></net>

<net id="1422"><net_src comp="1418" pin="1"/><net_sink comp="947" pin=0"/></net>

<net id="1426"><net_src comp="947" pin="1"/><net_sink comp="1423" pin=0"/></net>

<net id="1427"><net_src comp="1423" pin="1"/><net_sink comp="292" pin=0"/></net>

<net id="1431"><net_src comp="951" pin="1"/><net_sink comp="1428" pin=0"/></net>

<net id="1432"><net_src comp="1428" pin="1"/><net_sink comp="292" pin=1"/></net>

<net id="1436"><net_src comp="955" pin="4"/><net_sink comp="1433" pin=0"/></net>

<net id="1437"><net_src comp="1433" pin="1"/><net_sink comp="1048" pin=0"/></net>

<net id="1441"><net_src comp="965" pin="4"/><net_sink comp="1438" pin=0"/></net>

<net id="1442"><net_src comp="1438" pin="1"/><net_sink comp="995" pin=1"/></net>

<net id="1446"><net_src comp="975" pin="4"/><net_sink comp="1443" pin=0"/></net>

<net id="1447"><net_src comp="1443" pin="1"/><net_sink comp="1002" pin=1"/></net>

<net id="1451"><net_src comp="985" pin="4"/><net_sink comp="1448" pin=0"/></net>

<net id="1452"><net_src comp="1448" pin="1"/><net_sink comp="1037" pin=0"/></net>

<net id="1456"><net_src comp="1017" pin="1"/><net_sink comp="1453" pin=0"/></net>

<net id="1457"><net_src comp="1453" pin="1"/><net_sink comp="1071" pin=2"/></net>

<net id="1461"><net_src comp="1033" pin="1"/><net_sink comp="1458" pin=0"/></net>

<net id="1462"><net_src comp="1458" pin="1"/><net_sink comp="1056" pin=0"/></net>

<net id="1463"><net_src comp="1458" pin="1"/><net_sink comp="1059" pin=2"/></net>

<net id="1467"><net_src comp="1037" pin="2"/><net_sink comp="1464" pin=0"/></net>

<net id="1468"><net_src comp="1464" pin="1"/><net_sink comp="1066" pin=0"/></net>

<net id="1469"><net_src comp="1464" pin="1"/><net_sink comp="1120" pin=1"/></net>

<net id="1473"><net_src comp="1042" pin="2"/><net_sink comp="1470" pin=0"/></net>

<net id="1474"><net_src comp="1470" pin="1"/><net_sink comp="1071" pin=0"/></net>

<net id="1475"><net_src comp="1470" pin="1"/><net_sink comp="1129" pin=0"/></net>

<net id="1479"><net_src comp="1048" pin="2"/><net_sink comp="1476" pin=0"/></net>

<net id="1480"><net_src comp="1476" pin="1"/><net_sink comp="1101" pin=1"/></net>

</net_list>

</model> 
---------------- Datapath Model END ------------------

* FSMD analyzer results:
  - Output states:
 - Input state : 
	Port: sin_or_cos<float> : t_in | {1 }
	Port: sin_or_cos<float> : do_cos | {1 }
	Port: sin_or_cos<float> : ref_4oPi_table_100 | {1 2 }
	Port: sin_or_cos<float> : second_order_float_sin_cos_K0 | {11 12 }
	Port: sin_or_cos<float> : second_order_float_sin_cos_K1 | {11 12 }
	Port: sin_or_cos<float> : second_order_float_sin_cos_K2 | {11 12 }
  - Chain level:
	State 1
		din_sign : 1
		din_exp : 1
		din_sig : 1
		closepath : 2
		add_ln376 : 2
		addr : 3
		lshr_ln : 4
		zext_ln378 : 5
		ref_4oPi_table_100_addr : 6
		table_100 : 7
		trunc_ln379 : 4
	State 2
		shl_ln379 : 1
		Med : 2
	State 3
		zext_ln468 : 1
		h : 2
	State 4
	State 5
	State 6
	State 7
		Mx_bits : 1
		trunc_ln : 1
	State 8
		trunc_ln491 : 1
		Mx_bits_3 : 2
		tmp_7 : 3
		tmp_s : 1
	State 9
		select_ln453 : 1
		Mx_zeros : 1
		zext_ln504 : 2
		shl_ln504 : 3
		Mx : 4
		trunc_ln505 : 2
		Ex_1 : 3
		tmp : 4
		sub_ln506 : 4
		tmp_8 : 1
		tmp_5 : 1
		results_sign : 2
		and_ln271 : 1
		xor_ln282 : 1
		results_sign_4 : 3
		results_sign_3 : 3
	State 10
		zext_ln506_1 : 1
		lshr_ln506 : 2
		shl_ln506 : 2
		select_ln506_1 : 3
		B : 4
		tmp_1 : 4
		B_trunc : 4
	State 11
		zext_ln28 : 1
		second_order_float_sin_cos_K0_addr : 2
		second_order_float_sin_cos_K0_load : 3
		second_order_float_sin_cos_K1_addr : 2
		second_order_float_sin_cos_K1_load : 3
		second_order_float_sin_cos_K2_addr : 2
		second_order_float_sin_cos_K2_load : 3
	State 12
		mul_ln23 : 1
		B_squared : 2
		t1 : 1
	State 13
		mul_ln29 : 1
		trunc_ln2 : 2
		mul_ln30 : 1
		trunc_ln3 : 2
	State 14
		add_ln32 : 1
		add_ln32_1 : 2
	State 15
		mul_ln32 : 1
	State 16
		result : 1
		tmp_3 : 1
		tmp_4 : 1
		trunc_ln5 : 1
	State 17
		c : 1
		trunc_ln281 : 2
		zext_ln281 : 3
		c_1 : 1
		trunc_ln281_1 : 2
		in_shift_1 : 4
		icmp_ln292 : 3
	State 18
		in_shift_2 : 1
		shift_2 : 1
		zext_ln286 : 2
		add_ln300 : 1
		newexp : 3
		tmp_2 : 4
		or_ln306 : 5
		empty : 4
		tmp_6 : 2
		empty_59 : 3
		or_ln282 : 5
		results_exp : 5
		results_sig : 5
		results_exp_1 : 6
		results_sig_1 : 6
		t_2 : 7
		bitcast_ln327 : 8
		ret_ln287 : 9


============================================================
+ Verbose Summary: Datapath Resource usage 
============================================================

* Functional unit list:
|----------|-------------------------|---------|---------|---------|
| Operation|     Functional Unit     |   DSP   |    FF   |   LUT   |
|----------|-------------------------|---------|---------|---------|
|          |     mul_ln29_fu_288     |    2    |    0    |    31   |
|          |        grp_fu_292       |    4    |   118   |    47   |
|    mul   |        grp_fu_296       |    5    |   441   |   256   |
|          |     mul_ln23_fu_860     |    1    |    0    |    6    |
|          |     mul_ln30_fu_910     |    1    |    0    |    6    |
|----------|-------------------------|---------|---------|---------|
|          |     shl_ln379_fu_366    |    0    |    0    |   325   |
|          |     shl_ln504_fu_518    |    0    |    0    |   169   |
|    shl   |     shl_ln506_fu_795    |    0    |    0    |    88   |
|          |    in_shift_1_fu_1037   |    0    |    0    |    84   |
|          |    in_shift_2_fu_1066   |    0    |    0    |    84   |
|----------|-------------------------|---------|---------|---------|
|          |       addr_fu_336       |    0    |    0    |    8    |
|          |         k_fu_417        |    0    |    0    |    3    |
|          |     Mx_bits_3_fu_432    |    0    |    0    |    58   |
|          |   select_ln453_fu_492   |    0    |    0    |    8    |
|          |     cos_basis_fu_562    |    0    |    0    |    2    |
|          |     sin_basis_fu_568    |    0    |    0    |    2    |
|          |   results_sign_fu_724   |    0    |    0    |    2    |
|          |  results_sign_3_fu_769  |    0    |    0    |    2    |
|          |   select_ln506_fu_777   |    0    |    0    |    8    |
|          |  select_ln506_1_fu_801  |    0    |    0    |    32   |
|  select  |       Mx_1_fu_812       |    0    |    0    |    29   |
|          |       Ex_2_fu_818       |    0    |    0    |    8    |
|          |     shift_2_fu_1071     |    0    |    0    |    5    |
|          |     empty_59_fu_1129    |    0    |    0    |    23   |
|          |   select_ln259_fu_1136  |    0    |    0    |    8    |
|          |   select_ln282_fu_1143  |    0    |    0    |    2    |
|          |   results_exp_fu_1155   |    0    |    0    |    8    |
|          |  select_ln282_2_fu_1163 |    0    |    0    |    2    |
|          |   results_sig_fu_1170   |    0    |    0    |    23   |
|          |  results_exp_1_fu_1178  |    0    |    0    |    8    |
|          |  results_sig_1_fu_1185  |    0    |    0    |    23   |
|----------|-------------------------|---------|---------|---------|
|          |       tmp_s_fu_447      |    0    |    0    |    42   |
| sparsemux|       tmp_8_fu_580      |    0    |    0    |    65   |
|          |       tmp_5_fu_652      |    0    |    0    |    65   |
|----------|-------------------------|---------|---------|---------|
|          |     Mx_zeros_fu_506     |    0    |    0    |    40   |
|   ctlz   |        c_fu_1009        |    0    |    0    |    44   |
|          |       c_1_fu_1025       |    0    |    0    |    44   |
|----------|-------------------------|---------|---------|---------|
|          |     closepath_fu_324    |    0    |    0    |    15   |
|          |   icmp_ln271_1_fu_392   |    0    |    0    |    30   |
|   icmp   |    icmp_ln271_fu_732    |    0    |    0    |    15   |
|          |    icmp_ln282_fu_752    |    0    |    0    |    15   |
|          |    icmp_ln292_fu_1042   |    0    |    0    |    13   |
|          |    icmp_ln306_fu_1048   |    0    |    0    |    36   |
|----------|-------------------------|---------|---------|---------|
|          |     Mx_bits_1_fu_427    |    0    |    0    |    65   |
|    sub   |       Ex_1_fu_537       |    0    |    0    |    15   |
|          |     sub_ln506_fu_551    |    0    |    0    |    15   |
|          |      newexp_fu_1087     |    0    |    0    |    9    |
|----------|-------------------------|---------|---------|---------|
|          |     add_ln376_fu_330    |    0    |    0    |    15   |
|          |        Ex_fu_487        |    0    |    0    |    15   |
|    add   |     add_ln32_fu_932     |    0    |    0    |    29   |
|          |    add_ln32_1_fu_941    |    0    |    0    |    30   |
|          |    add_ln300_fu_1081    |    0    |    0    |    8    |
|----------|-------------------------|---------|---------|---------|
|   lshr   |    lshr_ln506_fu_789    |    0    |    0    |    88   |
|----------|-------------------------|---------|---------|---------|
|          |     xor_ln242_fu_557    |    0    |    0    |    2    |
|    xor   |     xor_ln278_fu_742    |    0    |    0    |    2    |
|          |     xor_ln282_fu_757    |    0    |    0    |    2    |
|----------|-------------------------|---------|---------|---------|
|          |     and_ln271_fu_737    |    0    |    0    |    2    |
|    and   |  results_sign_2_fu_747  |    0    |    0    |    2    |
|          |  results_sign_4_fu_763  |    0    |    0    |    2    |
|----------|-------------------------|---------|---------|---------|
|    or    |     or_ln306_fu_1101    |    0    |    0    |    2    |
|          |     or_ln282_fu_1150    |    0    |    0    |    2    |
|----------|-------------------------|---------|---------|---------|
|   read   | do_cos_read_read_fu_224 |    0    |    0    |    0    |
|          |  t_in_read_read_fu_230  |    0    |    0    |    0    |
|----------|-------------------------|---------|---------|---------|
|          |     din_sign_fu_304     |    0    |    0    |    0    |
| bitselect|        tmp_fu_543       |    0    |    0    |    0    |
|          |      tmp_2_fu_1093      |    0    |    0    |    0    |
|----------|-------------------------|---------|---------|---------|
|          |      din_exp_fu_312     |    0    |    0    |    0    |
|          |      lshr_ln_fu_344     |    0    |    0    |    0    |
|          |        Med_fu_372       |    0    |    0    |    0    |
|          |      Mx_bits_fu_397     |    0    |    0    |    0    |
|          |     trunc_ln_fu_407     |    0    |    0    |    0    |
|          |       tmp_7_fu_439      |    0    |    0    |    0    |
|          |        Mx_fu_523        |    0    |    0    |    0    |
|          |       tmp_1_fu_824      |    0    |    0    |    0    |
|          |      B_trunc_fu_834     |    0    |    0    |    0    |
|partselect|     B_squared_fu_866    |    0    |    0    |    0    |
|          |        t1_fu_876        |    0    |    0    |    0    |
|          |     trunc_ln2_fu_897    |    0    |    0    |    0    |
|          |     trunc_ln3_fu_916    |    0    |    0    |    0    |
|          |      result_fu_955      |    0    |    0    |    0    |
|          |       tmp_3_fu_965      |    0    |    0    |    0    |
|          |       tmp_4_fu_975      |    0    |    0    |    0    |
|          |     trunc_ln5_fu_985    |    0    |    0    |    0    |
|          |      tmp_6_fu_1110      |    0    |    0    |    0    |
|          |      tmp_9_fu_1120      |    0    |    0    |    0    |
|----------|-------------------------|---------|---------|---------|
|          |      din_sig_fu_320     |    0    |    0    |    0    |
|          |    trunc_ln379_fu_359   |    0    |    0    |    0    |
|          |    trunc_ln491_fu_423   |    0    |    0    |    0    |
|   trunc  |    trunc_ln505_fu_533   |    0    |    0    |    0    |
|          |         B_fu_808        |    0    |    0    |    0    |
|          |   trunc_ln281_fu_1017   |    0    |    0    |    0    |
|          |  trunc_ln281_1_fu_1033  |    0    |    0    |    0    |
|          |      empty_fu_1106      |    0    |    0    |    0    |
|----------|-------------------------|---------|---------|---------|
|          |    zext_ln378_fu_354    |    0    |    0    |    0    |
|          |    zext_ln379_fu_363    |    0    |    0    |    0    |
|          |    zext_ln468_fu_387    |    0    |    0    |    0    |
|          |    zext_ln504_fu_514    |    0    |    0    |    0    |
|          |   zext_ln506_1_fu_782   |    0    |    0    |    0    |
|          |    zext_ln506_fu_786    |    0    |    0    |    0    |
|   zext   |     zext_ln28_fu_850    |    0    |    0    |    0    |
|          |     zext_ln23_fu_857    |    0    |    0    |    0    |
|          |    zext_ln23_1_fu_886   |    0    |    0    |    0    |
|          |     zext_ln29_fu_889    |    0    |    0    |    0    |
|          |     zext_ln32_fu_951    |    0    |    0    |    0    |
|          |    zext_ln281_fu_1021   |    0    |    0    |    0    |
|          |   zext_ln281_1_fu_1056  |    0    |    0    |    0    |
|          |    zext_ln286_fu_1077   |    0    |    0    |    0    |
|----------|-------------------------|---------|---------|---------|
|          |         X_fu_380        |    0    |    0    |    0    |
|          |         t_fu_499        |    0    |    0    |    0    |
|          |       index_fu_574      |    0    |    0    |    0    |
|bitconcatenate|         A_fu_844        |    0    |    0    |    0    |
|          |     out_bits_fu_995     |    0    |    0    |    0    |
|          |    out_bits_2_fu_1002   |    0    |    0    |    0    |
|          |     shift_1_fu_1059     |    0    |    0    |    0    |
|          |       t_2_fu_1192       |    0    |    0    |    0    |
|----------|-------------------------|---------|---------|---------|
|          |     sext_ln29_fu_893    |    0    |    0    |    0    |
|          |     sext_ln30_fu_907    |    0    |    0    |    0    |
|          |     sext_ln32_fu_926    |    0    |    0    |    0    |
|   sext   |    sext_ln32_1_fu_929   |    0    |    0    |    0    |
|          |    sext_ln32_2_fu_938   |    0    |    0    |    0    |
|          |    sext_ln32_3_fu_947   |    0    |    0    |    0    |
|          |    sext_ln252_fu_1053   |    0    |    0    |    0    |
|----------|-------------------------|---------|---------|---------|
|   Total  |                         |    13   |   559   |   2089  |
|----------|-------------------------|---------|---------|---------|

Memories:
N/A

* Register list:
+-------------------------------------------+--------+
|                                           |   FF   |
+-------------------------------------------+--------+
|                 B_reg_1348                |   22   |
|             B_squared_reg_1388            |   15   |
|              B_trunc_reg_1368             |   15   |
|               Ex_1_reg_1302               |    8   |
|               Ex_2_reg_1358               |    8   |
|                Med_reg_1248               |   80   |
|               Mx_1_reg_1353               |   29   |
|             Mx_bits_3_reg_1279            |   58   |
|              Mx_bits_reg_1263             |   58   |
|                Mx_reg_1296                |   29   |
|            add_ln32_1_reg_1418            |   30   |
|             and_ln271_reg_1330            |    1   |
|             closepath_reg_1232            |    1   |
|             cos_basis_reg_1319            |    1   |
|              din_exp_reg_1219             |    8   |
|              din_sig_reg_1226             |   23   |
|             din_sign_reg_1213             |    1   |
|            do_cos_read_reg_1205           |    1   |
|           icmp_ln271_1_reg_1258           |    1   |
|            icmp_ln282_reg_1336            |    1   |
|            icmp_ln292_reg_1470            |    1   |
|            icmp_ln306_reg_1476            |    1   |
|            in_shift_1_reg_1464            |   28   |
|                 k_reg_1274                |    3   |
|      ref_4oPi_table_100_addr_reg_1238     |    4   |
|              result_reg_1433              |   29   |
|          results_sign_3_reg_1343          |    1   |
|second_order_float_sin_cos_K0_addr_reg_1373|    8   |
|second_order_float_sin_cos_K1_addr_reg_1378|    8   |
|second_order_float_sin_cos_K1_load_reg_1398|   23   |
|second_order_float_sin_cos_K2_addr_reg_1383|    8   |
|second_order_float_sin_cos_K2_load_reg_1403|   15   |
|            sext_ln32_3_reg_1423           |   58   |
|             sin_basis_reg_1325            |    1   |
|             sub_ln506_reg_1314            |    8   |
|                t1_reg_1393                |   29   |
|               tmp_1_reg_1363              |    7   |
|               tmp_3_reg_1438              |   16   |
|               tmp_4_reg_1443              |   13   |
|               tmp_7_reg_1284              |   29   |
|                tmp_reg_1308               |    1   |
|               tmp_s_reg_1289              |    1   |
|           trunc_ln281_1_reg_1458          |    4   |
|            trunc_ln281_reg_1453           |    5   |
|             trunc_ln2_reg_1408            |   22   |
|            trunc_ln379_reg_1243           |    4   |
|             trunc_ln3_reg_1413            |   14   |
|             trunc_ln5_reg_1448            |   28   |
|             trunc_ln_reg_1269             |    3   |
|             zext_ln32_reg_1428            |   58   |
|            zext_ln468_reg_1253            |   80   |
+-------------------------------------------+--------+
|                   Total                   |   900  |
+-------------------------------------------+--------+

* Multiplexer (MUX) list: 
|-------------------|------|------|------|--------||---------||---------||---------|
|        Comp       |  Pin | Size |  BW  | S x BW ||  Delay  ||    FF   ||   LUT   |
|-------------------|------|------|------|--------||---------||---------||---------|
| grp_access_fu_243 |  p0  |   2  |   4  |    8   ||    0    ||    9    |
| grp_access_fu_256 |  p0  |   2  |   8  |   16   ||    0    ||    9    |
| grp_access_fu_269 |  p0  |   2  |   8  |   16   ||    0    ||    9    |
| grp_access_fu_282 |  p0  |   2  |   8  |   16   ||    0    ||    9    |
|     grp_fu_292    |  p0  |   2  |  30  |   60   ||    0    ||    9    |
|     grp_fu_292    |  p1  |   2  |  29  |   58   ||    0    ||    9    |
|     grp_fu_296    |  p1  |   2  |  24  |   48   ||    0    ||    9    |
|-------------------|------|------|------|--------||---------||---------||---------|
|       Total       |      |      |      |   222  ||  11.116 ||    0    ||    63   |
|-------------------|------|------|------|--------||---------||---------||---------|



* Summary:
+-----------+--------+--------+--------+--------+
|           |   DSP  |  Delay |   FF   |   LUT  |
+-----------+--------+--------+--------+--------+
|  Function |   13   |    -   |   559  |  2089  |
|   Memory  |    -   |    -   |    -   |    -   |
|Multiplexer|    -   |   11   |    0   |   63   |
|  Register |    -   |    -   |   900  |    -   |
+-----------+--------+--------+--------+--------+
|   Total   |   13   |   11   |  1459  |  2152  |
+-----------+--------+--------+--------+--------+
